instance=/home/shield/code/pibt_star/pibt2/instances/mapf/sample.txt
agents=50
map_file=den520d.map
solver=PIBT
solved=1
soc=9523
lb_soc=9003
makespan=374
lb_makespan=374
comp_time=249
preprocessing_comp_time=211
starts=(139,97),(87,229),(47,162),(140,18),(189,37),(159,48),(220,61),(182,160),(182,84),(181,28),(42,141),(167,165),(243,96),(249,139),(199,34),(78,152),(140,220),(207,67),(70,85),(94,209),(73,91),(186,72),(218,70),(244,91),(83,52),(88,83),(144,112),(176,105),(83,84),(22,162),(227,223),(114,111),(194,75),(121,50),(122,40),(116,153),(85,196),(161,108),(143,167),(72,145),(116,168),(40,182),(56,83),(168,113),(167,98),(75,147),(139,204),(223,215),(23,167),(172,97),
goals=(84,229),(216,105),(67,67),(68,90),(91,143),(70,151),(68,26),(87,177),(60,158),(240,98),(235,184),(219,189),(42,167),(233,189),(184,71),(133,44),(252,44),(128,103),(25,143),(134,38),(72,47),(134,108),(211,178),(66,159),(149,177),(185,72),(60,139),(87,84),(159,118),(124,156),(144,210),(230,73),(97,44),(165,148),(173,60),(159,110),(212,33),(198,75),(105,218),(133,156),(242,75),(153,211),(233,73),(57,39),(19,185),(99,96),(154,117),(118,107),(134,227),(160,124),
solution=
0:(139,97),(87,229),(47,162),(140,18),(189,37),(159,48),(220,61),(182,160),(182,84),(181,28),(42,141),(167,165),(243,96),(249,139),(199,34),(78,152),(140,220),(207,67),(70,85),(94,209),(73,91),(186,72),(218,70),(244,91),(83,52),(88,83),(144,112),(176,105),(83,84),(22,162),(227,223),(114,111),(194,75),(121,50),(122,40),(116,153),(85,196),(161,108),(143,167),(72,145),(116,168),(40,182),(56,83),(168,113),(167,98),(75,147),(139,204),(223,215),(23,167),(172,97),
1:(140,97),(88,229),(47,161),(140,19),(188,37),(160,48),(220,60),(182,161),(182,85),(181,29),(42,142),(167,166),(242,96),(248,139),(198,34),(78,153),(139,220),(206,67),(70,86),(95,209),(73,90),(185,72),(217,70),(243,91),(84,52),(88,84),(144,113),(176,104),(83,85),(23,162),(226,223),(114,110),(193,75),(121,49),(123,40),(117,153),(86,196),(161,107),(142,167),(72,146),(116,167),(41,182),(56,84),(167,113),(166,98),(76,147),(139,205),(222,215),(23,168),(172,98),
2:(140,98),(88,228),(47,160),(141,19),(188,38),(160,49),(220,59),(181,161),(182,86),(182,29),(42,143),(167,167),(242,95),(248,138),(198,35),(79,153),(139,219),(205,67),(71,86),(96,209),(73,89),(185,73),(216,70),(243,90),(85,52),(88,85),(145,113),(175,104),(83,86),(24,162),(226,222),(114,109),(193,74),(121,48),(124,40),(117,152),(86,195),(161,106),(141,167),(73,146),(116,166),(41,181),(57,84),(167,112),(166,99),(76,148),(139,206),(221,215),(23,169),(172,99),
3:(140,99),(88,227),(48,160),(142,19),(187,38),(161,49),(220,58),(180,161),(181,86),(182,30),(42,144),(167,168),(242,94),(247,138),(197,35),(80,153),(138,219),(204,67),(72,86),(97,209),(72,89),(185,74),(215,70),(242,90),(86,52),(89,85),(146,113),(174,104),(84,86),(24,161),(225,222),(115,109),(192,74),(122,48),(125,40),(118,152),(86,194),(162,106),(140,167),(73,147),(117,166),(41,180),(58,84),(167,111),(166,100),(76,149),(139,207),(221,214),(23,170),(171,99),
4:(141,99),(89,227),(49,160),(143,19),(187,39),(162,49),(219,58),(179,161),(181,87),(182,31),(42,145),(168,168),(242,93),(247,137),(196,35),(81,153),(137,219),(204,68),(73,86),(97,208),(71,89),(184,74),(214,70),(242,89),(86,51),(90,85),(147,113),(173,104),(84,87),(25,161),(224,222),(116,109),(191,74),(122,47),(125,41),(119,152),(87,194),(163,106),(139,167),(73,148),(118,166),(42,180),(59,84),(166,111),(166,101),(77,149),(139,208),(220,214),(24,170),(171,100),
5:(141,100),(90,227),(50,160),(143,20),(186,39),(162,50),(219,57),(178,161),(181,88),(183,31),(42,146),(168,169),(241,93),(247,136),(195,35),(82,153),(137,218),(203,68),(74,86),(97,207),(71,88),(183,74),(214,71),(241,89),(86,50),(90,86),(148,113),(172,104),(85,87),(26,161),(223,222),(117,109),(191,73),(123,47),(126,41),(120,152),(88,194),(163,105),(139,168),(73,149),(119,166),(42,179),(60,84),(166,110),(165,101),(78,149),(139,209),(219,214),(24,171),(170,100),
6:(141,101),(91,227),(50,159),(143,21),(186,40),(163,50),(218,57),(177,161),(180,88),(184,31),(43,146),(168,170),(240,93),(247,135),(194,35),(83,153),(137,217),(203,69),(75,86),(97,206),(71,87),(183,75),(214,72),(240,89),(87,50),(91,86),(149,113),(171,104),(86,87),(27,161),(223,221),(117,108),(190,73),(124,47),(127,41),(121,152),(89,194),(164,105),(138,168),(73,150),(119,165),(42,178),(60,85),(166,109),(164,101),(79,149),(139,210),(218,214),(24,172),(169,100),
7:(142,101),(92,227),(51,159),(143,22),(186,41),(164,50),(217,57),(177,162),(179,88),(184,32),(44,146),(169,170),(239,93),(247,134),(194,36),(84,153),(136,217),(203,70),(75,87),(97,205),(71,86),(182,75),(214,73),(240,88),(88,50),(92,86),(149,114),(170,104),(87,87),(28,161),(223,220),(118,108),(189,73),(125,47),(128,41),(122,152),(89,193),(164,104),(138,169),(73,151),(120,165),(43,178),(61,85),(165,109),(164,102),(80,149),(139,211),(218,213),(25,172),(168,100),
8:(142,102),(93,227),(51,158),(144,22),(185,41),(164,51),(216,57),(176,162),(179,89),(185,32),(45,146),(169,171),(239,92),(247,133),(194,37),(85,153),(135,217),(202,70),(75,88),(97,204),(71,85),(181,75),(214,74),(239,88),(89,50),(93,86),(149,115),(169,104),(87,88),(29,161),(222,220),(119,108),(189,72),(126,47),(128,42),(123,152),(90,193),(164,103),(137,169),(73,152),(121,165),(44,178),(61,86),(164,109),(163,102),(81,149),(139,212),(218,212),(26,172),(168,101),
9:(143,102),(94,227),(52,158),(145,22),(184,41),(164,52),(216,56),(175,162),(179,90),(185,33),(46,146),(170,171),(239,91),(247,132),(193,37),(86,153),(135,216),(201,70),(75,89),(97,203),(71,84),(180,75),(213,74),(239,87),(89,49),(94,86),(149,116),(168,104),(87,89),(29,160),(221,220),(119,107),(189,71),(127,47),(129,42),(124,152),(90,192),(165,103),(136,169),(74,152),(121,164),(45,178),(61,87),(164,108),(163,103),(82,149),(139,213),(217,212),(27,172),(167,101),
10:(143,103),(94,226),(53,158),(146,22),(183,41),(164,53),(215,56),(174,162),(179,91),(185,34),(47,146),(171,171),(239,90),(247,131),(192,37),(87,153),(135,215),(201,71),(75,90),(97,202),(71,83),(180,76),(212,74),(239,86),(89,48),(94,87),(150,116),(168,103),(88,89),(29,159),(220,220),(120,107),(189,70),(128,47),(130,42),(125,152),(90,191),(166,103),(135,169),(74,153),(122,164),(46,178),(62,87),(163,108),(162,103),(83,149),(138,213),(216,212),(28,172),(167,102),
11:(143,104),(95,226),(54,158),(147,22),(183,42),(165,53),(214,56),(174,163),(178,91),(185,35),(47,147),(171,172),(239,89),(247,130),(191,37),(88,153),(134,215),(200,71),(76,90),(97,201),(71,82),(180,77),(212,75),(238,86),(90,48),(95,87),(151,116),(168,102),(88,90),(30,159),(219,220),(120,106),(188,70),(129,47),(130,43),(126,152),(91,191),(167,103),(135,170),(74,154),(123,164),(47,178),(63,87),(163,107),(162,104),(84,149),(137,213),(215,212),(28,173),(166,102),
12:(143,105),(96,226),(54,157),(147,23),(183,43),(165,54),(213,56),(174,164),(177,91),(185,36),(48,147),(171,173),(238,89),(246,130),(191,38),(89,153),(133,215),(199,71),(77,90),(97,200),(71,81),(179,77),(212,76),(237,86),(90,47),(96,87),(152,116),(167,102),(88,91),(31,159),(218,220),(120,105),(187,70),(130,47),(131,43),(127,152),(92,191),(168,103),(135,171),(74,155),(124,164),(48,178),(64,87),(163,106),(161,104),(85,149),(137,214),(214,212),(28,174),(165,102),
13:(144,105),(97,226),(55,157),(147,24),(183,44),(165,55),(212,56),(174,165),(177,92),(185,37),(48,148),(172,173),(237,89),(245,130),(191,39),(90,153),(132,215),(198,71),(77,91),(97,199),(71,80),(179,78),(211,76),(236,86),(91,47),(97,87),(153,116),(166,102),(88,92),(32,159),(217,220),(121,105),(186,70),(131,47),(131,44),(128,152),(92,190),(168,102),(135,172),(74,156),(125,164),(48,179),(64,88),(162,106),(160,104),(86,149),(136,214),(214,211),(29,174),(165,103),
14:(144,106),(97,225),(56,157),(148,24),(182,44),(165,56),(211,56),(174,166),(177,93),(185,38),(48,149),(172,174),(236,89),(244,130),(190,39),(91,153),(132,214),(197,71),(78,91),(97,198),(71,79),(178,78),(211,77),(235,86),(92,47),(98,87),(153,117),(165,102),(88,93),(32,158),(216,220),(122,105),(186,69),(132,47),(131,45),(128,151),(92,189),(169,102),(134,172),(75,156),(126,164),(49,179),(64,89),(161,106),(160,105),(86,150),(135,214),(214,210),(29,175),(164,103),
15:(144,107),(97,224),(57,157),(148,25),(181,44),(165,57),(210,56),(173,166),(177,94),(185,39),(48,150),(172,175),(236,88),(243,130),(189,39),(92,153),(131,214),(196,71),(78,92),(97,197),(71,78),(178,79),(210,77),(234,86),(93,47),(99,87),(153,118),(164,102),(88,94),(32,157),(215,220),(123,105),(185,69),(133,47),(132,45),(129,151),(93,189),(170,102),(134,173),(76,156),(126,163),(49,180),(64,90),(161,105),(160,106),(87,150),(134,214),(214,209),(30,175),(164,104),
16:(145,107),(97,223),(58,157),(148,26),(181,45),(165,58),(209,56),(173,167),(176,94),(185,40),(48,151),(173,175),(235,88),(243,129),(188,39),(93,153),(130,214),(196,72),(79,92),(97,196),(71,77),(178,80),(209,77),(233,86),(94,47),(99,88),(154,118),(163,102),(89,94),(33,157),(215,219),(124,105),(185,68),(134,47),(133,45),(130,151),(93,188),(170,101),(133,173),(77,156),(127,163),(50,180),(64,91),(161,104),(159,106),(88,150),(133,214),(213,209),(31,175),(163,104),
17:(146,107),(97,222),(58,156),(149,26),(180,45),(165,59),(208,56),(173,168),(176,95),(185,41),(49,151),(173,176),(234,88),(242,129),(188,40),(94,153),(130,213),(195,72),(80,92),(97,195),(71,76),(177,80),(209,78),(232,86),(95,47),(99,89),(155,118),(162,102),(90,94),(33,156),(215,218),(124,104),(185,67),(135,47),(133,46),(131,151),(94,188),(171,101),(132,173),(78,156),(127,162),(51,180),(65,91),(160,104),(159,107),(88,151),(132,214),(212,209),(32,175),(162,104),
18:(146,108),(97,221),(59,156),(149,27),(180,46),(165,60),(207,56),(172,168),(175,95),(185,42),(49,152),(173,177),(234,87),(241,129),(188,41),(95,153),(129,213),(194,72),(81,92),(97,194),(71,75),(176,80),(209,79),(231,86),(96,47),(100,89),(155,119),(161,102),(90,95),(34,156),(215,217),(124,103),(185,66),(136,47),(133,47),(132,151),(95,188),(172,101),(131,173),(79,156),(128,162),(51,181),(65,92),(159,104),(159,108),(89,151),(131,214),(211,209),(33,175),(161,104),
19:(147,108),(97,220),(60,156),(150,27),(180,47),(165,61),(206,56),(171,168),(174,95),(185,43),(50,152),(173,178),(233,87),(240,129),(187,41),(96,153),(128,213),(194,73),(82,92),(97,193),(71,74),(176,81),(208,79),(230,86),(97,47),(100,90),(156,119),(160,102),(91,95),(35,156),(215,216),(125,103),(185,65),(137,47),(134,47),(132,150),(96,188),(172,100),(130,173),(80,156),(129,162),(51,182),(65,93),(158,104),(159,109),(90,151),(131,213),(210,209),(33,176),(161,105),
20:(147,109),(97,219),(60,155),(151,27),(180,48),(165,62),(205,56),(171,169),(173,95),(185,44),(50,153),(174,178),(233,86),(240,128),(186,41),(97,153),(127,213),(194,74),(82,93),(97,192),(71,73),(176,82),(207,79),(229,86),(98,47),(101,90),(156,120),(159,102),(92,95),(36,156),(215,215),(125,102),(184,65),(138,47),(135,47),(133,150),(97,188),(173,100),(129,173),(81,156),(130,162),(52,182),(66,93),(157,104),(159,110),(91,151),(130,213),(209,209),(33,177),(161,106),
21:(148,109),(97,218),(61,155),(151,28),(180,49),(165,63),(204,56),(171,170),(172,95),(185,45),(51,153),(175,178),(232,86),(239,128),(186,42),(98,153),(126,213),(194,75),(83,93),(97,191),(71,72),(175,82),(206,79),(228,86),(99,47),(101,91),(157,120),(159,101),(93,95),(37,156),(215,214),(126,102),(183,65),(139,47),(136,47),(134,150),(97,187),(173,99),(128,173),(82,156),(130,161),(53,182),(67,93),(157,103),(159,111),(92,151),(129,213),(208,209),(34,177),(161,107),
22:(149,109),(97,217),(62,155),(152,28),(180,50),(165,64),(203,56),(170,170),(172,96),(185,46),(51,154),(176,178),(231,86),(239,127),(186,43),(99,153),(125,213),(194,76),(83,94),(97,190),(71,71),(175,83),(205,79),(227,86),(100,47),(102,91),(157,121),(158,101),(93,96),(38,156),(215,213),(126,101),(182,65),(140,47),(137,47),(134,149),(97,186),(173,98),(127,173),(83,156),(131,161),(54,182),(68,93),(156,103),(159,112),(92,152),(128,213),(207,209),(35,177),(161,108),
23:(149,110),(97,216),(62,154),(153,28),(180,51),(165,65),(202,56),(169,170),(171,96),(185,47),(52,154),(177,178),(230,86),(239,126),(186,44),(100,153),(124,213),(194,77),(83,95),(97,189),(71,70),(174,83),(204,79),(226,86),(101,47),(103,91),(158,121),(158,100),(93,97),(39,156),(214,213),(126,100),(182,64),(141,47),(138,47),(135,149),(97,185),(173,97),(126,173),(84,156),(131,160),(55,182),(69,93),(155,103),(159,113),(92,153),(127,213),(206,209),(36,177),(161,109),
24:(150,110),(97,215),(62,153),(153,29),(179,51),(165,66),(201,56),(168,170),(170,96),(185,48),(52,155),(178,178),(229,86),(239,125),(186,45),(101,153),(123,213),(194,78),(83,96),(97,188),(71,69),(173,83),(204,80),(225,86),(102,47),(104,91),(158,122),(158,99),(94,97),(40,156),(213,213),(126,99),(181,64),(142,47),(139,47),(136,149),(97,184),(173,96),(125,173),(85,156),(131,159),(56,182),(70,93),(154,103),(159,114),(93,153),(126,213),(205,209),(36,178),(161,110),
25:(150,111),(97,214),(63,153),(154,29),(179,52),(165,67),(200,56),(168,171),(170,97),(186,48),(53,155),(179,178),(228,86),(239,124),(185,45),(102,153),(122,213),(193,78),(84,96),(97,187),(71,68),(172,83),(203,80),(224,86),(103,47),(104,92),(158,123),(157,99),(95,97),(41,156),(213,212),(127,99),(181,63),(143,47),(140,47),(137,149),(97,183),(173,95),(124,173),(86,156),(132,159),(57,182),(71,93),(153,103),(159,115),(94,153),(125,213),(205,208),(37,178),(161,111),
26:(151,111),(97,213),(64,153),(155,29),(179,53),(165,68),(199,56),(168,172),(169,97),(186,49),(53,156),(180,178),(227,86),(239,123),(185,46),(103,153),(121,213),(193,79),(85,96),(97,186),(71,67),(171,83),(202,80),(223,86),(104,47),(104,93),(158,124),(156,99),(96,97),(42,156),(213,211),(128,99),(180,63),(143,48),(141,47),(138,149),(97,182),(173,94),(123,173),(87,156),(133,159),(58,182),(72,93),(153,102),(159,116),(95,153),(124,213),(204,208),(38,178),(161,112),
27:(151,112),(97,212),(65,153),(156,29),(178,53),(165,69),(198,56),(168,173),(168,97),(187,49),(54,156),(181,178),(226,86),(239,122),(184,46),(104,153),(120,213),(192,79),(85,97),(97,185),(71,66),(170,83),(202,81),(222,86),(105,47),(105,93),(158,125),(155,99),(97,97),(43,156),(213,210),(129,99),(179,63),(144,48),(142,47),(139,149),(97,181),(174,94),(122,173),(88,156),(134,159),(59,182),(73,93),(152,102),(159,117),(96,153),(123,213),(204,207),(39,178),(161,113),
28:(151,113),(97,211),(66,153),(157,29),(178,54),(164,69),(197,56),(167,173),(168,98),(187,50),(55,156),(182,178),(225,86),(238,122),(184,47),(105,153),(119,213),(191,79),(86,97),(97,184),(71,65),(170,84),(201,81),(221,86),(106,47),(106,93),(159,125),(154,99),(98,97),(44,156),(213,209),(129,98),(179,62),(145,48),(143,47),(139,148),(97,180),(174,93),(121,173),(89,156),(135,159),(60,182),(74,93),(151,102),(159,118),(97,153),(122,213),(204,206),(40,178),(161,114),
29:(152,113),(97,210),(67,153),(158,29),(177,54),(164,70),(196,56),(166,173),(168,99),(187,51),(55,157),(183,178),(224,86),(237,122),(184,48),(106,153),(118,213),(191,80),(87,97),(97,183),(72,65),(169,84),(201,82),(220,86),(107,47),(107,93),(159,126),(153,99),(99,97),(45,156),(212,209),(129,97),(178,62),(146,48),(144,47),(140,148),(97,179),(175,93),(120,173),(90,156),(135,158),(61,182),(75,93),(150,102),(159,119),(98,153),(121,213),(204,205),(41,178),(161,115),
30:(153,113),(97,209),(68,153),(159,29),(177,55),(164,71),(195,56),(165,173),(168,100),(188,51),(55,158),(184,178),(223,86),(237,121),(184,49),(107,153),(117,213),(190,80),(88,97),(97,182),(72,64),(168,84),(200,82),(219,86),(108,47),(108,93),(159,127),(153,98),(100,97),(46,156),(211,209),(130,97),(178,61),(147,48),(145,47),(141,148),(97,178),(175,92),(119,173),(91,156),(135,157),(62,182),(76,93),(150,101),(159,120),(99,153),(120,213),(204,204),(42,178),(160,115),
31:(153,114),(97,208),(69,153),(159,30),(177,56),(163,71),(194,56),(164,173),(168,101),(188,52),(56,158),(185,178),(222,86),(237,120),(184,50),(108,153),(116,213),(189,80),(88,98),(97,181),(72,63),(167,84),(200,83),(218,86),(109,47),(109,93),(159,128),(152,98),(101,97),(47,156),(211,208),(131,97),(178,60),(148,48),(145,48),(142,148),(97,177),(176,92),(118,173),(92,156),(135,156),(63,182),(77,93),(149,101),(159,121),(100,153),(119,213),(203,204),(43,178),(160,116),
32:(154,114),(97,207),(70,153),(160,30),(176,56),(162,71),(193,56),(163,173),(168,102),(189,52),(57,158),(186,178),(221,86),(237,119),(184,51),(109,153),(115,213),(189,81),(89,98),(97,180),(72,62),(167,85),(199,83),(217,86),(110,47),(110,93),(159,129),(152,97),(102,97),(48,156),(211,207),(131,96),(177,60),(149,48),(146,48),(143,148),(97,176),(177,92),(117,173),(93,156),(136,156),(64,182),(78,93),(148,101),(159,122),(101,153),(118,213),(203,203),(44,178),(160,117),
33:(154,115),(97,206),(71,153),(161,30),(175,56),(161,71),(192,56),(162,173),(167,102),(189,53),(57,159),(187,178),(220,86),(237,118),(184,52),(110,153),(114,213),(189,82),(90,98),(97,179),(72,61),(167,86),(198,83),(216,86),(111,47),(111,93),(159,130),(152,96),(102,98),(49,156),(211,206),(132,96),(176,60),(150,48),(147,48),(144,148),(97,175),(177,91),(116,173),(94,156),(137,156),(64,183),(79,93),(148,100),(159,123),(102,153),(117,213),(203,202),(45,178),(160,118),
34:(154,116),(97,205),(72,153),(161,31),(174,56),(161,72),(191,56),(161,173),(167,103),(189,54),(57,160),(188,178),(219,86),(237,117),(184,53),(111,153),(113,213),(189,83),(90,99),(97,178),(72,60),(166,86),(197,83),(215,86),(112,47),(112,93),(159,131),(152,95),(103,98),(50,156),(210,206),(132,95),(175,60),(151,48),(148,48),(145,148),(98,175),(177,90),(115,173),(95,156),(137,155),(65,183),(80,93),(148,99),(159,124),(103,153),(116,213),(202,202),(46,178),(160,119),
35:(155,116),(97,204),(73,153),(162,31),(173,56),(161,73),(190,56),(160,173),(167,104),(189,55),(57,161),(189,178),(218,86),(236,117),(184,54),(112,153),(112,213),(188,83),(91,99),(97,177),(72,59),(165,86),(197,84),(214,86),(113,47),(113,93),(159,132),(152,94),(103,99),(51,156),(210,205),(132,94),(174,60),(152,48),(149,48),(146,148),(98,174),(177,89),(114,173),(96,156),(137,154),(66,183),(81,93),(147,99),(159,125),(104,153),(115,213),(202,201),(47,178),(160,120),
36:(156,116),(97,203),(74,153),(163,31),(172,56),(161,74),(189,56),(159,173),(166,104),(190,55),(58,161),(190,178),(217,86),(236,116),(184,55),(113,153),(111,213),(187,83),(92,99),(97,176),(72,58),(165,87),(196,84),(213,86),(114,47),(114,93),(159,133),(151,94),(104,99),(52,156),(209,205),(133,94),(173,60),(153,48),(150,48),(147,148),(98,173),(177,88),(113,173),(97,156),(138,154),(66,184),(82,93),(146,99),(159,126),(105,153),(114,213),(201,201),(48,178),(160,121),
37:(156,117),(97,202),(75,153),(163,32),(171,56),(161,75),(188,56),(158,173),(166,105),(190,56),(58,162),(191,178),(216,86),(235,116),(184,56),(114,153),(110,213),(187,84),(92,100),(98,176),(72,57),(165,88),(196,85),(212,86),(115,47),(115,93),(159,134),(150,94),(105,99),(53,156),(208,205),(133,93),(172,60),(153,49),(151,48),(148,148),(98,172),(178,88),(112,173),(98,156),(138,153),(66,185),(83,93),(145,99),(159,127),(106,153),(113,213),(200,201),(49,178),(160,122),
38:(156,118),(97,201),(76,153),(163,33),(170,56),(161,76),(187,56),(157,173),(166,106),(191,56),(58,163),(192,178),(215,86),(235,115),(184,57),(115,153),(109,213),(186,84),(93,100),(98,175),(72,56),(165,89),(195,85),(211,86),(116,47),(116,93),(159,135),(150,93),(106,99),(54,156),(208,204),(134,93),(171,60),(154,49),(152,48),(149,148),(99,172),(179,88),(111,173),(99,156),(139,153),(66,186),(84,93),(145,98),(159,128),(107,153),(112,213),(199,201),(49,179),(160,123),
39:(156,119),(97,200),(77,153),(163,34),(169,56),(161,77),(186,56),(156,173),(165,106),(191,57),(59,163),(192,179),(214,86),(235,114),(184,58),(116,153),(108,213),(185,84),(94,100),(98,174),(72,55),(165,90),(194,85),(210,86),(117,47),(117,93),(159,136),(149,93),(107,99),(55,156),(208,203),(135,93),(170,60),(155,49),(153,48),(150,148),(100,172),(179,87),(110,173),(100,156),(140,153),(66,187),(85,93),(145,97),(159,129),(108,153),(111,213),(199,200),(50,179),(160,124),
40:(157,119),(97,199),(78,153),(163,35),(169,57),(161,78),(185,56),(155,173),(165,107),(191,58),(60,163),(193,179),(213,86),(235,113),(184,59),(117,153),(107,213),(184,84),(95,100),(99,174),(72,54),(165,91),(193,85),(209,86),(118,47),(118,93),(159,137),(148,93),(107,100),(56,156),(207,203),(136,93),(170,59),(156,49),(154,48),(150,147),(101,172),(180,87),(109,173),(101,156),(140,152),(67,187),(86,93),(144,97),(159,130),(109,153),(110,213),(199,199),(51,179),(160,124),
41:(158,119),(97,198),(79,153),(163,36),(168,57),(161,79),(184,56),(154,173),(165,108),(192,58),(61,163),(194,179),(212,86),(234,113),(184,60),(118,153),(106,213),(183,84),(95,101),(99,173),(72,53),(164,91),(192,85),(208,86),(119,47),(119,93),(159,138),(147,93),(107,101),(57,156),(206,203),(137,93),(169,59),(156,50),(155,48),(150,146),(102,172),(181,87),(108,173),(102,156),(140,151),(67,188),(87,93),(143,97),(159,131),(110,153),(109,213),(199,198),(51,180),(160,124),
42:(159,119),(97,197),(80,153),(163,37),(167,57),(161,80),(183,56),(153,173),(164,108),(192,59),(62,163),(195,179),(211,86),(233,113),(184,61),(118,152),(105,213),(182,84),(96,101),(100,173),(72,52),(163,91),(191,85),(207,86),(120,47),(120,93),(158,138),(146,93),(107,102),(58,156),(206,202),(138,93),(169,58),(156,51),(155,49),(150,145),(103,172),(182,87),(107,173),(103,156),(140,150),(68,188),(88,93),(143,96),(159,132),(111,153),(108,213),(199,197),(52,180),(160,124),
43:(159,120),(97,196),(81,153),(163,38),(166,57),(161,81),(182,56),(152,173),(163,108),(192,60),(63,163),(195,180),(210,86),(232,113),(184,62),(119,152),(104,213),(182,85),(97,101),(100,172),(72,51),(162,91),(191,86),(206,86),(121,47),(121,93),(158,139),(145,93),(107,103),(59,156),(205,202),(139,93),(169,57),(157,51),(156,49),(151,145),(103,171),(183,87),(106,173),(104,156),(141,150),(69,188),(89,93),(143,95),(159,133),(112,153),(107,213),(199,196),(53,180),(160,124),
44:(159,121),(97,195),(82,153),(164,38),(166,58),(161,82),(181,56),(151,173),(163,109),(192,61),(64,163),(196,180),(209,86),(231,113),(184,63),(120,152),(103,213),(181,85),(98,101),(100,171),(72,50),(161,91),(191,87),(205,86),(122,47),(122,93),(157,139),(144,93),(108,103),(60,156),(205,201),(140,93),(169,56),(158,51),(157,49),(151,144),(104,171),(183,86),(105,173),(105,156),(142,150),(70,188),(90,93),(143,94),(159,134),(113,153),(106,213),(199,195),(54,180),(160,124),
45:(159,122),(97,194),(83,153),(165,38),(166,59),(161,83),(180,56),(150,173),(162,109),(192,62),(64,164),(196,181),(208,86),(231,112),(184,64),(121,152),(102,213),(181,86),(99,101),(100,170),(72,49),(160,91),(190,87),(204,86),(123,47),(123,93),(156,139),(143,93),(109,103),(61,156),(205,200),(141,93),(168,56),(158,52),(158,49),(151,143),(105,171),(184,86),(104,173),(106,156),(142,149),(71,188),(91,93),(142,94),(159,135),(114,153),(105,213),(199,194),(54,181),(160,124),
46:(159,123),(97,193),(84,153),(165,39),(165,59),(161,84),(179,56),(149,173),(161,109),(192,63),(64,165),(196,182),(207,86),(230,112),(184,65),(122,152),(101,213),(181,87),(100,101),(100,169),(72,48),(160,92),(189,87),(203,86),(124,47),(124,93),(156,140),(143,93),(109,104),(62,156),(204,200),(142,93),(167,56),(159,52),(159,49),(151,142),(105,170),(185,86),(103,173),(107,156),(142,148),(72,188),(92,93),(141,94),(159,136),(115,153),(104,213),(199,193),(54,182),(160,124),
47:(159,124),(97,192),(85,153),(166,39),(165,60),(160,84),(178,56),(148,173),(161,110),(193,63),(65,165),(197,182),(206,86),(230,111),(184,66),(123,152),(101,212),(180,87),(100,102),(101,169),(72,47),(160,93),(188,87),(202,86),(125,47),(125,93),(155,140),(143,94),(109,105),(63,156),(204,199),(143,93),(167,55),(159,53),(159,50),(151,141),(106,170),(185,85),(102,173),(108,156),(143,148),(73,188),(93,93),(141,93),(159,137),(116,153),(104,212),(199,192),(55,182),(160,124),
48:(159,125),(97,191),(86,153),(167,39),(165,61),(160,85),(177,56),(147,173),(160,110),(194,63),(66,165),(198,182),(205,86),(229,111),(184,67),(124,152),(101,211),(180,88),(101,102),(102,169),(72,47),(159,93),(188,88),(201,86),(126,47),(126,93),(155,141),(142,94),(110,105),(64,156),(204,198),(144,93),(167,54),(160,53),(159,51),(151,140),(106,169),(185,84),(101,173),(109,156),(144,148),(74,188),(94,93),(141,92),(159,138),(116,152),(103,212),(199,191),(56,182),(160,124),
49:(159,126),(97,190),(87,153),(168,39),(165,62),(159,85),(176,56),(146,173),(159,110),(194,64),(66,166),(198,183),(204,86),(228,111),(184,68),(125,152),(100,211),(180,89),(102,102),(103,169),(72,47),(158,93),(188,89),(200,86),(127,47),(127,93),(154,141),(141,94),(110,106),(65,156),(203,198),(145,93),(167,53),(161,53),(160,51),(152,140),(106,168),(186,84),(100,173),(110,156),(145,148),(75,188),(95,93),(140,92),(158,138),(117,152),(102,212),(199,190),(57,182),(160,124),
50:(159,127),(97,189),(88,153),(169,39),(165,63),(159,86),(175,56),(145,173),(159,111),(195,64),(66,167),(199,183),(203,86),(228,110),(184,69),(126,152),(100,210),(179,89),(103,102),(104,169),(72,47),(157,93),(187,89),(199,86),(128,47),(128,93),(153,141),(140,94),(110,107),(66,156),(202,198),(146,93),(167,52),(162,53),(160,52),(153,140),(107,168),(186,83),(99,173),(111,156),(146,148),(75,189),(96,93),(140,91),(158,139),(118,152),(101,212),(199,189),(58,182),(160,124),
51:(159,128),(97,188),(89,153),(169,40),(165,64),(159,87),(174,56),(144,173),(159,112),(195,65),(66,168),(200,183),(202,86),(228,109),(184,70),(127,152),(99,210),(179,90),(103,103),(105,169),(72,47),(157,94),(186,89),(198,86),(129,47),(129,93),(153,142),(139,94),(111,107),(67,156),(202,197),(147,93),(167,51),(163,53),(161,52),(153,139),(107,167),(187,83),(99,174),(112,156),(147,148),(76,189),(97,93),(139,91),(157,139),(119,152),(101,211),(199,188),(59,182),(160,124),
52:(159,129),(97,187),(90,153),(170,40),(165,65),(159,88),(173,56),(143,173),(159,113),(196,65),(66,169),(200,184),(201,86),(227,109),(184,71),(128,152),(98,210),(178,90),(103,104),(105,168),(72,47),(157,95),(186,90),(197,86),(130,47),(130,93),(152,142),(138,94),(111,108),(68,156),(202,196),(148,93),(166,51),(164,53),(161,53),(154,139),(108,167),(188,83),(98,174),(113,156),(147,147),(76,190),(98,93),(139,90),(157,140),(120,152),(101,210),(199,187),(60,182),(160,124),
53:(159,130),(97,186),(91,153),(170,41),(165,66),(159,89),(172,56),(142,173),(159,114),(196,66),(66,170),(200,185),(200,86),(227,108),(184,71),(129,152),(98,209),(178,91),(103,105),(105,167),(72,47),(157,96),(186,91),(196,86),(131,47),(131,93),(151,142),(137,94),(112,108),(69,156),(202,195),(149,93),(166,50),(165,53),(162,53),(155,139),(109,167),(188,82),(98,175),(114,156),(148,147),(76,191),(99,93),(138,90),(157,141),(121,152),(100,210),(198,187),(61,182),(160,124),
54:(159,131),(97,185),(92,153),(170,42),(165,67),(159,90),(171,56),(141,173),(159,115),(196,67),(66,171),(201,185),(199,86),(226,108),(184,71),(129,151),(97,209),(177,91),(104,105),(106,167),(72,47),(157,97),(185,91),(195,86),(132,47),(132,93),(151,143),(136,94),(113,108),(70,156),(201,195),(149,92),(165,50),(165,54),(163,53),(156,139),(110,167),(188,81),(98,176),(115,156),(149,147),(77,191),(100,93),(137,90),(157,142),(122,152),(99,210),(198,186),(62,182),(160,124),
55:(159,132),(97,184),(93,153),(170,43),(165,68),(159,91),(170,56),(140,173),(159,116),(196,68),(66,172),(201,186),(198,86),(226,107),(184,71),(129,150),(97,208),(177,92),(105,105),(106,166),(72,47),(157,98),(184,91),(194,86),(133,47),(133,93),(150,143),(135,94),(114,108),(71,156),(201,194),(150,92),(164,50),(165,55),(163,54),(157,139),(111,167),(188,80),(97,176),(116,156),(150,147),(78,191),(101,93),(136,90),(157,143),(123,152),(98,210),(198,185),(63,182),(160,124),
56:(159,133),(97,183),(94,153),(171,43),(165,69),(159,92),(169,56),(139,173),(159,117),(196,69),(67,172),(201,187),(197,86),(225,107),(184,71),(130,150),(97,207),(177,93),(105,106),(106,165),(72,47),(157,99),(183,91),(193,86),(134,47),(134,93),(149,143),(135,93),(115,108),(72,156),(200,194),(151,92),(164,49),(165,56),(163,55),(158,139),(112,167),(189,80),(97,177),(117,156),(151,147),(79,191),(102,93),(135,90),(157,144),(124,152),(97,210),(198,184),(64,182),(160,124),
57:(159,134),(97,182),(95,153),(172,43),(164,69),(159,93),(168,56),(138,173),(159,118),(197,69),(68,172),(201,188),(196,86),(225,106),(184,71),(131,150),(97,206),(177,94),(105,107),(106,164),(72,47),(156,99),(182,91),(192,86),(135,47),(135,93),(148,143),(135,92),(116,108),(73,156),(199,194),(151,91),(164,48),(165,57),(164,55),(158,138),(112,166),(190,80),(97,178),(118,156),(151,146),(80,191),(103,93),(134,90),(156,144),(125,152),(97,209),(197,184),(64,183),(160,124),
58:(159,135),(97,181),(96,153),(173,43),(164,70),(159,94),(168,55),(137,173),(159,119),(198,69),(68,173),(202,188),(195,86),(224,106),(184,71),(131,149),(97,205),(176,94),(105,108),(107,164),(72,47),(156,100),(182,92),(191,86),(136,47),(136,93),(147,143),(134,92),(117,108),(74,156),(199,193),(151,90),(164,47),(165,58),(164,56),(158,137),(112,165),(191,80),(97,179),(119,156),(151,145),(80,192),(104,93),(133,90),(155,144),(126,152),(97,208),(197,183),(64,184),(160,124),
59:(159,136),(97,180),(97,153),(173,44),(163,70),(159,95),(168,54),(136,173),(159,120),(199,69),(69,173),(203,188),(194,86),(223,106),(184,71),(132,149),(97,204),(175,94),(106,108),(108,164),(72,47),(155,100),(182,93),(190,86),(137,47),(137,93),(147,144),(134,91),(118,108),(75,156),(199,192),(152,90),(164,46),(165,59),(164,57),(159,137),(112,164),(192,80),(97,179),(120,156),(152,145),(80,193),(105,93),(132,90),(155,145),(127,152),(97,207),(197,182),(65,184),(160,124),
60:(159,137),(97,179),(98,153),(174,44),(162,70),(159,96),(168,53),(135,173),(159,121),(199,70),(70,173),(203,189),(193,86),(222,106),(184,71),(133,149),(97,203),(174,94),(107,108),(108,163),(72,47),(154,100),(182,94),(190,87),(138,47),(138,93),(147,145),(134,90),(119,108),(76,156),(199,191),(153,90),(163,46),(165,60),(165,57),(158,137),(112,163),(192,79),(98,179),(121,156),(152,144),(81,193),(106,93),(131,90),(155,146),(128,152),(97,206),(196,182),(66,184),(160,124),
61:(159,138),(97,178),(99,153),(175,44),(161,70),(159,97),(168,52),(134,173),(159,122),(199,71),(71,173),(204,189),(192,86),(221,106),(184,71),(134,149),(97,202),(173,94),(108,108),(109,163),(72,47),(154,101),(182,95),(189,87),(139,47),(139,93),(147,146),(133,90),(120,108),(77,156),(199,190),(154,90),(163,45),(165,61),(166,57),(159,137),(113,163),(193,79),(98,180),(122,156),(153,144),(82,193),(107,93),(131,89),(155,147),(128,151),(97,205),(196,181),(67,184),(160,124),
62:(159,139),(97,177),(100,153),(176,44),(161,71),(159,98),(168,51),(133,173),(159,123),(200,71),(72,173),(205,189),(191,86),(221,105),(184,71),(135,149),(97,201),(173,95),(109,108),(109,162),(72,47),(153,101),(181,95),(189,88),(140,47),(140,93),(147,147),(132,90),(121,108),(78,156),(199,189),(155,90),(162,45),(165,62),(167,57),(159,136),(114,163),(193,78),(97,180),(123,156),(153,143),(83,193),(108,93),(131,88),(154,147),(128,150),(97,204),(196,180),(68,184),(160,124),
63:(159,140),(97,176),(101,153),(177,44),(161,72),(159,99),(168,50),(132,173),(159,124),(201,71),(73,173),(206,189),(191,87),(221,104),(184,71),(136,149),(97,200),(173,96),(110,108),(109,161),(72,47),(152,101),(181,96),(188,88),(141,47),(141,93),(147,148),(131,90),(122,108),(79,156),(199,188),(156,90),(161,45),(165,63),(168,57),(159,135),(115,163),(194,78),(97,181),(124,156),(154,143),(84,193),(109,93),(131,87),(154,148),(128,149),(97,203),(195,180),(68,185),(160,124),
64:(159,141),(98,176),(102,153),(178,44),(161,73),(159,100),(167,50),(131,173),(159,125),(201,72),(74,173),(207,189),(191,88),(220,104),(184,71),(137,149),(97,199),(172,96),(111,108),(110,161),(72,47),(151,101),(180,96),(188,89),(142,47),(142,93),(147,149),(130,90),(123,108),(80,156),(199,187),(157,90),(160,45),(165,64),(169,57),(159,134),(116,163),(195,78),(97,182),(125,156),(154,142),(85,193),(110,93),(131,86),(153,148),(129,149),(97,202),(194,180),(68,186),(160,124),
65:(158,141),(98,175),(103,153),(178,45),(161,74),(159,101),(166,50),(130,173),(159,126),(202,72),(75,173),(208,189),(191,89),(219,104),(184,71),(138,149),(97,198),(172,97),(112,108),(111,161),(72,47),(151,102),(179,96),(187,89),(143,47),(143,93),(146,149),(130,89),(124,108),(81,156),(198,187),(158,90),(160,44),(165,65),(169,58),(159,133),(116,162),(196,78),(97,183),(126,156),(154,141),(86,193),(111,93),(131,85),(153,149),(130,149),(97,201),(194,179),(68,187),(160,124),
66:(158,142),(99,175),(104,153),(179,45),(161,75),(159,102),(166,49),(129,173),(159,127),(202,73),(76,173),(209,189),(191,90),(218,104),(184,71),(139,149),(97,197),(172,98),(113,108),(111,160),(72,47),(151,103),(179,97),(186,89),(144,47),(144,93),(146,150),(130,88),(125,108),(82,156),(198,186),(158,89),(159,44),(165,66),(170,58),(159,132),(116,161),(197,78),(97,184),(127,156),(154,140),(87,193),(112,93),(130,85),(153,150),(131,149),(97,200),(193,179),(69,187),(160,124),
67:(158,143),(99,174),(105,153),(180,45),(161,76),(159,103),(166,48),(128,173),(159,128),(202,74),(77,173),(210,189),(190,90),(217,104),(184,71),(139,148),(97,196),(172,99),(114,108),(112,160),(72,47),(150,103),(179,98),(186,90),(145,47),(145,93),(146,151),(129,88),(126,108),(83,156),(198,185),(159,89),(158,44),(165,67),(170,59),(159,131),(116,160),(198,78),(97,185),(128,156),(155,140),(87,194),(113,93),(129,85),(153,151),(132,149),(97,199),(192,179),(70,187),(160,124),
68:(158,144),(99,173),(106,153),(180,46),(161,77),(159,104),(166,47),(127,173),(159,129),(202,75),(78,173),(211,189),(190,91),(217,103),(184,71),(140,148),(97,195),(172,100),(115,108),(112,159),(72,47),(150,104),(179,99),(185,90),(145,48),(145,92),(146,152),(129,87),(127,108),(84,156),(198,184),(160,89),(157,44),(165,68),(171,59),(159,130),(116,159),(198,77),(97,186),(129,156),(156,140),(88,194),(114,93),(128,85),(152,151),(133,149),(97,198),(191,179),(71,187),(160,124),
69:(158,145),(99,172),(107,153),(180,47),(161,78),(159,105),(165,47),(126,173),(159,130),(202,76),(79,173),(212,189),(189,91),(217,102),(184,71),(141,148),(97,194),(171,100),(116,108),(112,158),(72,47),(149,104),(179,100),(184,90),(146,48),(146,92),(145,152),(129,86),(128,108),(85,156),(198,183),(161,89),(156,44),(165,69),(172,59),(160,130),(117,159),(198,76),(97,187),(130,156),(156,139),(89,194),(115,93),(127,85),(152,152),(134,149),(97,197),(191,178),(72,187),(160,124),
70:(157,145),(99,171),(108,153),(180,48),(161,79),(159,106),(164,47),(125,173),(159,131),(202,77),(80,173),(213,189),(188,91),(217,101),(184,71),(142,148),(97,193),(170,100),(117,108),(112,157),(72,47),(148,104),(179,101),(184,91),(147,48),(147,92),(144,152),(129,85),(129,108),(86,156),(197,183),(161,88),(155,44),(165,70),(172,60),(160,129),(117,158),(198,75),(97,188),(131,156),(156,138),(89,195),(116,93),(126,85),(151,152),(135,149),(97,196),(190,178),(73,187),(160,124),
71:(156,145),(100,171),(109,153),(180,49),(161,80),(159,107),(164,46),(124,173),(159,132),(203,77),(81,173),(214,189),(187,91),(217,100),(184,71),(143,148),(97,192),(169,100),(118,108),(112,156),(72,47),(148,105),(179,102),(184,92),(148,48),(148,92),(144,153),(128,85),(130,108),(87,156),(197,182),(162,88),(154,44),(165,71),(173,60),(159,129),(117,157),(198,75),(97,189),(132,156),(157,138),(89,196),(117,93),(125,85),(151,153),(136,149),(97,195),(189,178),(73,188),(160,124),
72:(156,146),(101,171),(110,153),(180,50),(161,81),(159,108),(163,46),(123,173),(159,133),(204,77),(82,173),(215,189),(186,91),(217,99),(184,71),(144,148),(97,191),(168,100),(119,108),(113,156),(72,47),(148,106),(179,103),(183,92),(149,48),(149,92),(143,153),(127,85),(131,108),(88,156),(197,181),(162,87),(153,44),(165,72),(173,60),(159,128),(117,156),(198,75),(97,190),(133,156),(158,138),(90,196),(118,93),(124,85),(151,154),(137,149),(97,194),(188,178),(73,189),(160,124),
73:(155,146),(102,171),(111,153),(179,50),(161,82),(159,109),(163,45),(122,173),(159,134),(204,78),(83,173),(216,189),(185,91),(216,99),(184,71),(145,148),(97,190),(168,101),(120,108),(114,156),(72,47),(147,106),(179,104),(183,93),(150,48),(150,92),(142,153),(126,85),(132,108),(89,156),(197,180),(162,86),(152,44),(165,73),(173,60),(159,127),(118,156),(198,75),(96,190),(133,156),(159,138),(90,197),(119,93),(123,85),(150,154),(138,149),(97,193),(187,178),(73,190),(160,124),
74:(154,146),(102,170),(112,153),(179,51),(161,83),(159,110),(162,45),(121,173),(159,135),(204,79),(84,173),(217,189),(184,91),(216,98),(184,71),(146,148),(97,189),(168,102),(121,108),(114,155),(72,47),(146,106),(179,105),(183,94),(151,48),(151,92),(141,153),(125,85),(133,108),(90,156),(196,180),(163,86),(151,44),(165,74),(173,60),(159,126),(119,156),(198,75),(96,191),(133,156),(160,138),(90,198),(120,93),(122,85),(149,154),(139,149),(97,192),(186,178),(73,191),(160,124),
75:(154,147),(102,169),(113,153),(178,51),(160,83),(159,111),(162,44),(120,173),(159,136),(204,80),(85,173),(218,189),(184,92),(216,97),(184,71),(147,148),(97,188),(168,103),(122,108),(114,154),(72,47),(145,106),(179,106),(182,94),(151,49),(152,92),(140,153),(124,85),(134,108),(91,156),(196,179),(164,86),(150,44),(165,75),(173,60),(159,125),(119,155),(198,75),(96,192),(133,156),(160,137),(91,198),(121,93),(121,85),(148,154),(140,149),(97,191),(186,177),(74,191),(160,124),
76:(154,148),(103,169),(114,153),(178,52),(160,84),(159,112),(161,44),(119,173),(159,137),(204,81),(86,173),(219,189),(183,92),(216,96),(184,71),(147,147),(97,187),(167,103),(123,108),(115,154),(72,47),(145,107),(179,107),(181,94),(152,49),(153,92),(139,153),(123,85),(135,108),(92,156),(195,179),(165,86),(149,44),(165,76),(173,60),(159,124),(119,154),(198,75),(97,192),(133,156),(161,137),(91,199),(122,93),(120,85),(148,155),(141,149),(97,190),(185,177),(75,191),(160,124),
77:(154,149),(104,169),(115,153),(177,52),(160,85),(159,113),(160,44),(118,173),(158,137),(205,81),(87,173),(219,189),(182,92),(215,96),(184,71),(147,146),(97,186),(166,103),(124,108),(116,154),(72,47),(145,108),(179,108),(180,94),(152,50),(154,92),(138,153),(122,85),(136,108),(93,156),(195,178),(166,86),(148,44),(165,77),(173,60),(159,123),(119,153),(198,75),(97,193),(133,156),(162,137),(92,199),(123,93),(119,85),(147,155),(141,148),(97,189),(185,176),(75,192),(160,124),
78:(154,150),(104,168),(116,153),(177,53),(159,85),(159,114),(159,44),(117,173),(158,138),(206,81),(88,173),(219,189),(182,93),(214,96),(184,71),(147,145),(97,185),(165,103),(125,108),(117,154),(72,47),(144,108),(179,109),(180,95),(153,50),(154,91),(137,153),(121,85),(137,108),(94,156),(194,178),(166,85),(147,44),(165,78),(173,60),(159,122),(119,152),(198,75),(97,194),(133,156),(163,137),(92,200),(124,93),(118,85),(147,156),(142,148),(97,188),(185,175),(76,192),(160,124),
79:(154,151),(104,167),(117,153),(177,54),(159,86),(159,115),(158,44),(116,173),(158,139),(207,81),(89,173),(219,189),(181,93),(214,95),(184,71),(147,144),(97,184),(164,103),(126,108),(118,154),(72,47),(143,108),(180,109),(180,96),(154,50),(154,90),(136,153),(120,85),(138,108),(95,156),(193,178),(166,84),(146,44),(165,79),(173,60),(159,121),(120,152),(198,75),(97,195),(133,156),(163,136),(92,201),(125,93),(117,85),(147,157),(143,148),(97,187),(184,175),(76,193),(160,124),
80:(153,151),(104,166),(118,153),(177,55),(159,87),(159,116),(158,43),(115,173),(158,140),(207,82),(90,173),(219,189),(181,94),(213,95),(184,71),(147,143),(97,183),(163,103),(127,108),(119,154),(72,47),(142,108),(181,109),(180,97),(155,50),(155,90),(135,153),(119,85),(139,108),(96,156),(193,177),(167,84),(145,44),(165,80),(173,60),(159,120),(121,152),(198,75),(97,196),(133,156),(164,136),(93,201),(126,93),(116,85),(147,158),(144,148),(97,186),(184,174),(76,194),(160,124),
81:(152,151),(105,166),(119,153),(177,56),(159,88),(159,117),(157,43),(114,173),(158,141),(208,82),(91,173),(219,189),(181,95),(213,94),(184,71),(147,142),(97,182),(162,103),(128,108),(120,154),(72,47),(141,108),(182,109),(180,98),(156,50),(156,90),(134,153),(118,85),(139,109),(97,156),(193,176),(168,84),(144,44),(165,81),(173,60),(159,119),(122,152),(198,75),(97,197),(133,156),(165,136),(94,201),(127,93),(115,85),(147,159),(145,148),(97,185),(183,174),(76,195),(160,124),
82:(151,151),(106,166),(119,152),(177,57),(159,89),(159,118),(157,42),(113,173),(157,141),(208,83),(92,173),(219,189),(180,95),(213,93),(184,71),(147,141),(97,181),(161,103),(129,108),(121,154),(72,47),(140,108),(182,110),(179,98),(157,50),(157,90),(133,153),(117,85),(139,110),(98,156),(192,176),(169,84),(143,44),(165,82),(173,60),(159,119),(123,152),(198,75),(97,198),(133,156),(165,135),(95,201),(128,93),(114,85),(147,160),(146,148),(97,184),(182,174),(76,196),(160,124),
83:(151,152),(106,165),(120,152),(176,57),(159,90),(159,119),(156,42),(112,173),(157,142),(209,83),(93,173),(219,189),(179,95),(213,92),(184,71),(148,141),(97,180),(160,103),(130,108),(122,154),(72,47),(139,108),(182,111),(178,98),(158,50),(157,89),(132,153),(116,85),(140,110),(99,156),(192,175),(169,83),(142,44),(165,83),(173,60),(159,120),(124,152),(198,75),(97,199),(133,156),(165,134),(96,201),(129,93),(113,85),(146,160),(147,148),(97,183),(181,174),(76,197),(160,124),
84:(151,153),(106,164),(121,152),(176,58),(159,91),(159,120),(156,41),(111,173),(157,143),(210,83),(94,173),(219,189),(179,96),(213,91),(184,71),(149,141),(97,179),(159,103),(131,108),(122,153),(72,47),(138,108),(182,112),(178,99),(159,50),(157,88),(131,153),(115,85),(140,111),(100,156),(192,174),(170,83),(141,44),(165,84),(173,60),(158,120),(125,152),(198,75),(98,199),(133,156),(165,133),(97,201),(130,93),(112,85),(146,161),(148,148),(97,182),(181,173),(77,197),(160,124),
85:(150,153),(106,163),(122,152),(176,59),(159,92),(159,121),(155,41),(110,173),(157,144),(210,84),(95,173),(219,189),(178,96),(213,90),(184,71),(150,141),(97,178),(158,103),(132,108),(123,153),(72,47),(137,108),(183,112),(178,100),(160,50),(157,87),(130,153),(114,85),(140,112),(101,156),(191,174),(171,83),(140,44),(165,85),(173,60),(158,119),(126,152),(198,75),(98,200),(133,156),(166,133),(97,202),(131,93),(111,85),(146,162),(149,148),(97,181),(180,173),(77,198),(160,124),
86:(149,153),(106,162),(123,152),(175,59),(159,93),(159,122),(154,41),(109,173),(156,144),(211,84),(96,173),(219,189),(177,96),(213,89),(184,71),(150,140),(97,177),(157,103),(133,108),(124,153),(72,47),(136,108),(183,113),(178,101),(161,50),(158,87),(129,153),(113,85),(141,112),(102,156),(191,173),(171,82),(139,44),(165,86),(173,60),(158,118),(127,152),(198,75),(99,200),(133,156),(166,132),(97,203),(132,93),(110,85),(145,162),(150,148),(97,180),(179,173),(78,198),(160,124),
87:(149,154),(107,162),(124,152),(175,60),(159,94),(159,123),(153,41),(108,173),(155,144),(212,84),(97,173),(219,189),(176,96),(212,89),(184,71),(151,140),(97,176),(156,103),(134,108),(125,153),(72,47),(135,108),(183,114),(178,102),(161,51),(159,87),(128,153),(112,85),(141,113),(103,156),(190,173),(171,81),(138,44),(165,87),(173,60),(158,117),(128,152),(198,75),(99,201),(133,156),(167,132),(97,204),(133,93),(109,85),(145,163),(151,148),(97,179),(179,172),(78,199),(160,124),
88:(149,155),(108,162),(125,152),(174,60),(159,95),(159,124),(152,41),(107,173),(154,144),(212,85),(98,173),(219,189),(176,97),(211,89),(184,71),(152,140),(97,175),(155,103),(135,108),(126,153),(72,47),(135,109),(183,115),(177,102),(162,51),(159,86),(127,153),(111,85),(142,113),(104,156),(189,173),(171,80),(137,44),(165,88),(173,60),(159,117),(129,152),(198,75),(99,202),(133,156),(168,132),(98,204),(134,93),(108,85),(144,163),(151,147),(97,178),(178,172),(79,199),(160,124),
89:(149,156),(108,161),(125,152),(174,61),(159,96),(159,125),(151,41),(106,173),(154,145),(213,85),(99,173),(219,189),(175,97),(211,88),(184,71),(153,140),(97,174),(154,103),(136,108),(126,152),(72,47),(134,109),(183,116),(177,103),(163,51),(159,85),(126,153),(110,85),(143,113),(105,156),(188,173),(171,79),(136,44),(165,89),(173,60),(159,116),(129,151),(198,75),(99,203),(133,156),(168,131),(98,205),(135,93),(107,85),(143,163),(151,146),(97,177),(177,172),(80,199),(160,124),
90:(149,157),(109,161),(126,152),(173,61),(159,97),(159,126),(151,40),(105,173),(153,145),(214,85),(100,173),(219,189),(174,97),(211,87),(184,71),(154,140),(97,173),(153,103),(137,108),(127,152),(72,47),(134,108),(183,117),(176,103),(164,51),(160,85),(125,153),(109,85),(144,113),(106,156),(187,173),(172,79),(135,44),(165,90),(173,60),(159,115),(130,151),(198,75),(99,204),(133,156),(168,130),(98,206),(136,93),(106,85),(142,163),(152,146),(97,176),(177,171),(80,200),(160,124),
91:(149,158),(109,160),(127,152),(172,61),(159,98),(159,127),(150,40),(104,173),(152,145),(214,86),(101,173),(219,189),(174,98),(211,86),(184,71),(154,139),(98,173),(152,103),(138,108),(128,152),(72,47),(134,108),(183,118),(176,104),(165,51),(160,84),(124,153),(108,85),(145,113),(107,156),(186,173),(172,78),(134,44),(165,91),(173,60),(159,114),(131,151),(198,75),(99,205),(133,156),(169,130),(99,206),(137,93),(105,85),(141,163),(153,146),(98,176),(176,171),(80,201),(160,124),
92:(149,159),(110,160),(128,152),(172,62),(159,99),(159,128),(149,40),(103,173),(152,146),(215,86),(102,173),(219,189),(174,99),(210,86),(184,71),(155,139),(99,173),(151,103),(139,108),(128,151),(72,47),(134,108),(183,119),(175,104),(165,52),(160,83),(123,153),(107,85),(146,113),(108,156),(185,173),(172,77),(133,44),(165,92),(173,60),(159,113),(131,150),(198,75),(99,206),(133,156),(169,129),(99,207),(138,93),(104,85),(141,164),(153,145),(98,175),(176,170),(80,202),(160,124),
93:(148,159),(110,159),(129,152),(172,63),(159,100),(159,129),(149,39),(102,173),(152,147),(215,87),(102,174),(219,189),(174,100),(209,86),(184,71),(156,139),(100,173),(150,103),(140,108),(129,151),(72,47),(134,108),(183,120),(174,104),(165,53),(160,82),(122,153),(106,85),(147,113),(109,156),(184,173),(172,76),(132,44),(165,93),(173,60),(159,112),(131,149),(198,75),(99,207),(133,156),(169,128),(99,208),(139,93),(103,85),(140,164),(153,144),(98,174),(176,169),(80,203),(160,124),
94:(147,159),(110,158),(130,152),(172,64),(159,101),(159,130),(149,38),(101,173),(151,147),(215,88),(103,174),(219,189),(173,100),(208,86),(184,71),(156,138),(100,172),(149,103),(140,109),(130,151),(72,47),(134,108),(183,121),(174,105),(165,54),(161,82),(121,153),(105,85),(148,113),(110,156),(183,173),(173,76),(131,44),(165,94),(173,60),(159,111),(132,149),(198,75),(99,208),(133,156),(170,128),(100,208),(140,93),(102,85),(139,164),(154,144),(98,173),(176,168),(80,204),(160,124),
95:(146,159),(110,157),(131,152),(172,65),(159,102),(159,131),(149,37),(100,173),(151,148),(216,88),(104,174),(219,189),(172,100),(207,86),(184,71),(157,138),(100,171),(148,103),(141,109),(131,151),(72,47),(134,108),(183,122),(174,106),(165,55),(162,82),(120,153),(104,85),(149,113),(111,156),(182,173),(173,75),(130,44),(165,95),(173,60),(159,110),(133,149),(198,75),(99,209),(133,156),(171,128),(100,209),(141,93),(101,85),(139,165),(155,144),(99,173),(176,167),(81,204),(160,124),
96:(146,160),(110,156),(132,152),(172,66),(159,103),(159,132),(149,36),(100,174),(151,149),(217,88),(105,174),(219,189),(172,101),(206,86),(184,71),(158,138),(100,170),(147,103),(141,110),(132,151),(72,47),(134,108),(183,123),(174,107),(165,56),(163,82),(119,153),(103,85),(149,114),(112,156),(181,173),(173,74),(129,44),(165,96),(173,60),(159,110),(134,149),(198,75),(99,210),(133,156),(171,127),(101,209),(142,93),(100,85),(138,165),(156,144),(99,172),(175,167),(81,205),(160,124),
97:(146,161),(111,156),(133,152),(172,67),(159,104),(159,133),(148,36),(99,174),(151,150),(218,88),(106,174),(219,189),(171,101),(205,86),(184,71),(158,137),(100,169),(146,103),(141,111),(133,151),(72,47),(134,108),(183,124),(173,107),(165,57),(163,81),(118,153),(102,85),(150,114),(113,156),(180,173),(174,74),(128,44),(165,97),(173,60),(159,110),(135,149),(198,75),(100,210),(133,156),(172,127),(101,210),(143,93),(99,85),(138,166),(157,144),(99,171),(174,167),(82,205),(160,124),
98:(145,161),(111,155),(134,152),(171,67),(159,105),(159,134),(147,36),(98,174),(151,151),(218,89),(106,175),(219,189),(170,101),(204,86),(184,71),(159,137),(101,169),(145,103),(141,112),(134,151),(72,47),(134,108),(183,125),(172,107),(165,58),(163,80),(117,153),(101,85),(151,114),(114,156),(179,173),(174,73),(127,44),(165,98),(173,60),(159,110),(136,149),(198,75),(100,211),(133,156),(173,127),(101,211),(144,93),(98,85),(137,166),(157,143),(99,170),(173,167),(83,205),(160,124),
99:(145,162),(111,154),(135,152),(171,68),(159,106),(159,135),(147,35),(97,174),(151,152),(219,89),(107,175),(219,189),(169,101),(203,86),(184,71),(160,137),(101,168),(144,103),(142,112),(134,150),(72,47),(134,108),(183,126),(171,107),(165,59),(164,80),(116,153),(100,85),(151,115),(115,156),(178,173),(175,73),(126,44),(165,99),(173,60),(159,110),(137,149),(198,75),(100,212),(133,156),(173,126),(102,211),(145,93),(97,85),(136,166),(158,143),(100,170),(173,166),(83,206),(160,124),
100:(144,162),(112,154),(135,151),(170,68),(159,107),(159,136),(146,35),(96,174),(150,152),(219,90),(108,175),(219,189),(168,101),(202,86),(184,71),(160,136),(101,167),(143,103),(142,113),(134,149),(72,47),(134,108),(184,126),(170,107),(165,60),(165,80),(115,153),(99,85),(151,116),(116,156),(177,173),(176,73),(125,44),(165,100),(173,60),(159,110),(138,149),(198,75),(101,212),(133,156),(173,125),(103,211),(145,92),(96,85),(136,167),(158,142),(100,169),(173,165),(83,207),(160,124),
101:(143,162),(113,154),(135,150),(170,69),(159,108),(159,137),(145,35),(95,174),(150,153),(219,91),(109,175),(219,189),(168,102),(201,86),(184,71),(161,136),(102,167),(142,103),(143,113),(135,149),(72,47),(134,108),(184,127),(169,107),(165,61),(165,79),(114,153),(98,85),(151,117),(117,156),(176,173),(177,73),(124,44),(165,101),(173,60),(159,110),(138,148),(198,75),(102,212),(133,156),(173,124),(103,212),(146,92),(95,85),(136,168),(159,142),(101,169),(172,165),(84,207),(160,124),
102:(142,162),(114,154),(136,150),(170,70),(159,109),(158,137),(144,35),(95,175),(149,153),(219,92),(110,175),(219,189),(167,102),(200,86),(184,71),(162,136),(103,167),(141,103),(144,113),(136,149),(72,47),(134,108),(184,128),(169,108),(165,62),(166,79),(113,153),(97,85),(151,118),(118,156),(175,173),(178,73),(123,44),(165,102),(173,60),(159,110),(139,148),(198,75),(102,213),(133,156),(174,124),(104,212),(147,92),(94,85),(136,169),(159,141),(101,168),(171,165),(84,208),(160,124),
103:(142,163),(114,153),(137,150),(169,70),(159,110),(158,138),(143,35),(95,176),(149,154),(220,92),(111,175),(219,189),(167,103),(199,86),(184,71),(162,135),(103,166),(140,103),(145,113),(137,149),(72,47),(134,108),(185,128),(168,108),(165,63),(167,79),(112,153),(96,85),(152,118),(119,156),(174,173),(179,73),(122,44),(165,103),(173,60),(160,110),(140,148),(198,75),(102,214),(133,156),(174,123),(104,213),(148,92),(93,85),(136,170),(159,140),(101,167),(170,165),(85,208),(160,124),
104:(142,164),(115,153),(138,150),(168,70),(159,111),(157,138),(142,35),(94,176),(149,155),(221,92),(112,175),(219,189),(166,103),(198,86),(184,71),(163,135),(104,166),(139,103),(146,113),(138,149),(72,47),(134,108),(185,129),(167,108),(165,64),(167,78),(111,153),(95,85),(153,118),(120,156),(173,173),(180,73),(121,44),(165,104),(173,60),(159,110),(141,148),(198,75),(103,214),(133,156),(175,123),(105,213),(149,92),(93,84),(135,170),(159,139),(102,167),(169,165),(85,209),(160,124),
105:(141,164),(116,153),(139,150),(167,70),(159,112),(156,138),(141,35),(94,177),(149,156),(221,93),(113,175),(219,189),(166,104),(197,86),(184,71),(163,134),(104,165),(138,103),(147,113),(139,149),(72,47),(134,108),(185,130),(167,109),(165,65),(167,77),(110,153),(95,84),(154,118),(121,156),(172,173),(181,73),(120,44),(165,105),(173,60),(159,110),(142,148),(198,75),(103,215),(133,156),(175,122),(105,214),(150,92),(93,83),(135,171),(159,138),(102,166),(168,165),(86,209),(160,124),
106:(141,165),(116,152),(140,150),(166,70),(159,113),(156,139),(140,35),(93,177),(148,156),(222,93),(114,175),(219,189),(165,104),(196,86),(184,71),(164,134),(105,165),(137,103),(148,113),(140,149),(72,47),(134,108),(185,131),(166,109),(165,66),(168,77),(109,153),(94,84),(155,118),(122,156),(171,173),(182,73),(119,44),(165,106),(173,60),(159,110),(143,148),(198,75),(104,215),(133,156),(175,121),(106,214),(151,92),(93,82),(134,171),(159,137),(102,165),(167,165),(87,209),(160,124),
107:(140,165),(117,152),(141,150),(165,70),(159,114),(156,140),(139,35),(92,177),(147,156),(223,93),(115,175),(219,189),(165,105),(195,86),(184,71),(164,133),(105,164),(136,103),(149,113),(141,149),(72,47),(134,108),(185,132),(166,110),(165,67),(169,77),(109,152),(93,84),(156,118),(123,156),(170,173),(183,73),(118,44),(165,107),(173,60),(159,110),(144,148),(198,75),(104,216),(133,156),(176,121),(107,214),(151,91),(92,82),(134,172),(159,136),(103,165),(166,165),(87,210),(160,124),
108:(139,165),(118,152),(142,150),(165,71),(159,115),(156,141),(138,35),(91,177),(147,157),(224,93),(116,175),(219,189),(165,106),(194,86),(184,71),(165,133),(105,163),(135,103),(149,114),(142,149),(72,47),(134,108),(185,133),(165,110),(165,68),(170,77),(108,152),(92,84),(157,118),(124,156),(169,173),(184,73),(117,44),(165,108),(173,60),(159,110),(145,148),(198,75),(105,216),(133,156),(177,121),(108,214),(152,91),(91,82),(133,172),(159,135),(103,164),(166,164),(87,211),(160,124),
109:(139,166),(119,152),(143,150),(165,72),(159,116),(155,141),(137,35),(90,177),(146,157),(224,94),(117,175),(219,189),(164,106),(193,86),(184,71),(165,132),(105,162),(134,103),(149,115),(143,149),(72,47),(134,108),(185,134),(165,111),(165,69),(171,77),(108,151),(91,84),(158,118),(124,156),(168,173),(185,73),(116,44),(165,109),(173,60),(159,110),(146,148),(198,75),(105,217),(133,156),(177,120),(109,214),(152,90),(90,82),(132,172),(159,134),(104,164),(166,163),(87,212),(160,124),
110:(138,166),(120,152),(144,150),(165,73),(159,117),(154,141),(136,35),(89,177),(145,157),(225,94),(118,175),(219,189),(164,107),(192,86),(184,71),(165,131),(106,162),(133,103),(150,115),(144,149),(72,47),(134,108),(185,135),(165,112),(164,69),(171,76),(107,151),(90,84),(159,118),(124,156),(167,173),(186,73),(115,44),(165,110),(173,60),(159,110),(147,148),(198,75),(105,218),(133,156),(177,119),(110,214),(153,90),(89,82),(132,173),(159,133),(104,163),(166,162),(88,212),(160,124),
111:(137,166),(121,152),(145,150),(165,74),(159,118),(154,142),(135,35),(88,177),(144,157),(226,94),(119,175),(219,189),(163,107),(191,86),(184,71),(165,130),(106,161),(132,103),(150,116),(144,148),(72,47),(134,108),(185,136),(164,112),(164,70),(172,76),(106,151),(89,84),(159,119),(124,156),(166,173),(187,73),(114,44),(165,111),(173,60),(159,110),(147,147),(198,75),(105,218),(133,156),(177,118),(111,214),(154,90),(88,82),(131,173),(159,132),(104,162),(166,161),(89,212),(160,124),
112:(136,166),(122,152),(145,149),(165,75),(159,119),(154,143),(134,35),(87,177),(143,157),(226,95),(120,175),(219,189),(162,107),(191,87),(184,71),(165,129),(106,160),(131,103),(151,116),(145,148),(72,47),(134,108),(185,137),(164,113),(164,71),(173,76),(106,150),(88,84),(160,119),(124,156),(165,173),(188,73),(113,44),(165,112),(173,60),(159,110),(147,146),(198,75),(105,218),(133,156),(178,118),(112,214),(155,90),(88,81),(130,173),(159,131),(105,162),(166,160),(89,213),(160,124),
113:(135,166),(123,152),(146,149),(165,76),(159,120),(154,144),(133,35),(87,177),(142,157),(227,95),(121,175),(219,189),(162,108),(190,87),(184,71),(165,128),(107,160),(130,103),(151,117),(146,148),(72,47),(134,108),(185,138),(163,113),(163,71),(174,76),(106,149),(87,84),(160,118),(124,156),(164,173),(189,73),(112,44),(165,113),(173,60),(159,110),(147,145),(198,75),(105,218),(133,156),(178,117),(113,214),(156,90),(87,81),(129,173),(159,130),(106,162),(166,159),(89,214),(160,124),
114:(135,167),(124,152),(147,149),(165,77),(159,121),(153,144),(132,35),(87,177),(141,157),(228,95),(122,175),(219,189),(161,108),(189,87),(184,71),(165,127),(107,159),(129,103),(152,117),(147,148),(72,47),(134,108),(186,138),(162,113),(162,71),(175,76),(106,148),(87,84),(159,118),(124,156),(163,173),(190,73),(111,44),(165,114),(173,60),(159,110),(148,145),(198,75),(105,218),(133,156),(178,116),(114,214),(157,90),(87,80),(128,173),(159,129),(107,162),(165,159),(89,215),(160,124),
115:(134,167),(125,152),(148,149),(165,78),(159,122),(152,144),(132,34),(87,177),(141,158),(228,96),(123,175),(219,189),(161,109),(189,88),(184,71),(165,126),(108,159),(128,103),(153,117),(148,148),(72,47),(134,108),(186,139),(161,113),(161,71),(175,75),(105,148),(87,84),(159,118),(124,156),(162,173),(191,73),(110,44),(165,115),(173,60),(159,110),(149,145),(198,75),(105,218),(133,156),(178,115),(115,214),(158,90),(86,80),(127,173),(159,128),(107,161),(165,158),(89,216),(160,124),
116:(133,167),(126,152),(149,149),(165,79),(159,123),(151,144),(131,34),(87,177),(140,158),(229,96),(124,175),(219,189),(160,109),(188,88),(184,71),(165,125),(109,159),(128,103),(153,118),(149,148),(72,47),(134,108),(186,140),(160,113),(161,72),(175,74),(105,147),(87,84),(159,118),(124,156),(161,173),(192,73),(109,44),(165,116),(173,60),(159,110),(150,145),(198,75),(105,218),(133,156),(179,115),(116,214),(158,89),(85,80),(126,173),(158,128),(107,160),(165,157),(89,217),(160,124),
117:(132,167),(127,152),(150,149),(165,80),(159,124),(151,145),(130,34),(87,177),(139,158),(230,96),(125,175),(219,189),(160,110),(187,88),(184,71),(165,124),(109,158),(128,103),(153,119),(150,148),(72,47),(134,108),(186,141),(159,113),(161,73),(175,73),(105,146),(87,84),(159,118),(124,156),(160,173),(193,73),(108,44),(165,117),(173,60),(159,110),(150,144),(198,75),(105,218),(133,156),(179,114),(117,214),(158,88),(84,80),(125,173),(157,128),(108,160),(164,157),(89,218),(160,124),
118:(131,167),(128,152),(151,149),(165,81),(159,125),(151,146),(130,33),(87,177),(138,158),(230,97),(126,175),(219,189),(160,111),(186,88),(184,71),(165,123),(110,158),(128,103),(154,119),(150,147),(72,47),(134,108),(186,142),(159,114),(161,74),(175,72),(105,145),(87,84),(159,118),(124,156),(159,173),(194,73),(107,44),(165,118),(173,60),(159,110),(151,144),(198,75),(105,218),(133,156),(179,113),(118,214),(158,87),(83,80),(124,173),(157,127),(109,160),(163,157),(90,218),(160,124),
119:(131,168),(129,152),(152,149),(164,81),(159,126),(150,146),(129,33),(87,177),(137,158),(231,97),(127,175),(219,189),(159,111),(185,88),(184,71),(165,122),(111,158),(128,103),(155,119),(151,147),(72,47),(134,108),(187,142),(159,115),(161,75),(176,72),(104,145),(87,84),(159,118),(124,156),(158,173),(195,73),(106,44),(165,119),(173,60),(159,110),(151,143),(198,75),(105,218),(133,156),(179,112),(119,214),(159,87),(83,79),(123,173),(157,126),(110,160),(162,157),(90,219),(160,124),
120:(130,168),(129,151),(153,149),(164,82),(159,127),(149,146),(128,33),(87,177),(136,158),(231,98),(128,175),(219,189),(159,112),(185,89),(184,71),(165,121),(111,157),(128,103),(156,119),(152,147),(72,47),(134,108),(187,143),(159,116),(161,76),(177,72),(103,145),(87,84),(159,118),(124,156),(157,173),(196,73),(105,44),(165,120),(173,60),(159,110),(151,142),(198,75),(105,218),(133,156),(179,111),(120,214),(160,87),(83,78),(122,173),(157,125),(111,160),(162,156),(91,219),(160,124),
121:(130,169),(129,150),(153,148),(164,83),(159,128),(149,147),(127,33),(87,177),(135,158),(232,98),(129,175),(219,189),(159,113),(185,90),(184,71),(165,120),(111,156),(128,103),(157,119),(153,147),(72,47),(134,108),(187,144),(159,117),(161,77),(178,72),(103,144),(87,84),(159,118),(124,156),(156,173),(197,73),(104,44),(165,119),(173,60),(159,110),(151,141),(198,75),(105,218),(133,156),(179,110),(121,214),(161,87),(82,78),(121,173),(157,124),(111,159),(161,156),(91,220),(160,124),
122:(130,170),(130,150),(154,148),(164,84),(159,129),(149,148),(126,33),(87,177),(134,158),(233,98),(130,175),(219,189),(159,114),(185,91),(184,71),(165,119),(112,156),(128,103),(158,119),(153,146),(72,47),(134,108),(187,145),(159,118),(161,78),(179,72),(102,144),(87,84),(160,118),(124,156),(155,173),(198,73),(103,44),(165,118),(173,60),(159,110),(152,141),(198,75),(105,218),(133,156),(179,109),(122,214),(162,87),(81,78),(120,173),(156,124),(111,158),(161,155),(92,220),(160,124),
123:(130,171),(130,149),(155,148),(163,84),(159,130),(148,148),(125,33),(87,177),(133,158),(234,98),(131,175),(219,189),(159,115),(184,91),(184,71),(165,118),(113,156),(128,103),(158,120),(154,146),(72,47),(134,108),(187,146),(159,119),(161,79),(180,72),(101,144),(87,84),(159,118),(124,156),(154,173),(199,73),(102,44),(164,118),(173,60),(159,110),(153,141),(198,75),(105,218),(133,156),(179,108),(123,214),(162,86),(81,77),(119,173),(156,123),(112,158),(161,154),(93,220),(160,124),
124:(130,172),(131,149),(155,147),(163,85),(159,131),(147,148),(124,33),(87,177),(132,158),(235,98),(131,176),(219,189),(159,116),(184,92),(184,71),(165,117),(114,156),(128,103),(158,121),(154,145),(72,47),(134,108),(187,147),(159,120),(161,80),(181,72),(101,143),(87,84),(159,118),(124,156),(153,173),(200,73),(101,44),(164,119),(173,60),(159,110),(153,140),(198,75),(105,218),(133,156),(179,107),(124,214),(162,85),(80,77),(118,173),(156,122),(112,157),(160,154),(93,221),(160,124),
125:(130,173),(132,149),(156,147),(163,86),(159,132),(146,148),(123,33),(87,177),(131,158),(236,98),(132,176),(219,189),(159,117),(183,92),(184,71),(165,116),(114,155),(128,103),(158,122),(155,145),(72,47),(134,108),(187,148),(159,121),(161,81),(182,72),(101,142),(87,84),(159,118),(124,156),(152,173),(201,73),(100,44),(165,119),(173,60),(159,110),(154,140),(198,75),(105,218),(133,156),(179,106),(125,214),(162,84),(79,77),(117,173),(155,122),(112,156),(159,154),(94,221),(160,124),
126:(129,173),(133,149),(157,147),(162,86),(159,133),(146,149),(122,33),(87,177),(130,158),(237,98),(132,177),(219,189),(159,118),(183,93),(184,71),(165,115),(114,154),(128,103),(158,123),(155,144),(72,47),(134,108),(187,149),(159,122),(161,82),(183,72),(101,141),(87,84),(160,118),(124,156),(151,173),(202,73),(99,44),(165,120),(173,60),(159,110),(155,140),(198,75),(105,218),(133,156),(179,105),(126,214),(163,84),(79,76),(116,173),(155,121),(112,155),(159,153),(94,222),(160,124),
127:(128,173),(134,149),(158,147),(161,86),(159,134),(145,149),(121,33),(87,177),(129,158),(238,98),(133,177),(219,189),(159,119),(182,93),(184,71),(165,114),(114,153),(128,103),(158,124),(155,143),(72,47),(134,108),(187,150),(159,123),(161,83),(184,72),(100,141),(87,84),(159,118),(124,156),(150,173),(203,73),(98,44),(165,121),(173,60),(159,110),(155,139),(198,75),(105,218),(133,156),(180,105),(127,214),(163,83),(79,75),(115,173),(155,120),(113,155),(159,152),(95,222),(160,124),
128:(127,173),(135,149),(158,146),(161,87),(159,135),(144,149),(120,33),(87,177),(128,158),(239,98),(134,177),(219,189),(159,120),(181,93),(184,71),(165,113),(115,153),(128,103),(158,125),(155,142),(72,47),(134,108),(187,151),(159,124),(160,83),(185,72),(99,141),(87,84),(159,118),(124,156),(149,173),(204,73),(97,44),(165,122),(173,60),(159,110),(156,139),(198,75),(105,218),(133,156),(180,104),(128,214),(164,83),(78,75),(114,173),(155,119),(114,155),(159,151),(95,223),(160,124),
129:(126,173),(136,149),(159,146),(161,88),(159,136),(143,149),(119,33),(87,177),(127,158),(240,98),(135,177),(219,189),(159,121),(181,94),(184,71),(165,112),(116,153),(128,103),(158,126),(156,142),(72,47),(134,108),(187,152),(159,125),(160,84),(185,72),(99,140),(87,84),(159,118),(124,156),(148,173),(205,73),(97,44),(165,123),(173,60),(159,110),(156,138),(198,75),(105,218),(133,156),(181,104),(129,214),(165,83),(77,75),(113,173),(155,118),(115,155),(159,150),(96,223),(160,124),
130:(125,173),(137,149),(159,145),(161,89),(159,137),(143,150),(118,33),(87,177),(126,158),(240,98),(136,177),(219,189),(159,122),(181,95),(184,71),(165,111),(116,152),(128,103),(158,127),(156,141),(72,47),(134,108),(188,152),(159,126),(160,85),(185,72),(98,140),(87,84),(159,118),(124,156),(147,173),(206,73),(97,44),(165,124),(173,60),(159,110),(157,138),(198,75),(105,218),(133,156),(181,103),(130,214),(165,82),(76,75),(112,173),(154,118),(116,155),(159,149),(97,223),(160,124),
131:(124,173),(138,149),(159,144),(161,90),(159,138),(142,150),(117,33),(87,177),(125,158),(240,98),(137,177),(219,189),(159,123),(180,95),(184,71),(165,110),(117,152),(128,103),(158,128),(156,140),(72,47),(134,108),(188,153),(159,127),(159,85),(185,72),(98,139),(87,84),(159,118),(124,156),(146,173),(207,73),(97,44),(165,125),(173,60),(159,110),(158,138),(198,75),(105,218),(133,156),(181,102),(131,214),(166,82),(76,74),(111,173),(153,118),(116,154),(159,148),(98,223),(160,124),
132:(123,173),(139,149),(159,143),(161,91),(159,139),(141,150),(116,33),(87,177),(124,158),(240,98),(138,177),(219,189),(159,124),(179,95),(184,71),(165,109),(118,152),(128,103),(158,129),(156,139),(72,47),(134,108),(189,153),(159,128),(159,86),(185,72),(97,139),(87,84),(159,118),(124,156),(145,173),(208,73),(97,44),(165,126),(173,60),(159,110),(158,137),(198,75),(105,218),(133,156),(182,102),(132,214),(167,82),(75,74),(110,173),(152,118),(117,154),(159,147),(99,223),(160,124),
133:(122,173),(140,149),(159,142),(160,91),(159,140),(141,151),(115,33),(87,177),(123,158),(240,98),(139,177),(219,189),(159,125),(179,96),(184,71),(165,108),(119,152),(128,103),(158,130),(156,138),(72,47),(134,108),(189,154),(159,129),(159,87),(185,72),(96,139),(87,84),(159,118),(124,156),(144,173),(209,73),(97,44),(165,127),(173,60),(159,110),(159,137),(198,75),(105,218),(133,156),(182,101),(133,214),(167,81),(74,74),(109,173),(151,118),(118,154),(159,146),(100,223),(160,124),
134:(121,173),(141,149),(159,141),(160,92),(158,140),(141,152),(114,33),(87,177),(122,158),(240,98),(140,177),(219,189),(159,126),(179,97),(184,71),(165,107),(120,152),(128,103),(158,131),(157,138),(72,47),(134,108),(190,154),(159,130),(159,88),(185,72),(95,139),(87,84),(159,118),(124,156),(143,173),(210,73),(97,44),(165,128),(173,60),(159,110),(159,136),(198,75),(105,218),(133,156),(182,100),(134,214),(167,80),(73,74),(108,173),(151,117),(118,153),(159,145),(100,224),(160,124),
135:(120,173),(142,149),(159,140),(160,93),(157,140),(141,153),(113,33),(87,177),(121,158),(240,98),(141,177),(219,189),(159,127),(179,98),(184,71),(165,106),(121,152),(128,103),(158,132),(158,138),(72,47),(134,108),(191,154),(159,131),(159,89),(185,72),(94,139),(87,84),(159,118),(124,156),(142,173),(211,73),(97,44),(165,129),(173,60),(159,110),(159,135),(198,75),(105,218),(133,156),(182,99),(135,214),(168,80),(73,73),(107,173),(151,116),(118,152),(159,144),(101,224),(160,124),
136:(119,173),(142,148),(159,139),(159,93),(156,140),(140,153),(112,33),(87,177),(120,158),(240,98),(142,177),(219,189),(159,128),(179,99),(184,71),(165,105),(122,152),(128,103),(159,132),(159,138),(72,47),(134,108),(191,155),(159,131),(159,90),(185,72),(93,139),(87,84),(159,118),(124,156),(141,173),(212,73),(97,44),(165,130),(173,60),(159,110),(159,134),(198,75),(105,218),(133,156),(183,99),(136,214),(169,80),(72,73),(106,173),(150,116),(119,152),(159,143),(102,224),(160,124),
137:(118,173),(143,148),(159,138),(158,93),(155,140),(139,153),(111,33),(87,177),(119,158),(240,98),(143,177),(219,189),(159,129),(179,100),(184,71),(165,104),(123,152),(128,103),(159,133),(160,138),(72,47),(134,108),(192,155),(159,132),(159,91),(185,72),(92,139),(87,84),(159,118),(124,156),(140,173),(213,73),(97,44),(165,131),(173,60),(159,110),(160,134),(198,75),(105,218),(133,156),(183,98),(136,213),(170,80),(71,73),(105,173),(150,115),(120,152),(159,142),(102,225),(160,124),
138:(117,173),(144,148),(159,137),(157,93),(155,141),(138,153),(110,33),(87,177),(118,158),(240,98),(144,177),(219,189),(159,130),(179,101),(184,71),(165,103),(124,152),(128,103),(159,134),(160,137),(72,47),(134,108),(192,156),(159,133),(159,92),(185,72),(91,139),(87,84),(159,118),(124,156),(139,173),(214,73),(97,44),(165,132),(173,60),(159,110),(161,134),(198,75),(105,218),(133,156),(184,98),(136,212),(171,80),(71,72),(104,173),(149,115),(121,152),(159,141),(103,225),(160,124),
139:(116,173),(145,148),(159,136),(156,93),(154,141),(137,153),(109,33),(87,177),(117,158),(240,98),(145,177),(219,189),(159,131),(179,102),(184,71),(165,102),(125,152),(128,103),(159,135),(160,136),(72,47),(134,108),(192,157),(159,134),(159,93),(185,72),(90,139),(87,84),(159,118),(124,156),(138,173),(215,73),(97,44),(165,133),(173,60),(159,110),(161,133),(198,75),(105,218),(133,156),(185,98),(137,212),(172,80),(70,72),(103,173),(148,115),(122,152),(159,140),(104,225),(160,124),
140:(115,173),(146,148),(159,137),(155,93),(153,141),(136,153),(108,33),(87,177),(116,158),(240,98),(146,177),(219,189),(159,132),(179,103),(184,71),(165,101),(126,152),(128,103),(159,136),(160,135),(72,47),(134,108),(192,158),(159,135),(159,94),(185,72),(89,139),(87,84),(159,118),(124,156),(137,173),(216,73),(97,44),(165,134),(173,60),(159,110),(162,133),(198,75),(105,218),(133,156),(185,97),(138,212),(172,79),(70,71),(102,173),(148,114),(123,152),(159,139),(104,226),(160,124),
141:(114,173),(147,148),(158,137),(154,93),(152,141),(135,153),(107,33),(87,177),(115,158),(240,98),(147,177),(219,189),(159,133),(179,104),(184,71),(165,100),(127,152),(128,103),(159,137),(161,135),(72,47),(134,108),(193,158),(159,136),(159,95),(185,72),(88,139),(87,84),(159,118),(124,156),(136,173),(217,73),(97,44),(165,135),(173,60),(159,110),(163,133),(198,75),(105,218),(133,156),(185,96),(139,212),(172,78),(70,70),(101,173),(148,113),(124,152),(159,138),(105,226),(160,124),
142:(113,173),(148,148),(159,137),(153,93),(151,141),(134,153),(106,33),(87,177),(114,158),(240,98),(148,177),(219,189),(159,134),(179,105),(184,71),(165,99),(128,152),(128,103),(159,138),(162,135),(72,47),(134,108),(194,158),(159,136),(159,96),(185,72),(87,139),(87,84),(159,118),(124,156),(135,173),(218,73),(97,44),(165,136),(173,60),(159,110),(163,132),(198,75),(105,218),(133,156),(185,95),(140,212),(172,77),(70,69),(100,173),(147,113),(125,152),(158,138),(105,227),(160,124),
143:(112,173),(149,148),(159,136),(152,93),(150,141),(133,153),(105,33),(87,177),(113,158),(240,98),(149,177),(219,189),(159,135),(179,106),(184,71),(165,98),(128,151),(128,103),(159,139),(163,135),(72,47),(134,108),(195,158),(160,136),(159,97),(185,72),(86,139),(87,84),(159,118),(124,156),(134,173),(219,73),(97,44),(165,137),(173,60),(159,110),(164,132),(198,75),(105,218),(133,156),(185,94),(141,212),(173,77),(70,68),(99,173),(147,112),(126,152),(158,137),(106,227),(160,124),
144:(111,173),(149,147),(159,135),(151,93),(150,142),(132,153),(104,33),(87,177),(112,158),(240,98),(150,177),(219,189),(159,134),(179,107),(184,71),(165,97),(129,151),(128,103),(158,139),(163,134),(72,47),(134,108),(196,158),(160,137),(159,98),(185,72),(85,139),(87,84),(159,118),(124,156),(133,173),(220,73),(97,44),(165,138),(173,60),(159,110),(164,131),(198,75),(105,218),(133,156),(185,93),(141,211),(173,76),(70,67),(98,173),(146,112),(127,152),(159,137),(107,227),(160,124),
145:(110,173),(149,146),(159,134),(150,93),(150,143),(131,153),(103,33),(87,177),(111,158),(240,98),(151,177),(219,189),(159,133),(179,108),(184,71),(165,96),(129,150),(128,103),(158,140),(163,133),(72,47),(134,108),(197,158),(160,138),(159,99),(185,72),(84,139),(87,84),(159,118),(124,156),(132,173),(221,73),(97,44),(165,139),(173,60),(159,110),(164,130),(198,75),(105,218),(133,156),(185,92),(142,211),(174,76),(70,66),(97,173),(146,111),(128,152),(159,136),(108,227),(160,124),
146:(109,173),(150,146),(159,133),(149,93),(149,143),(130,153),(102,33),(87,177),(110,158),(240,98),(152,177),(219,189),(159,132),(180,108),(184,71),(165,95),(130,150),(128,103),(158,141),(164,133),(72,47),(134,108),(197,159),(159,138),(159,100),(185,72),(83,139),(87,84),(159,118),(124,156),(131,173),(222,73),(97,44),(165,140),(173,60),(159,110),(164,129),(198,75),(105,218),(133,156),(186,92),(143,211),(175,76),(70,65),(96,173),(145,111),(128,151),(159,135),(109,227),(160,124),
147:(108,173),(151,146),(159,132),(148,93),(149,144),(129,153),(101,33),(87,177),(109,158),(240,98),(153,177),(219,189),(159,131),(180,109),(184,71),(165,94),(131,150),(128,103),(157,141),(164,132),(72,47),(134,108),(198,159),(159,139),(159,101),(185,72),(82,139),(87,84),(159,118),(124,156),(130,173),(223,73),(97,44),(165,141),(173,60),(159,110),(165,129),(198,75),(105,218),(133,156),(187,92),(144,211),(175,75),(69,65),(95,173),(145,110),(128,150),(159,134),(110,227),(160,124),
148:(107,173),(151,145),(158,132),(147,93),(148,144),(128,153),(100,33),(87,177),(108,158),(240,98),(154,177),(219,189),(159,132),(181,109),(184,71),(165,93),(132,150),(128,103),(157,142),(165,132),(72,47),(134,108),(198,160),(158,139),(159,102),(185,72),(81,139),(87,84),(159,118),(124,156),(129,173),(224,73),(97,44),(165,142),(173,60),(159,110),(166,129),(198,75),(105,218),(133,156),(187,91),(145,211),(176,75),(68,65),(94,173),(144,110),(129,150),(159,133),(111,227),(160,124),
149:(106,173),(151,144),(158,131),(146,93),(148,145),(127,153),(99,33),(87,177),(107,158),(240,98),(155,177),(219,189),(159,133),(182,109),(184,71),(165,92),(133,150),(128,103),(156,142),(165,131),(72,47),(134,108),(198,161),(157,139),(159,103),(185,72),(80,139),(87,84),(159,118),(124,156),(128,173),(225,73),(97,44),(165,143),(173,60),(159,110),(167,129),(198,75),(105,218),(133,156),(187,90),(146,211),(177,75),(67,65),(93,173),(143,110),(129,149),(159,134),(112,227),(160,124),
150:(105,173),(151,143),(158,130),(145,93),(148,146),(126,153),(98,33),(87,177),(106,158),(240,98),(156,177),(219,189),(159,134),(182,110),(184,71),(165,91),(133,149),(128,103),(156,143),(165,130),(72,47),(134,108),(198,162),(157,140),(159,104),(185,72),(79,139),(87,84),(159,118),(124,156),(127,173),(226,73),(97,44),(165,144),(173,60),(159,110),(168,129),(198,75),(105,218),(133,156),(187,89),(147,211),(177,74),(66,65),(92,173),(143,109),(130,149),(159,135),(113,227),(160,124),
151:(104,173),(151,142),(158,129),(144,93),(147,146),(125,153),(97,33),(87,177),(105,158),(240,98),(157,177),(219,189),(159,135),(183,110),(184,71),(165,90),(134,149),(128,103),(155,143),(165,129),(72,47),(134,108),(199,162),(157,141),(159,105),(185,72),(78,139),(87,84),(159,118),(124,156),(126,173),(227,73),(97,44),(165,145),(173,60),(159,110),(169,129),(198,75),(105,218),(133,156),(188,89),(148,211),(178,74),(66,64),(91,173),(142,109),(131,149),(159,136),(114,227),(160,124),
152:(103,173),(152,142),(157,129),(143,93),(147,147),(124,153),(96,33),(87,177),(104,158),(240,98),(158,177),(219,189),(159,136),(183,111),(184,71),(165,89),(135,149),(128,103),(154,143),(165,128),(72,47),(134,108),(200,162),(157,142),(159,106),(185,72),(77,139),(87,84),(159,118),(124,156),(125,173),(228,73),(97,44),(165,146),(173,60),(159,110),(169,128),(198,75),(105,218),(133,156),(189,89),(149,211),(179,74),(65,64),(90,173),(142,108),(132,149),(159,137),(115,227),(160,124),
153:(102,173),(152,141),(157,128),(142,93),(147,148),(123,153),(95,33),(87,177),(103,158),(240,98),(159,177),(219,189),(159,137),(183,112),(184,71),(165,88),(136,149),(128,103),(154,144),(165,127),(72,47),(134,108),(200,163),(157,143),(159,107),(185,72),(76,139),(87,84),(159,118),(124,156),(124,173),(229,73),(97,44),(165,147),(173,60),(159,110),(169,127),(198,75),(105,218),(133,156),(190,89),(150,211),(179,73),(65,63),(89,173),(141,108),(133,149),(158,137),(116,227),(160,124),
154:(101,173),(153,141),(157,127),(141,93),(146,148),(122,153),(94,33),(87,177),(102,158),(240,98),(160,177),(219,189),(159,138),(183,113),(184,71),(165,87),(137,149),(128,103),(154,145),(165,126),(72,47),(134,108),(200,164),(157,144),(159,108),(185,72),(75,139),(87,84),(159,118),(124,156),(123,173),(230,73),(97,44),(165,148),(173,60),(159,110),(170,127),(198,75),(105,218),(133,156),(190,88),(151,211),(180,73),(64,63),(88,173),(140,108),(134,149),(159,137),(117,227),(160,124),
155:(100,173),(154,141),(157,126),(141,92),(145,148),(121,153),(93,33),(87,177),(101,158),(240,98),(160,178),(219,189),(158,138),(183,114),(184,71),(165,86),(138,149),(128,103),(153,145),(165,125),(72,47),(134,108),(200,165),(157,145),(159,109),(185,72),(74,139),(87,84),(159,118),(124,156),(122,173),(230,73),(97,44),(165,148),(173,60),(159,110),(171,127),(198,75),(105,218),(133,156),(190,87),(152,211),(181,73),(63,63),(87,173),(139,108),(135,149),(159,136),(118,227),(160,124),
156:(99,173),(155,141),(157,125),(141,91),(145,149),(120,153),(92,33),(87,177),(100,158),(240,98),(161,178),(219,189),(158,139),(183,115),(184,71),(165,85),(139,149),(128,103),(153,146),(165,124),(72,47),(134,108),(200,166),(156,145),(159,110),(185,72),(73,139),(87,84),(159,118),(124,156),(121,173),(230,73),(97,44),(165,148),(173,60),(159,111),(172,127),(198,75),(105,218),(133,156),(190,86),(153,211),(182,73),(63,62),(86,173),(138,108),(136,149),(159,135),(119,227),(160,124),
157:(98,173),(156,141),(157,124),(140,91),(145,150),(119,153),(91,33),(87,177),(99,158),(240,98),(162,178),(219,189),(158,140),(183,116),(184,71),(165,84),(139,148),(128,103),(153,147),(165,123),(72,47),(134,108),(200,167),(155,145),(159,111),(185,72),(72,139),(87,84),(159,118),(124,156),(120,173),(230,73),(97,44),(165,148),(173,60),(159,112),(172,126),(198,75),(105,218),(133,156),(191,86),(153,211),(183,73),(63,61),(85,173),(137,108),(137,149),(159,134),(120,227),(160,124),
158:(97,173),(157,141),(156,124),(139,91),(144,150),(118,153),(90,33),(87,177),(98,158),(240,98),(163,178),(219,189),(158,141),(183,117),(184,71),(165,83),(140,148),(128,103),(152,147),(165,122),(72,47),(134,108),(200,168),(155,146),(159,112),(185,72),(71,139),(87,84),(159,118),(124,156),(119,173),(230,73),(97,44),(165,148),(173,60),(158,112),(172,125),(198,75),(105,218),(133,156),(192,86),(153,211),(184,73),(62,61),(84,173),(136,108),(138,149),(159,133),(121,227),(160,124),
159:(97,174),(157,140),(156,123),(138,91),(143,150),(117,153),(89,33),(87,177),(97,158),(240,98),(164,178),(219,189),(158,142),(183,118),(184,71),(165,82),(141,148),(128,103),(152,148),(165,121),(72,47),(134,108),(200,169),(155,147),(159,113),(185,72),(70,139),(87,84),(159,118),(124,156),(118,173),(230,73),(97,44),(165,148),(173,60),(158,111),(172,124),(198,75),(105,218),(133,156),(193,86),(153,211),(185,73),(62,60),(83,173),(135,108),(139,149),(159,132),(122,227),(160,124),
160:(96,174),(157,139),(156,122),(137,91),(142,150),(116,153),(88,33),(87,177),(96,158),(240,98),(165,178),(219,189),(158,143),(183,119),(184,71),(165,81),(142,148),(128,103),(151,148),(165,120),(72,47),(134,108),(200,170),(154,147),(159,114),(185,72),(69,139),(87,84),(159,118),(124,156),(117,173),(230,73),(97,44),(165,148),(173,60),(158,110),(172,123),(198,75),(105,218),(133,156),(194,86),(153,211),(186,73),(62,59),(82,173),(135,107),(139,148),(159,131),(123,227),(160,124),
161:(95,174),(157,138),(156,121),(136,91),(142,151),(115,153),(87,33),(87,177),(95,158),(240,98),(166,178),(219,189),(158,144),(183,120),(184,71),(165,80),(143,148),(128,103),(151,149),(165,119),(72,47),(134,108),(201,170),(153,147),(159,115),(185,72),(68,139),(87,84),(159,118),(124,156),(116,173),(230,73),(97,44),(165,148),(173,60),(159,110),(173,123),(198,75),(105,218),(133,156),(195,86),(153,211),(187,73),(62,58),(81,173),(135,106),(140,148),(158,131),(124,227),(160,124),
162:(95,175),(158,138),(156,120),(135,91),(141,151),(114,153),(86,33),(87,177),(94,158),(240,98),(167,178),(219,189),(158,145),(183,121),(184,71),(165,79),(144,148),(128,103),(150,149),(165,118),(72,47),(134,108),(201,171),(152,147),(159,116),(185,72),(67,139),(87,84),(159,118),(124,156),(115,173),(230,73),(97,44),(165,148),(173,60),(159,110),(174,123),(198,75),(105,218),(133,156),(195,85),(153,211),(188,73),(62,57),(80,173),(134,106),(141,148),(158,130),(125,227),(160,124),
163:(94,175),(158,137),(156,119),(134,91),(141,152),(113,153),(85,33),(87,177),(93,158),(240,98),(168,178),(219,189),(158,146),(183,122),(184,71),(165,78),(145,148),(128,103),(150,150),(165,117),(72,47),(134,108),(202,171),(151,147),(159,117),(185,72),(66,139),(87,84),(159,118),(124,156),(114,173),(230,73),(97,44),(165,148),(173,60),(159,110),(175,123),(198,75),(105,218),(133,156),(195,84),(153,211),(189,73),(62,56),(79,173),(134,105),(142,148),(158,129),(126,227),(160,124),
164:(94,176),(159,137),(156,118),(133,91),(141,153),(112,153),(84,33),(87,177),(92,158),(240,98),(169,178),(219,189),(158,147),(183,123),(184,71),(165,77),(146,148),(128,103),(149,150),(165,116),(72,47),(134,108),(202,172),(150,147),(159,118),(185,72),(65,139),(87,84),(160,118),(124,156),(113,173),(230,73),(97,44),(165,148),(173,60),(159,110),(175,122),(198,75),(105,218),(133,156),(195,83),(153,211),(190,73),(61,56),(78,173),(134,104),(143,148),(158,128),(127,227),(160,124),
165:(93,176),(159,136),(155,118),(132,91),(140,153),(111,153),(83,33),(87,177),(91,158),(240,98),(170,178),(219,189),(157,147),(183,124),(184,71),(165,76),(147,148),(128,103),(148,150),(165,115),(72,47),(134,108),(203,172),(149,147),(159,119),(185,72),(64,139),(87,84),(159,118),(124,156),(112,173),(230,73),(97,44),(165,148),(173,60),(159,110),(176,122),(198,75),(105,218),(133,156),(195,82),(153,211),(191,73),(60,56),(77,173),(133,104),(144,148),(158,127),(128,227),(160,124),
166:(92,176),(160,136),(155,117),(131,91),(139,153),(110,153),(82,33),(87,177),(90,158),(240,98),(171,178),(219,189),(156,147),(183,125),(184,71),(165,75),(147,147),(128,103),(148,151),(165,114),(72,47),(134,108),(203,173),(149,148),(159,120),(185,72),(63,139),(87,84),(159,118),(124,156),(111,173),(230,73),(97,44),(165,148),(173,60),(159,110),(177,122),(198,75),(105,218),(133,156),(195,81),(153,211),(192,73),(60,55),(76,173),(133,103),(145,148),(157,127),(129,227),(160,124),
167:(91,176),(161,136),(154,117),(130,91),(138,153),(109,153),(81,33),(87,177),(89,158),(240,98),(172,178),(219,189),(156,148),(183,126),(184,71),(165,74),(148,147),(128,103),(147,151),(165,113),(72,47),(134,108),(204,173),(149,149),(159,121),(185,72),(62,139),(87,84),(159,118),(124,156),(110,173),(230,73),(97,44),(165,148),(173,60),(159,110),(178,122),(198,75),(105,218),(133,156),(196,81),(153,211),(193,73),(59,55),(75,173),(133,102),(146,148),(157,126),(130,227),(160,124),
168:(91,177),(161,135),(154,116),(129,91),(137,153),(108,153),(80,33),(87,177),(88,158),(240,98),(173,178),(219,189),(155,148),(183,127),(184,71),(165,73),(148,146),(128,103),(146,151),(165,112),(72,47),(134,108),(204,174),(148,149),(159,122),(185,72),(61,139),(87,84),(159,118),(124,156),(109,173),(230,73),(97,44),(165,148),(173,60),(159,110),(178,121),(198,75),(105,218),(133,156),(196,80),(153,211),(194,73),(59,54),(74,173),(133,101),(147,148),(157,125),(131,227),(160,124),
169:(90,177),(161,134),(154,115),(128,91),(136,153),(108,152),(79,33),(87,177),(87,158),(240,98),(174,178),(219,189),(155,149),(183,128),(184,71),(165,72),(148,145),(128,103),(145,151),(165,111),(72,47),(134,108),(204,175),(147,149),(159,123),(185,72),(60,139),(87,84),(159,118),(124,156),(108,173),(230,73),(97,44),(165,148),(173,60),(159,110),(179,121),(198,75),(105,218),(133,156),(196,79),(153,211),(195,73),(59,53),(73,173),(132,101),(148,148),(156,125),(132,227),(160,124),
170:(90,178),(161,133),(154,114),(127,91),(135,153),(107,152),(78,33),(87,177),(86,158),(240,98),(175,178),(219,189),(155,150),(184,128),(184,71),(165,71),(148,144),(128,103),(145,152),(165,110),(72,47),(134,108),(204,176),(146,149),(159,124),(185,72),(60,139),(87,84),(159,118),(124,156),(107,173),(230,73),(97,44),(165,148),(173,60),(159,110),(179,120),(198,75),(105,218),(133,156),(197,79),(153,211),(196,73),(59,52),(72,173),(131,101),(148,147),(156,124),(133,227),(160,124),
171:(90,179),(161,132),(153,114),(126,91),(134,153),(107,151),(78,32),(87,177),(85,158),(240,98),(176,178),(219,189),(155,151),(185,128),(184,71),(165,70),(148,143),(128,103),(145,153),(165,109),(72,47),(134,108),(205,176),(146,150),(159,125),(185,72),(60,139),(87,84),(159,118),(124,156),(106,173),(230,73),(97,44),(165,148),(173,60),(159,110),(179,119),(198,75),(105,218),(133,156),(198,79),(153,211),(197,73),(59,51),(71,173),(131,100),(149,147),(156,123),(134,227),(160,124),
172:(89,179),(161,131),(152,114),(125,91),(133,153),(106,151),(77,32),(87,177),(84,158),(240,98),(177,178),(219,189),(155,152),(185,129),(184,71),(165,69),(148,142),(128,103),(144,153),(165,108),(72,47),(134,108),(205,177),(145,150),(159,126),(185,72),(60,139),(87,84),(159,118),(124,156),(105,173),(230,73),(97,44),(165,148),(173,60),(159,110),(179,118),(198,75),(105,218),(133,156),(198,78),(153,211),(198,73),(59,50),(70,173),(130,100),(150,147),(156,122),(134,227),(160,124),
173:(89,180),(161,130),(152,113),(124,91),(132,153),(105,151),(76,32),(87,177),(83,158),(240,98),(178,178),(219,189),(154,152),(185,130),(184,71),(165,68),(148,141),(128,103),(143,153),(165,107),(72,47),(134,108),(205,178),(145,151),(159,127),(185,72),(60,139),(87,84),(159,118),(124,156),(104,173),(230,73),(97,44),(165,148),(173,60),(159,110),(179,117),(198,75),(105,218),(133,156),(199,78),(153,211),(199,73),(59,49),(69,173),(129,100),(151,147),(156,121),(134,227),(160,124),
174:(88,180),(161,129),(151,113),(123,91),(131,153),(104,151),(75,32),(87,177),(82,158),(240,98),(179,178),(219,189),(153,152),(185,131),(184,71),(165,67),(149,141),(128,103),(142,153),(165,106),(72,47),(134,108),(206,178),(144,151),(159,128),(185,72),(60,139),(87,84),(159,118),(124,156),(103,173),(230,73),(97,44),(165,148),(173,60),(159,110),(179,116),(198,75),(105,218),(133,156),(199,77),(153,211),(200,73),(58,49),(68,173),(129,99),(151,146),(156,120),(134,227),(160,124),
175:(87,180),(161,128),(150,113),(122,91),(130,153),(103,151),(74,32),(87,177),(81,158),(240,98),(180,178),(219,189),(153,153),(185,132),(184,71),(165,66),(150,141),(128,103),(141,153),(165,105),(72,47),(134,108),(207,178),(144,152),(159,129),(185,72),(60,139),(87,84),(159,118),(124,156),(102,173),(230,73),(97,44),(165,148),(173,60),(159,110),(179,115),(198,75),(105,218),(133,156),(199,76),(153,211),(201,73),(57,49),(67,173),(128,99),(151,145),(155,120),(134,227),(160,124),
176:(86,180),(162,128),(150,112),(121,91),(129,153),(102,151),(73,32),(87,177),(80,158),(240,98),(181,178),(219,189),(152,153),(185,133),(184,71),(165,65),(151,141),(128,103),(140,153),(165,104),(72,47),(134,108),(208,178),(144,153),(159,130),(185,72),(60,139),(87,84),(159,118),(124,156),(101,173),(230,73),(97,44),(165,148),(173,60),(159,110),(179,114),(198,75),(105,218),(133,156),(200,76),(153,211),(202,73),(57,48),(66,173),(127,99),(151,144),(154,120),(134,227),(160,124),
177:(85,180),(163,128),(149,112),(120,91),(128,153),(101,151),(72,32),(87,177),(79,158),(240,98),(182,178),(219,189),(152,154),(185,134),(184,71),(165,64),(152,141),(128,103),(139,153),(165,103),(72,47),(134,108),(209,178),(143,153),(159,131),(185,72),(60,139),(87,84),(159,118),(124,156),(100,173),(230,73),(97,44),(165,148),(173,60),(159,110),(179,113),(198,75),(105,218),(133,156),(200,75),(153,211),(203,73),(57,47),(65,173),(127,98),(151,143),(154,119),(134,227),(160,124),
178:(85,181),(163,127),(149,111),(119,91),(127,153),(100,151),(71,32),(87,177),(78,158),(240,98),(183,178),(219,189),(151,154),(185,135),(184,71),(165,63),(152,140),(128,103),(138,153),(165,102),(72,47),(134,108),(210,178),(142,153),(159,132),(185,72),(60,139),(87,84),(159,118),(124,156),(99,173),(230,73),(97,44),(165,148),(173,60),(159,110),(179,112),(198,75),(105,218),(133,156),(201,75),(153,211),(204,73),(57,46),(64,173),(126,98),(151,142),(154,118),(134,227),(160,124),
179:(84,181),(163,126),(148,111),(118,91),(126,153),(99,151),(70,32),(87,177),(77,158),(240,98),(184,178),(219,189),(151,155),(185,136),(184,71),(165,62),(153,140),(128,103),(137,153),(165,101),(72,47),(134,108),(211,178),(142,154),(159,133),(185,72),(60,139),(87,84),(159,118),(124,156),(99,174),(230,73),(97,44),(165,148),(173,60),(159,110),(179,111),(198,75),(105,218),(133,156),(202,75),(153,211),(205,73),(57,45),(63,173),(125,98),(151,141),(154,117),(134,227),(160,124),
180:(84,182),(163,125),(147,111),(117,91),(125,153),(98,151),(69,32),(87,177),(76,158),(240,98),(185,178),(219,189),(151,156),(185,137),(184,71),(165,61),(154,140),(128,103),(136,153),(165,100),(72,47),(134,108),(211,178),(141,154),(159,134),(185,72),(60,139),(87,84),(159,118),(124,156),(98,174),(230,73),(97,44),(165,148),(173,60),(159,110),(179,110),(198,75),(105,218),(133,156),(203,75),(153,211),(206,73),(57,44),(62,173),(124,98),(152,141),(154,116),(134,227),(160,124),
181:(84,183),(164,125),(146,111),(116,91),(124,153),(97,151),(69,31),(87,177),(75,158),(240,98),(186,178),(219,189),(150,156),(185,138),(184,71),(165,60),(155,140),(128,103),(135,153),(165,99),(72,47),(134,108),(211,178),(141,155),(159,135),(185,72),(60,139),(87,84),(159,118),(124,156),(97,174),(230,73),(97,44),(165,148),(173,60),(159,110),(179,109),(198,75),(105,218),(133,156),(204,75),(153,211),(207,73),(57,43),(61,173),(123,98),(153,141),(154,115),(134,227),(160,124),
182:(84,184),(165,125),(145,111),(115,91),(123,153),(96,151),(69,30),(87,177),(74,158),(240,98),(187,178),(219,189),(149,156),(185,139),(184,71),(165,59),(156,140),(128,103),(134,153),(165,98),(72,47),(134,108),(211,178),(140,155),(159,136),(185,72),(60,139),(87,84),(159,118),(124,156),(97,175),(230,73),(97,44),(165,148),(173,60),(159,110),(179,108),(198,75),(105,218),(133,156),(205,75),(153,211),(208,73),(57,42),(60,173),(123,97),(154,141),(153,115),(134,227),(160,124),
183:(84,185),(166,125),(144,111),(114,91),(122,153),(95,151),(69,29),(87,177),(73,158),(240,98),(188,178),(219,189),(148,156),(185,140),(184,71),(165,58),(157,140),(128,103),(133,153),(165,97),(72,47),(134,108),(211,178),(140,156),(159,137),(185,72),(60,139),(87,84),(159,118),(124,156),(97,176),(230,73),(97,44),(165,148),(173,60),(159,110),(179,107),(198,75),(105,218),(133,156),(206,75),(153,211),(209,73),(57,41),(59,173),(122,97),(154,140),(153,114),(134,227),(160,124),
184:(84,186),(167,125),(143,111),(113,91),(121,153),(94,151),(68,29),(87,177),(72,158),(240,98),(189,178),(219,189),(148,157),(185,141),(184,71),(165,57),(157,139),(128,103),(132,153),(165,96),(72,47),(134,108),(211,178),(139,156),(159,138),(185,72),(60,139),(87,84),(159,118),(124,156),(97,177),(230,73),(97,44),(165,148),(173,60),(159,110),(179,106),(198,75),(105,218),(133,156),(207,75),(153,211),(210,73),(57,40),(58,173),(121,97),(155,140),(152,114),(134,227),(160,124),
185:(84,187),(168,125),(143,110),(112,91),(120,153),(93,151),(68,28),(87,177),(71,158),(240,98),(190,178),(219,189),(148,158),(185,142),(184,71),(164,57),(157,138),(128,103),(131,153),(165,95),(72,47),(134,108),(211,178),(139,157),(159,139),(185,72),(60,139),(87,84),(159,118),(124,156),(97,178),(230,73),(97,44),(165,148),(173,60),(159,110),(179,105),(198,75),(105,218),(133,156),(208,75),(153,211),(211,73),(57,39),(57,173),(121,96),(155,139),(151,114),(134,227),(160,124),
186:(84,188),(169,125),(143,109),(111,91),(119,153),(92,151),(68,27),(87,177),(70,158),(240,98),(191,178),(219,189),(147,158),(185,143),(184,71),(164,56),(158,138),(128,103),(130,153),(165,94),(72,47),(134,108),(211,178),(138,157),(158,139),(185,72),(60,139),(87,84),(159,118),(124,156),(97,179),(230,73),(97,44),(165,148),(173,60),(159,110),(180,105),(198,75),(105,218),(133,156),(209,75),(153,211),(212,73),(57,39),(56,173),(120,96),(156,139),(151,113),(134,227),(160,124),
187:(84,189),(170,125),(142,109),(110,91),(118,153),(91,151),(68,26),(87,177),(69,158),(240,98),(191,179),(219,189),(146,158),(185,144),(184,71),(164,55),(159,138),(128,103),(129,153),(165,93),(72,47),(134,108),(211,178),(137,157),(158,140),(185,72),(60,139),(87,84),(159,118),(124,156),(97,180),(230,73),(97,44),(165,148),(173,60),(159,110),(180,104),(198,75),(105,218),(133,156),(210,75),(153,211),(213,73),(57,39),(55,173),(119,96),(156,138),(151,112),(134,227),(160,124),
188:(84,190),(171,125),(141,109),(109,91),(117,153),(90,151),(68,26),(87,177),(68,158),(240,98),(192,179),(219,189),(145,158),(185,145),(184,71),(163,55),(159,137),(128,103),(128,153),(165,92),(72,47),(134,108),(211,178),(136,157),(157,140),(185,72),(60,139),(87,84),(159,118),(124,156),(97,181),(230,73),(97,44),(165,148),(173,60),(159,110),(181,104),(198,75),(105,218),(133,156),(211,75),(153,211),(214,73),(57,39),(54,173),(118,96),(157,138),(150,112),(134,227),(160,124),
189:(84,191),(171,124),(141,108),(108,91),(116,153),(89,151),(68,26),(87,177),(67,158),(240,98),(192,180),(219,189),(145,159),(186,145),(184,71),(162,55),(160,137),(128,103),(127,153),(165,91),(72,47),(134,108),(211,178),(135,157),(156,140),(185,72),(60,139),(87,84),(159,118),(124,156),(97,182),(230,73),(97,44),(165,148),(173,60),(159,110),(181,103),(198,75),(105,218),(133,156),(212,75),(153,211),(215,73),(57,39),(54,174),(117,96),(158,138),(149,112),(134,227),(160,124),
190:(84,192),(172,124),(141,107),(107,91),(115,153),(88,151),(68,26),(87,177),(66,158),(240,98),(193,180),(219,189),(144,159),(186,146),(184,71),(162,54),(161,137),(128,103),(126,153),(165,90),(72,47),(134,108),(211,178),(135,158),(156,141),(185,72),(60,139),(87,84),(159,118),(124,156),(97,183),(230,73),(97,44),(165,148),(173,60),(159,110),(182,103),(198,75),(105,218),(133,156),(213,75),(153,211),(216,73),(57,39),(53,174),(116,96),(159,138),(149,111),(134,227),(160,124),
191:(84,193),(173,124),(141,106),(106,91),(114,153),(87,151),(68,26),(87,177),(65,158),(240,98),(194,180),(219,189),(144,160),(187,146),(184,71),(162,53),(162,137),(128,103),(125,153),(165,89),(72,47),(134,108),(211,178),(134,158),(156,142),(185,72),(60,139),(87,84),(159,118),(124,156),(97,184),(230,73),(97,44),(165,148),(173,60),(159,110),(182,102),(198,75),(105,218),(133,156),(214,75),(153,211),(217,73),(57,39),(52,174),(115,96),(159,137),(149,110),(134,227),(160,124),
192:(84,194),(174,124),(140,106),(105,91),(113,153),(86,151),(68,26),(87,177),(64,158),(240,98),(195,180),(219,189),(143,160),(187,147),(184,71),(162,52),(163,137),(128,103),(124,153),(165,88),(72,47),(134,108),(211,178),(133,158),(155,142),(185,72),(60,139),(87,84),(159,118),(124,156),(97,185),(230,73),(97,44),(165,148),(173,60),(159,110),(183,102),(198,75),(105,218),(133,156),(215,75),(153,211),(218,73),(57,39),(52,175),(114,96),(159,136),(148,110),(134,227),(160,124),
193:(84,195),(175,124),(139,106),(104,91),(112,153),(85,151),(68,26),(87,177),(63,158),(240,98),(195,181),(219,189),(143,161),(187,148),(184,71),(162,51),(163,136),(128,103),(123,153),(165,87),(72,47),(134,108),(211,178),(133,159),(154,142),(185,72),(60,139),(87,84),(159,118),(124,156),(97,186),(230,73),(97,44),(165,148),(173,60),(159,110),(183,101),(198,75),(105,218),(133,156),(216,75),(153,211),(219,73),(57,39),(52,176),(113,96),(159,135),(147,110),(134,227),(160,124),
194:(84,196),(175,123),(138,106),(103,91),(111,153),(84,151),(68,26),(87,177),(62,158),(240,98),(195,182),(219,189),(143,162),(187,149),(184,71),(161,51),(164,136),(128,103),(122,153),(165,86),(72,47),(134,108),(211,178),(132,159),(153,142),(185,72),(60,139),(87,84),(159,118),(124,156),(97,187),(230,73),(97,44),(165,148),(173,60),(159,110),(183,100),(198,75),(105,218),(133,156),(217,75),(153,211),(220,73),(57,39),(51,176),(112,96),(159,134),(146,110),(134,227),(160,124),
195:(84,197),(176,123),(137,106),(102,91),(110,153),(83,151),(68,26),(87,177),(61,158),(240,98),(196,182),(219,189),(142,162),(187,150),(184,71),(160,51),(165,136),(128,103),(121,153),(165,85),(72,47),(134,108),(211,178),(131,159),(153,143),(185,72),(60,139),(87,84),(159,118),(124,156),(97,188),(230,73),(97,44),(165,148),(173,60),(159,110),(183,99),(198,75),(105,218),(133,156),(218,75),(153,211),(221,73),(57,39),(50,176),(111,96),(159,133),(146,109),(134,227),(160,124),
196:(84,198),(177,123),(136,106),(101,91),(109,153),(82,151),(68,26),(87,177),(60,158),(240,98),(197,182),(219,189),(142,163),(187,151),(184,71),(159,51),(166,136),(128,103),(120,153),(165,84),(72,47),(134,108),(211,178),(130,159),(153,144),(185,72),(60,139),(87,84),(159,118),(124,156),(97,189),(230,73),(97,44),(165,148),(173,60),(159,110),(183,98),(198,75),(105,218),(133,156),(219,75),(153,211),(222,73),(57,39),(50,177),(110,96),(159,132),(145,109),(134,227),(160,124),
197:(84,199),(177,122),(136,105),(100,91),(108,153),(81,151),(68,26),(87,177),(60,158),(240,98),(198,182),(219,189),(141,163),(187,152),(184,71),(158,51),(166,135),(128,103),(119,153),(165,83),(72,47),(134,108),(211,178),(129,159),(152,144),(185,72),(60,139),(87,84),(159,118),(124,156),(97,190),(230,73),(97,44),(165,148),(173,60),(159,110),(183,97),(198,75),(105,218),(133,156),(220,75),(153,211),(223,73),(57,39),(50,178),(109,96),(159,131),(144,109),(134,227),(160,124),
198:(84,200),(178,122),(135,105),(99,91),(108,152),(80,151),(68,26),(87,177),(60,158),(240,98),(199,182),(219,189),(141,164),(188,152),(184,71),(157,51),(167,135),(128,103),(118,153),(165,82),(72,47),(134,108),(211,178),(128,159),(151,144),(185,72),(60,139),(87,84),(159,118),(124,156),(97,191),(230,73),(97,44),(165,148),(173,60),(159,110),(183,96),(198,75),(105,218),(133,156),(221,75),(153,211),(224,73),(57,39),(49,178),(108,96),(158,131),(143,109),(134,227),(160,124),
199:(84,201),(178,121),(135,104),(98,91),(107,152),(79,151),(68,26),(87,177),(60,158),(240,98),(199,183),(219,189),(141,165),(189,152),(184,71),(157,50),(168,135),(128,103),(117,153),(165,81),(72,47),(134,108),(211,178),(127,159),(151,145),(185,72),(60,139),(87,84),(159,118),(124,156),(97,192),(230,73),(97,44),(165,148),(173,60),(159,110),(183,95),(198,75),(105,218),(133,156),(222,75),(153,211),(225,73),(57,39),(48,178),(107,96),(158,130),(143,108),(134,227),(160,124),
200:(84,202),(178,120),(134,104),(97,91),(107,151),(78,151),(68,26),(87,177),(60,158),(240,98),(199,184),(219,189),(141,166),(190,152),(184,71),(157,49),(168,134),(128,103),(116,153),(165,80),(72,47),(134,108),(211,178),(126,159),(151,146),(185,72),(60,139),(87,84),(159,118),(124,156),(97,193),(230,73),(97,44),(165,148),(173,60),(159,110),(184,95),(198,75),(105,218),(133,156),(223,75),(153,211),(226,73),(57,39),(47,178),(106,96),(158,129),(143,107),(134,227),(160,124),
201:(84,203),(179,120),(133,104),(96,91),(107,150),(77,151),(68,26),(87,177),(60,158),(240,98),(200,184),(219,189),(141,167),(191,152),(184,71),(156,49),(168,133),(128,103),(115,153),(165,79),(72,47),(134,108),(211,178),(125,159),(151,147),(185,72),(60,139),(87,84),(159,118),(124,156),(97,194),(230,73),(97,44),(165,148),(173,60),(159,110),(185,95),(198,75),(105,218),(133,156),(224,75),(153,211),(227,73),(57,39),(46,178),(105,96),(158,128),(142,107),(134,227),(160,124),
202:(84,204),(179,119),(132,104),(95,91),(106,150),(76,151),(68,26),(87,177),(60,158),(240,98),(201,184),(219,189),(140,167),(191,153),(184,71),(156,48),(168,132),(128,103),(114,153),(165,78),(72,47),(134,108),(211,178),(124,159),(150,147),(185,72),(60,139),(87,84),(159,118),(124,156),(97,195),(230,73),(97,44),(165,148),(173,60),(159,110),(185,94),(198,75),(105,218),(133,156),(225,75),(153,211),(228,73),(57,39),(45,178),(104,96),(157,128),(141,107),(134,227),(160,124),
203:(84,205),(179,118),(131,104),(94,91),(105,150),(75,151),(68,26),(87,177),(60,158),(240,98),(202,184),(219,189),(139,167),(192,153),(184,71),(156,47),(168,131),(128,103),(113,153),(165,77),(72,47),(134,108),(211,178),(123,159),(149,147),(185,72),(60,139),(87,84),(159,118),(124,156),(97,196),(230,73),(97,44),(165,148),(173,60),(159,110),(185,93),(198,75),(105,218),(133,156),(226,75),(153,211),(229,73),(57,39),(44,178),(103,96),(157,127),(140,107),(134,227),(160,124),
204:(84,206),(179,117),(130,104),(93,91),(105,149),(74,151),(68,26),(87,177),(60,158),(240,98),(203,184),(219,189),(138,167),(193,153),(184,71),(156,46),(168,130),(128,103),(112,153),(165,76),(72,47),(134,108),(211,178),(122,159),(149,148),(185,72),(60,139),(87,84),(159,118),(124,156),(97,197),(231,73),(97,44),(165,148),(173,60),(159,110),(185,92),(198,75),(105,218),(133,156),(227,75),(153,211),(230,73),(57,39),(43,178),(102,96),(157,126),(139,107),(134,227),(160,124),
205:(84,207),(179,116),(129,104),(92,91),(104,149),(73,151),(68,26),(87,177),(60,158),(240,98),(204,184),(219,189),(137,167),(193,154),(184,71),(155,46),(169,130),(128,103),(111,153),(165,75),(72,47),(134,108),(211,178),(121,159),(149,149),(185,72),(60,139),(87,84),(159,118),(124,156),(97,198),(232,73),(97,44),(165,148),(173,60),(159,110),(185,91),(198,75),(105,218),(133,156),(228,75),(153,211),(231,73),(57,39),(42,178),(101,96),(156,126),(138,107),(134,227),(160,124),
206:(84,208),(179,115),(129,103),(91,91),(104,148),(72,151),(68,26),(87,177),(60,158),(240,98),(205,184),(219,189),(136,167),(193,155),(184,71),(154,46),(169,129),(128,103),(110,153),(165,74),(72,47),(134,108),(211,178),(120,159),(149,150),(185,72),(60,139),(87,84),(159,118),(124,156),(97,199),(233,73),(97,44),(165,148),(173,60),(159,110),(185,90),(198,75),(105,218),(133,156),(229,75),(153,211),(232,73),(57,39),(42,179),(100,96),(156,125),(137,107),(134,227),(160,124),
207:(84,209),(179,114),(129,102),(90,91),(103,148),(71,151),(68,26),(87,177),(60,158),(240,98),(206,184),(219,189),(135,167),(193,156),(184,71),(154,45),(170,129),(128,103),(109,153),(165,73),(72,47),(134,108),(211,178),(119,159),(149,151),(185,72),(60,139),(87,84),(159,118),(124,156),(98,199),(233,72),(97,44),(165,148),(173,60),(159,110),(185,89),(198,75),(105,218),(133,156),(230,75),(153,211),(233,73),(57,39),(41,179),(99,96),(156,124),(136,107),(134,227),(160,124),
208:(84,210),(179,113),(129,101),(89,91),(103,147),(70,151),(68,26),(87,177),(60,158),(240,98),(207,184),(219,189),(134,167),(194,156),(184,71),(153,45),(170,128),(128,103),(109,152),(165,72),(72,47),(134,108),(211,178),(118,159),(149,152),(185,72),(60,139),(87,84),(159,118),(124,156),(98,200),(232,72),(97,44),(165,148),(173,60),(159,110),(185,88),(198,75),(105,218),(133,156),(231,75),(153,211),(233,73),(57,39),(40,179),(99,96),(156,123),(135,107),(134,227),(160,124),
209:(84,211),(179,112),(129,100),(89,90),(103,146),(70,151),(68,26),(87,177),(60,158),(240,98),(208,184),(219,189),(133,167),(194,157),(184,71),(152,45),(171,128),(128,103),(108,152),(165,71),(72,47),(134,108),(211,178),(117,159),(149,153),(185,72),(60,139),(87,84),(159,118),(124,156),(99,200),(232,73),(97,44),(165,148),(173,60),(159,110),(185,87),(198,75),(105,218),(133,156),(232,75),(153,211),(233,73),(57,39),(40,180),(99,96),(156,122),(134,107),(134,227),(160,124),
210:(84,212),(179,111),(129,99),(88,90),(103,145),(70,151),(68,26),(87,177),(60,158),(240,98),(209,184),(219,189),(132,167),(194,158),(184,71),(151,45),(171,127),(128,103),(107,152),(165,70),(72,47),(134,108),(211,178),(116,159),(149,154),(185,72),(60,139),(87,84),(159,118),(124,156),(99,201),(231,73),(97,44),(165,148),(173,60),(159,110),(185,86),(198,75),(105,218),(133,156),(233,75),(153,211),(233,73),(57,39),(40,181),(99,96),(156,121),(133,107),(134,227),(160,124),
211:(84,213),(179,110),(128,99),(87,90),(102,145),(70,151),(68,26),(87,177),(60,158),(240,98),(210,184),(219,189),(131,167),(195,158),(184,71),(151,44),(171,126),(128,103),(106,152),(165,69),(72,47),(134,108),(211,178),(115,159),(149,155),(185,72),(60,139),(87,84),(159,118),(124,156),(99,202),(230,73),(97,44),(165,148),(173,60),(159,110),(185,85),(198,75),(105,218),(133,156),(234,75),(153,211),(233,73),(57,39),(40,182),(99,96),(155,121),(132,107),(134,227),(160,124),
212:(84,214),(179,109),(127,99),(86,90),(102,144),(70,151),(68,26),(87,177),(60,158),(240,98),(211,184),(219,189),(130,167),(195,159),(184,71),(150,44),(171,125),(128,103),(105,152),(165,68),(72,47),(134,108),(211,178),(114,159),(149,156),(185,72),(60,139),(87,84),(159,118),(124,156),(99,203),(230,73),(97,44),(165,148),(173,60),(159,110),(185,84),(198,75),(105,218),(133,156),(235,75),(153,211),(233,73),(57,39),(39,182),(99,96),(155,120),(131,107),(134,227),(160,124),
213:(84,215),(179,108),(127,98),(85,90),(101,144),(70,151),(68,26),(87,177),(60,158),(240,98),(212,184),(219,189),(129,167),(196,159),(184,71),(149,44),(172,125),(128,103),(105,151),(165,67),(72,47),(134,108),(211,178),(113,159),(149,157),(185,72),(60,139),(87,84),(159,118),(124,156),(99,204),(230,73),(97,44),(165,148),(173,60),(159,110),(185,83),(198,75),(105,218),(133,156),(236,75),(153,211),(233,73),(57,39),(38,182),(99,96),(154,120),(130,107),(134,227),(160,124),
214:(84,216),(179,107),(127,97),(84,90),(101,143),(70,151),(68,26),(87,177),(60,158),(240,98),(213,184),(219,189),(128,167),(197,159),(184,71),(148,44),(172,124),(128,103),(104,151),(165,66),(72,47),(134,108),(211,178),(112,159),(149,158),(185,72),(60,139),(87,84),(159,118),(124,156),(99,205),(230,73),(97,44),(165,148),(173,60),(159,110),(185,82),(198,75),(105,218),(133,156),(237,75),(153,211),(233,73),(57,39),(38,183),(99,96),(154,119),(129,107),(134,227),(160,124),
215:(84,217),(179,106),(126,97),(83,90),(100,143),(70,151),(68,26),(87,177),(60,158),(240,98),(214,184),(219,189),(127,167),(198,159),(184,71),(147,44),(173,124),(128,103),(104,150),(165,65),(72,47),(134,108),(211,178),(111,159),(149,159),(185,72),(60,139),(87,84),(159,118),(124,156),(99,206),(230,73),(97,44),(165,148),(173,60),(159,110),(185,81),(198,75),(105,218),(133,156),(238,75),(153,211),(233,73),(57,39),(37,183),(99,96),(154,118),(128,107),(134,227),(160,124),
216:(84,218),(179,105),(126,96),(82,90),(99,143),(70,151),(68,26),(87,177),(60,158),(240,98),(215,184),(219,189),(126,167),(198,160),(184,71),(146,44),(174,124),(128,103),(104,149),(165,64),(72,47),(134,108),(211,178),(110,159),(149,160),(185,72),(60,139),(87,84),(159,118),(124,156),(99,207),(230,73),(97,44),(165,148),(173,60),(159,110),(185,80),(198,75),(105,218),(133,156),(239,75),(153,211),(233,73),(57,39),(36,183),(99,96),(154,117),(127,107),(134,227),(160,124),
217:(84,219),(179,104),(125,96),(81,90),(98,143),(70,151),(68,26),(87,177),(60,158),(240,98),(216,184),(219,189),(125,167),(198,161),(184,71),(145,44),(174,123),(128,103),(103,149),(165,63),(72,47),(134,108),(211,178),(109,159),(149,161),(185,72),(60,139),(87,84),(159,118),(124,156),(99,208),(230,73),(97,44),(165,148),(173,60),(159,110),(185,79),(198,75),(105,218),(133,156),(240,75),(153,211),(233,73),(57,39),(35,183),(99,96),(154,117),(126,107),(134,227),(160,124),
218:(84,220),(179,103),(124,96),(80,90),(97,143),(70,151),(68,26),(87,177),(60,158),(240,98),(217,184),(219,189),(124,167),(198,162),(184,71),(144,44),(174,122),(128,103),(102,149),(165,62),(72,47),(134,108),(211,178),(108,159),(149,162),(185,72),(60,139),(87,84),(159,118),(124,156),(100,208),(230,73),(97,44),(165,148),(173,60),(159,110),(185,78),(198,75),(105,218),(133,156),(241,75),(153,211),(233,73),(57,39),(34,183),(99,96),(154,117),(125,107),(134,227),(160,124),
219:(84,221),(179,102),(124,95),(79,90),(96,143),(70,151),(68,26),(87,177),(60,158),(240,98),(218,184),(219,189),(123,167),(198,163),(184,71),(143,44),(174,121),(128,103),(101,149),(165,61),(72,47),(134,108),(211,178),(107,159),(149,163),(185,72),(60,139),(87,84),(159,118),(124,156),(100,209),(230,73),(97,44),(165,148),(173,60),(159,110),(185,77),(198,75),(105,218),(133,156),(242,75),(153,211),(233,73),(57,39),(33,183),(99,96),(154,117),(124,107),(134,227),(160,124),
220:(84,222),(180,102),(124,94),(78,90),(95,143),(70,151),(68,26),(87,177),(60,158),(240,98),(219,184),(219,189),(122,167),(199,163),(184,71),(142,44),(174,120),(128,103),(101,148),(165,60),(72,47),(134,108),(211,178),(106,159),(149,164),(185,72),(60,139),(87,84),(159,118),(124,156),(101,209),(230,73),(97,44),(165,148),(173,60),(159,110),(185,76),(198,75),(105,218),(133,156),(242,75),(153,211),(233,73),(57,39),(32,183),(99,96),(154,117),(123,107),(134,227),(160,124),
221:(84,223),(180,101),(123,94),(77,90),(94,143),(70,151),(68,26),(87,177),(60,158),(240,98),(220,184),(219,189),(121,167),(199,164),(184,71),(141,44),(174,119),(128,103),(101,147),(165,59),(72,47),(134,108),(211,178),(105,159),(149,165),(185,72),(60,139),(87,84),(159,118),(124,156),(101,210),(230,73),(97,44),(165,148),(173,60),(159,110),(185,75),(198,75),(105,218),(133,156),(242,75),(153,211),(233,73),(57,39),(31,183),(99,96),(154,117),(122,107),(134,227),(160,124),
222:(84,224),(181,101),(122,94),(76,90),(93,143),(70,151),(68,26),(87,177),(60,158),(240,98),(221,184),(219,189),(120,167),(199,165),(184,71),(140,44),(174,118),(128,103),(100,147),(165,58),(72,47),(134,108),(211,178),(104,159),(149,166),(185,72),(60,139),(87,84),(159,118),(124,156),(102,210),(230,73),(97,44),(165,148),(173,60),(159,110),(185,74),(198,75),(105,218),(133,156),(242,75),(153,211),(233,73),(57,39),(30,183),(99,96),(154,117),(121,107),(134,227),(160,124),
223:(84,225),(181,100),(121,94),(75,90),(92,143),(70,151),(68,26),(87,177),(60,158),(240,98),(222,184),(219,189),(119,167),(199,166),(184,71),(139,44),(175,118),(128,103),(100,146),(165,57),(72,47),(134,108),(211,178),(103,159),(149,167),(185,72),(60,139),(87,84),(159,118),(124,156),(102,211),(230,73),(97,44),(165,148),(173,60),(159,110),(185,73),(198,75),(105,218),(133,156),(242,75),(153,211),(233,73),(57,39),(29,183),(99,96),(154,117),(120,107),(134,227),(160,124),
224:(84,226),(182,100),(121,93),(74,90),(91,143),(70,151),(68,26),(87,177),(60,158),(240,98),(223,184),(219,189),(118,167),(200,166),(184,71),(138,44),(176,118),(128,103),(100,145),(165,56),(72,47),(134,108),(211,178),(102,159),(149,168),(186,72),(60,139),(87,84),(159,118),(124,156),(103,211),(230,73),(97,44),(165,148),(173,60),(159,110),(185,72),(198,75),(105,218),(133,156),(242,75),(153,211),(233,73),(57,39),(28,183),(99,96),(154,117),(119,107),(134,227),(160,124),
225:(84,227),(182,99),(120,93),(73,90),(91,143),(70,151),(68,26),(87,177),(60,158),(240,98),(224,184),(219,189),(117,167),(200,167),(184,71),(137,44),(176,117),(128,103),(99,145),(165,55),(72,47),(134,108),(211,178),(101,159),(149,169),(185,72),(60,139),(87,84),(159,118),(124,156),(103,212),(230,73),(97,44),(165,148),(173,60),(159,110),(185,71),(198,75),(105,218),(133,156),(242,75),(153,211),(233,73),(57,39),(27,183),(99,96),(154,117),(118,107),(134,227),(160,124),
226:(84,228),(183,99),(119,93),(72,90),(91,143),(70,151),(68,26),(87,177),(60,158),(240,98),(225,184),(219,189),(116,167),(200,168),(184,71),(136,44),(176,116),(128,103),(99,144),(164,55),(72,47),(134,108),(211,178),(100,159),(149,170),(185,72),(60,139),(87,84),(159,118),(124,156),(103,213),(230,73),(97,44),(165,148),(173,60),(159,110),(185,70),(198,75),(105,218),(133,156),(242,75),(153,211),(233,73),(57,39),(26,183),(99,96),(154,117),(118,107),(134,227),(160,124),
227:(84,229),(184,99),(118,93),(71,90),(91,143),(70,151),(68,26),(87,177),(60,158),(240,98),(226,184),(219,189),(115,167),(200,169),(184,71),(135,44),(176,115),(128,103),(98,144),(163,55),(72,47),(134,108),(211,178),(99,159),(149,171),(185,72),(60,139),(87,84),(159,118),(124,156),(103,214),(230,73),(97,44),(165,148),(173,60),(159,110),(185,69),(198,75),(105,218),(133,156),(242,75),(153,211),(233,73),(57,39),(25,183),(99,96),(154,117),(118,107),(134,227),(160,124),
228:(84,229),(184,98),(117,93),(70,90),(91,143),(70,151),(68,26),(87,177),(60,158),(240,98),(227,184),(219,189),(114,167),(200,170),(184,71),(134,44),(177,115),(128,103),(97,144),(163,54),(72,47),(134,108),(211,178),(98,159),(149,172),(185,72),(60,139),(87,84),(159,118),(124,156),(104,214),(230,73),(97,44),(165,148),(173,60),(159,110),(185,68),(198,75),(105,218),(133,156),(242,75),(153,211),(233,73),(57,39),(24,183),(99,96),(154,117),(118,107),(134,227),(160,124),
229:(84,229),(184,97),(116,93),(69,90),(91,143),(70,151),(68,26),(87,177),(60,158),(240,98),(228,184),(219,189),(113,167),(201,170),(184,71),(133,44),(178,115),(128,103),(96,144),(162,54),(72,47),(134,108),(211,178),(97,159),(149,173),(185,72),(60,139),(87,84),(159,118),(124,156),(105,214),(230,73),(97,44),(165,148),(173,60),(159,110),(185,67),(198,75),(105,218),(133,156),(242,75),(153,211),(233,73),(57,39),(23,183),(99,96),(154,117),(118,107),(134,227),(160,124),
230:(84,229),(185,97),(116,92),(68,90),(91,143),(70,151),(68,26),(87,177),(60,158),(240,98),(229,184),(219,189),(112,167),(201,171),(184,71),(133,44),(178,114),(128,103),(95,144),(161,54),(72,47),(134,108),(211,178),(96,159),(149,174),(185,72),(60,139),(87,84),(159,118),(124,156),(106,214),(230,73),(97,44),(165,148),(173,60),(159,110),(185,66),(198,75),(105,218),(133,156),(242,75),(153,211),(233,73),(57,39),(22,183),(99,96),(154,117),(118,107),(134,227),(160,124),
231:(84,229),(185,96),(115,92),(68,90),(91,143),(70,151),(68,26),(87,177),(60,158),(240,98),(230,184),(219,189),(111,167),(202,171),(184,71),(133,44),(179,114),(128,103),(94,144),(161,53),(72,47),(134,108),(211,178),(95,159),(149,175),(185,72),(60,139),(87,84),(159,118),(124,156),(107,214),(230,73),(97,44),(165,148),(173,60),(159,110),(185,65),(198,75),(105,218),(133,156),(242,75),(153,211),(233,73),(57,39),(21,183),(99,96),(154,117),(118,107),(134,227),(160,124),
232:(84,229),(185,95),(115,91),(68,90),(91,143),(70,151),(68,26),(87,177),(60,158),(240,98),(231,184),(219,189),(110,167),(202,172),(184,71),(133,44),(179,113),(128,103),(93,144),(161,52),(72,47),(134,108),(211,178),(94,159),(149,176),(185,72),(60,139),(87,84),(159,118),(124,156),(108,214),(230,73),(97,44),(165,148),(173,60),(159,110),(185,64),(198,75),(105,218),(133,156),(242,75),(153,211),(233,73),(57,39),(20,183),(99,96),(154,117),(118,107),(134,227),(160,124),
233:(84,229),(185,94),(115,90),(68,90),(91,143),(70,151),(68,26),(87,177),(60,158),(240,98),(232,184),(219,189),(109,167),(202,173),(184,71),(133,44),(179,112),(128,103),(92,144),(161,51),(72,47),(134,108),(211,178),(93,159),(149,177),(185,72),(60,139),(87,84),(159,118),(124,156),(109,214),(230,73),(97,44),(165,148),(173,60),(159,110),(185,63),(198,75),(105,218),(133,156),(242,75),(153,211),(233,73),(57,39),(19,183),(99,96),(154,117),(118,107),(134,227),(160,124),
234:(84,229),(186,94),(114,90),(68,90),(91,143),(70,151),(68,26),(87,177),(60,158),(240,98),(233,184),(219,189),(108,167),(203,173),(184,71),(133,44),(179,111),(128,103),(91,144),(161,50),(72,47),(134,108),(211,178),(92,159),(149,177),(185,72),(60,139),(87,84),(159,118),(124,156),(110,214),(230,73),(97,44),(165,148),(173,60),(159,110),(185,62),(198,75),(105,218),(133,156),(242,75),(153,211),(233,73),(57,39),(19,184),(99,96),(154,117),(118,107),(134,227),(160,124),
235:(84,229),(186,93),(113,90),(68,90),(91,143),(70,151),(68,26),(87,177),(60,158),(240,98),(234,184),(219,189),(107,167),(203,174),(184,71),(133,44),(179,110),(128,103),(90,144),(161,49),(72,47),(134,108),(211,178),(91,159),(149,177),(185,72),(60,139),(87,84),(159,118),(124,156),(111,214),(230,73),(97,44),(165,148),(173,60),(159,110),(185,61),(198,75),(105,218),(133,156),(242,75),(153,211),(233,73),(57,39),(19,185),(99,96),(154,117),(118,107),(134,227),(160,124),
236:(84,229),(186,92),(112,90),(68,90),(91,143),(70,151),(68,26),(87,177),(60,158),(240,98),(235,184),(219,189),(106,167),(203,175),(184,71),(133,44),(179,109),(128,103),(89,144),(160,49),(72,47),(134,108),(211,178),(90,159),(149,177),(185,72),(60,139),(87,84),(159,118),(124,156),(112,214),(230,73),(97,44),(165,148),(173,60),(159,110),(185,60),(198,75),(105,218),(133,156),(242,75),(153,211),(233,73),(57,39),(19,185),(99,96),(154,117),(118,107),(134,227),(160,124),
237:(84,229),(187,92),(111,90),(68,90),(91,143),(70,151),(68,26),(87,177),(60,158),(240,98),(235,184),(219,189),(105,167),(203,176),(184,71),(133,44),(179,108),(128,103),(88,144),(160,48),(72,47),(134,108),(211,178),(89,159),(149,177),(185,72),(60,139),(87,84),(159,118),(124,156),(113,214),(230,73),(97,44),(165,148),(173,60),(159,110),(185,59),(198,75),(105,218),(133,156),(242,75),(153,211),(233,73),(57,39),(19,185),(99,96),(154,117),(118,107),(134,227),(160,124),
238:(84,229),(187,91),(110,90),(68,90),(91,143),(70,151),(68,26),(87,177),(60,158),(240,98),(235,184),(219,189),(104,167),(203,177),(184,71),(133,44),(179,107),(128,103),(87,144),(159,48),(72,47),(134,108),(211,178),(88,159),(149,177),(185,72),(60,139),(87,84),(159,118),(124,156),(114,214),(230,73),(97,44),(165,148),(173,60),(159,110),(185,58),(198,75),(105,218),(133,156),(242,75),(153,211),(233,73),(57,39),(19,185),(99,96),(154,117),(118,107),(134,227),(160,124),
239:(84,229),(187,90),(110,89),(68,90),(91,143),(70,151),(68,26),(87,177),(60,158),(240,98),(235,184),(219,189),(103,167),(204,177),(184,71),(133,44),(179,106),(128,103),(86,144),(159,47),(72,47),(134,108),(211,178),(87,159),(149,177),(185,72),(60,139),(87,84),(159,118),(124,156),(115,214),(230,73),(97,44),(165,148),(173,60),(159,110),(185,57),(198,75),(105,218),(133,156),(242,75),(153,211),(233,73),(57,39),(19,185),(99,96),(154,117),(118,107),(134,227),(160,124),
240:(84,229),(188,90),(109,89),(68,90),(91,143),(70,151),(68,26),(87,177),(60,158),(240,98),(235,184),(219,189),(102,167),(204,178),(184,71),(133,44),(179,105),(128,103),(85,144),(158,47),(72,47),(134,108),(211,178),(86,159),(149,177),(185,72),(60,139),(87,84),(159,118),(124,156),(116,214),(230,73),(97,44),(165,148),(173,60),(159,110),(185,56),(198,75),(105,218),(133,156),(242,75),(153,211),(233,73),(57,39),(19,185),(99,96),(154,117),(118,107),(134,227),(160,124),
241:(84,229),(188,89),(108,89),(68,90),(91,143),(70,151),(68,26),(87,177),(60,158),(240,98),(235,184),(219,189),(101,167),(205,178),(184,71),(133,44),(179,104),(128,103),(84,144),(158,46),(72,47),(134,108),(211,178),(85,159),(149,177),(185,72),(60,139),(87,84),(159,118),(124,156),(117,214),(230,73),(97,44),(165,148),(173,60),(159,110),(185,55),(198,75),(105,218),(133,156),(242,75),(153,211),(233,73),(57,39),(19,185),(99,96),(154,117),(118,107),(134,227),(160,124),
242:(84,229),(188,88),(107,89),(68,90),(91,143),(70,151),(68,26),(87,177),(60,158),(240,98),(235,184),(219,189),(100,167),(205,179),(184,71),(133,44),(179,103),(128,103),(83,144),(157,46),(72,47),(134,108),(211,178),(84,159),(149,177),(185,72),(60,139),(87,84),(159,118),(124,156),(118,214),(230,73),(97,44),(165,148),(173,60),(159,110),(185,54),(198,75),(105,218),(133,156),(242,75),(153,211),(233,73),(57,39),(19,185),(99,96),(154,117),(118,107),(134,227),(160,124),
243:(84,229),(189,88),(106,89),(68,90),(91,143),(70,151),(68,26),(87,177),(60,158),(240,98),(235,184),(219,189),(99,167),(206,179),(184,71),(133,44),(180,103),(128,103),(82,144),(157,45),(72,47),(134,108),(211,178),(83,159),(149,177),(185,72),(60,139),(87,84),(159,118),(124,156),(119,214),(230,73),(97,44),(165,148),(173,60),(159,110),(185,53),(198,75),(105,218),(133,156),(242,75),(153,211),(233,73),(57,39),(19,185),(99,96),(154,117),(118,107),(134,227),(160,124),
244:(84,229),(190,88),(105,89),(68,90),(91,143),(70,151),(68,26),(87,177),(60,158),(240,98),(235,184),(219,189),(98,167),(206,180),(184,71),(133,44),(181,103),(128,103),(81,144),(157,44),(72,47),(134,108),(211,178),(82,159),(149,177),(185,72),(60,139),(87,84),(159,118),(124,156),(120,214),(230,73),(97,44),(165,148),(173,60),(159,110),(185,52),(198,75),(105,218),(133,156),(242,75),(153,211),(233,73),(57,39),(19,185),(99,96),(154,117),(118,107),(134,227),(160,124),
245:(84,229),(191,88),(104,89),(68,90),(91,143),(70,151),(68,26),(87,177),(60,158),(240,98),(235,184),(219,189),(97,167),(207,180),(184,71),(133,44),(181,102),(128,103),(80,144),(156,44),(72,47),(134,108),(211,178),(81,159),(149,177),(185,72),(60,139),(87,84),(159,118),(124,156),(121,214),(230,73),(97,44),(165,148),(173,60),(159,110),(185,51),(198,75),(105,218),(133,156),(242,75),(153,211),(233,73),(57,39),(19,185),(99,96),(154,117),(118,107),(134,227),(160,124),
246:(84,229),(191,87),(103,89),(68,90),(91,143),(70,151),(68,26),(87,177),(60,158),(240,98),(235,184),(219,189),(96,167),(208,180),(184,71),(133,44),(181,101),(128,103),(79,144),(155,44),(72,47),(134,108),(211,178),(80,159),(149,177),(185,72),(60,139),(87,84),(159,118),(124,156),(122,214),(230,73),(97,44),(165,148),(173,60),(159,110),(185,50),(198,75),(105,218),(133,156),(242,75),(153,211),(233,73),(57,39),(19,185),(99,96),(154,117),(118,107),(134,227),(160,124),
247:(84,229),(191,86),(102,89),(68,90),(91,143),(70,151),(68,26),(87,177),(60,158),(240,98),(235,184),(219,189),(95,167),(209,180),(184,71),(133,44),(181,100),(128,103),(78,144),(155,43),(72,47),(134,108),(211,178),(79,159),(149,177),(185,72),(60,139),(87,84),(159,118),(124,156),(123,214),(230,73),(97,44),(165,148),(173,60),(159,110),(185,49),(198,75),(105,218),(133,156),(242,75),(153,211),(233,73),(57,39),(19,185),(99,96),(154,117),(118,107),(134,227),(160,124),
248:(84,229),(192,86),(102,88),(68,90),(91,143),(70,151),(68,26),(87,177),(60,158),(240,98),(235,184),(219,189),(94,167),(210,180),(184,71),(133,44),(181,99),(128,103),(77,144),(155,42),(72,47),(134,108),(211,178),(78,159),(149,177),(185,72),(60,139),(87,84),(159,118),(124,156),(124,214),(230,73),(97,44),(165,148),(173,60),(159,110),(185,48),(198,75),(105,218),(133,156),(242,75),(153,211),(233,73),(57,39),(19,185),(99,96),(154,117),(118,107),(134,227),(160,124),
249:(84,229),(193,86),(101,88),(68,90),(91,143),(70,151),(68,26),(87,177),(60,158),(240,98),(235,184),(219,189),(93,167),(211,180),(184,71),(133,44),(181,98),(128,103),(76,144),(154,42),(72,47),(134,108),(211,178),(77,159),(149,177),(185,72),(60,139),(87,84),(159,118),(124,156),(125,214),(230,73),(97,44),(165,148),(173,60),(159,110),(185,47),(198,75),(105,218),(133,156),(242,75),(153,211),(233,73),(57,39),(19,185),(99,96),(154,117),(118,107),(134,227),(160,124),
250:(84,229),(194,86),(101,87),(68,90),(91,143),(70,151),(68,26),(87,177),(60,158),(240,98),(235,184),(219,189),(92,167),(211,181),(184,71),(133,44),(181,97),(128,103),(75,144),(154,41),(72,47),(134,108),(211,178),(76,159),(149,177),(185,72),(60,139),(87,84),(159,118),(124,156),(126,214),(230,73),(97,44),(165,148),(173,60),(159,110),(185,46),(198,75),(105,218),(133,156),(242,75),(153,211),(233,73),(57,39),(19,185),(99,96),(154,117),(118,107),(134,227),(160,124),
251:(84,229),(195,86),(101,86),(68,90),(91,143),(70,151),(68,26),(87,177),(60,158),(240,98),(235,184),(219,189),(91,167),(212,181),(184,71),(133,44),(182,97),(128,103),(74,144),(153,41),(72,47),(134,108),(211,178),(75,159),(149,177),(185,72),(60,139),(87,84),(159,118),(124,156),(127,214),(230,73),(97,44),(165,148),(173,60),(159,110),(185,45),(198,75),(105,218),(133,156),(242,75),(153,211),(233,73),(57,39),(19,185),(99,96),(154,117),(118,107),(134,227),(160,124),
252:(84,229),(196,86),(100,86),(68,90),(91,143),(70,151),(68,26),(87,177),(60,158),(240,98),(235,184),(219,189),(90,167),(212,182),(184,71),(133,44),(182,96),(128,103),(73,144),(153,40),(72,47),(134,108),(211,178),(74,159),(149,177),(185,72),(60,139),(87,84),(159,118),(124,156),(128,214),(230,73),(97,44),(165,148),(173,60),(159,110),(186,45),(198,75),(105,218),(133,156),(242,75),(153,211),(233,73),(57,39),(19,185),(99,96),(154,117),(118,107),(134,227),(160,124),
253:(84,229),(197,86),(99,86),(68,90),(91,143),(70,151),(68,26),(87,177),(60,158),(240,98),(235,184),(219,189),(89,167),(213,182),(184,71),(133,44),(182,95),(128,103),(72,144),(152,40),(72,47),(134,108),(211,178),(73,159),(149,177),(185,72),(60,139),(87,84),(159,118),(124,156),(129,214),(230,73),(97,44),(165,148),(173,60),(159,110),(186,44),(198,75),(105,218),(133,156),(242,75),(153,211),(233,73),(57,39),(19,185),(99,96),(154,117),(118,107),(134,227),(160,124),
254:(84,229),(198,86),(99,85),(68,90),(91,143),(70,151),(68,26),(87,177),(60,158),(240,98),(235,184),(219,189),(88,167),(214,182),(184,71),(133,44),(183,95),(128,103),(71,144),(152,39),(72,47),(134,108),(211,178),(72,159),(149,177),(185,72),(60,139),(87,84),(159,118),(124,156),(130,214),(230,73),(97,44),(165,148),(173,60),(159,110),(187,44),(198,75),(105,218),(133,156),(242,75),(153,211),(233,73),(57,39),(19,185),(99,96),(154,117),(118,107),(134,227),(160,124),
255:(84,229),(199,86),(98,85),(68,90),(91,143),(70,151),(68,26),(87,177),(60,158),(240,98),(235,184),(219,189),(87,167),(214,183),(184,71),(133,44),(183,94),(128,103),(70,144),(151,39),(72,47),(134,108),(211,178),(71,159),(149,177),(185,72),(60,139),(87,84),(159,118),(124,156),(131,214),(230,73),(97,44),(165,148),(173,60),(159,110),(187,43),(198,75),(105,218),(133,156),(242,75),(153,211),(233,73),(57,39),(19,185),(99,96),(154,117),(118,107),(134,227),(160,124),
256:(84,229),(200,86),(97,85),(68,90),(91,143),(70,151),(68,26),(87,177),(60,158),(240,98),(235,184),(219,189),(86,167),(214,184),(184,71),(133,44),(183,93),(128,103),(69,144),(150,39),(72,47),(134,108),(211,178),(70,159),(149,177),(185,72),(60,139),(87,84),(159,118),(124,156),(132,214),(230,73),(97,44),(165,148),(173,60),(159,110),(188,43),(198,75),(105,218),(133,156),(242,75),(153,211),(233,73),(57,39),(19,185),(99,96),(154,117),(118,107),(134,227),(160,124),
257:(84,229),(201,86),(96,85),(68,90),(91,143),(70,151),(68,26),(87,177),(60,158),(240,98),(235,184),(219,189),(85,167),(214,185),(184,71),(133,44),(184,93),(128,103),(68,144),(150,38),(72,47),(134,108),(211,178),(69,159),(149,177),(185,72),(60,139),(87,84),(159,118),(124,156),(133,214),(230,73),(97,44),(165,148),(173,60),(159,110),(188,42),(198,75),(105,218),(133,156),(242,75),(153,211),(233,73),(57,39),(19,185),(99,96),(154,117),(118,107),(134,227),(160,124),
258:(84,229),(201,87),(96,84),(68,90),(91,143),(70,151),(68,26),(87,177),(60,158),(240,98),(235,184),(219,189),(84,167),(215,185),(184,71),(133,44),(184,92),(128,103),(67,144),(149,38),(72,47),(134,108),(211,178),(68,159),(149,177),(185,72),(60,139),(87,84),(159,118),(124,156),(134,214),(230,73),(97,44),(165,148),(173,60),(159,110),(188,41),(198,75),(105,218),(133,156),(242,75),(153,211),(233,73),(57,39),(19,185),(99,96),(154,117),(118,107),(134,227),(160,124),
259:(84,229),(201,88),(95,84),(68,90),(91,143),(70,151),(68,26),(87,177),(60,158),(240,98),(235,184),(219,189),(83,167),(216,185),(184,71),(133,44),(184,91),(128,103),(66,144),(148,38),(72,47),(134,108),(211,178),(67,159),(149,177),(185,72),(60,139),(87,84),(159,118),(124,156),(134,213),(230,73),(97,44),(165,148),(173,60),(159,110),(188,40),(198,75),(105,218),(133,156),(242,75),(153,211),(233,73),(57,39),(19,185),(99,96),(154,117),(118,107),(134,227),(160,124),
260:(84,229),(202,88),(94,84),(68,90),(91,143),(70,151),(68,26),(87,177),(60,158),(240,98),(235,184),(219,189),(82,167),(216,186),(184,71),(133,44),(185,91),(128,103),(65,144),(147,38),(72,47),(134,108),(211,178),(66,159),(149,177),(185,72),(60,139),(87,84),(159,118),(124,156),(134,212),(230,73),(97,44),(165,148),(173,60),(159,110),(188,39),(198,75),(105,218),(133,156),(242,75),(153,211),(233,73),(57,39),(19,185),(99,96),(154,117),(118,107),(134,227),(160,124),
261:(84,229),(203,88),(93,84),(68,90),(91,143),(70,151),(68,26),(87,177),(60,158),(240,98),(235,184),(219,189),(81,167),(216,187),(184,71),(133,44),(186,91),(128,103),(64,144),(146,38),(72,47),(134,108),(211,178),(66,159),(149,177),(185,72),(60,139),(87,84),(159,118),(124,156),(135,212),(230,73),(97,44),(165,148),(173,60),(159,110),(189,39),(198,75),(105,218),(133,156),(242,75),(153,211),(233,73),(57,39),(19,185),(99,96),(154,117),(118,107),(134,227),(160,124),
262:(84,229),(204,88),(92,84),(68,90),(91,143),(70,151),(68,26),(87,177),(60,158),(240,98),(235,184),(219,189),(80,167),(216,188),(184,71),(133,44),(187,91),(128,103),(63,144),(145,38),(72,47),(134,108),(211,178),(66,159),(149,177),(185,72),(60,139),(87,84),(159,118),(124,156),(136,212),(230,73),(97,44),(165,148),(173,60),(159,110),(189,38),(198,75),(105,218),(133,156),(242,75),(153,211),(233,73),(57,39),(19,185),(99,96),(154,117),(118,107),(134,227),(160,124),
263:(84,229),(204,89),(91,84),(68,90),(91,143),(70,151),(68,26),(87,177),(60,158),(240,98),(235,184),(219,189),(79,167),(216,189),(184,71),(133,44),(188,91),(128,103),(62,144),(144,38),(72,47),(134,108),(211,178),(66,159),(149,177),(185,72),(60,139),(87,84),(159,118),(124,156),(137,212),(230,73),(97,44),(165,148),(173,60),(159,110),(189,37),(198,75),(105,218),(133,156),(242,75),(153,211),(233,73),(57,39),(19,185),(99,96),(154,117),(118,107),(134,227),(160,124),
264:(84,229),(204,90),(90,84),(68,90),(91,143),(70,151),(68,26),(87,177),(60,158),(240,98),(235,184),(219,189),(78,167),(217,189),(184,71),(133,44),(188,90),(128,103),(61,144),(143,38),(72,47),(134,108),(211,178),(66,159),(149,177),(185,72),(60,139),(87,84),(159,118),(124,156),(138,212),(230,73),(97,44),(165,148),(173,60),(159,110),(190,37),(198,75),(105,218),(133,156),(242,75),(153,211),(233,73),(57,39),(19,185),(99,96),(154,117),(118,107),(134,227),(160,124),
265:(84,229),(205,90),(89,84),(68,90),(91,143),(70,151),(68,26),(87,177),(60,158),(240,98),(235,184),(219,189),(77,167),(218,189),(184,71),(133,44),(188,89),(128,103),(60,144),(142,38),(72,47),(134,108),(211,178),(66,159),(149,177),(185,72),(60,139),(87,84),(159,118),(124,156),(139,212),(230,73),(97,44),(165,148),(173,60),(159,110),(191,37),(198,75),(105,218),(133,156),(242,75),(153,211),(233,73),(57,39),(19,185),(99,96),(154,117),(118,107),(134,227),(160,124),
266:(84,229),(206,90),(88,84),(68,90),(91,143),(70,151),(68,26),(87,177),(60,158),(240,98),(235,184),(219,188),(76,167),(219,189),(184,71),(133,44),(189,89),(128,103),(59,144),(141,38),(72,47),(134,108),(211,178),(66,159),(149,177),(185,72),(60,139),(87,84),(159,118),(124,156),(139,211),(230,73),(97,44),(165,148),(173,60),(159,110),(191,36),(198,75),(105,218),(133,156),(242,75),(153,211),(233,73),(57,39),(19,185),(99,96),(154,117),(118,107),(134,227),(160,124),
267:(84,229),(207,90),(88,83),(68,90),(91,143),(70,151),(68,26),(87,177),(60,158),(240,98),(235,184),(219,189),(75,167),(220,189),(184,71),(133,44),(189,88),(128,103),(58,144),(140,38),(72,47),(134,108),(211,178),(66,159),(149,177),(185,72),(60,139),(87,84),(159,118),(124,156),(139,210),(230,73),(97,44),(165,148),(173,60),(159,110),(191,35),(198,75),(105,218),(133,156),(242,75),(153,211),(233,73),(57,39),(19,185),(99,96),(154,117),(118,107),(134,227),(160,124),
268:(84,229),(208,90),(87,83),(68,90),(91,143),(70,151),(68,26),(87,177),(60,158),(240,98),(235,184),(219,189),(74,167),(221,189),(184,71),(133,44),(190,88),(128,103),(57,144),(139,38),(72,47),(134,108),(211,178),(66,159),(149,177),(185,72),(60,139),(87,84),(159,118),(124,156),(140,210),(230,73),(97,44),(165,148),(173,60),(159,110),(192,35),(198,75),(105,218),(133,156),(242,75),(153,211),(233,73),(57,39),(19,185),(99,96),(154,117),(118,107),(134,227),(160,124),
269:(84,229),(209,90),(87,82),(68,90),(91,143),(70,151),(68,26),(87,177),(60,158),(240,98),(235,184),(219,189),(73,167),(222,189),(184,71),(133,44),(191,88),(128,103),(56,144),(138,38),(72,47),(134,108),(211,178),(66,159),(149,177),(185,72),(60,139),(87,84),(159,118),(124,156),(141,210),(230,73),(97,44),(165,148),(173,60),(159,110),(193,35),(198,75),(105,218),(133,156),(242,75),(153,211),(233,73),(57,39),(19,185),(99,96),(154,117),(118,107),(134,227),(160,124),
270:(84,229),(209,91),(86,82),(68,90),(91,143),(70,151),(68,26),(87,177),(60,158),(240,98),(235,184),(219,189),(72,167),(223,189),(184,71),(133,44),(191,87),(128,103),(55,144),(137,38),(72,47),(134,108),(211,178),(66,159),(149,177),(185,72),(60,139),(87,84),(159,118),(124,156),(142,210),(230,73),(97,44),(165,148),(173,60),(159,110),(193,34),(198,75),(105,218),(133,156),(242,75),(153,211),(233,73),(57,39),(19,185),(99,96),(154,117),(118,107),(134,227),(160,124),
271:(84,229),(210,91),(85,82),(68,90),(91,143),(70,151),(68,26),(87,177),(60,158),(240,98),(235,184),(219,189),(71,167),(224,189),(184,71),(133,44),(191,86),(128,103),(54,144),(136,38),(72,47),(134,108),(211,178),(66,159),(149,177),(185,72),(60,139),(87,84),(159,118),(124,156),(143,210),(230,73),(97,44),(165,148),(173,60),(159,110),(193,33),(198,75),(105,218),(133,156),(242,75),(153,211),(233,73),(57,39),(19,185),(99,96),(154,117),(118,107),(134,227),(160,124),
272:(84,229),(211,91),(85,81),(68,90),(91,143),(70,151),(68,26),(87,177),(60,158),(240,98),(235,184),(219,189),(70,167),(225,189),(184,71),(133,44),(192,86),(128,103),(53,144),(135,38),(72,47),(134,108),(211,178),(66,159),(149,177),(185,72),(60,139),(87,84),(159,118),(124,156),(144,210),(230,73),(97,44),(165,148),(173,60),(159,110),(194,33),(198,75),(105,218),(133,156),(242,75),(153,211),(233,73),(57,39),(19,185),(99,96),(154,117),(118,107),(134,227),(160,124),
273:(84,229),(212,91),(85,80),(68,90),(91,143),(70,151),(68,26),(87,177),(60,158),(240,98),(235,184),(219,189),(69,167),(226,189),(184,71),(133,44),(193,86),(128,103),(52,144),(134,38),(72,47),(134,108),(211,178),(66,159),(149,177),(185,72),(60,139),(87,84),(159,118),(124,156),(144,210),(230,73),(97,44),(165,148),(173,60),(159,110),(195,33),(198,75),(105,218),(133,156),(242,75),(153,211),(233,73),(57,39),(19,185),(99,96),(154,117),(118,107),(134,227),(160,124),
274:(84,229),(213,91),(85,79),(68,90),(91,143),(70,151),(68,26),(87,177),(60,158),(240,98),(235,184),(219,189),(68,167),(227,189),(184,71),(133,44),(193,85),(128,103),(51,144),(134,38),(72,47),(134,108),(211,178),(66,159),(149,177),(185,72),(60,139),(87,84),(159,118),(124,156),(144,210),(230,73),(97,44),(165,148),(173,60),(159,110),(196,33),(198,75),(105,218),(133,156),(242,75),(153,211),(233,73),(57,39),(19,185),(99,96),(154,117),(118,107),(134,227),(160,124),
275:(84,229),(214,91),(85,78),(68,90),(91,143),(70,151),(68,26),(87,177),(60,158),(240,98),(235,184),(219,189),(67,167),(228,189),(184,71),(133,44),(194,85),(128,103),(50,144),(134,38),(72,47),(134,108),(211,178),(66,159),(149,177),(185,72),(60,139),(87,84),(159,118),(124,156),(144,210),(230,73),(97,44),(165,148),(173,60),(159,110),(197,33),(198,75),(105,218),(133,156),(242,75),(153,211),(233,73),(57,39),(19,185),(99,96),(154,117),(118,107),(134,227),(160,124),
276:(84,229),(214,92),(85,77),(68,90),(91,143),(70,151),(68,26),(87,177),(60,158),(240,98),(235,184),(219,189),(66,167),(229,189),(184,71),(133,44),(194,84),(128,103),(49,144),(134,38),(72,47),(134,108),(211,178),(66,159),(149,177),(185,72),(60,139),(87,84),(159,118),(124,156),(144,210),(230,73),(97,44),(165,148),(173,60),(159,110),(198,33),(198,75),(105,218),(133,156),(242,75),(153,211),(233,73),(57,39),(19,185),(99,96),(154,117),(118,107),(134,227),(160,124),
277:(84,229),(215,92),(84,77),(68,90),(91,143),(70,151),(68,26),(87,177),(60,158),(240,98),(235,184),(219,189),(65,167),(230,189),(184,71),(133,44),(194,83),(128,103),(48,144),(134,38),(72,47),(134,108),(211,178),(66,159),(149,177),(185,72),(60,139),(87,84),(159,118),(124,156),(144,210),(230,73),(97,44),(165,148),(173,60),(159,110),(199,33),(198,75),(105,218),(133,156),(242,75),(153,211),(233,73),(57,39),(19,185),(99,96),(154,117),(118,107),(134,227),(160,124),
278:(84,229),(216,92),(83,77),(68,90),(91,143),(70,151),(68,26),(87,177),(60,158),(240,98),(235,184),(219,189),(64,167),(231,189),(184,71),(133,44),(195,83),(128,103),(47,144),(134,38),(72,47),(134,108),(211,178),(66,159),(149,177),(185,72),(60,139),(87,84),(159,118),(124,156),(144,210),(230,73),(97,44),(165,148),(173,60),(159,110),(200,33),(198,75),(105,218),(133,156),(242,75),(153,211),(233,73),(57,39),(19,185),(99,96),(154,117),(118,107),(134,227),(160,124),
279:(84,229),(216,93),(83,76),(68,90),(91,143),(70,151),(68,26),(87,177),(60,158),(240,98),(235,184),(219,189),(63,167),(232,189),(184,71),(133,44),(195,82),(128,103),(46,144),(134,38),(72,47),(134,108),(211,178),(66,159),(149,177),(185,72),(60,139),(87,84),(159,118),(124,156),(144,210),(230,73),(97,44),(165,148),(173,60),(159,110),(201,33),(198,75),(105,218),(133,156),(242,75),(153,211),(233,73),(57,39),(19,185),(99,96),(154,117),(118,107),(134,227),(160,124),
280:(84,229),(216,94),(82,76),(68,90),(91,143),(70,151),(68,26),(87,177),(60,158),(240,98),(235,184),(219,189),(62,167),(233,189),(184,71),(133,44),(195,81),(128,103),(45,144),(134,38),(72,47),(134,108),(211,178),(66,159),(149,177),(185,72),(60,139),(87,84),(159,118),(124,156),(144,210),(230,73),(97,44),(165,148),(173,60),(159,110),(202,33),(198,75),(105,218),(133,156),(242,75),(153,211),(233,73),(57,39),(19,185),(99,96),(154,117),(118,107),(134,227),(160,124),
281:(84,229),(216,95),(81,76),(68,90),(91,143),(70,151),(68,26),(87,177),(60,158),(240,98),(235,184),(219,189),(61,167),(233,189),(184,71),(133,44),(195,80),(128,103),(44,144),(134,38),(72,47),(134,108),(211,178),(66,159),(149,177),(185,72),(60,139),(87,84),(159,118),(124,156),(144,210),(230,73),(97,44),(165,148),(173,60),(159,110),(203,33),(198,75),(105,218),(133,156),(242,75),(153,211),(233,73),(57,39),(19,185),(99,96),(154,117),(118,107),(134,227),(160,124),
282:(84,229),(216,96),(81,75),(68,90),(91,143),(70,151),(68,26),(87,177),(60,158),(240,98),(235,184),(219,189),(60,167),(233,189),(184,71),(133,44),(195,79),(128,103),(43,144),(134,38),(72,47),(134,108),(211,178),(66,159),(149,177),(185,72),(60,139),(87,84),(159,118),(124,156),(144,210),(230,73),(97,44),(165,148),(173,60),(159,110),(204,33),(198,75),(105,218),(133,156),(242,75),(153,211),(233,73),(57,39),(19,185),(99,96),(154,117),(118,107),(134,227),(160,124),
283:(84,229),(216,97),(80,75),(68,90),(91,143),(70,151),(68,26),(87,177),(60,158),(240,98),(235,184),(219,189),(59,167),(233,189),(184,71),(133,44),(195,78),(128,103),(42,144),(134,38),(72,47),(134,108),(211,178),(66,159),(149,177),(185,72),(60,139),(87,84),(159,118),(124,156),(144,210),(230,73),(97,44),(165,148),(173,60),(159,110),(205,33),(198,75),(105,218),(133,156),(242,75),(153,211),(233,73),(57,39),(19,185),(99,96),(154,117),(118,107),(134,227),(160,124),
284:(84,229),(216,98),(79,75),(68,90),(91,143),(70,151),(68,26),(87,177),(60,158),(240,98),(235,184),(219,189),(58,167),(233,189),(184,71),(133,44),(195,77),(128,103),(41,144),(134,38),(72,47),(134,108),(211,178),(66,159),(149,177),(185,72),(60,139),(87,84),(159,118),(124,156),(144,210),(230,73),(97,44),(165,148),(173,60),(159,110),(206,33),(198,75),(105,218),(133,156),(242,75),(153,211),(233,73),(57,39),(19,185),(99,96),(154,117),(118,107),(134,227),(160,124),
285:(84,229),(216,99),(78,75),(68,90),(91,143),(70,151),(68,26),(87,177),(60,158),(240,98),(235,184),(219,189),(57,167),(233,189),(184,71),(133,44),(195,76),(128,103),(40,144),(134,38),(72,47),(134,108),(211,178),(66,159),(149,177),(185,72),(60,139),(87,84),(159,118),(124,156),(144,210),(230,73),(97,44),(165,148),(173,60),(159,110),(207,33),(198,75),(105,218),(133,156),(242,75),(153,211),(233,73),(57,39),(19,185),(99,96),(154,117),(118,107),(134,227),(160,124),
286:(84,229),(216,100),(77,75),(68,90),(91,143),(70,151),(68,26),(87,177),(60,158),(240,98),(235,184),(219,189),(56,167),(233,189),(184,71),(133,44),(195,75),(128,103),(39,144),(134,38),(72,47),(134,108),(211,178),(66,159),(149,177),(185,72),(60,139),(87,84),(159,118),(124,156),(144,210),(230,73),(97,44),(165,148),(173,60),(159,110),(208,33),(198,75),(105,218),(133,156),(242,75),(153,211),(233,73),(57,39),(19,185),(99,96),(154,117),(118,107),(134,227),(160,124),
287:(84,229),(216,101),(76,75),(68,90),(91,143),(70,151),(68,26),(87,177),(60,158),(240,98),(235,184),(219,189),(55,167),(233,189),(184,71),(133,44),(195,74),(128,103),(38,144),(134,38),(72,47),(134,108),(211,178),(66,159),(149,177),(185,72),(60,139),(87,84),(159,118),(124,156),(144,210),(230,73),(97,44),(165,148),(173,60),(159,110),(209,33),(198,75),(105,218),(133,156),(242,75),(153,211),(233,73),(57,39),(19,185),(99,96),(154,117),(118,107),(134,227),(160,124),
288:(84,229),(216,102),(75,75),(68,90),(91,143),(70,151),(68,26),(87,177),(60,158),(240,98),(235,184),(219,189),(54,167),(233,189),(184,71),(133,44),(196,74),(128,103),(37,144),(134,38),(72,47),(134,108),(211,178),(66,159),(149,177),(185,72),(60,139),(87,84),(159,118),(124,156),(144,210),(230,73),(97,44),(165,148),(173,60),(159,110),(210,33),(198,75),(105,218),(133,156),(242,75),(153,211),(233,73),(57,39),(19,185),(99,96),(154,117),(118,107),(134,227),(160,124),
289:(84,229),(216,103),(75,74),(68,90),(91,143),(70,151),(68,26),(87,177),(60,158),(240,98),(235,184),(219,189),(53,167),(233,189),(184,71),(133,44),(197,74),(128,103),(36,144),(134,38),(72,47),(134,108),(211,178),(66,159),(149,177),(185,72),(60,139),(87,84),(159,118),(124,156),(144,210),(230,73),(97,44),(165,148),(173,60),(159,110),(211,33),(198,75),(105,218),(133,156),(242,75),(153,211),(233,73),(57,39),(19,185),(99,96),(154,117),(118,107),(134,227),(160,124),
290:(84,229),(216,104),(74,74),(68,90),(91,143),(70,151),(68,26),(87,177),(60,158),(240,98),(235,184),(219,189),(52,167),(233,189),(184,71),(133,44),(197,73),(128,103),(35,144),(134,38),(72,47),(134,108),(211,178),(66,159),(149,177),(185,72),(60,139),(87,84),(159,118),(124,156),(144,210),(230,73),(97,44),(165,148),(173,60),(159,110),(212,33),(198,75),(105,218),(133,156),(242,75),(153,211),(233,73),(57,39),(19,185),(99,96),(154,117),(118,107),(134,227),(160,124),
291:(84,229),(216,105),(74,73),(68,90),(91,143),(70,151),(68,26),(87,177),(60,158),(240,98),(235,184),(219,189),(51,167),(233,189),(184,71),(133,44),(197,72),(128,103),(34,144),(134,38),(72,47),(134,108),(211,178),(66,159),(149,177),(185,72),(60,139),(87,84),(159,118),(124,156),(144,210),(230,73),(97,44),(165,148),(173,60),(159,110),(212,33),(198,75),(105,218),(133,156),(242,75),(153,211),(233,73),(57,39),(19,185),(99,96),(154,117),(118,107),(134,227),(160,124),
292:(84,229),(216,105),(73,73),(68,90),(91,143),(70,151),(68,26),(87,177),(60,158),(240,98),(235,184),(219,189),(50,167),(233,189),(184,71),(133,44),(198,72),(128,103),(33,144),(134,38),(72,47),(134,108),(211,178),(66,159),(149,177),(185,72),(60,139),(87,84),(159,118),(124,156),(144,210),(230,73),(97,44),(165,148),(173,60),(159,110),(212,33),(198,75),(105,218),(133,156),(242,75),(153,211),(233,73),(57,39),(19,185),(99,96),(154,117),(118,107),(134,227),(160,124),
293:(84,229),(216,105),(72,73),(68,90),(91,143),(70,151),(68,26),(87,177),(60,158),(240,98),(235,184),(219,189),(49,167),(233,189),(184,71),(133,44),(198,71),(128,103),(32,144),(134,38),(72,47),(134,108),(211,178),(66,159),(149,177),(185,72),(60,139),(87,84),(159,118),(124,156),(144,210),(230,73),(97,44),(165,148),(173,60),(159,110),(212,33),(198,75),(105,218),(133,156),(242,75),(153,211),(233,73),(57,39),(19,185),(99,96),(154,117),(118,107),(134,227),(160,124),
294:(84,229),(216,105),(71,73),(68,90),(91,143),(70,151),(68,26),(87,177),(60,158),(240,98),(235,184),(219,189),(48,167),(233,189),(184,71),(133,44),(199,71),(128,103),(31,144),(134,38),(72,47),(134,108),(211,178),(66,159),(149,177),(185,72),(60,139),(87,84),(159,118),(124,156),(144,210),(230,73),(97,44),(165,148),(173,60),(159,110),(212,33),(198,75),(105,218),(133,156),(242,75),(153,211),(233,73),(57,39),(19,185),(99,96),(154,117),(118,107),(134,227),(160,124),
295:(84,229),(216,105),(70,73),(68,90),(91,143),(70,151),(68,26),(87,177),(60,158),(240,98),(235,184),(219,189),(47,167),(233,189),(184,71),(133,44),(199,70),(128,103),(30,144),(134,38),(72,47),(134,108),(211,178),(66,159),(149,177),(185,72),(60,139),(87,84),(159,118),(124,156),(144,210),(230,73),(97,44),(165,148),(173,60),(159,110),(212,33),(198,75),(105,218),(133,156),(242,75),(153,211),(233,73),(57,39),(19,185),(99,96),(154,117),(118,107),(134,227),(160,124),
296:(84,229),(216,105),(70,72),(68,90),(91,143),(70,151),(68,26),(87,177),(60,158),(240,98),(235,184),(219,189),(46,167),(233,189),(184,71),(133,44),(200,70),(128,103),(29,144),(134,38),(72,47),(134,108),(211,178),(66,159),(149,177),(185,72),(60,139),(87,84),(159,118),(124,156),(144,210),(230,73),(97,44),(165,148),(173,60),(159,110),(212,33),(198,75),(105,218),(133,156),(242,75),(153,211),(233,73),(57,39),(19,185),(99,96),(154,117),(118,107),(134,227),(160,124),
297:(84,229),(216,105),(69,72),(68,90),(91,143),(70,151),(68,26),(87,177),(60,158),(240,98),(235,184),(219,189),(45,167),(233,189),(184,71),(133,44),(201,70),(128,103),(28,144),(134,38),(72,47),(134,108),(211,178),(66,159),(149,177),(185,72),(60,139),(87,84),(159,118),(124,156),(144,210),(230,73),(97,44),(165,148),(173,60),(159,110),(212,33),(198,75),(105,218),(133,156),(242,75),(153,211),(233,73),(57,39),(19,185),(99,96),(154,117),(118,107),(134,227),(160,124),
298:(84,229),(216,105),(69,71),(68,90),(91,143),(70,151),(68,26),(87,177),(60,158),(240,98),(235,184),(219,189),(44,167),(233,189),(184,71),(133,44),(201,69),(128,103),(27,144),(134,38),(72,47),(134,108),(211,178),(66,159),(149,177),(185,72),(60,139),(87,84),(159,118),(124,156),(144,210),(230,73),(97,44),(165,148),(173,60),(159,110),(212,33),(198,75),(105,218),(133,156),(242,75),(153,211),(233,73),(57,39),(19,185),(99,96),(154,117),(118,107),(134,227),(160,124),
299:(84,229),(216,105),(69,70),(68,90),(91,143),(70,151),(68,26),(87,177),(60,158),(240,98),(235,184),(219,189),(43,167),(233,189),(184,71),(133,44),(201,68),(128,103),(26,144),(134,38),(72,47),(134,108),(211,178),(66,159),(149,177),(185,72),(60,139),(87,84),(159,118),(124,156),(144,210),(230,73),(97,44),(165,148),(173,60),(159,110),(212,33),(198,75),(105,218),(133,156),(242,75),(153,211),(233,73),(57,39),(19,185),(99,96),(154,117),(118,107),(134,227),(160,124),
300:(84,229),(216,105),(69,69),(68,90),(91,143),(70,151),(68,26),(87,177),(60,158),(240,98),(235,184),(219,189),(42,167),(233,189),(184,71),(133,44),(201,67),(128,103),(25,144),(134,38),(72,47),(134,108),(211,178),(66,159),(149,177),(185,72),(60,139),(87,84),(159,118),(124,156),(144,210),(230,73),(97,44),(165,148),(173,60),(159,110),(212,33),(198,75),(105,218),(133,156),(242,75),(153,211),(233,73),(57,39),(19,185),(99,96),(154,117),(118,107),(134,227),(160,124),
301:(84,229),(216,105),(69,68),(68,90),(91,143),(70,151),(68,26),(87,177),(60,158),(240,98),(235,184),(219,189),(42,167),(233,189),(184,71),(133,44),(202,67),(128,103),(25,143),(134,38),(72,47),(134,108),(211,178),(66,159),(149,177),(185,72),(60,139),(87,84),(159,118),(124,156),(144,210),(230,73),(97,44),(165,148),(173,60),(159,110),(212,33),(198,75),(105,218),(133,156),(242,75),(153,211),(233,73),(57,39),(19,185),(99,96),(154,117),(118,107),(134,227),(160,124),
302:(84,229),(216,105),(69,67),(68,90),(91,143),(70,151),(68,26),(87,177),(60,158),(240,98),(235,184),(219,189),(42,167),(233,189),(184,71),(133,44),(203,67),(128,103),(25,143),(134,38),(72,47),(134,108),(211,178),(66,159),(149,177),(185,72),(60,139),(87,84),(159,118),(124,156),(144,210),(230,73),(97,44),(165,148),(173,60),(159,110),(212,33),(198,75),(105,218),(133,156),(242,75),(153,211),(233,73),(57,39),(19,185),(99,96),(154,117),(118,107),(134,227),(160,124),
303:(84,229),(216,105),(68,67),(68,90),(91,143),(70,151),(68,26),(87,177),(60,158),(240,98),(235,184),(219,189),(42,167),(233,189),(184,71),(133,44),(204,67),(128,103),(25,143),(134,38),(72,47),(134,108),(211,178),(66,159),(149,177),(185,72),(60,139),(87,84),(159,118),(124,156),(144,210),(230,73),(97,44),(165,148),(173,60),(159,110),(212,33),(198,75),(105,218),(133,156),(242,75),(153,211),(233,73),(57,39),(19,185),(99,96),(154,117),(118,107),(134,227),(160,124),
304:(84,229),(216,105),(67,67),(68,90),(91,143),(70,151),(68,26),(87,177),(60,158),(240,98),(235,184),(219,189),(42,167),(233,189),(184,71),(133,44),(204,66),(128,103),(25,143),(134,38),(72,47),(134,108),(211,178),(66,159),(149,177),(185,72),(60,139),(87,84),(159,118),(124,156),(144,210),(230,73),(97,44),(165,148),(173,60),(159,110),(212,33),(198,75),(105,218),(133,156),(242,75),(153,211),(233,73),(57,39),(19,185),(99,96),(154,117),(118,107),(134,227),(160,124),
305:(84,229),(216,105),(67,67),(68,90),(91,143),(70,151),(68,26),(87,177),(60,158),(240,98),(235,184),(219,189),(42,167),(233,189),(184,71),(133,44),(204,65),(128,103),(25,143),(134,38),(72,47),(134,108),(211,178),(66,159),(149,177),(185,72),(60,139),(87,84),(159,118),(124,156),(144,210),(230,73),(97,44),(165,148),(173,60),(159,110),(212,33),(198,75),(105,218),(133,156),(242,75),(153,211),(233,73),(57,39),(19,185),(99,96),(154,117),(118,107),(134,227),(160,124),
306:(84,229),(216,105),(67,67),(68,90),(91,143),(70,151),(68,26),(87,177),(60,158),(240,98),(235,184),(219,189),(42,167),(233,189),(184,71),(133,44),(205,65),(128,103),(25,143),(134,38),(72,47),(134,108),(211,178),(66,159),(149,177),(185,72),(60,139),(87,84),(159,118),(124,156),(144,210),(230,73),(97,44),(165,148),(173,60),(159,110),(212,33),(198,75),(105,218),(133,156),(242,75),(153,211),(233,73),(57,39),(19,185),(99,96),(154,117),(118,107),(134,227),(160,124),
307:(84,229),(216,105),(67,67),(68,90),(91,143),(70,151),(68,26),(87,177),(60,158),(240,98),(235,184),(219,189),(42,167),(233,189),(184,71),(133,44),(206,65),(128,103),(25,143),(134,38),(72,47),(134,108),(211,178),(66,159),(149,177),(185,72),(60,139),(87,84),(159,118),(124,156),(144,210),(230,73),(97,44),(165,148),(173,60),(159,110),(212,33),(198,75),(105,218),(133,156),(242,75),(153,211),(233,73),(57,39),(19,185),(99,96),(154,117),(118,107),(134,227),(160,124),
308:(84,229),(216,105),(67,67),(68,90),(91,143),(70,151),(68,26),(87,177),(60,158),(240,98),(235,184),(219,189),(42,167),(233,189),(184,71),(133,44),(206,64),(128,103),(25,143),(134,38),(72,47),(134,108),(211,178),(66,159),(149,177),(185,72),(60,139),(87,84),(159,118),(124,156),(144,210),(230,73),(97,44),(165,148),(173,60),(159,110),(212,33),(198,75),(105,218),(133,156),(242,75),(153,211),(233,73),(57,39),(19,185),(99,96),(154,117),(118,107),(134,227),(160,124),
309:(84,229),(216,105),(67,67),(68,90),(91,143),(70,151),(68,26),(87,177),(60,158),(240,98),(235,184),(219,189),(42,167),(233,189),(184,71),(133,44),(207,64),(128,103),(25,143),(134,38),(72,47),(134,108),(211,178),(66,159),(149,177),(185,72),(60,139),(87,84),(159,118),(124,156),(144,210),(230,73),(97,44),(165,148),(173,60),(159,110),(212,33),(198,75),(105,218),(133,156),(242,75),(153,211),(233,73),(57,39),(19,185),(99,96),(154,117),(118,107),(134,227),(160,124),
310:(84,229),(216,105),(67,67),(68,90),(91,143),(70,151),(68,26),(87,177),(60,158),(240,98),(235,184),(219,189),(42,167),(233,189),(184,71),(133,44),(207,63),(128,103),(25,143),(134,38),(72,47),(134,108),(211,178),(66,159),(149,177),(185,72),(60,139),(87,84),(159,118),(124,156),(144,210),(230,73),(97,44),(165,148),(173,60),(159,110),(212,33),(198,75),(105,218),(133,156),(242,75),(153,211),(233,73),(57,39),(19,185),(99,96),(154,117),(118,107),(134,227),(160,124),
311:(84,229),(216,105),(67,67),(68,90),(91,143),(70,151),(68,26),(87,177),(60,158),(240,98),(235,184),(219,189),(42,167),(233,189),(184,71),(133,44),(207,62),(128,103),(25,143),(134,38),(72,47),(134,108),(211,178),(66,159),(149,177),(185,72),(60,139),(87,84),(159,118),(124,156),(144,210),(230,73),(97,44),(165,148),(173,60),(159,110),(212,33),(198,75),(105,218),(133,156),(242,75),(153,211),(233,73),(57,39),(19,185),(99,96),(154,117),(118,107),(134,227),(160,124),
312:(84,229),(216,105),(67,67),(68,90),(91,143),(70,151),(68,26),(87,177),(60,158),(240,98),(235,184),(219,189),(42,167),(233,189),(184,71),(133,44),(208,62),(128,103),(25,143),(134,38),(72,47),(134,108),(211,178),(66,159),(149,177),(185,72),(60,139),(87,84),(159,118),(124,156),(144,210),(230,73),(97,44),(165,148),(173,60),(159,110),(212,33),(198,75),(105,218),(133,156),(242,75),(153,211),(233,73),(57,39),(19,185),(99,96),(154,117),(118,107),(134,227),(160,124),
313:(84,229),(216,105),(67,67),(68,90),(91,143),(70,151),(68,26),(87,177),(60,158),(240,98),(235,184),(219,189),(42,167),(233,189),(184,71),(133,44),(208,61),(128,103),(25,143),(134,38),(72,47),(134,108),(211,178),(66,159),(149,177),(185,72),(60,139),(87,84),(159,118),(124,156),(144,210),(230,73),(97,44),(165,148),(173,60),(159,110),(212,33),(198,75),(105,218),(133,156),(242,75),(153,211),(233,73),(57,39),(19,185),(99,96),(154,117),(118,107),(134,227),(160,124),
314:(84,229),(216,105),(67,67),(68,90),(91,143),(70,151),(68,26),(87,177),(60,158),(240,98),(235,184),(219,189),(42,167),(233,189),(184,71),(133,44),(209,61),(128,103),(25,143),(134,38),(72,47),(134,108),(211,178),(66,159),(149,177),(185,72),(60,139),(87,84),(159,118),(124,156),(144,210),(230,73),(97,44),(165,148),(173,60),(159,110),(212,33),(198,75),(105,218),(133,156),(242,75),(153,211),(233,73),(57,39),(19,185),(99,96),(154,117),(118,107),(134,227),(160,124),
315:(84,229),(216,105),(67,67),(68,90),(91,143),(70,151),(68,26),(87,177),(60,158),(240,98),(235,184),(219,189),(42,167),(233,189),(184,71),(133,44),(210,61),(128,103),(25,143),(134,38),(72,47),(134,108),(211,178),(66,159),(149,177),(185,72),(60,139),(87,84),(159,118),(124,156),(144,210),(230,73),(97,44),(165,148),(173,60),(159,110),(212,33),(198,75),(105,218),(133,156),(242,75),(153,211),(233,73),(57,39),(19,185),(99,96),(154,117),(118,107),(134,227),(160,124),
316:(84,229),(216,105),(67,67),(68,90),(91,143),(70,151),(68,26),(87,177),(60,158),(240,98),(235,184),(219,189),(42,167),(233,189),(184,71),(133,44),(210,60),(128,103),(25,143),(134,38),(72,47),(134,108),(211,178),(66,159),(149,177),(185,72),(60,139),(87,84),(159,118),(124,156),(144,210),(230,73),(97,44),(165,148),(173,60),(159,110),(212,33),(198,75),(105,218),(133,156),(242,75),(153,211),(233,73),(57,39),(19,185),(99,96),(154,117),(118,107),(134,227),(160,124),
317:(84,229),(216,105),(67,67),(68,90),(91,143),(70,151),(68,26),(87,177),(60,158),(240,98),(235,184),(219,189),(42,167),(233,189),(184,71),(133,44),(210,59),(128,103),(25,143),(134,38),(72,47),(134,108),(211,178),(66,159),(149,177),(185,72),(60,139),(87,84),(159,118),(124,156),(144,210),(230,73),(97,44),(165,148),(173,60),(159,110),(212,33),(198,75),(105,218),(133,156),(242,75),(153,211),(233,73),(57,39),(19,185),(99,96),(154,117),(118,107),(134,227),(160,124),
318:(84,229),(216,105),(67,67),(68,90),(91,143),(70,151),(68,26),(87,177),(60,158),(240,98),(235,184),(219,189),(42,167),(233,189),(184,71),(133,44),(211,59),(128,103),(25,143),(134,38),(72,47),(134,108),(211,178),(66,159),(149,177),(185,72),(60,139),(87,84),(159,118),(124,156),(144,210),(230,73),(97,44),(165,148),(173,60),(159,110),(212,33),(198,75),(105,218),(133,156),(242,75),(153,211),(233,73),(57,39),(19,185),(99,96),(154,117),(118,107),(134,227),(160,124),
319:(84,229),(216,105),(67,67),(68,90),(91,143),(70,151),(68,26),(87,177),(60,158),(240,98),(235,184),(219,189),(42,167),(233,189),(184,71),(133,44),(212,59),(128,103),(25,143),(134,38),(72,47),(134,108),(211,178),(66,159),(149,177),(185,72),(60,139),(87,84),(159,118),(124,156),(144,210),(230,73),(97,44),(165,148),(173,60),(159,110),(212,33),(198,75),(105,218),(133,156),(242,75),(153,211),(233,73),(57,39),(19,185),(99,96),(154,117),(118,107),(134,227),(160,124),
320:(84,229),(216,105),(67,67),(68,90),(91,143),(70,151),(68,26),(87,177),(60,158),(240,98),(235,184),(219,189),(42,167),(233,189),(184,71),(133,44),(213,59),(128,103),(25,143),(134,38),(72,47),(134,108),(211,178),(66,159),(149,177),(185,72),(60,139),(87,84),(159,118),(124,156),(144,210),(230,73),(97,44),(165,148),(173,60),(159,110),(212,33),(198,75),(105,218),(133,156),(242,75),(153,211),(233,73),(57,39),(19,185),(99,96),(154,117),(118,107),(134,227),(160,124),
321:(84,229),(216,105),(67,67),(68,90),(91,143),(70,151),(68,26),(87,177),(60,158),(240,98),(235,184),(219,189),(42,167),(233,189),(184,71),(133,44),(214,59),(128,103),(25,143),(134,38),(72,47),(134,108),(211,178),(66,159),(149,177),(185,72),(60,139),(87,84),(159,118),(124,156),(144,210),(230,73),(97,44),(165,148),(173,60),(159,110),(212,33),(198,75),(105,218),(133,156),(242,75),(153,211),(233,73),(57,39),(19,185),(99,96),(154,117),(118,107),(134,227),(160,124),
322:(84,229),(216,105),(67,67),(68,90),(91,143),(70,151),(68,26),(87,177),(60,158),(240,98),(235,184),(219,189),(42,167),(233,189),(184,71),(133,44),(214,58),(128,103),(25,143),(134,38),(72,47),(134,108),(211,178),(66,159),(149,177),(185,72),(60,139),(87,84),(159,118),(124,156),(144,210),(230,73),(97,44),(165,148),(173,60),(159,110),(212,33),(198,75),(105,218),(133,156),(242,75),(153,211),(233,73),(57,39),(19,185),(99,96),(154,117),(118,107),(134,227),(160,124),
323:(84,229),(216,105),(67,67),(68,90),(91,143),(70,151),(68,26),(87,177),(60,158),(240,98),(235,184),(219,189),(42,167),(233,189),(184,71),(133,44),(215,58),(128,103),(25,143),(134,38),(72,47),(134,108),(211,178),(66,159),(149,177),(185,72),(60,139),(87,84),(159,118),(124,156),(144,210),(230,73),(97,44),(165,148),(173,60),(159,110),(212,33),(198,75),(105,218),(133,156),(242,75),(153,211),(233,73),(57,39),(19,185),(99,96),(154,117),(118,107),(134,227),(160,124),
324:(84,229),(216,105),(67,67),(68,90),(91,143),(70,151),(68,26),(87,177),(60,158),(240,98),(235,184),(219,189),(42,167),(233,189),(184,71),(133,44),(215,57),(128,103),(25,143),(134,38),(72,47),(134,108),(211,178),(66,159),(149,177),(185,72),(60,139),(87,84),(159,118),(124,156),(144,210),(230,73),(97,44),(165,148),(173,60),(159,110),(212,33),(198,75),(105,218),(133,156),(242,75),(153,211),(233,73),(57,39),(19,185),(99,96),(154,117),(118,107),(134,227),(160,124),
325:(84,229),(216,105),(67,67),(68,90),(91,143),(70,151),(68,26),(87,177),(60,158),(240,98),(235,184),(219,189),(42,167),(233,189),(184,71),(133,44),(215,56),(128,103),(25,143),(134,38),(72,47),(134,108),(211,178),(66,159),(149,177),(185,72),(60,139),(87,84),(159,118),(124,156),(144,210),(230,73),(97,44),(165,148),(173,60),(159,110),(212,33),(198,75),(105,218),(133,156),(242,75),(153,211),(233,73),(57,39),(19,185),(99,96),(154,117),(118,107),(134,227),(160,124),
326:(84,229),(216,105),(67,67),(68,90),(91,143),(70,151),(68,26),(87,177),(60,158),(240,98),(235,184),(219,189),(42,167),(233,189),(184,71),(133,44),(215,55),(128,103),(25,143),(134,38),(72,47),(134,108),(211,178),(66,159),(149,177),(185,72),(60,139),(87,84),(159,118),(124,156),(144,210),(230,73),(97,44),(165,148),(173,60),(159,110),(212,33),(198,75),(105,218),(133,156),(242,75),(153,211),(233,73),(57,39),(19,185),(99,96),(154,117),(118,107),(134,227),(160,124),
327:(84,229),(216,105),(67,67),(68,90),(91,143),(70,151),(68,26),(87,177),(60,158),(240,98),(235,184),(219,189),(42,167),(233,189),(184,71),(133,44),(216,55),(128,103),(25,143),(134,38),(72,47),(134,108),(211,178),(66,159),(149,177),(185,72),(60,139),(87,84),(159,118),(124,156),(144,210),(230,73),(97,44),(165,148),(173,60),(159,110),(212,33),(198,75),(105,218),(133,156),(242,75),(153,211),(233,73),(57,39),(19,185),(99,96),(154,117),(118,107),(134,227),(160,124),
328:(84,229),(216,105),(67,67),(68,90),(91,143),(70,151),(68,26),(87,177),(60,158),(240,98),(235,184),(219,189),(42,167),(233,189),(184,71),(133,44),(217,55),(128,103),(25,143),(134,38),(72,47),(134,108),(211,178),(66,159),(149,177),(185,72),(60,139),(87,84),(159,118),(124,156),(144,210),(230,73),(97,44),(165,148),(173,60),(159,110),(212,33),(198,75),(105,218),(133,156),(242,75),(153,211),(233,73),(57,39),(19,185),(99,96),(154,117),(118,107),(134,227),(160,124),
329:(84,229),(216,105),(67,67),(68,90),(91,143),(70,151),(68,26),(87,177),(60,158),(240,98),(235,184),(219,189),(42,167),(233,189),(184,71),(133,44),(218,55),(128,103),(25,143),(134,38),(72,47),(134,108),(211,178),(66,159),(149,177),(185,72),(60,139),(87,84),(159,118),(124,156),(144,210),(230,73),(97,44),(165,148),(173,60),(159,110),(212,33),(198,75),(105,218),(133,156),(242,75),(153,211),(233,73),(57,39),(19,185),(99,96),(154,117),(118,107),(134,227),(160,124),
330:(84,229),(216,105),(67,67),(68,90),(91,143),(70,151),(68,26),(87,177),(60,158),(240,98),(235,184),(219,189),(42,167),(233,189),(184,71),(133,44),(219,55),(128,103),(25,143),(134,38),(72,47),(134,108),(211,178),(66,159),(149,177),(185,72),(60,139),(87,84),(159,118),(124,156),(144,210),(230,73),(97,44),(165,148),(173,60),(159,110),(212,33),(198,75),(105,218),(133,156),(242,75),(153,211),(233,73),(57,39),(19,185),(99,96),(154,117),(118,107),(134,227),(160,124),
331:(84,229),(216,105),(67,67),(68,90),(91,143),(70,151),(68,26),(87,177),(60,158),(240,98),(235,184),(219,189),(42,167),(233,189),(184,71),(133,44),(220,55),(128,103),(25,143),(134,38),(72,47),(134,108),(211,178),(66,159),(149,177),(185,72),(60,139),(87,84),(159,118),(124,156),(144,210),(230,73),(97,44),(165,148),(173,60),(159,110),(212,33),(198,75),(105,218),(133,156),(242,75),(153,211),(233,73),(57,39),(19,185),(99,96),(154,117),(118,107),(134,227),(160,124),
332:(84,229),(216,105),(67,67),(68,90),(91,143),(70,151),(68,26),(87,177),(60,158),(240,98),(235,184),(219,189),(42,167),(233,189),(184,71),(133,44),(221,55),(128,103),(25,143),(134,38),(72,47),(134,108),(211,178),(66,159),(149,177),(185,72),(60,139),(87,84),(159,118),(124,156),(144,210),(230,73),(97,44),(165,148),(173,60),(159,110),(212,33),(198,75),(105,218),(133,156),(242,75),(153,211),(233,73),(57,39),(19,185),(99,96),(154,117),(118,107),(134,227),(160,124),
333:(84,229),(216,105),(67,67),(68,90),(91,143),(70,151),(68,26),(87,177),(60,158),(240,98),(235,184),(219,189),(42,167),(233,189),(184,71),(133,44),(222,55),(128,103),(25,143),(134,38),(72,47),(134,108),(211,178),(66,159),(149,177),(185,72),(60,139),(87,84),(159,118),(124,156),(144,210),(230,73),(97,44),(165,148),(173,60),(159,110),(212,33),(198,75),(105,218),(133,156),(242,75),(153,211),(233,73),(57,39),(19,185),(99,96),(154,117),(118,107),(134,227),(160,124),
334:(84,229),(216,105),(67,67),(68,90),(91,143),(70,151),(68,26),(87,177),(60,158),(240,98),(235,184),(219,189),(42,167),(233,189),(184,71),(133,44),(223,55),(128,103),(25,143),(134,38),(72,47),(134,108),(211,178),(66,159),(149,177),(185,72),(60,139),(87,84),(159,118),(124,156),(144,210),(230,73),(97,44),(165,148),(173,60),(159,110),(212,33),(198,75),(105,218),(133,156),(242,75),(153,211),(233,73),(57,39),(19,185),(99,96),(154,117),(118,107),(134,227),(160,124),
335:(84,229),(216,105),(67,67),(68,90),(91,143),(70,151),(68,26),(87,177),(60,158),(240,98),(235,184),(219,189),(42,167),(233,189),(184,71),(133,44),(224,55),(128,103),(25,143),(134,38),(72,47),(134,108),(211,178),(66,159),(149,177),(185,72),(60,139),(87,84),(159,118),(124,156),(144,210),(230,73),(97,44),(165,148),(173,60),(159,110),(212,33),(198,75),(105,218),(133,156),(242,75),(153,211),(233,73),(57,39),(19,185),(99,96),(154,117),(118,107),(134,227),(160,124),
336:(84,229),(216,105),(67,67),(68,90),(91,143),(70,151),(68,26),(87,177),(60,158),(240,98),(235,184),(219,189),(42,167),(233,189),(184,71),(133,44),(225,55),(128,103),(25,143),(134,38),(72,47),(134,108),(211,178),(66,159),(149,177),(185,72),(60,139),(87,84),(159,118),(124,156),(144,210),(230,73),(97,44),(165,148),(173,60),(159,110),(212,33),(198,75),(105,218),(133,156),(242,75),(153,211),(233,73),(57,39),(19,185),(99,96),(154,117),(118,107),(134,227),(160,124),
337:(84,229),(216,105),(67,67),(68,90),(91,143),(70,151),(68,26),(87,177),(60,158),(240,98),(235,184),(219,189),(42,167),(233,189),(184,71),(133,44),(226,55),(128,103),(25,143),(134,38),(72,47),(134,108),(211,178),(66,159),(149,177),(185,72),(60,139),(87,84),(159,118),(124,156),(144,210),(230,73),(97,44),(165,148),(173,60),(159,110),(212,33),(198,75),(105,218),(133,156),(242,75),(153,211),(233,73),(57,39),(19,185),(99,96),(154,117),(118,107),(134,227),(160,124),
338:(84,229),(216,105),(67,67),(68,90),(91,143),(70,151),(68,26),(87,177),(60,158),(240,98),(235,184),(219,189),(42,167),(233,189),(184,71),(133,44),(227,55),(128,103),(25,143),(134,38),(72,47),(134,108),(211,178),(66,159),(149,177),(185,72),(60,139),(87,84),(159,118),(124,156),(144,210),(230,73),(97,44),(165,148),(173,60),(159,110),(212,33),(198,75),(105,218),(133,156),(242,75),(153,211),(233,73),(57,39),(19,185),(99,96),(154,117),(118,107),(134,227),(160,124),
339:(84,229),(216,105),(67,67),(68,90),(91,143),(70,151),(68,26),(87,177),(60,158),(240,98),(235,184),(219,189),(42,167),(233,189),(184,71),(133,44),(228,55),(128,103),(25,143),(134,38),(72,47),(134,108),(211,178),(66,159),(149,177),(185,72),(60,139),(87,84),(159,118),(124,156),(144,210),(230,73),(97,44),(165,148),(173,60),(159,110),(212,33),(198,75),(105,218),(133,156),(242,75),(153,211),(233,73),(57,39),(19,185),(99,96),(154,117),(118,107),(134,227),(160,124),
340:(84,229),(216,105),(67,67),(68,90),(91,143),(70,151),(68,26),(87,177),(60,158),(240,98),(235,184),(219,189),(42,167),(233,189),(184,71),(133,44),(229,55),(128,103),(25,143),(134,38),(72,47),(134,108),(211,178),(66,159),(149,177),(185,72),(60,139),(87,84),(159,118),(124,156),(144,210),(230,73),(97,44),(165,148),(173,60),(159,110),(212,33),(198,75),(105,218),(133,156),(242,75),(153,211),(233,73),(57,39),(19,185),(99,96),(154,117),(118,107),(134,227),(160,124),
341:(84,229),(216,105),(67,67),(68,90),(91,143),(70,151),(68,26),(87,177),(60,158),(240,98),(235,184),(219,189),(42,167),(233,189),(184,71),(133,44),(230,55),(128,103),(25,143),(134,38),(72,47),(134,108),(211,178),(66,159),(149,177),(185,72),(60,139),(87,84),(159,118),(124,156),(144,210),(230,73),(97,44),(165,148),(173,60),(159,110),(212,33),(198,75),(105,218),(133,156),(242,75),(153,211),(233,73),(57,39),(19,185),(99,96),(154,117),(118,107),(134,227),(160,124),
342:(84,229),(216,105),(67,67),(68,90),(91,143),(70,151),(68,26),(87,177),(60,158),(240,98),(235,184),(219,189),(42,167),(233,189),(184,71),(133,44),(231,55),(128,103),(25,143),(134,38),(72,47),(134,108),(211,178),(66,159),(149,177),(185,72),(60,139),(87,84),(159,118),(124,156),(144,210),(230,73),(97,44),(165,148),(173,60),(159,110),(212,33),(198,75),(105,218),(133,156),(242,75),(153,211),(233,73),(57,39),(19,185),(99,96),(154,117),(118,107),(134,227),(160,124),
343:(84,229),(216,105),(67,67),(68,90),(91,143),(70,151),(68,26),(87,177),(60,158),(240,98),(235,184),(219,189),(42,167),(233,189),(184,71),(133,44),(231,54),(128,103),(25,143),(134,38),(72,47),(134,108),(211,178),(66,159),(149,177),(185,72),(60,139),(87,84),(159,118),(124,156),(144,210),(230,73),(97,44),(165,148),(173,60),(159,110),(212,33),(198,75),(105,218),(133,156),(242,75),(153,211),(233,73),(57,39),(19,185),(99,96),(154,117),(118,107),(134,227),(160,124),
344:(84,229),(216,105),(67,67),(68,90),(91,143),(70,151),(68,26),(87,177),(60,158),(240,98),(235,184),(219,189),(42,167),(233,189),(184,71),(133,44),(232,54),(128,103),(25,143),(134,38),(72,47),(134,108),(211,178),(66,159),(149,177),(185,72),(60,139),(87,84),(159,118),(124,156),(144,210),(230,73),(97,44),(165,148),(173,60),(159,110),(212,33),(198,75),(105,218),(133,156),(242,75),(153,211),(233,73),(57,39),(19,185),(99,96),(154,117),(118,107),(134,227),(160,124),
345:(84,229),(216,105),(67,67),(68,90),(91,143),(70,151),(68,26),(87,177),(60,158),(240,98),(235,184),(219,189),(42,167),(233,189),(184,71),(133,44),(232,53),(128,103),(25,143),(134,38),(72,47),(134,108),(211,178),(66,159),(149,177),(185,72),(60,139),(87,84),(159,118),(124,156),(144,210),(230,73),(97,44),(165,148),(173,60),(159,110),(212,33),(198,75),(105,218),(133,156),(242,75),(153,211),(233,73),(57,39),(19,185),(99,96),(154,117),(118,107),(134,227),(160,124),
346:(84,229),(216,105),(67,67),(68,90),(91,143),(70,151),(68,26),(87,177),(60,158),(240,98),(235,184),(219,189),(42,167),(233,189),(184,71),(133,44),(233,53),(128,103),(25,143),(134,38),(72,47),(134,108),(211,178),(66,159),(149,177),(185,72),(60,139),(87,84),(159,118),(124,156),(144,210),(230,73),(97,44),(165,148),(173,60),(159,110),(212,33),(198,75),(105,218),(133,156),(242,75),(153,211),(233,73),(57,39),(19,185),(99,96),(154,117),(118,107),(134,227),(160,124),
347:(84,229),(216,105),(67,67),(68,90),(91,143),(70,151),(68,26),(87,177),(60,158),(240,98),(235,184),(219,189),(42,167),(233,189),(184,71),(133,44),(234,53),(128,103),(25,143),(134,38),(72,47),(134,108),(211,178),(66,159),(149,177),(185,72),(60,139),(87,84),(159,118),(124,156),(144,210),(230,73),(97,44),(165,148),(173,60),(159,110),(212,33),(198,75),(105,218),(133,156),(242,75),(153,211),(233,73),(57,39),(19,185),(99,96),(154,117),(118,107),(134,227),(160,124),
348:(84,229),(216,105),(67,67),(68,90),(91,143),(70,151),(68,26),(87,177),(60,158),(240,98),(235,184),(219,189),(42,167),(233,189),(184,71),(133,44),(235,53),(128,103),(25,143),(134,38),(72,47),(134,108),(211,178),(66,159),(149,177),(185,72),(60,139),(87,84),(159,118),(124,156),(144,210),(230,73),(97,44),(165,148),(173,60),(159,110),(212,33),(198,75),(105,218),(133,156),(242,75),(153,211),(233,73),(57,39),(19,185),(99,96),(154,117),(118,107),(134,227),(160,124),
349:(84,229),(216,105),(67,67),(68,90),(91,143),(70,151),(68,26),(87,177),(60,158),(240,98),(235,184),(219,189),(42,167),(233,189),(184,71),(133,44),(236,53),(128,103),(25,143),(134,38),(72,47),(134,108),(211,178),(66,159),(149,177),(185,72),(60,139),(87,84),(159,118),(124,156),(144,210),(230,73),(97,44),(165,148),(173,60),(159,110),(212,33),(198,75),(105,218),(133,156),(242,75),(153,211),(233,73),(57,39),(19,185),(99,96),(154,117),(118,107),(134,227),(160,124),
350:(84,229),(216,105),(67,67),(68,90),(91,143),(70,151),(68,26),(87,177),(60,158),(240,98),(235,184),(219,189),(42,167),(233,189),(184,71),(133,44),(237,53),(128,103),(25,143),(134,38),(72,47),(134,108),(211,178),(66,159),(149,177),(185,72),(60,139),(87,84),(159,118),(124,156),(144,210),(230,73),(97,44),(165,148),(173,60),(159,110),(212,33),(198,75),(105,218),(133,156),(242,75),(153,211),(233,73),(57,39),(19,185),(99,96),(154,117),(118,107),(134,227),(160,124),
351:(84,229),(216,105),(67,67),(68,90),(91,143),(70,151),(68,26),(87,177),(60,158),(240,98),(235,184),(219,189),(42,167),(233,189),(184,71),(133,44),(238,53),(128,103),(25,143),(134,38),(72,47),(134,108),(211,178),(66,159),(149,177),(185,72),(60,139),(87,84),(159,118),(124,156),(144,210),(230,73),(97,44),(165,148),(173,60),(159,110),(212,33),(198,75),(105,218),(133,156),(242,75),(153,211),(233,73),(57,39),(19,185),(99,96),(154,117),(118,107),(134,227),(160,124),
352:(84,229),(216,105),(67,67),(68,90),(91,143),(70,151),(68,26),(87,177),(60,158),(240,98),(235,184),(219,189),(42,167),(233,189),(184,71),(133,44),(238,52),(128,103),(25,143),(134,38),(72,47),(134,108),(211,178),(66,159),(149,177),(185,72),(60,139),(87,84),(159,118),(124,156),(144,210),(230,73),(97,44),(165,148),(173,60),(159,110),(212,33),(198,75),(105,218),(133,156),(242,75),(153,211),(233,73),(57,39),(19,185),(99,96),(154,117),(118,107),(134,227),(160,124),
353:(84,229),(216,105),(67,67),(68,90),(91,143),(70,151),(68,26),(87,177),(60,158),(240,98),(235,184),(219,189),(42,167),(233,189),(184,71),(133,44),(239,52),(128,103),(25,143),(134,38),(72,47),(134,108),(211,178),(66,159),(149,177),(185,72),(60,139),(87,84),(159,118),(124,156),(144,210),(230,73),(97,44),(165,148),(173,60),(159,110),(212,33),(198,75),(105,218),(133,156),(242,75),(153,211),(233,73),(57,39),(19,185),(99,96),(154,117),(118,107),(134,227),(160,124),
354:(84,229),(216,105),(67,67),(68,90),(91,143),(70,151),(68,26),(87,177),(60,158),(240,98),(235,184),(219,189),(42,167),(233,189),(184,71),(133,44),(240,52),(128,103),(25,143),(134,38),(72,47),(134,108),(211,178),(66,159),(149,177),(185,72),(60,139),(87,84),(159,118),(124,156),(144,210),(230,73),(97,44),(165,148),(173,60),(159,110),(212,33),(198,75),(105,218),(133,156),(242,75),(153,211),(233,73),(57,39),(19,185),(99,96),(154,117),(118,107),(134,227),(160,124),
355:(84,229),(216,105),(67,67),(68,90),(91,143),(70,151),(68,26),(87,177),(60,158),(240,98),(235,184),(219,189),(42,167),(233,189),(184,71),(133,44),(240,51),(128,103),(25,143),(134,38),(72,47),(134,108),(211,178),(66,159),(149,177),(185,72),(60,139),(87,84),(159,118),(124,156),(144,210),(230,73),(97,44),(165,148),(173,60),(159,110),(212,33),(198,75),(105,218),(133,156),(242,75),(153,211),(233,73),(57,39),(19,185),(99,96),(154,117),(118,107),(134,227),(160,124),
356:(84,229),(216,105),(67,67),(68,90),(91,143),(70,151),(68,26),(87,177),(60,158),(240,98),(235,184),(219,189),(42,167),(233,189),(184,71),(133,44),(240,50),(128,103),(25,143),(134,38),(72,47),(134,108),(211,178),(66,159),(149,177),(185,72),(60,139),(87,84),(159,118),(124,156),(144,210),(230,73),(97,44),(165,148),(173,60),(159,110),(212,33),(198,75),(105,218),(133,156),(242,75),(153,211),(233,73),(57,39),(19,185),(99,96),(154,117),(118,107),(134,227),(160,124),
357:(84,229),(216,105),(67,67),(68,90),(91,143),(70,151),(68,26),(87,177),(60,158),(240,98),(235,184),(219,189),(42,167),(233,189),(184,71),(133,44),(240,49),(128,103),(25,143),(134,38),(72,47),(134,108),(211,178),(66,159),(149,177),(185,72),(60,139),(87,84),(159,118),(124,156),(144,210),(230,73),(97,44),(165,148),(173,60),(159,110),(212,33),(198,75),(105,218),(133,156),(242,75),(153,211),(233,73),(57,39),(19,185),(99,96),(154,117),(118,107),(134,227),(160,124),
358:(84,229),(216,105),(67,67),(68,90),(91,143),(70,151),(68,26),(87,177),(60,158),(240,98),(235,184),(219,189),(42,167),(233,189),(184,71),(133,44),(240,48),(128,103),(25,143),(134,38),(72,47),(134,108),(211,178),(66,159),(149,177),(185,72),(60,139),(87,84),(159,118),(124,156),(144,210),(230,73),(97,44),(165,148),(173,60),(159,110),(212,33),(198,75),(105,218),(133,156),(242,75),(153,211),(233,73),(57,39),(19,185),(99,96),(154,117),(118,107),(134,227),(160,124),
359:(84,229),(216,105),(67,67),(68,90),(91,143),(70,151),(68,26),(87,177),(60,158),(240,98),(235,184),(219,189),(42,167),(233,189),(184,71),(133,44),(240,47),(128,103),(25,143),(134,38),(72,47),(134,108),(211,178),(66,159),(149,177),(185,72),(60,139),(87,84),(159,118),(124,156),(144,210),(230,73),(97,44),(165,148),(173,60),(159,110),(212,33),(198,75),(105,218),(133,156),(242,75),(153,211),(233,73),(57,39),(19,185),(99,96),(154,117),(118,107),(134,227),(160,124),
360:(84,229),(216,105),(67,67),(68,90),(91,143),(70,151),(68,26),(87,177),(60,158),(240,98),(235,184),(219,189),(42,167),(233,189),(184,71),(133,44),(240,46),(128,103),(25,143),(134,38),(72,47),(134,108),(211,178),(66,159),(149,177),(185,72),(60,139),(87,84),(159,118),(124,156),(144,210),(230,73),(97,44),(165,148),(173,60),(159,110),(212,33),(198,75),(105,218),(133,156),(242,75),(153,211),(233,73),(57,39),(19,185),(99,96),(154,117),(118,107),(134,227),(160,124),
361:(84,229),(216,105),(67,67),(68,90),(91,143),(70,151),(68,26),(87,177),(60,158),(240,98),(235,184),(219,189),(42,167),(233,189),(184,71),(133,44),(240,45),(128,103),(25,143),(134,38),(72,47),(134,108),(211,178),(66,159),(149,177),(185,72),(60,139),(87,84),(159,118),(124,156),(144,210),(230,73),(97,44),(165,148),(173,60),(159,110),(212,33),(198,75),(105,218),(133,156),(242,75),(153,211),(233,73),(57,39),(19,185),(99,96),(154,117),(118,107),(134,227),(160,124),
362:(84,229),(216,105),(67,67),(68,90),(91,143),(70,151),(68,26),(87,177),(60,158),(240,98),(235,184),(219,189),(42,167),(233,189),(184,71),(133,44),(240,44),(128,103),(25,143),(134,38),(72,47),(134,108),(211,178),(66,159),(149,177),(185,72),(60,139),(87,84),(159,118),(124,156),(144,210),(230,73),(97,44),(165,148),(173,60),(159,110),(212,33),(198,75),(105,218),(133,156),(242,75),(153,211),(233,73),(57,39),(19,185),(99,96),(154,117),(118,107),(134,227),(160,124),
363:(84,229),(216,105),(67,67),(68,90),(91,143),(70,151),(68,26),(87,177),(60,158),(240,98),(235,184),(219,189),(42,167),(233,189),(184,71),(133,44),(241,44),(128,103),(25,143),(134,38),(72,47),(134,108),(211,178),(66,159),(149,177),(185,72),(60,139),(87,84),(159,118),(124,156),(144,210),(230,73),(97,44),(165,148),(173,60),(159,110),(212,33),(198,75),(105,218),(133,156),(242,75),(153,211),(233,73),(57,39),(19,185),(99,96),(154,117),(118,107),(134,227),(160,124),
364:(84,229),(216,105),(67,67),(68,90),(91,143),(70,151),(68,26),(87,177),(60,158),(240,98),(235,184),(219,189),(42,167),(233,189),(184,71),(133,44),(242,44),(128,103),(25,143),(134,38),(72,47),(134,108),(211,178),(66,159),(149,177),(185,72),(60,139),(87,84),(159,118),(124,156),(144,210),(230,73),(97,44),(165,148),(173,60),(159,110),(212,33),(198,75),(105,218),(133,156),(242,75),(153,211),(233,73),(57,39),(19,185),(99,96),(154,117),(118,107),(134,227),(160,124),
365:(84,229),(216,105),(67,67),(68,90),(91,143),(70,151),(68,26),(87,177),(60,158),(240,98),(235,184),(219,189),(42,167),(233,189),(184,71),(133,44),(243,44),(128,103),(25,143),(134,38),(72,47),(134,108),(211,178),(66,159),(149,177),(185,72),(60,139),(87,84),(159,118),(124,156),(144,210),(230,73),(97,44),(165,148),(173,60),(159,110),(212,33),(198,75),(105,218),(133,156),(242,75),(153,211),(233,73),(57,39),(19,185),(99,96),(154,117),(118,107),(134,227),(160,124),
366:(84,229),(216,105),(67,67),(68,90),(91,143),(70,151),(68,26),(87,177),(60,158),(240,98),(235,184),(219,189),(42,167),(233,189),(184,71),(133,44),(244,44),(128,103),(25,143),(134,38),(72,47),(134,108),(211,178),(66,159),(149,177),(185,72),(60,139),(87,84),(159,118),(124,156),(144,210),(230,73),(97,44),(165,148),(173,60),(159,110),(212,33),(198,75),(105,218),(133,156),(242,75),(153,211),(233,73),(57,39),(19,185),(99,96),(154,117),(118,107),(134,227),(160,124),
367:(84,229),(216,105),(67,67),(68,90),(91,143),(70,151),(68,26),(87,177),(60,158),(240,98),(235,184),(219,189),(42,167),(233,189),(184,71),(133,44),(245,44),(128,103),(25,143),(134,38),(72,47),(134,108),(211,178),(66,159),(149,177),(185,72),(60,139),(87,84),(159,118),(124,156),(144,210),(230,73),(97,44),(165,148),(173,60),(159,110),(212,33),(198,75),(105,218),(133,156),(242,75),(153,211),(233,73),(57,39),(19,185),(99,96),(154,117),(118,107),(134,227),(160,124),
368:(84,229),(216,105),(67,67),(68,90),(91,143),(70,151),(68,26),(87,177),(60,158),(240,98),(235,184),(219,189),(42,167),(233,189),(184,71),(133,44),(246,44),(128,103),(25,143),(134,38),(72,47),(134,108),(211,178),(66,159),(149,177),(185,72),(60,139),(87,84),(159,118),(124,156),(144,210),(230,73),(97,44),(165,148),(173,60),(159,110),(212,33),(198,75),(105,218),(133,156),(242,75),(153,211),(233,73),(57,39),(19,185),(99,96),(154,117),(118,107),(134,227),(160,124),
369:(84,229),(216,105),(67,67),(68,90),(91,143),(70,151),(68,26),(87,177),(60,158),(240,98),(235,184),(219,189),(42,167),(233,189),(184,71),(133,44),(247,44),(128,103),(25,143),(134,38),(72,47),(134,108),(211,178),(66,159),(149,177),(185,72),(60,139),(87,84),(159,118),(124,156),(144,210),(230,73),(97,44),(165,148),(173,60),(159,110),(212,33),(198,75),(105,218),(133,156),(242,75),(153,211),(233,73),(57,39),(19,185),(99,96),(154,117),(118,107),(134,227),(160,124),
370:(84,229),(216,105),(67,67),(68,90),(91,143),(70,151),(68,26),(87,177),(60,158),(240,98),(235,184),(219,189),(42,167),(233,189),(184,71),(133,44),(248,44),(128,103),(25,143),(134,38),(72,47),(134,108),(211,178),(66,159),(149,177),(185,72),(60,139),(87,84),(159,118),(124,156),(144,210),(230,73),(97,44),(165,148),(173,60),(159,110),(212,33),(198,75),(105,218),(133,156),(242,75),(153,211),(233,73),(57,39),(19,185),(99,96),(154,117),(118,107),(134,227),(160,124),
371:(84,229),(216,105),(67,67),(68,90),(91,143),(70,151),(68,26),(87,177),(60,158),(240,98),(235,184),(219,189),(42,167),(233,189),(184,71),(133,44),(249,44),(128,103),(25,143),(134,38),(72,47),(134,108),(211,178),(66,159),(149,177),(185,72),(60,139),(87,84),(159,118),(124,156),(144,210),(230,73),(97,44),(165,148),(173,60),(159,110),(212,33),(198,75),(105,218),(133,156),(242,75),(153,211),(233,73),(57,39),(19,185),(99,96),(154,117),(118,107),(134,227),(160,124),
372:(84,229),(216,105),(67,67),(68,90),(91,143),(70,151),(68,26),(87,177),(60,158),(240,98),(235,184),(219,189),(42,167),(233,189),(184,71),(133,44),(250,44),(128,103),(25,143),(134,38),(72,47),(134,108),(211,178),(66,159),(149,177),(185,72),(60,139),(87,84),(159,118),(124,156),(144,210),(230,73),(97,44),(165,148),(173,60),(159,110),(212,33),(198,75),(105,218),(133,156),(242,75),(153,211),(233,73),(57,39),(19,185),(99,96),(154,117),(118,107),(134,227),(160,124),
373:(84,229),(216,105),(67,67),(68,90),(91,143),(70,151),(68,26),(87,177),(60,158),(240,98),(235,184),(219,189),(42,167),(233,189),(184,71),(133,44),(251,44),(128,103),(25,143),(134,38),(72,47),(134,108),(211,178),(66,159),(149,177),(185,72),(60,139),(87,84),(159,118),(124,156),(144,210),(230,73),(97,44),(165,148),(173,60),(159,110),(212,33),(198,75),(105,218),(133,156),(242,75),(153,211),(233,73),(57,39),(19,185),(99,96),(154,117),(118,107),(134,227),(160,124),
374:(84,229),(216,105),(67,67),(68,90),(91,143),(70,151),(68,26),(87,177),(60,158),(240,98),(235,184),(219,189),(42,167),(233,189),(184,71),(133,44),(252,44),(128,103),(25,143),(134,38),(72,47),(134,108),(211,178),(66,159),(149,177),(185,72),(60,139),(87,84),(159,118),(124,156),(144,210),(230,73),(97,44),(165,148),(173,60),(159,110),(212,33),(198,75),(105,218),(133,156),(242,75),(153,211),(233,73),(57,39),(19,185),(99,96),(154,117),(118,107),(134,227),(160,124),
