agents,map_file,solver,solved,soc,lb_soc,makespan,lb_makespan,comp_time,Opti_Deadline,Scenario_File
20,den520d.map,PIBT,1,4336,4331,374,374,13,0,den520d-random-17.scen
20,den520d.map,PIBT,1,4529,4331,374,374,14,1,den520d-random-17.scen
20,den520d.map,PIBT,1,4529,4331,374,374,16,4,den520d-random-17.scen
20,den520d.map,PIBT,1,4529,4331,374,374,14,16,den520d-random-17.scen
20,den520d.map,PIBT,1,4529,4331,374,374,15,64,den520d-random-17.scen
20,den520d.map,PIBT,1,4529,4331,374,374,13,256,den520d-random-17.scen
20,den520d.map,PIBTOLD,1,4336,4331,374,374,13,0,den520d-random-17.scen
140,den520d.map,PIBT,1,26667,25347,394,394,102,0,den520d-random-17.scen
140,den520d.map,PIBT,1,26900,25347,394,394,98,1,den520d-random-17.scen
140,den520d.map,PIBT,1,26900,25347,394,394,105,4,den520d-random-17.scen
140,den520d.map,PIBT,1,26900,25347,394,394,98,16,den520d-random-17.scen
140,den520d.map,PIBT,1,26900,25347,394,394,106,64,den520d-random-17.scen
140,den520d.map,PIBT,1,26900,25347,394,394,103,256,den520d-random-17.scen
140,den520d.map,PIBTOLD,1,26667,25347,394,394,91,0,den520d-random-17.scen
260,den520d.map,PIBT,1,53957,48546,404,404,198,0,den520d-random-17.scen
260,den520d.map,PIBT,1,53369,48546,404,404,198,1,den520d-random-17.scen
260,den520d.map,PIBT,1,53369,48546,404,404,200,4,den520d-random-17.scen
260,den520d.map,PIBT,1,53369,48546,404,404,206,16,den520d-random-17.scen
260,den520d.map,PIBT,1,53369,48546,404,404,205,64,den520d-random-17.scen
260,den520d.map,PIBT,1,53369,48546,404,404,195,256,den520d-random-17.scen
260,den520d.map,PIBTOLD,1,53957,48546,404,404,162,0,den520d-random-17.scen
380,den520d.map,PIBT,1,80144,70039,404,404,317,0,den520d-random-17.scen
380,den520d.map,PIBT,1,79218,70039,404,404,315,1,den520d-random-17.scen
380,den520d.map,PIBT,1,78764,70039,404,404,320,4,den520d-random-17.scen
380,den520d.map,PIBT,1,78848,70039,404,404,351,16,den520d-random-17.scen
380,den520d.map,PIBT,1,78848,70039,404,404,338,64,den520d-random-17.scen
380,den520d.map,PIBT,1,78848,70039,404,404,356,256,den520d-random-17.scen
380,den520d.map,PIBTOLD,1,80144,70039,404,404,270,0,den520d-random-17.scen
500,den520d.map,PIBT,1,108455,92637,404,404,441,0,den520d-random-17.scen
500,den520d.map,PIBT,1,106970,92637,408,404,486,1,den520d-random-17.scen
500,den520d.map,PIBT,1,107911,92637,405,404,552,4,den520d-random-17.scen
500,den520d.map,PIBT,1,107229,92637,404,404,793,16,den520d-random-17.scen
500,den520d.map,PIBT,1,108172,92637,406,404,1534,64,den520d-random-17.scen
500,den520d.map,PIBT,1,107382,92637,406,404,2117,256,den520d-random-17.scen
500,den520d.map,PIBTOLD,1,108455,92637,404,404,343,0,den520d-random-17.scen
620,den520d.map,PIBT,1,134965,112829,405,405,566,0,den520d-random-17.scen
620,den520d.map,PIBT,1,133654,112829,414,405,611,1,den520d-random-17.scen
620,den520d.map,PIBT,1,133629,112829,408,405,749,4,den520d-random-17.scen
620,den520d.map,PIBT,1,133932,112829,406,405,1057,16,den520d-random-17.scen
620,den520d.map,PIBT,1,134259,112829,405,405,2240,64,den520d-random-17.scen
620,den520d.map,PIBT,1,133569,112829,418,405,4416,256,den520d-random-17.scen
620,den520d.map,PIBTOLD,1,134965,112829,405,405,429,0,den520d-random-17.scen
740,den520d.map,PIBT,1,161627,133593,405,405,734,0,den520d-random-17.scen
740,den520d.map,PIBT,1,160446,133593,407,405,793,1,den520d-random-17.scen
740,den520d.map,PIBT,1,161806,133593,411,405,1012,4,den520d-random-17.scen
740,den520d.map,PIBT,1,160671,133593,406,405,1621,16,den520d-random-17.scen
740,den520d.map,PIBT,1,159976,133593,409,405,3671,64,den520d-random-17.scen
740,den520d.map,PIBT,1,161647,133593,405,405,12643,256,den520d-random-17.scen
740,den520d.map,PIBTOLD,1,161627,133593,405,405,522,0,den520d-random-17.scen
860,den520d.map,PIBT,1,193113,155263,413,413,932,0,den520d-random-17.scen
860,den520d.map,PIBT,1,191035,155263,416,413,993,1,den520d-random-17.scen
860,den520d.map,PIBT,1,190817,155263,415,413,1260,4,den520d-random-17.scen
860,den520d.map,PIBT,1,191477,155263,413,413,2199,16,den520d-random-17.scen
860,den520d.map,PIBT,1,190533,155263,413,413,5367,64,den520d-random-17.scen
860,den520d.map,PIBT,1,190557,155263,415,413,21179,256,den520d-random-17.scen
860,den520d.map,PIBTOLD,1,193113,155263,413,413,617,0,den520d-random-17.scen
980,den520d.map,PIBT,1,222466,177765,413,413,1058,0,den520d-random-17.scen
980,den520d.map,PIBT,1,222720,177765,413,413,1150,1,den520d-random-17.scen
980,den520d.map,PIBT,1,222384,177765,413,413,1509,4,den520d-random-17.scen
980,den520d.map,PIBT,1,222861,177765,413,413,2847,16,den520d-random-17.scen
980,den520d.map,PIBT,1,222875,177765,414,413,7737,64,den520d-random-17.scen
980,den520d.map,PIBT,1,222187,177765,413,413,21699,256,den520d-random-17.scen
980,den520d.map,PIBTOLD,1,222466,177765,413,413,701,0,den520d-random-17.scen
20,den520d.map,PIBT,1,4336,4331,374,374,14,0,den520d-random-2.scen
20,den520d.map,PIBT,1,4529,4331,374,374,16,1,den520d-random-2.scen
20,den520d.map,PIBT,1,4529,4331,374,374,14,4,den520d-random-2.scen
20,den520d.map,PIBT,1,4529,4331,374,374,17,16,den520d-random-2.scen
20,den520d.map,PIBT,1,4529,4331,374,374,14,64,den520d-random-2.scen
20,den520d.map,PIBT,1,4529,4331,374,374,14,256,den520d-random-2.scen
20,den520d.map,PIBTOLD,1,4336,4331,374,374,15,0,den520d-random-2.scen
140,den520d.map,PIBT,1,26667,25347,394,394,108,0,den520d-random-2.scen
140,den520d.map,PIBT,1,26900,25347,394,394,104,1,den520d-random-2.scen
140,den520d.map,PIBT,1,26900,25347,394,394,105,4,den520d-random-2.scen
140,den520d.map,PIBT,1,26900,25347,394,394,108,16,den520d-random-2.scen
140,den520d.map,PIBT,1,26900,25347,394,394,106,64,den520d-random-2.scen
140,den520d.map,PIBT,1,26900,25347,394,394,102,256,den520d-random-2.scen
140,den520d.map,PIBTOLD,1,26667,25347,394,394,90,0,den520d-random-2.scen
260,den520d.map,PIBT,1,53957,48546,404,404,198,0,den520d-random-2.scen
260,den520d.map,PIBT,1,53369,48546,404,404,207,1,den520d-random-2.scen
260,den520d.map,PIBT,1,53369,48546,404,404,204,4,den520d-random-2.scen
260,den520d.map,PIBT,1,53369,48546,404,404,201,16,den520d-random-2.scen
260,den520d.map,PIBT,1,53369,48546,404,404,209,64,den520d-random-2.scen
260,den520d.map,PIBT,1,53369,48546,404,404,208,256,den520d-random-2.scen
260,den520d.map,PIBTOLD,1,53957,48546,404,404,185,0,den520d-random-2.scen
380,den520d.map,PIBT,1,80144,70039,404,404,312,0,den520d-random-2.scen
380,den520d.map,PIBT,1,78625,70039,404,404,314,1,den520d-random-2.scen
380,den520d.map,PIBT,1,79362,70039,404,404,314,4,den520d-random-2.scen
380,den520d.map,PIBT,1,78848,70039,404,404,339,16,den520d-random-2.scen
380,den520d.map,PIBT,1,78848,70039,404,404,336,64,den520d-random-2.scen
380,den520d.map,PIBT,1,78848,70039,404,404,341,256,den520d-random-2.scen
380,den520d.map,PIBTOLD,1,80144,70039,404,404,262,0,den520d-random-2.scen
500,den520d.map,PIBT,1,108455,92637,404,404,456,0,den520d-random-2.scen
500,den520d.map,PIBT,1,107612,92637,405,404,474,1,den520d-random-2.scen
500,den520d.map,PIBT,1,106882,92637,404,404,514,4,den520d-random-2.scen
500,den520d.map,PIBT,1,107439,92637,404,404,759,16,den520d-random-2.scen
500,den520d.map,PIBT,1,107007,92637,406,404,1769,64,den520d-random-2.scen
500,den520d.map,PIBT,1,107578,92637,406,404,2028,256,den520d-random-2.scen
500,den520d.map,PIBTOLD,1,108455,92637,404,404,351,0,den520d-random-2.scen
620,den520d.map,PIBT,1,134965,112829,405,405,572,0,den520d-random-2.scen
620,den520d.map,PIBT,1,133989,112829,414,405,628,1,den520d-random-2.scen
620,den520d.map,PIBT,1,133951,112829,410,405,742,4,den520d-random-2.scen
620,den520d.map,PIBT,1,134029,112829,410,405,1116,16,den520d-random-2.scen
620,den520d.map,PIBT,1,134563,112829,405,405,3141,64,den520d-random-2.scen
620,den520d.map,PIBT,1,133251,112829,407,405,10707,256,den520d-random-2.scen
620,den520d.map,PIBTOLD,1,134965,112829,405,405,415,0,den520d-random-2.scen
740,den520d.map,PIBT,1,161627,133593,405,405,711,0,den520d-random-2.scen
740,den520d.map,PIBT,1,160479,133593,408,405,782,1,den520d-random-2.scen
740,den520d.map,PIBT,1,160633,133593,407,405,964,4,den520d-random-2.scen
740,den520d.map,PIBT,1,160529,133593,407,405,1741,16,den520d-random-2.scen
740,den520d.map,PIBT,1,160557,133593,406,405,3867,64,den520d-random-2.scen
740,den520d.map,PIBT,1,160959,133593,413,405,11409,256,den520d-random-2.scen
740,den520d.map,PIBTOLD,1,161627,133593,405,405,538,0,den520d-random-2.scen
860,den520d.map,PIBT,1,193113,155263,413,413,889,0,den520d-random-2.scen
860,den520d.map,PIBT,1,190966,155263,413,413,996,1,den520d-random-2.scen
860,den520d.map,PIBT,1,190873,155263,413,413,1216,4,den520d-random-2.scen
860,den520d.map,PIBT,1,191665,155263,414,413,2370,16,den520d-random-2.scen
860,den520d.map,PIBT,1,190304,155263,416,413,5466,64,den520d-random-2.scen
860,den520d.map,PIBT,1,190021,155263,413,413,16768,256,den520d-random-2.scen
860,den520d.map,PIBTOLD,1,193113,155263,413,413,603,0,den520d-random-2.scen
980,den520d.map,PIBT,1,222466,177765,413,413,1025,0,den520d-random-2.scen
980,den520d.map,PIBT,1,221235,177765,413,413,1179,1,den520d-random-2.scen
980,den520d.map,PIBT,1,221939,177765,416,413,1493,4,den520d-random-2.scen
980,den520d.map,PIBT,1,222351,177765,414,413,2905,16,den520d-random-2.scen
980,den520d.map,PIBT,1,222466,177765,413,413,7867,64,den520d-random-2.scen
980,den520d.map,PIBT,1,221594,177765,414,413,24933,256,den520d-random-2.scen
980,den520d.map,PIBTOLD,1,222466,177765,413,413,703,0,den520d-random-2.scen
20,den520d.map,PIBT,1,4336,4331,374,374,13,0,den520d-random-10.scen
20,den520d.map,PIBT,1,4529,4331,374,374,16,1,den520d-random-10.scen
20,den520d.map,PIBT,1,4529,4331,374,374,15,4,den520d-random-10.scen
20,den520d.map,PIBT,1,4529,4331,374,374,14,16,den520d-random-10.scen
20,den520d.map,PIBT,1,4529,4331,374,374,15,64,den520d-random-10.scen
20,den520d.map,PIBT,1,4529,4331,374,374,15,256,den520d-random-10.scen
20,den520d.map,PIBTOLD,1,4336,4331,374,374,14,0,den520d-random-10.scen
140,den520d.map,PIBT,1,26667,25347,394,394,101,0,den520d-random-10.scen
140,den520d.map,PIBT,1,26900,25347,394,394,99,1,den520d-random-10.scen
140,den520d.map,PIBT,1,26900,25347,394,394,109,4,den520d-random-10.scen
140,den520d.map,PIBT,1,26900,25347,394,394,99,16,den520d-random-10.scen
140,den520d.map,PIBT,1,26900,25347,394,394,105,64,den520d-random-10.scen
140,den520d.map,PIBT,1,26900,25347,394,394,105,256,den520d-random-10.scen
140,den520d.map,PIBTOLD,1,26667,25347,394,394,101,0,den520d-random-10.scen
260,den520d.map,PIBT,1,53957,48546,404,404,202,0,den520d-random-10.scen
260,den520d.map,PIBT,1,53369,48546,404,404,200,1,den520d-random-10.scen
260,den520d.map,PIBT,1,53369,48546,404,404,203,4,den520d-random-10.scen
260,den520d.map,PIBT,1,53369,48546,404,404,189,16,den520d-random-10.scen
260,den520d.map,PIBT,1,53369,48546,404,404,208,64,den520d-random-10.scen
260,den520d.map,PIBT,1,53369,48546,404,404,205,256,den520d-random-10.scen
260,den520d.map,PIBTOLD,1,53957,48546,404,404,183,0,den520d-random-10.scen
380,den520d.map,PIBT,1,80144,70039,404,404,306,0,den520d-random-10.scen
380,den520d.map,PIBT,1,78800,70039,404,404,319,1,den520d-random-10.scen
380,den520d.map,PIBT,1,78742,70039,404,404,329,4,den520d-random-10.scen
380,den520d.map,PIBT,1,78848,70039,404,404,345,16,den520d-random-10.scen
380,den520d.map,PIBT,1,78848,70039,404,404,348,64,den520d-random-10.scen
380,den520d.map,PIBT,1,78848,70039,404,404,353,256,den520d-random-10.scen
380,den520d.map,PIBTOLD,1,80144,70039,404,404,261,0,den520d-random-10.scen
500,den520d.map,PIBT,1,108455,92637,404,404,446,0,den520d-random-10.scen
500,den520d.map,PIBT,1,107225,92637,405,404,464,1,den520d-random-10.scen
500,den520d.map,PIBT,1,107909,92637,405,404,564,4,den520d-random-10.scen
500,den520d.map,PIBT,1,106877,92637,409,404,711,16,den520d-random-10.scen
500,den520d.map,PIBT,1,106887,92637,404,404,1604,64,den520d-random-10.scen
500,den520d.map,PIBT,1,107020,92637,408,404,1805,256,den520d-random-10.scen
500,den520d.map,PIBTOLD,1,108455,92637,404,404,347,0,den520d-random-10.scen
620,den520d.map,PIBT,1,134965,112829,405,405,563,0,den520d-random-10.scen
620,den520d.map,PIBT,1,133339,112829,409,405,616,1,den520d-random-10.scen
620,den520d.map,PIBT,1,133569,112829,407,405,769,4,den520d-random-10.scen
620,den520d.map,PIBT,1,133075,112829,406,405,977,16,den520d-random-10.scen
620,den520d.map,PIBT,1,133081,112829,406,405,2358,64,den520d-random-10.scen
620,den520d.map,PIBT,1,133675,112829,406,405,6359,256,den520d-random-10.scen
620,den520d.map,PIBTOLD,1,134965,112829,405,405,445,0,den520d-random-10.scen
740,den520d.map,PIBT,1,161627,133593,405,405,730,0,den520d-random-10.scen
740,den520d.map,PIBT,1,162068,133593,408,405,813,1,den520d-random-10.scen
740,den520d.map,PIBT,1,160749,133593,410,405,953,4,den520d-random-10.scen
740,den520d.map,PIBT,1,160988,133593,408,405,1680,16,den520d-random-10.scen
740,den520d.map,PIBT,1,160262,133593,408,405,3664,64,den520d-random-10.scen
740,den520d.map,PIBT,1,160467,133593,406,405,11914,256,den520d-random-10.scen
740,den520d.map,PIBTOLD,1,161627,133593,405,405,531,0,den520d-random-10.scen
860,den520d.map,PIBT,1,193113,155263,413,413,890,0,den520d-random-10.scen
860,den520d.map,PIBT,1,191105,155263,414,413,972,1,den520d-random-10.scen
860,den520d.map,PIBT,1,191939,155263,416,413,1212,4,den520d-random-10.scen
860,den520d.map,PIBT,1,191016,155263,416,413,2100,16,den520d-random-10.scen
860,den520d.map,PIBT,1,190697,155263,415,413,5848,64,den520d-random-10.scen
860,den520d.map,PIBT,1,190359,155263,415,413,18805,256,den520d-random-10.scen
860,den520d.map,PIBTOLD,1,193113,155263,413,413,621,0,den520d-random-10.scen
980,den520d.map,PIBT,1,222466,177765,413,413,1051,0,den520d-random-10.scen
980,den520d.map,PIBT,1,222829,177765,413,413,1168,1,den520d-random-10.scen
980,den520d.map,PIBT,1,223158,177765,413,413,1526,4,den520d-random-10.scen
980,den520d.map,PIBT,1,222278,177765,413,413,2890,16,den520d-random-10.scen
980,den520d.map,PIBT,1,223197,177765,414,413,7083,64,den520d-random-10.scen
980,den520d.map,PIBT,1,221359,177765,415,413,26152,256,den520d-random-10.scen
980,den520d.map,PIBTOLD,1,222466,177765,413,413,688,0,den520d-random-10.scen
20,den520d.map,PIBT,1,4336,4331,374,374,17,0,den520d-random-13.scen
20,den520d.map,PIBT,1,4529,4331,374,374,14,1,den520d-random-13.scen
20,den520d.map,PIBT,1,4529,4331,374,374,15,4,den520d-random-13.scen
20,den520d.map,PIBT,1,4529,4331,374,374,13,16,den520d-random-13.scen
20,den520d.map,PIBT,1,4529,4331,374,374,16,64,den520d-random-13.scen
20,den520d.map,PIBT,1,4529,4331,374,374,17,256,den520d-random-13.scen
20,den520d.map,PIBTOLD,1,4336,4331,374,374,16,0,den520d-random-13.scen
140,den520d.map,PIBT,1,26667,25347,394,394,103,0,den520d-random-13.scen
140,den520d.map,PIBT,1,26900,25347,394,394,105,1,den520d-random-13.scen
140,den520d.map,PIBT,1,26900,25347,394,394,104,4,den520d-random-13.scen
140,den520d.map,PIBT,1,26900,25347,394,394,109,16,den520d-random-13.scen
140,den520d.map,PIBT,1,26900,25347,394,394,102,64,den520d-random-13.scen
140,den520d.map,PIBT,1,26900,25347,394,394,109,256,den520d-random-13.scen
140,den520d.map,PIBTOLD,1,26667,25347,394,394,95,0,den520d-random-13.scen
260,den520d.map,PIBT,1,53957,48546,404,404,209,0,den520d-random-13.scen
260,den520d.map,PIBT,1,53369,48546,404,404,207,1,den520d-random-13.scen
260,den520d.map,PIBT,1,53369,48546,404,404,214,4,den520d-random-13.scen
260,den520d.map,PIBT,1,53369,48546,404,404,201,16,den520d-random-13.scen
260,den520d.map,PIBT,1,53369,48546,404,404,214,64,den520d-random-13.scen
260,den520d.map,PIBT,1,53369,48546,404,404,204,256,den520d-random-13.scen
260,den520d.map,PIBTOLD,1,53957,48546,404,404,173,0,den520d-random-13.scen
380,den520d.map,PIBT,1,80144,70039,404,404,314,0,den520d-random-13.scen
380,den520d.map,PIBT,1,78682,70039,404,404,328,1,den520d-random-13.scen
380,den520d.map,PIBT,1,78869,70039,404,404,323,4,den520d-random-13.scen
380,den520d.map,PIBT,1,78848,70039,404,404,343,16,den520d-random-13.scen
380,den520d.map,PIBT,1,78848,70039,404,404,354,64,den520d-random-13.scen
380,den520d.map,PIBT,1,78848,70039,404,404,322,256,den520d-random-13.scen
380,den520d.map,PIBTOLD,1,80144,70039,404,404,234,0,den520d-random-13.scen
500,den520d.map,PIBT,1,108455,92637,404,404,428,0,den520d-random-13.scen
500,den520d.map,PIBT,1,107804,92637,404,404,483,1,den520d-random-13.scen
500,den520d.map,PIBT,1,106824,92637,404,404,536,4,den520d-random-13.scen
500,den520d.map,PIBT,1,107246,92637,413,404,703,16,den520d-random-13.scen
500,den520d.map,PIBT,1,107642,92637,404,404,1515,64,den520d-random-13.scen
500,den520d.map,PIBT,1,107305,92637,407,404,2831,256,den520d-random-13.scen
500,den520d.map,PIBTOLD,1,108455,92637,404,404,361,0,den520d-random-13.scen
620,den520d.map,PIBT,1,134965,112829,405,405,560,0,den520d-random-13.scen
620,den520d.map,PIBT,1,134091,112829,405,405,647,1,den520d-random-13.scen
620,den520d.map,PIBT,1,134200,112829,410,405,762,4,den520d-random-13.scen
620,den520d.map,PIBT,1,133709,112829,406,405,1089,16,den520d-random-13.scen
620,den520d.map,PIBT,1,134165,112829,406,405,2573,64,den520d-random-13.scen
620,den520d.map,PIBT,1,133754,112829,408,405,8034,256,den520d-random-13.scen
620,den520d.map,PIBTOLD,1,134965,112829,405,405,405,0,den520d-random-13.scen
740,den520d.map,PIBT,1,161627,133593,405,405,713,0,den520d-random-13.scen
740,den520d.map,PIBT,1,161382,133593,406,405,809,1,den520d-random-13.scen
740,den520d.map,PIBT,1,161311,133593,412,405,1039,4,den520d-random-13.scen
740,den520d.map,PIBT,1,160786,133593,407,405,1640,16,den520d-random-13.scen
740,den520d.map,PIBT,1,160694,133593,410,405,3725,64,den520d-random-13.scen
740,den520d.map,PIBT,1,160751,133593,406,405,13463,256,den520d-random-13.scen
740,den520d.map,PIBTOLD,1,161627,133593,405,405,526,0,den520d-random-13.scen
860,den520d.map,PIBT,1,193113,155263,413,413,834,0,den520d-random-13.scen
860,den520d.map,PIBT,1,190440,155263,416,413,977,1,den520d-random-13.scen
860,den520d.map,PIBT,1,190929,155263,414,413,1252,4,den520d-random-13.scen
860,den520d.map,PIBT,1,190119,155263,413,413,1952,16,den520d-random-13.scen
860,den520d.map,PIBT,1,191152,155263,418,413,5114,64,den520d-random-13.scen
860,den520d.map,PIBT,1,190778,155263,413,413,17628,256,den520d-random-13.scen
860,den520d.map,PIBTOLD,1,193113,155263,413,413,613,0,den520d-random-13.scen
980,den520d.map,PIBT,1,222466,177765,413,413,1028,0,den520d-random-13.scen
980,den520d.map,PIBT,1,222857,177765,413,413,1209,1,den520d-random-13.scen
980,den520d.map,PIBT,1,223060,177765,414,413,1548,4,den520d-random-13.scen
980,den520d.map,PIBT,1,222059,177765,415,413,2692,16,den520d-random-13.scen
980,den520d.map,PIBT,1,222599,177765,413,413,7856,64,den520d-random-13.scen
980,den520d.map,PIBT,1,221074,177765,413,413,28729,256,den520d-random-13.scen
980,den520d.map,PIBTOLD,1,222466,177765,413,413,675,0,den520d-random-13.scen
20,den520d.map,PIBT,1,4336,4331,374,374,14,0,den520d-random-12.scen
20,den520d.map,PIBT,1,4529,4331,374,374,16,1,den520d-random-12.scen
20,den520d.map,PIBT,1,4529,4331,374,374,15,4,den520d-random-12.scen
20,den520d.map,PIBT,1,4529,4331,374,374,13,16,den520d-random-12.scen
20,den520d.map,PIBT,1,4529,4331,374,374,17,64,den520d-random-12.scen
20,den520d.map,PIBT,1,4529,4331,374,374,15,256,den520d-random-12.scen
20,den520d.map,PIBTOLD,1,4336,4331,374,374,13,0,den520d-random-12.scen
140,den520d.map,PIBT,1,26667,25347,394,394,107,0,den520d-random-12.scen
140,den520d.map,PIBT,1,26900,25347,394,394,110,1,den520d-random-12.scen
140,den520d.map,PIBT,1,26900,25347,394,394,105,4,den520d-random-12.scen
140,den520d.map,PIBT,1,26900,25347,394,394,100,16,den520d-random-12.scen
140,den520d.map,PIBT,1,26900,25347,394,394,111,64,den520d-random-12.scen
140,den520d.map,PIBT,1,26900,25347,394,394,105,256,den520d-random-12.scen
140,den520d.map,PIBTOLD,1,26667,25347,394,394,102,0,den520d-random-12.scen
260,den520d.map,PIBT,1,53957,48546,404,404,196,0,den520d-random-12.scen
260,den520d.map,PIBT,1,53369,48546,404,404,201,1,den520d-random-12.scen
260,den520d.map,PIBT,1,53369,48546,404,404,209,4,den520d-random-12.scen
260,den520d.map,PIBT,1,53369,48546,404,404,209,16,den520d-random-12.scen
260,den520d.map,PIBT,1,53369,48546,404,404,203,64,den520d-random-12.scen
260,den520d.map,PIBT,1,53369,48546,404,404,205,256,den520d-random-12.scen
260,den520d.map,PIBTOLD,1,53957,48546,404,404,179,0,den520d-random-12.scen
380,den520d.map,PIBT,1,80144,70039,404,404,318,0,den520d-random-12.scen
380,den520d.map,PIBT,1,78787,70039,404,404,321,1,den520d-random-12.scen
380,den520d.map,PIBT,1,79031,70039,404,404,322,4,den520d-random-12.scen
380,den520d.map,PIBT,1,78848,70039,404,404,322,16,den520d-random-12.scen
380,den520d.map,PIBT,1,78848,70039,404,404,335,64,den520d-random-12.scen
380,den520d.map,PIBT,1,78848,70039,404,404,345,256,den520d-random-12.scen
380,den520d.map,PIBTOLD,1,80144,70039,404,404,262,0,den520d-random-12.scen
500,den520d.map,PIBT,1,108455,92637,404,404,435,0,den520d-random-12.scen
500,den520d.map,PIBT,1,107182,92637,404,404,479,1,den520d-random-12.scen
500,den520d.map,PIBT,1,107570,92637,406,404,560,4,den520d-random-12.scen
500,den520d.map,PIBT,1,107514,92637,404,404,711,16,den520d-random-12.scen
500,den520d.map,PIBT,1,107364,92637,407,404,1312,64,den520d-random-12.scen
500,den520d.map,PIBT,1,107574,92637,406,404,3649,256,den520d-random-12.scen
500,den520d.map,PIBTOLD,1,108455,92637,404,404,360,0,den520d-random-12.scen
620,den520d.map,PIBT,1,134965,112829,405,405,603,0,den520d-random-12.scen
620,den520d.map,PIBT,1,134031,112829,407,405,651,1,den520d-random-12.scen
620,den520d.map,PIBT,1,133746,112829,405,405,703,4,den520d-random-12.scen
620,den520d.map,PIBT,1,133991,112829,405,405,1129,16,den520d-random-12.scen
620,den520d.map,PIBT,1,134104,112829,406,405,2488,64,den520d-random-12.scen
620,den520d.map,PIBT,1,133826,112829,406,405,5690,256,den520d-random-12.scen
620,den520d.map,PIBTOLD,1,134965,112829,405,405,423,0,den520d-random-12.scen
740,den520d.map,PIBT,1,161627,133593,405,405,719,0,den520d-random-12.scen
740,den520d.map,PIBT,1,161223,133593,408,405,816,1,den520d-random-12.scen
740,den520d.map,PIBT,1,161029,133593,408,405,939,4,den520d-random-12.scen
740,den520d.map,PIBT,1,161258,133593,405,405,1834,16,den520d-random-12.scen
740,den520d.map,PIBT,1,160429,133593,411,405,4242,64,den520d-random-12.scen
740,den520d.map,PIBT,1,161004,133593,407,405,15271,256,den520d-random-12.scen
740,den520d.map,PIBTOLD,1,161627,133593,405,405,524,0,den520d-random-12.scen
860,den520d.map,PIBT,1,193113,155263,413,413,853,0,den520d-random-12.scen
860,den520d.map,PIBT,1,192672,155263,415,413,1010,1,den520d-random-12.scen
860,den520d.map,PIBT,1,191029,155263,416,413,1227,4,den520d-random-12.scen
860,den520d.map,PIBT,1,190949,155263,413,413,2115,16,den520d-random-12.scen
860,den520d.map,PIBT,1,190233,155263,415,413,5252,64,den520d-random-12.scen
860,den520d.map,PIBT,1,190965,155263,413,413,18430,256,den520d-random-12.scen
860,den520d.map,PIBTOLD,1,193113,155263,413,413,578,0,den520d-random-12.scen
980,den520d.map,PIBT,1,222466,177765,413,413,1061,0,den520d-random-12.scen
980,den520d.map,PIBT,1,222242,177765,414,413,1167,1,den520d-random-12.scen
980,den520d.map,PIBT,1,223323,177765,415,413,1557,4,den520d-random-12.scen
980,den520d.map,PIBT,1,221898,177765,413,413,2927,16,den520d-random-12.scen
980,den520d.map,PIBT,1,220763,177765,413,413,6775,64,den520d-random-12.scen
980,den520d.map,PIBT,1,222801,177765,414,413,25919,256,den520d-random-12.scen
980,den520d.map,PIBTOLD,1,222466,177765,413,413,711,0,den520d-random-12.scen
20,den520d.map,PIBT,1,4336,4331,374,374,15,0,den520d-random-18.scen
20,den520d.map,PIBT,1,4529,4331,374,374,15,1,den520d-random-18.scen
20,den520d.map,PIBT,1,4529,4331,374,374,18,4,den520d-random-18.scen
20,den520d.map,PIBT,1,4529,4331,374,374,18,16,den520d-random-18.scen
20,den520d.map,PIBT,1,4529,4331,374,374,15,64,den520d-random-18.scen
20,den520d.map,PIBT,1,4529,4331,374,374,15,256,den520d-random-18.scen
20,den520d.map,PIBTOLD,1,4336,4331,374,374,13,0,den520d-random-18.scen
140,den520d.map,PIBT,1,26667,25347,394,394,100,0,den520d-random-18.scen
140,den520d.map,PIBT,1,26900,25347,394,394,105,1,den520d-random-18.scen
140,den520d.map,PIBT,1,26900,25347,394,394,110,4,den520d-random-18.scen
140,den520d.map,PIBT,1,26900,25347,394,394,107,16,den520d-random-18.scen
140,den520d.map,PIBT,1,26900,25347,394,394,100,64,den520d-random-18.scen
140,den520d.map,PIBT,1,26900,25347,394,394,112,256,den520d-random-18.scen
140,den520d.map,PIBTOLD,1,26667,25347,394,394,94,0,den520d-random-18.scen
260,den520d.map,PIBT,1,53957,48546,404,404,206,0,den520d-random-18.scen
260,den520d.map,PIBT,1,53369,48546,404,404,206,1,den520d-random-18.scen
260,den520d.map,PIBT,1,53369,48546,404,404,206,4,den520d-random-18.scen
260,den520d.map,PIBT,1,53369,48546,404,404,206,16,den520d-random-18.scen
260,den520d.map,PIBT,1,53369,48546,404,404,205,64,den520d-random-18.scen
260,den520d.map,PIBT,1,53369,48546,404,404,211,256,den520d-random-18.scen
260,den520d.map,PIBTOLD,1,53957,48546,404,404,171,0,den520d-random-18.scen
380,den520d.map,PIBT,1,80144,70039,404,404,315,0,den520d-random-18.scen
380,den520d.map,PIBT,1,79267,70039,404,404,305,1,den520d-random-18.scen
380,den520d.map,PIBT,1,79128,70039,404,404,333,4,den520d-random-18.scen
380,den520d.map,PIBT,1,78848,70039,404,404,352,16,den520d-random-18.scen
380,den520d.map,PIBT,1,78848,70039,404,404,346,64,den520d-random-18.scen
380,den520d.map,PIBT,1,78848,70039,404,404,354,256,den520d-random-18.scen
380,den520d.map,PIBTOLD,1,80144,70039,404,404,263,0,den520d-random-18.scen
500,den520d.map,PIBT,1,108455,92637,404,404,444,0,den520d-random-18.scen
500,den520d.map,PIBT,1,107828,92637,408,404,487,1,den520d-random-18.scen
500,den520d.map,PIBT,1,107478,92637,411,404,524,4,den520d-random-18.scen
500,den520d.map,PIBT,1,107227,92637,404,404,772,16,den520d-random-18.scen
500,den520d.map,PIBT,1,107614,92637,404,404,1464,64,den520d-random-18.scen
500,den520d.map,PIBT,1,107070,92637,404,404,2962,256,den520d-random-18.scen
500,den520d.map,PIBTOLD,1,108455,92637,404,404,346,0,den520d-random-18.scen
620,den520d.map,PIBT,1,134965,112829,405,405,582,0,den520d-random-18.scen
620,den520d.map,PIBT,1,133935,112829,412,405,647,1,den520d-random-18.scen
620,den520d.map,PIBT,1,134253,112829,411,405,730,4,den520d-random-18.scen
620,den520d.map,PIBT,1,133664,112829,407,405,1189,16,den520d-random-18.scen
620,den520d.map,PIBT,1,132804,112829,405,405,3034,64,den520d-random-18.scen
620,den520d.map,PIBT,1,133882,112829,406,405,5039,256,den520d-random-18.scen
620,den520d.map,PIBTOLD,1,134965,112829,405,405,425,0,den520d-random-18.scen
740,den520d.map,PIBT,1,161627,133593,405,405,701,0,den520d-random-18.scen
740,den520d.map,PIBT,1,161284,133593,412,405,782,1,den520d-random-18.scen
740,den520d.map,PIBT,1,161663,133593,408,405,1018,4,den520d-random-18.scen
740,den520d.map,PIBT,1,160322,133593,408,405,1615,16,den520d-random-18.scen
740,den520d.map,PIBT,1,161095,133593,407,405,4168,64,den520d-random-18.scen
740,den520d.map,PIBT,1,160842,133593,407,405,12897,256,den520d-random-18.scen
740,den520d.map,PIBTOLD,1,161627,133593,405,405,512,0,den520d-random-18.scen
860,den520d.map,PIBT,1,193113,155263,413,413,885,0,den520d-random-18.scen
860,den520d.map,PIBT,1,191478,155263,413,413,1003,1,den520d-random-18.scen
860,den520d.map,PIBT,1,189872,155263,415,413,1240,4,den520d-random-18.scen
860,den520d.map,PIBT,1,190997,155263,413,413,2227,16,den520d-random-18.scen
860,den520d.map,PIBT,1,190348,155263,413,413,5565,64,den520d-random-18.scen
860,den520d.map,PIBT,1,190722,155263,413,413,18767,256,den520d-random-18.scen
860,den520d.map,PIBTOLD,1,193113,155263,413,413,602,0,den520d-random-18.scen
980,den520d.map,PIBT,1,222466,177765,413,413,1042,0,den520d-random-18.scen
980,den520d.map,PIBT,1,221809,177765,413,413,1187,1,den520d-random-18.scen
980,den520d.map,PIBT,1,222199,177765,413,413,1528,4,den520d-random-18.scen
980,den520d.map,PIBT,1,221904,177765,413,413,2690,16,den520d-random-18.scen
980,den520d.map,PIBT,1,223128,177765,413,413,7815,64,den520d-random-18.scen
980,den520d.map,PIBT,1,222739,177765,413,413,26720,256,den520d-random-18.scen
980,den520d.map,PIBTOLD,1,222466,177765,413,413,730,0,den520d-random-18.scen
20,den520d.map,PIBT,1,4336,4331,374,374,13,0,den520d-random-21.scen
20,den520d.map,PIBT,1,4529,4331,374,374,16,1,den520d-random-21.scen
20,den520d.map,PIBT,1,4529,4331,374,374,14,4,den520d-random-21.scen
20,den520d.map,PIBT,1,4529,4331,374,374,16,16,den520d-random-21.scen
20,den520d.map,PIBT,1,4529,4331,374,374,13,64,den520d-random-21.scen
20,den520d.map,PIBT,1,4529,4331,374,374,15,256,den520d-random-21.scen
20,den520d.map,PIBTOLD,1,4336,4331,374,374,13,0,den520d-random-21.scen
140,den520d.map,PIBT,1,26667,25347,394,394,105,0,den520d-random-21.scen
140,den520d.map,PIBT,1,26900,25347,394,394,102,1,den520d-random-21.scen
140,den520d.map,PIBT,1,26900,25347,394,394,100,4,den520d-random-21.scen
140,den520d.map,PIBT,1,26900,25347,394,394,106,16,den520d-random-21.scen
140,den520d.map,PIBT,1,26900,25347,394,394,106,64,den520d-random-21.scen
140,den520d.map,PIBT,1,26900,25347,394,394,101,256,den520d-random-21.scen
140,den520d.map,PIBTOLD,1,26667,25347,394,394,96,0,den520d-random-21.scen
260,den520d.map,PIBT,1,53957,48546,404,404,197,0,den520d-random-21.scen
260,den520d.map,PIBT,1,53369,48546,404,404,205,1,den520d-random-21.scen
260,den520d.map,PIBT,1,53369,48546,404,404,211,4,den520d-random-21.scen
260,den520d.map,PIBT,1,53369,48546,404,404,205,16,den520d-random-21.scen
260,den520d.map,PIBT,1,53369,48546,404,404,205,64,den520d-random-21.scen
260,den520d.map,PIBT,1,53369,48546,404,404,199,256,den520d-random-21.scen
260,den520d.map,PIBTOLD,1,53957,48546,404,404,175,0,den520d-random-21.scen
380,den520d.map,PIBT,1,80144,70039,404,404,288,0,den520d-random-21.scen
380,den520d.map,PIBT,1,79188,70039,404,404,333,1,den520d-random-21.scen
380,den520d.map,PIBT,1,79115,70039,404,404,338,4,den520d-random-21.scen
380,den520d.map,PIBT,1,78848,70039,404,404,360,16,den520d-random-21.scen
380,den520d.map,PIBT,1,78848,70039,404,404,326,64,den520d-random-21.scen
380,den520d.map,PIBT,1,78848,70039,404,404,344,256,den520d-random-21.scen
380,den520d.map,PIBTOLD,1,80144,70039,404,404,257,0,den520d-random-21.scen
500,den520d.map,PIBT,1,108455,92637,404,404,434,0,den520d-random-21.scen
500,den520d.map,PIBT,1,107617,92637,406,404,480,1,den520d-random-21.scen
500,den520d.map,PIBT,1,107535,92637,404,404,526,4,den520d-random-21.scen
500,den520d.map,PIBT,1,107329,92637,405,404,636,16,den520d-random-21.scen
500,den520d.map,PIBT,1,107530,92637,404,404,1266,64,den520d-random-21.scen
500,den520d.map,PIBT,1,107115,92637,404,404,3412,256,den520d-random-21.scen
500,den520d.map,PIBTOLD,1,108455,92637,404,404,353,0,den520d-random-21.scen
620,den520d.map,PIBT,1,134965,112829,405,405,571,0,den520d-random-21.scen
620,den520d.map,PIBT,1,133582,112829,412,405,631,1,den520d-random-21.scen
620,den520d.map,PIBT,1,133514,112829,406,405,746,4,den520d-random-21.scen
620,den520d.map,PIBT,1,133890,112829,405,405,1106,16,den520d-random-21.scen
620,den520d.map,PIBT,1,133979,112829,407,405,2109,64,den520d-random-21.scen
620,den520d.map,PIBT,1,133228,112829,406,405,5076,256,den520d-random-21.scen
620,den520d.map,PIBTOLD,1,134965,112829,405,405,431,0,den520d-random-21.scen
740,den520d.map,PIBT,1,161627,133593,405,405,669,0,den520d-random-21.scen
740,den520d.map,PIBT,1,161784,133593,408,405,800,1,den520d-random-21.scen
740,den520d.map,PIBT,1,160157,133593,409,405,1033,4,den520d-random-21.scen
740,den520d.map,PIBT,1,160264,133593,406,405,1447,16,den520d-random-21.scen
740,den520d.map,PIBT,1,160620,133593,413,405,3770,64,den520d-random-21.scen
740,den520d.map,PIBT,1,161685,133593,405,405,12559,256,den520d-random-21.scen
740,den520d.map,PIBTOLD,1,161627,133593,405,405,535,0,den520d-random-21.scen
860,den520d.map,PIBT,1,193113,155263,413,413,895,0,den520d-random-21.scen
860,den520d.map,PIBT,1,190479,155263,416,413,988,1,den520d-random-21.scen
860,den520d.map,PIBT,1,191648,155263,415,413,1239,4,den520d-random-21.scen
860,den520d.map,PIBT,1,191764,155263,415,413,2155,16,den520d-random-21.scen
860,den520d.map,PIBT,1,190418,155263,416,413,5713,64,den520d-random-21.scen
860,den520d.map,PIBT,1,189923,155263,413,413,17841,256,den520d-random-21.scen
860,den520d.map,PIBTOLD,1,193113,155263,413,413,610,0,den520d-random-21.scen
980,den520d.map,PIBT,1,222466,177765,413,413,1039,0,den520d-random-21.scen
980,den520d.map,PIBT,1,222567,177765,413,413,1152,1,den520d-random-21.scen
980,den520d.map,PIBT,1,222123,177765,413,413,1462,4,den520d-random-21.scen
980,den520d.map,PIBT,1,224417,177765,413,413,2921,16,den520d-random-21.scen
980,den520d.map,PIBT,1,222145,177765,413,413,8355,64,den520d-random-21.scen
980,den520d.map,PIBT,1,222237,177765,413,413,25055,256,den520d-random-21.scen
980,den520d.map,PIBTOLD,1,222466,177765,413,413,723,0,den520d-random-21.scen
20,den520d.map,PIBT,1,4336,4331,374,374,14,0,den520d-random-20.scen
20,den520d.map,PIBT,1,4529,4331,374,374,14,1,den520d-random-20.scen
20,den520d.map,PIBT,1,4529,4331,374,374,14,4,den520d-random-20.scen
20,den520d.map,PIBT,1,4529,4331,374,374,15,16,den520d-random-20.scen
20,den520d.map,PIBT,1,4529,4331,374,374,18,64,den520d-random-20.scen
20,den520d.map,PIBT,1,4529,4331,374,374,16,256,den520d-random-20.scen
20,den520d.map,PIBTOLD,1,4336,4331,374,374,15,0,den520d-random-20.scen
140,den520d.map,PIBT,1,26667,25347,394,394,108,0,den520d-random-20.scen
140,den520d.map,PIBT,1,26900,25347,394,394,106,1,den520d-random-20.scen
140,den520d.map,PIBT,1,26900,25347,394,394,104,4,den520d-random-20.scen
140,den520d.map,PIBT,1,26900,25347,394,394,108,16,den520d-random-20.scen
140,den520d.map,PIBT,1,26900,25347,394,394,106,64,den520d-random-20.scen
140,den520d.map,PIBT,1,26900,25347,394,394,105,256,den520d-random-20.scen
140,den520d.map,PIBTOLD,1,26667,25347,394,394,96,0,den520d-random-20.scen
260,den520d.map,PIBT,1,53957,48546,404,404,202,0,den520d-random-20.scen
260,den520d.map,PIBT,1,53369,48546,404,404,195,1,den520d-random-20.scen
260,den520d.map,PIBT,1,53369,48546,404,404,202,4,den520d-random-20.scen
260,den520d.map,PIBT,1,53369,48546,404,404,197,16,den520d-random-20.scen
260,den520d.map,PIBT,1,53369,48546,404,404,208,64,den520d-random-20.scen
260,den520d.map,PIBT,1,53369,48546,404,404,212,256,den520d-random-20.scen
260,den520d.map,PIBTOLD,1,53957,48546,404,404,182,0,den520d-random-20.scen
380,den520d.map,PIBT,1,80144,70039,404,404,321,0,den520d-random-20.scen
380,den520d.map,PIBT,1,78616,70039,404,404,300,1,den520d-random-20.scen
380,den520d.map,PIBT,1,79121,70039,404,404,329,4,den520d-random-20.scen
380,den520d.map,PIBT,1,78848,70039,404,404,351,16,den520d-random-20.scen
380,den520d.map,PIBT,1,78848,70039,404,404,342,64,den520d-random-20.scen
380,den520d.map,PIBT,1,78848,70039,404,404,343,256,den520d-random-20.scen
380,den520d.map,PIBTOLD,1,80144,70039,404,404,264,0,den520d-random-20.scen
500,den520d.map,PIBT,1,108455,92637,404,404,435,0,den520d-random-20.scen
500,den520d.map,PIBT,1,107520,92637,404,404,472,1,den520d-random-20.scen
500,den520d.map,PIBT,1,106981,92637,404,404,536,4,den520d-random-20.scen
500,den520d.map,PIBT,1,107341,92637,404,404,838,16,den520d-random-20.scen
500,den520d.map,PIBT,1,107050,92637,406,404,1397,64,den520d-random-20.scen
500,den520d.map,PIBT,1,107860,92637,405,404,2458,256,den520d-random-20.scen
500,den520d.map,PIBTOLD,1,108455,92637,404,404,322,0,den520d-random-20.scen
620,den520d.map,PIBT,1,134965,112829,405,405,575,0,den520d-random-20.scen
620,den520d.map,PIBT,1,133330,112829,407,405,621,1,den520d-random-20.scen
620,den520d.map,PIBT,1,134181,112829,406,405,713,4,den520d-random-20.scen
620,den520d.map,PIBT,1,133970,112829,405,405,1059,16,den520d-random-20.scen
620,den520d.map,PIBT,1,133135,112829,405,405,2874,64,den520d-random-20.scen
620,den520d.map,PIBT,1,134323,112829,406,405,8677,256,den520d-random-20.scen
620,den520d.map,PIBTOLD,1,134965,112829,405,405,422,0,den520d-random-20.scen
740,den520d.map,PIBT,1,161627,133593,405,405,719,0,den520d-random-20.scen
740,den520d.map,PIBT,1,159494,133593,406,405,784,1,den520d-random-20.scen
740,den520d.map,PIBT,1,161023,133593,405,405,1018,4,den520d-random-20.scen
740,den520d.map,PIBT,1,161490,133593,412,405,1604,16,den520d-random-20.scen
740,den520d.map,PIBT,1,161428,133593,408,405,3548,64,den520d-random-20.scen
740,den520d.map,PIBT,1,160685,133593,407,405,13914,256,den520d-random-20.scen
740,den520d.map,PIBTOLD,1,161627,133593,405,405,525,0,den520d-random-20.scen
860,den520d.map,PIBT,1,193113,155263,413,413,869,0,den520d-random-20.scen
860,den520d.map,PIBT,1,191743,155263,417,413,1005,1,den520d-random-20.scen
860,den520d.map,PIBT,1,190999,155263,414,413,1221,4,den520d-random-20.scen
860,den520d.map,PIBT,1,191302,155263,415,413,2165,16,den520d-random-20.scen
860,den520d.map,PIBT,1,190793,155263,416,413,5845,64,den520d-random-20.scen
860,den520d.map,PIBT,1,191324,155263,415,413,18424,256,den520d-random-20.scen
860,den520d.map,PIBTOLD,1,193113,155263,413,413,592,0,den520d-random-20.scen
980,den520d.map,PIBT,1,222466,177765,413,413,983,0,den520d-random-20.scen
980,den520d.map,PIBT,1,220710,177765,415,413,1173,1,den520d-random-20.scen
980,den520d.map,PIBT,1,222377,177765,413,413,1553,4,den520d-random-20.scen
980,den520d.map,PIBT,1,222464,177765,415,413,2804,16,den520d-random-20.scen
980,den520d.map,PIBT,1,221344,177765,413,413,7329,64,den520d-random-20.scen
980,den520d.map,PIBT,1,222012,177765,415,413,23362,256,den520d-random-20.scen
980,den520d.map,PIBTOLD,1,222466,177765,413,413,691,0,den520d-random-20.scen
20,den520d.map,PIBT,1,4336,4331,374,374,15,0,den520d-random-23.scen
20,den520d.map,PIBT,1,4529,4331,374,374,14,1,den520d-random-23.scen
20,den520d.map,PIBT,1,4529,4331,374,374,14,4,den520d-random-23.scen
20,den520d.map,PIBT,1,4529,4331,374,374,16,16,den520d-random-23.scen
20,den520d.map,PIBT,1,4529,4331,374,374,17,64,den520d-random-23.scen
20,den520d.map,PIBT,1,4529,4331,374,374,19,256,den520d-random-23.scen
20,den520d.map,PIBTOLD,1,4336,4331,374,374,16,0,den520d-random-23.scen
140,den520d.map,PIBT,1,26667,25347,394,394,105,0,den520d-random-23.scen
140,den520d.map,PIBT,1,26900,25347,394,394,105,1,den520d-random-23.scen
140,den520d.map,PIBT,1,26900,25347,394,394,115,4,den520d-random-23.scen
140,den520d.map,PIBT,1,26900,25347,394,394,105,16,den520d-random-23.scen
140,den520d.map,PIBT,1,26900,25347,394,394,109,64,den520d-random-23.scen
140,den520d.map,PIBT,1,26900,25347,394,394,107,256,den520d-random-23.scen
140,den520d.map,PIBTOLD,1,26667,25347,394,394,95,0,den520d-random-23.scen
260,den520d.map,PIBT,1,53957,48546,404,404,200,0,den520d-random-23.scen
260,den520d.map,PIBT,1,53369,48546,404,404,200,1,den520d-random-23.scen
260,den520d.map,PIBT,1,53369,48546,404,404,206,4,den520d-random-23.scen
260,den520d.map,PIBT,1,53369,48546,404,404,206,16,den520d-random-23.scen
260,den520d.map,PIBT,1,53369,48546,404,404,210,64,den520d-random-23.scen
260,den520d.map,PIBT,1,53369,48546,404,404,199,256,den520d-random-23.scen
260,den520d.map,PIBTOLD,1,53957,48546,404,404,174,0,den520d-random-23.scen
380,den520d.map,PIBT,1,80144,70039,404,404,312,0,den520d-random-23.scen
380,den520d.map,PIBT,1,78804,70039,404,404,316,1,den520d-random-23.scen
380,den520d.map,PIBT,1,78663,70039,404,404,329,4,den520d-random-23.scen
380,den520d.map,PIBT,1,78848,70039,404,404,342,16,den520d-random-23.scen
380,den520d.map,PIBT,1,78848,70039,404,404,350,64,den520d-random-23.scen
380,den520d.map,PIBT,1,78848,70039,404,404,349,256,den520d-random-23.scen
380,den520d.map,PIBTOLD,1,80144,70039,404,404,270,0,den520d-random-23.scen
500,den520d.map,PIBT,1,108455,92637,404,404,446,0,den520d-random-23.scen
500,den520d.map,PIBT,1,106932,92637,414,404,475,1,den520d-random-23.scen
500,den520d.map,PIBT,1,107408,92637,404,404,575,4,den520d-random-23.scen
500,den520d.map,PIBT,1,106570,92637,404,404,729,16,den520d-random-23.scen
500,den520d.map,PIBT,1,107238,92637,404,404,1898,64,den520d-random-23.scen
500,den520d.map,PIBT,1,107158,92637,408,404,3106,256,den520d-random-23.scen
500,den520d.map,PIBTOLD,1,108455,92637,404,404,329,0,den520d-random-23.scen
620,den520d.map,PIBT,1,134965,112829,405,405,591,0,den520d-random-23.scen
620,den520d.map,PIBT,1,133212,112829,410,405,644,1,den520d-random-23.scen
620,den520d.map,PIBT,1,133553,112829,406,405,760,4,den520d-random-23.scen
620,den520d.map,PIBT,1,134344,112829,405,405,1003,16,den520d-random-23.scen
620,den520d.map,PIBT,1,133244,112829,406,405,2571,64,den520d-random-23.scen
620,den520d.map,PIBT,1,133786,112829,405,405,7457,256,den520d-random-23.scen
620,den520d.map,PIBTOLD,1,134965,112829,405,405,430,0,den520d-random-23.scen
740,den520d.map,PIBT,1,161627,133593,405,405,731,0,den520d-random-23.scen
740,den520d.map,PIBT,1,161223,133593,413,405,817,1,den520d-random-23.scen
740,den520d.map,PIBT,1,160762,133593,412,405,969,4,den520d-random-23.scen
740,den520d.map,PIBT,1,160600,133593,406,405,1724,16,den520d-random-23.scen
740,den520d.map,PIBT,1,160237,133593,408,405,3621,64,den520d-random-23.scen
740,den520d.map,PIBT,1,161404,133593,405,405,12644,256,den520d-random-23.scen
740,den520d.map,PIBTOLD,1,161627,133593,405,405,525,0,den520d-random-23.scen
860,den520d.map,PIBT,1,193113,155263,413,413,850,0,den520d-random-23.scen
860,den520d.map,PIBT,1,190501,155263,413,413,953,1,den520d-random-23.scen
860,den520d.map,PIBT,1,191680,155263,413,413,1274,4,den520d-random-23.scen
860,den520d.map,PIBT,1,190542,155263,413,413,2189,16,den520d-random-23.scen
860,den520d.map,PIBT,1,190978,155263,414,413,5606,64,den520d-random-23.scen
860,den520d.map,PIBT,1,191136,155263,422,413,16389,256,den520d-random-23.scen
860,den520d.map,PIBTOLD,1,193113,155263,413,413,603,0,den520d-random-23.scen
980,den520d.map,PIBT,1,222466,177765,413,413,1050,0,den520d-random-23.scen
980,den520d.map,PIBT,1,223089,177765,413,413,1197,1,den520d-random-23.scen
980,den520d.map,PIBT,1,221355,177765,413,413,1497,4,den520d-random-23.scen
980,den520d.map,PIBT,1,221386,177765,414,413,2809,16,den520d-random-23.scen
980,den520d.map,PIBT,1,221665,177765,413,413,7359,64,den520d-random-23.scen
980,den520d.map,PIBT,1,220859,177765,413,413,26381,256,den520d-random-23.scen
980,den520d.map,PIBTOLD,1,222466,177765,413,413,700,0,den520d-random-23.scen
20,den520d.map,PIBT,1,4336,4331,374,374,16,0,den520d-random-7.scen
20,den520d.map,PIBT,1,4529,4331,374,374,15,1,den520d-random-7.scen
20,den520d.map,PIBT,1,4529,4331,374,374,14,4,den520d-random-7.scen
20,den520d.map,PIBT,1,4529,4331,374,374,17,16,den520d-random-7.scen
20,den520d.map,PIBT,1,4529,4331,374,374,13,64,den520d-random-7.scen
20,den520d.map,PIBT,1,4529,4331,374,374,18,256,den520d-random-7.scen
20,den520d.map,PIBTOLD,1,4336,4331,374,374,15,0,den520d-random-7.scen
140,den520d.map,PIBT,1,26667,25347,394,394,105,0,den520d-random-7.scen
140,den520d.map,PIBT,1,26900,25347,394,394,103,1,den520d-random-7.scen
140,den520d.map,PIBT,1,26900,25347,394,394,107,4,den520d-random-7.scen
140,den520d.map,PIBT,1,26900,25347,394,394,103,16,den520d-random-7.scen
140,den520d.map,PIBT,1,26900,25347,394,394,110,64,den520d-random-7.scen
140,den520d.map,PIBT,1,26900,25347,394,394,105,256,den520d-random-7.scen
140,den520d.map,PIBTOLD,1,26667,25347,394,394,94,0,den520d-random-7.scen
260,den520d.map,PIBT,1,53957,48546,404,404,200,0,den520d-random-7.scen
260,den520d.map,PIBT,1,53369,48546,404,404,212,1,den520d-random-7.scen
260,den520d.map,PIBT,1,53369,48546,404,404,194,4,den520d-random-7.scen
260,den520d.map,PIBT,1,53369,48546,404,404,200,16,den520d-random-7.scen
260,den520d.map,PIBT,1,53369,48546,404,404,203,64,den520d-random-7.scen
260,den520d.map,PIBT,1,53369,48546,404,404,203,256,den520d-random-7.scen
260,den520d.map,PIBTOLD,1,53957,48546,404,404,168,0,den520d-random-7.scen
380,den520d.map,PIBT,1,80144,70039,404,404,319,0,den520d-random-7.scen
380,den520d.map,PIBT,1,79060,70039,404,404,322,1,den520d-random-7.scen
380,den520d.map,PIBT,1,79233,70039,404,404,362,4,den520d-random-7.scen
380,den520d.map,PIBT,1,78848,70039,404,404,347,16,den520d-random-7.scen
380,den520d.map,PIBT,1,78848,70039,404,404,345,64,den520d-random-7.scen
380,den520d.map,PIBT,1,78848,70039,404,404,330,256,den520d-random-7.scen
380,den520d.map,PIBTOLD,1,80144,70039,404,404,264,0,den520d-random-7.scen
500,den520d.map,PIBT,1,108455,92637,404,404,402,0,den520d-random-7.scen
500,den520d.map,PIBT,1,106624,92637,404,404,462,1,den520d-random-7.scen
500,den520d.map,PIBT,1,107672,92637,406,404,533,4,den520d-random-7.scen
500,den520d.map,PIBT,1,107794,92637,404,404,985,16,den520d-random-7.scen
500,den520d.map,PIBT,1,107730,92637,404,404,985,64,den520d-random-7.scen
500,den520d.map,PIBT,1,107843,92637,407,404,4970,256,den520d-random-7.scen
500,den520d.map,PIBTOLD,1,108455,92637,404,404,349,0,den520d-random-7.scen
620,den520d.map,PIBT,1,134965,112829,405,405,574,0,den520d-random-7.scen
620,den520d.map,PIBT,1,133598,112829,412,405,636,1,den520d-random-7.scen
620,den520d.map,PIBT,1,133828,112829,408,405,744,4,den520d-random-7.scen
620,den520d.map,PIBT,1,133550,112829,405,405,1172,16,den520d-random-7.scen
620,den520d.map,PIBT,1,133958,112829,408,405,2211,64,den520d-random-7.scen
620,den520d.map,PIBT,1,134241,112829,407,405,5526,256,den520d-random-7.scen
620,den520d.map,PIBTOLD,1,134965,112829,405,405,440,0,den520d-random-7.scen
740,den520d.map,PIBT,1,161627,133593,405,405,695,0,den520d-random-7.scen
740,den520d.map,PIBT,1,160984,133593,409,405,810,1,den520d-random-7.scen
740,den520d.map,PIBT,1,161221,133593,409,405,969,4,den520d-random-7.scen
740,den520d.map,PIBT,1,160322,133593,406,405,1562,16,den520d-random-7.scen
740,den520d.map,PIBT,1,160135,133593,406,405,4356,64,den520d-random-7.scen
740,den520d.map,PIBT,1,161261,133593,405,405,12316,256,den520d-random-7.scen
740,den520d.map,PIBTOLD,1,161627,133593,405,405,500,0,den520d-random-7.scen
860,den520d.map,PIBT,1,193113,155263,413,413,867,0,den520d-random-7.scen
860,den520d.map,PIBT,1,191342,155263,415,413,990,1,den520d-random-7.scen
860,den520d.map,PIBT,1,190882,155263,419,413,1253,4,den520d-random-7.scen
860,den520d.map,PIBT,1,190205,155263,414,413,2251,16,den520d-random-7.scen
860,den520d.map,PIBT,1,190933,155263,415,413,5803,64,den520d-random-7.scen
860,den520d.map,PIBT,1,190747,155263,416,413,17304,256,den520d-random-7.scen
860,den520d.map,PIBTOLD,1,193113,155263,413,413,589,0,den520d-random-7.scen
980,den520d.map,PIBT,1,222466,177765,413,413,1048,0,den520d-random-7.scen
980,den520d.map,PIBT,1,222107,177765,413,413,1120,1,den520d-random-7.scen
980,den520d.map,PIBT,1,221209,177765,413,413,1547,4,den520d-random-7.scen
980,den520d.map,PIBT,1,222405,177765,413,413,2904,16,den520d-random-7.scen
980,den520d.map,PIBT,1,220755,177765,413,413,6696,64,den520d-random-7.scen
980,den520d.map,PIBT,1,223639,177765,413,413,27412,256,den520d-random-7.scen
980,den520d.map,PIBTOLD,1,222466,177765,413,413,709,0,den520d-random-7.scen
20,den520d.map,PIBT,1,4336,4331,374,374,14,0,den520d-random-9.scen
20,den520d.map,PIBT,1,4529,4331,374,374,15,1,den520d-random-9.scen
20,den520d.map,PIBT,1,4529,4331,374,374,16,4,den520d-random-9.scen
20,den520d.map,PIBT,1,4529,4331,374,374,18,16,den520d-random-9.scen
20,den520d.map,PIBT,1,4529,4331,374,374,16,64,den520d-random-9.scen
20,den520d.map,PIBT,1,4529,4331,374,374,14,256,den520d-random-9.scen
20,den520d.map,PIBTOLD,1,4336,4331,374,374,15,0,den520d-random-9.scen
140,den520d.map,PIBT,1,26667,25347,394,394,104,0,den520d-random-9.scen
140,den520d.map,PIBT,1,26900,25347,394,394,109,1,den520d-random-9.scen
140,den520d.map,PIBT,1,26900,25347,394,394,109,4,den520d-random-9.scen
140,den520d.map,PIBT,1,26900,25347,394,394,95,16,den520d-random-9.scen
140,den520d.map,PIBT,1,26900,25347,394,394,120,64,den520d-random-9.scen
140,den520d.map,PIBT,1,26900,25347,394,394,102,256,den520d-random-9.scen
140,den520d.map,PIBTOLD,1,26667,25347,394,394,98,0,den520d-random-9.scen
260,den520d.map,PIBT,1,53957,48546,404,404,195,0,den520d-random-9.scen
260,den520d.map,PIBT,1,53369,48546,404,404,202,1,den520d-random-9.scen
260,den520d.map,PIBT,1,53369,48546,404,404,207,4,den520d-random-9.scen
260,den520d.map,PIBT,1,53369,48546,404,404,207,16,den520d-random-9.scen
260,den520d.map,PIBT,1,53369,48546,404,404,208,64,den520d-random-9.scen
260,den520d.map,PIBT,1,53369,48546,404,404,205,256,den520d-random-9.scen
260,den520d.map,PIBTOLD,1,53957,48546,404,404,162,0,den520d-random-9.scen
380,den520d.map,PIBT,1,80144,70039,404,404,317,0,den520d-random-9.scen
380,den520d.map,PIBT,1,79015,70039,404,404,313,1,den520d-random-9.scen
380,den520d.map,PIBT,1,79019,70039,404,404,345,4,den520d-random-9.scen
380,den520d.map,PIBT,1,78848,70039,404,404,347,16,den520d-random-9.scen
380,den520d.map,PIBT,1,78848,70039,404,404,352,64,den520d-random-9.scen
380,den520d.map,PIBT,1,78848,70039,404,404,363,256,den520d-random-9.scen
380,den520d.map,PIBTOLD,1,80144,70039,404,404,280,0,den520d-random-9.scen
500,den520d.map,PIBT,1,108455,92637,404,404,440,0,den520d-random-9.scen
500,den520d.map,PIBT,1,107052,92637,405,404,468,1,den520d-random-9.scen
500,den520d.map,PIBT,1,107128,92637,404,404,505,4,den520d-random-9.scen
500,den520d.map,PIBT,1,107093,92637,404,404,733,16,den520d-random-9.scen
500,den520d.map,PIBT,1,107153,92637,404,404,1140,64,den520d-random-9.scen
500,den520d.map,PIBT,1,107737,92637,412,404,2252,256,den520d-random-9.scen
500,den520d.map,PIBTOLD,1,108455,92637,404,404,349,0,den520d-random-9.scen
620,den520d.map,PIBT,1,134965,112829,405,405,555,0,den520d-random-9.scen
620,den520d.map,PIBT,1,133519,112829,410,405,645,1,den520d-random-9.scen
620,den520d.map,PIBT,1,134139,112829,406,405,753,4,den520d-random-9.scen
620,den520d.map,PIBT,1,133531,112829,405,405,1083,16,den520d-random-9.scen
620,den520d.map,PIBT,1,133939,112829,406,405,2423,64,den520d-random-9.scen
620,den520d.map,PIBT,1,133927,112829,405,405,7195,256,den520d-random-9.scen
620,den520d.map,PIBTOLD,1,134965,112829,405,405,415,0,den520d-random-9.scen
740,den520d.map,PIBT,1,161627,133593,405,405,720,0,den520d-random-9.scen
740,den520d.map,PIBT,1,160659,133593,408,405,790,1,den520d-random-9.scen
740,den520d.map,PIBT,1,160733,133593,408,405,999,4,den520d-random-9.scen
740,den520d.map,PIBT,1,160267,133593,410,405,1752,16,den520d-random-9.scen
740,den520d.map,PIBT,1,160884,133593,406,405,3886,64,den520d-random-9.scen
740,den520d.map,PIBT,1,160650,133593,406,405,13917,256,den520d-random-9.scen
740,den520d.map,PIBTOLD,1,161627,133593,405,405,530,0,den520d-random-9.scen
860,den520d.map,PIBT,1,193113,155263,413,413,901,0,den520d-random-9.scen
860,den520d.map,PIBT,1,191377,155263,413,413,979,1,den520d-random-9.scen
860,den520d.map,PIBT,1,191482,155263,413,413,1191,4,den520d-random-9.scen
860,den520d.map,PIBT,1,189823,155263,414,413,2283,16,den520d-random-9.scen
860,den520d.map,PIBT,1,190419,155263,413,413,5680,64,den520d-random-9.scen
860,den520d.map,PIBT,1,190764,155263,413,413,18705,256,den520d-random-9.scen
860,den520d.map,PIBTOLD,1,193113,155263,413,413,622,0,den520d-random-9.scen
980,den520d.map,PIBT,1,222466,177765,413,413,1016,0,den520d-random-9.scen
980,den520d.map,PIBT,1,223641,177765,414,413,1201,1,den520d-random-9.scen
980,den520d.map,PIBT,1,223114,177765,413,413,1574,4,den520d-random-9.scen
980,den520d.map,PIBT,1,221610,177765,413,413,2964,16,den520d-random-9.scen
980,den520d.map,PIBT,1,222540,177765,413,413,7803,64,den520d-random-9.scen
980,den520d.map,PIBT,1,223058,177765,413,413,24769,256,den520d-random-9.scen
980,den520d.map,PIBTOLD,1,222466,177765,413,413,719,0,den520d-random-9.scen
20,den520d.map,PIBT,1,4336,4331,374,374,17,0,den520d-random-4.scen
20,den520d.map,PIBT,1,4529,4331,374,374,18,1,den520d-random-4.scen
20,den520d.map,PIBT,1,4529,4331,374,374,19,4,den520d-random-4.scen
20,den520d.map,PIBT,1,4529,4331,374,374,18,16,den520d-random-4.scen
20,den520d.map,PIBT,1,4529,4331,374,374,17,64,den520d-random-4.scen
20,den520d.map,PIBT,1,4529,4331,374,374,18,256,den520d-random-4.scen
20,den520d.map,PIBTOLD,1,4336,4331,374,374,15,0,den520d-random-4.scen
140,den520d.map,PIBT,1,26667,25347,394,394,106,0,den520d-random-4.scen
140,den520d.map,PIBT,1,26900,25347,394,394,92,1,den520d-random-4.scen
140,den520d.map,PIBT,1,26900,25347,394,394,101,4,den520d-random-4.scen
140,den520d.map,PIBT,1,26900,25347,394,394,101,16,den520d-random-4.scen
140,den520d.map,PIBT,1,26900,25347,394,394,104,64,den520d-random-4.scen
140,den520d.map,PIBT,1,26900,25347,394,394,104,256,den520d-random-4.scen
140,den520d.map,PIBTOLD,1,26667,25347,394,394,98,0,den520d-random-4.scen
260,den520d.map,PIBT,1,53957,48546,404,404,205,0,den520d-random-4.scen
260,den520d.map,PIBT,1,53369,48546,404,404,212,1,den520d-random-4.scen
260,den520d.map,PIBT,1,53369,48546,404,404,205,4,den520d-random-4.scen
260,den520d.map,PIBT,1,53369,48546,404,404,195,16,den520d-random-4.scen
260,den520d.map,PIBT,1,53369,48546,404,404,206,64,den520d-random-4.scen
260,den520d.map,PIBT,1,53369,48546,404,404,201,256,den520d-random-4.scen
260,den520d.map,PIBTOLD,1,53957,48546,404,404,181,0,den520d-random-4.scen
380,den520d.map,PIBT,1,80144,70039,404,404,310,0,den520d-random-4.scen
380,den520d.map,PIBT,1,79111,70039,404,404,314,1,den520d-random-4.scen
380,den520d.map,PIBT,1,79005,70039,404,404,323,4,den520d-random-4.scen
380,den520d.map,PIBT,1,78848,70039,404,404,365,16,den520d-random-4.scen
380,den520d.map,PIBT,1,78848,70039,404,404,326,64,den520d-random-4.scen
380,den520d.map,PIBT,1,78848,70039,404,404,341,256,den520d-random-4.scen
380,den520d.map,PIBTOLD,1,80144,70039,404,404,256,0,den520d-random-4.scen
500,den520d.map,PIBT,1,108455,92637,404,404,433,0,den520d-random-4.scen
500,den520d.map,PIBT,1,107363,92637,406,404,465,1,den520d-random-4.scen
500,den520d.map,PIBT,1,107492,92637,404,404,549,4,den520d-random-4.scen
500,den520d.map,PIBT,1,107618,92637,404,404,820,16,den520d-random-4.scen
500,den520d.map,PIBT,1,107636,92637,407,404,1745,64,den520d-random-4.scen
500,den520d.map,PIBT,1,107507,92637,405,404,2256,256,den520d-random-4.scen
500,den520d.map,PIBTOLD,1,108455,92637,404,404,354,0,den520d-random-4.scen
620,den520d.map,PIBT,1,134965,112829,405,405,572,0,den520d-random-4.scen
620,den520d.map,PIBT,1,133419,112829,407,405,635,1,den520d-random-4.scen
620,den520d.map,PIBT,1,134131,112829,405,405,746,4,den520d-random-4.scen
620,den520d.map,PIBT,1,133191,112829,408,405,922,16,den520d-random-4.scen
620,den520d.map,PIBT,1,133648,112829,406,405,2796,64,den520d-random-4.scen
620,den520d.map,PIBT,1,133238,112829,406,405,8163,256,den520d-random-4.scen
620,den520d.map,PIBTOLD,1,134965,112829,405,405,452,0,den520d-random-4.scen
740,den520d.map,PIBT,1,161627,133593,405,405,741,0,den520d-random-4.scen
740,den520d.map,PIBT,1,161034,133593,406,405,790,1,den520d-random-4.scen
740,den520d.map,PIBT,1,160941,133593,408,405,978,4,den520d-random-4.scen
740,den520d.map,PIBT,1,160800,133593,408,405,1596,16,den520d-random-4.scen
740,den520d.map,PIBT,1,160561,133593,411,405,4250,64,den520d-random-4.scen
740,den520d.map,PIBT,1,160168,133593,405,405,14154,256,den520d-random-4.scen
740,den520d.map,PIBTOLD,1,161627,133593,405,405,536,0,den520d-random-4.scen
860,den520d.map,PIBT,1,193113,155263,413,413,885,0,den520d-random-4.scen
860,den520d.map,PIBT,1,190782,155263,416,413,1017,1,den520d-random-4.scen
860,den520d.map,PIBT,1,191351,155263,416,413,1245,4,den520d-random-4.scen
860,den520d.map,PIBT,1,190496,155263,419,413,2156,16,den520d-random-4.scen
860,den520d.map,PIBT,1,191934,155263,415,413,5512,64,den520d-random-4.scen
860,den520d.map,PIBT,1,191043,155263,417,413,17303,256,den520d-random-4.scen
860,den520d.map,PIBTOLD,1,193113,155263,413,413,630,0,den520d-random-4.scen
980,den520d.map,PIBT,1,222466,177765,413,413,1024,0,den520d-random-4.scen
980,den520d.map,PIBT,1,222481,177765,413,413,1201,1,den520d-random-4.scen
980,den520d.map,PIBT,1,222501,177765,413,413,1509,4,den520d-random-4.scen
980,den520d.map,PIBT,1,221947,177765,413,413,2694,16,den520d-random-4.scen
980,den520d.map,PIBT,1,222581,177765,416,413,7689,64,den520d-random-4.scen
980,den520d.map,PIBT,1,221178,177765,413,413,24146,256,den520d-random-4.scen
980,den520d.map,PIBTOLD,1,222466,177765,413,413,723,0,den520d-random-4.scen
20,den520d.map,PIBT,1,4336,4331,374,374,15,0,den520d-random-5.scen
20,den520d.map,PIBT,1,4529,4331,374,374,15,1,den520d-random-5.scen
20,den520d.map,PIBT,1,4529,4331,374,374,14,4,den520d-random-5.scen
20,den520d.map,PIBT,1,4529,4331,374,374,19,16,den520d-random-5.scen
20,den520d.map,PIBT,1,4529,4331,374,374,16,64,den520d-random-5.scen
20,den520d.map,PIBT,1,4529,4331,374,374,15,256,den520d-random-5.scen
20,den520d.map,PIBTOLD,1,4336,4331,374,374,14,0,den520d-random-5.scen
140,den520d.map,PIBT,1,26667,25347,394,394,99,0,den520d-random-5.scen
140,den520d.map,PIBT,1,26900,25347,394,394,107,1,den520d-random-5.scen
140,den520d.map,PIBT,1,26900,25347,394,394,100,4,den520d-random-5.scen
140,den520d.map,PIBT,1,26900,25347,394,394,110,16,den520d-random-5.scen
140,den520d.map,PIBT,1,26900,25347,394,394,101,64,den520d-random-5.scen
140,den520d.map,PIBT,1,26900,25347,394,394,98,256,den520d-random-5.scen
140,den520d.map,PIBTOLD,1,26667,25347,394,394,92,0,den520d-random-5.scen
260,den520d.map,PIBT,1,53957,48546,404,404,196,0,den520d-random-5.scen
260,den520d.map,PIBT,1,53369,48546,404,404,200,1,den520d-random-5.scen
260,den520d.map,PIBT,1,53369,48546,404,404,203,4,den520d-random-5.scen
260,den520d.map,PIBT,1,53369,48546,404,404,206,16,den520d-random-5.scen
260,den520d.map,PIBT,1,53369,48546,404,404,211,64,den520d-random-5.scen
260,den520d.map,PIBT,1,53369,48546,404,404,206,256,den520d-random-5.scen
260,den520d.map,PIBTOLD,1,53957,48546,404,404,165,0,den520d-random-5.scen
380,den520d.map,PIBT,1,80144,70039,404,404,313,0,den520d-random-5.scen
380,den520d.map,PIBT,1,78844,70039,404,404,299,1,den520d-random-5.scen
380,den520d.map,PIBT,1,79001,70039,404,404,425,4,den520d-random-5.scen
380,den520d.map,PIBT,1,78848,70039,404,404,345,16,den520d-random-5.scen
380,den520d.map,PIBT,1,78848,70039,404,404,339,64,den520d-random-5.scen
380,den520d.map,PIBT,1,78848,70039,404,404,354,256,den520d-random-5.scen
380,den520d.map,PIBTOLD,1,80144,70039,404,404,263,0,den520d-random-5.scen
500,den520d.map,PIBT,1,108455,92637,404,404,443,0,den520d-random-5.scen
500,den520d.map,PIBT,1,107195,92637,409,404,472,1,den520d-random-5.scen
500,den520d.map,PIBT,1,107082,92637,404,404,560,4,den520d-random-5.scen
500,den520d.map,PIBT,1,107488,92637,408,404,825,16,den520d-random-5.scen
500,den520d.map,PIBT,1,107142,92637,404,404,1164,64,den520d-random-5.scen
500,den520d.map,PIBT,1,106947,92637,406,404,3349,256,den520d-random-5.scen
500,den520d.map,PIBTOLD,1,108455,92637,404,404,358,0,den520d-random-5.scen
620,den520d.map,PIBT,1,134965,112829,405,405,583,0,den520d-random-5.scen
620,den520d.map,PIBT,1,133958,112829,410,405,646,1,den520d-random-5.scen
620,den520d.map,PIBT,1,133267,112829,407,405,682,4,den520d-random-5.scen
620,den520d.map,PIBT,1,133349,112829,412,405,1108,16,den520d-random-5.scen
620,den520d.map,PIBT,1,133710,112829,407,405,2450,64,den520d-random-5.scen
620,den520d.map,PIBT,1,134235,112829,406,405,9229,256,den520d-random-5.scen
620,den520d.map,PIBTOLD,1,134965,112829,405,405,413,0,den520d-random-5.scen
740,den520d.map,PIBT,1,161627,133593,405,405,684,0,den520d-random-5.scen
740,den520d.map,PIBT,1,161175,133593,410,405,833,1,den520d-random-5.scen
740,den520d.map,PIBT,1,161103,133593,412,405,986,4,den520d-random-5.scen
740,den520d.map,PIBT,1,160501,133593,405,405,1586,16,den520d-random-5.scen
740,den520d.map,PIBT,1,160641,133593,407,405,3547,64,den520d-random-5.scen
740,den520d.map,PIBT,1,160725,133593,406,405,12162,256,den520d-random-5.scen
740,den520d.map,PIBTOLD,1,161627,133593,405,405,512,0,den520d-random-5.scen
860,den520d.map,PIBT,1,193113,155263,413,413,870,0,den520d-random-5.scen
860,den520d.map,PIBT,1,191224,155263,415,413,1018,1,den520d-random-5.scen
860,den520d.map,PIBT,1,190882,155263,413,413,1196,4,den520d-random-5.scen
860,den520d.map,PIBT,1,190732,155263,415,413,2034,16,den520d-random-5.scen
860,den520d.map,PIBT,1,191098,155263,413,413,5480,64,den520d-random-5.scen
860,den520d.map,PIBT,1,191160,155263,416,413,16165,256,den520d-random-5.scen
860,den520d.map,PIBTOLD,1,193113,155263,413,413,628,0,den520d-random-5.scen
980,den520d.map,PIBT,1,222466,177765,413,413,1039,0,den520d-random-5.scen
980,den520d.map,PIBT,1,221971,177765,417,413,1199,1,den520d-random-5.scen
980,den520d.map,PIBT,1,221667,177765,414,413,1548,4,den520d-random-5.scen
980,den520d.map,PIBT,1,220789,177765,413,413,2722,16,den520d-random-5.scen
980,den520d.map,PIBT,1,221622,177765,415,413,8021,64,den520d-random-5.scen
980,den520d.map,PIBT,1,222573,177765,413,413,23339,256,den520d-random-5.scen
980,den520d.map,PIBTOLD,1,222466,177765,413,413,724,0,den520d-random-5.scen
20,den520d.map,PIBT,1,4336,4331,374,374,14,0,den520d-random-16.scen
20,den520d.map,PIBT,1,4529,4331,374,374,15,1,den520d-random-16.scen
20,den520d.map,PIBT,1,4529,4331,374,374,13,4,den520d-random-16.scen
20,den520d.map,PIBT,1,4529,4331,374,374,15,16,den520d-random-16.scen
20,den520d.map,PIBT,1,4529,4331,374,374,14,64,den520d-random-16.scen
20,den520d.map,PIBT,1,4529,4331,374,374,16,256,den520d-random-16.scen
20,den520d.map,PIBTOLD,1,4336,4331,374,374,13,0,den520d-random-16.scen
140,den520d.map,PIBT,1,26667,25347,394,394,108,0,den520d-random-16.scen
140,den520d.map,PIBT,1,26900,25347,394,394,101,1,den520d-random-16.scen
140,den520d.map,PIBT,1,26900,25347,394,394,107,4,den520d-random-16.scen
140,den520d.map,PIBT,1,26900,25347,394,394,110,16,den520d-random-16.scen
140,den520d.map,PIBT,1,26900,25347,394,394,105,64,den520d-random-16.scen
140,den520d.map,PIBT,1,26900,25347,394,394,105,256,den520d-random-16.scen
140,den520d.map,PIBTOLD,1,26667,25347,394,394,98,0,den520d-random-16.scen
260,den520d.map,PIBT,1,53957,48546,404,404,205,0,den520d-random-16.scen
260,den520d.map,PIBT,1,53369,48546,404,404,205,1,den520d-random-16.scen
260,den520d.map,PIBT,1,53369,48546,404,404,235,4,den520d-random-16.scen
260,den520d.map,PIBT,1,53369,48546,404,404,184,16,den520d-random-16.scen
260,den520d.map,PIBT,1,53369,48546,404,404,209,64,den520d-random-16.scen
260,den520d.map,PIBT,1,53369,48546,404,404,210,256,den520d-random-16.scen
260,den520d.map,PIBTOLD,1,53957,48546,404,404,174,0,den520d-random-16.scen
380,den520d.map,PIBT,1,80144,70039,404,404,308,0,den520d-random-16.scen
380,den520d.map,PIBT,1,78972,70039,404,404,303,1,den520d-random-16.scen
380,den520d.map,PIBT,1,79086,70039,404,404,324,4,den520d-random-16.scen
380,den520d.map,PIBT,1,78848,70039,404,404,343,16,den520d-random-16.scen
380,den520d.map,PIBT,1,78848,70039,404,404,355,64,den520d-random-16.scen
380,den520d.map,PIBT,1,78848,70039,404,404,362,256,den520d-random-16.scen
380,den520d.map,PIBTOLD,1,80144,70039,404,404,258,0,den520d-random-16.scen
500,den520d.map,PIBT,1,108455,92637,404,404,438,0,den520d-random-16.scen
500,den520d.map,PIBT,1,106921,92637,406,404,473,1,den520d-random-16.scen
500,den520d.map,PIBT,1,107236,92637,409,404,540,4,den520d-random-16.scen
500,den520d.map,PIBT,1,107626,92637,404,404,724,16,den520d-random-16.scen
500,den520d.map,PIBT,1,106720,92637,404,404,1497,64,den520d-random-16.scen
500,den520d.map,PIBT,1,107011,92637,407,404,3502,256,den520d-random-16.scen
500,den520d.map,PIBTOLD,1,108455,92637,404,404,333,0,den520d-random-16.scen
620,den520d.map,PIBT,1,134965,112829,405,405,568,0,den520d-random-16.scen
620,den520d.map,PIBT,1,133626,112829,406,405,649,1,den520d-random-16.scen
620,den520d.map,PIBT,1,133355,112829,405,405,753,4,den520d-random-16.scen
620,den520d.map,PIBT,1,133637,112829,406,405,1127,16,den520d-random-16.scen
620,den520d.map,PIBT,1,133772,112829,405,405,2218,64,den520d-random-16.scen
620,den520d.map,PIBT,1,133700,112829,405,405,6839,256,den520d-random-16.scen
620,den520d.map,PIBTOLD,1,134965,112829,405,405,444,0,den520d-random-16.scen
740,den520d.map,PIBT,1,161627,133593,405,405,704,0,den520d-random-16.scen
740,den520d.map,PIBT,1,161353,133593,407,405,820,1,den520d-random-16.scen
740,den520d.map,PIBT,1,160915,133593,406,405,946,4,den520d-random-16.scen
740,den520d.map,PIBT,1,160708,133593,408,405,1613,16,den520d-random-16.scen
740,den520d.map,PIBT,1,161011,133593,411,405,3756,64,den520d-random-16.scen
740,den520d.map,PIBT,1,161330,133593,407,405,10599,256,den520d-random-16.scen
740,den520d.map,PIBTOLD,1,161627,133593,405,405,523,0,den520d-random-16.scen
860,den520d.map,PIBT,1,193113,155263,413,413,875,0,den520d-random-16.scen
860,den520d.map,PIBT,1,190129,155263,413,413,982,1,den520d-random-16.scen
860,den520d.map,PIBT,1,191549,155263,414,413,1300,4,den520d-random-16.scen
860,den520d.map,PIBT,1,190866,155263,413,413,2231,16,den520d-random-16.scen
860,den520d.map,PIBT,1,190926,155263,416,413,5156,64,den520d-random-16.scen
860,den520d.map,PIBT,1,189791,155263,413,413,17793,256,den520d-random-16.scen
860,den520d.map,PIBTOLD,1,193113,155263,413,413,618,0,den520d-random-16.scen
980,den520d.map,PIBT,1,222466,177765,413,413,1060,0,den520d-random-16.scen
980,den520d.map,PIBT,1,222325,177765,413,413,1194,1,den520d-random-16.scen
980,den520d.map,PIBT,1,221887,177765,414,413,1515,4,den520d-random-16.scen
980,den520d.map,PIBT,1,220126,177765,413,413,2792,16,den520d-random-16.scen
980,den520d.map,PIBT,1,221817,177765,415,413,7659,64,den520d-random-16.scen
980,den520d.map,PIBT,1,220138,177765,414,413,26075,256,den520d-random-16.scen
980,den520d.map,PIBTOLD,1,222466,177765,413,413,682,0,den520d-random-16.scen
20,den520d.map,PIBT,1,4336,4331,374,374,14,0,den520d-random-14.scen
20,den520d.map,PIBT,1,4529,4331,374,374,16,1,den520d-random-14.scen
20,den520d.map,PIBT,1,4529,4331,374,374,14,4,den520d-random-14.scen
20,den520d.map,PIBT,1,4529,4331,374,374,15,16,den520d-random-14.scen
20,den520d.map,PIBT,1,4529,4331,374,374,14,64,den520d-random-14.scen
20,den520d.map,PIBT,1,4529,4331,374,374,15,256,den520d-random-14.scen
20,den520d.map,PIBTOLD,1,4336,4331,374,374,16,0,den520d-random-14.scen
140,den520d.map,PIBT,1,26667,25347,394,394,106,0,den520d-random-14.scen
140,den520d.map,PIBT,1,26900,25347,394,394,100,1,den520d-random-14.scen
140,den520d.map,PIBT,1,26900,25347,394,394,103,4,den520d-random-14.scen
140,den520d.map,PIBT,1,26900,25347,394,394,101,16,den520d-random-14.scen
140,den520d.map,PIBT,1,26900,25347,394,394,96,64,den520d-random-14.scen
140,den520d.map,PIBT,1,26900,25347,394,394,101,256,den520d-random-14.scen
140,den520d.map,PIBTOLD,1,26667,25347,394,394,97,0,den520d-random-14.scen
260,den520d.map,PIBT,1,53957,48546,404,404,198,0,den520d-random-14.scen
260,den520d.map,PIBT,1,53369,48546,404,404,204,1,den520d-random-14.scen
260,den520d.map,PIBT,1,53369,48546,404,404,202,4,den520d-random-14.scen
260,den520d.map,PIBT,1,53369,48546,404,404,210,16,den520d-random-14.scen
260,den520d.map,PIBT,1,53369,48546,404,404,202,64,den520d-random-14.scen
260,den520d.map,PIBT,1,53369,48546,404,404,204,256,den520d-random-14.scen
260,den520d.map,PIBTOLD,1,53957,48546,404,404,185,0,den520d-random-14.scen
380,den520d.map,PIBT,1,80144,70039,404,404,313,0,den520d-random-14.scen
380,den520d.map,PIBT,1,78864,70039,404,404,430,1,den520d-random-14.scen
380,den520d.map,PIBT,1,78723,70039,404,404,333,4,den520d-random-14.scen
380,den520d.map,PIBT,1,78848,70039,404,404,348,16,den520d-random-14.scen
380,den520d.map,PIBT,1,78848,70039,404,404,340,64,den520d-random-14.scen
380,den520d.map,PIBT,1,78848,70039,404,404,326,256,den520d-random-14.scen
380,den520d.map,PIBTOLD,1,80144,70039,404,404,266,0,den520d-random-14.scen
500,den520d.map,PIBT,1,108455,92637,404,404,419,0,den520d-random-14.scen
500,den520d.map,PIBT,1,108089,92637,404,404,437,1,den520d-random-14.scen
500,den520d.map,PIBT,1,107440,92637,406,404,536,4,den520d-random-14.scen
500,den520d.map,PIBT,1,107542,92637,404,404,743,16,den520d-random-14.scen
500,den520d.map,PIBT,1,107214,92637,409,404,1457,64,den520d-random-14.scen
500,den520d.map,PIBT,1,107309,92637,405,404,3027,256,den520d-random-14.scen
500,den520d.map,PIBTOLD,1,108455,92637,404,404,356,0,den520d-random-14.scen
620,den520d.map,PIBT,1,134965,112829,405,405,545,0,den520d-random-14.scen
620,den520d.map,PIBT,1,133976,112829,407,405,623,1,den520d-random-14.scen
620,den520d.map,PIBT,1,133514,112829,406,405,733,4,den520d-random-14.scen
620,den520d.map,PIBT,1,133606,112829,405,405,1244,16,den520d-random-14.scen
620,den520d.map,PIBT,1,134540,112829,407,405,3010,64,den520d-random-14.scen
620,den520d.map,PIBT,1,132967,112829,407,405,6758,256,den520d-random-14.scen
620,den520d.map,PIBTOLD,1,134965,112829,405,405,439,0,den520d-random-14.scen
740,den520d.map,PIBT,1,161627,133593,405,405,723,0,den520d-random-14.scen
740,den520d.map,PIBT,1,160715,133593,405,405,770,1,den520d-random-14.scen
740,den520d.map,PIBT,1,160432,133593,410,405,948,4,den520d-random-14.scen
740,den520d.map,PIBT,1,161159,133593,414,405,1661,16,den520d-random-14.scen
740,den520d.map,PIBT,1,160964,133593,407,405,3905,64,den520d-random-14.scen
740,den520d.map,PIBT,1,161350,133593,405,405,13043,256,den520d-random-14.scen
740,den520d.map,PIBTOLD,1,161627,133593,405,405,539,0,den520d-random-14.scen
860,den520d.map,PIBT,1,193113,155263,413,413,869,0,den520d-random-14.scen
860,den520d.map,PIBT,1,192357,155263,413,413,1001,1,den520d-random-14.scen
860,den520d.map,PIBT,1,190963,155263,417,413,1223,4,den520d-random-14.scen
860,den520d.map,PIBT,1,191676,155263,416,413,2123,16,den520d-random-14.scen
860,den520d.map,PIBT,1,189948,155263,414,413,5852,64,den520d-random-14.scen
860,den520d.map,PIBT,1,190289,155263,416,413,18017,256,den520d-random-14.scen
860,den520d.map,PIBTOLD,1,193113,155263,413,413,603,0,den520d-random-14.scen
980,den520d.map,PIBT,1,222466,177765,413,413,1028,0,den520d-random-14.scen
980,den520d.map,PIBT,1,222998,177765,413,413,1166,1,den520d-random-14.scen
980,den520d.map,PIBT,1,222022,177765,415,413,1501,4,den520d-random-14.scen
980,den520d.map,PIBT,1,222069,177765,413,413,2971,16,den520d-random-14.scen
980,den520d.map,PIBT,1,221451,177765,415,413,7962,64,den520d-random-14.scen
980,den520d.map,PIBT,1,220545,177765,414,413,25284,256,den520d-random-14.scen
980,den520d.map,PIBTOLD,1,222466,177765,413,413,655,0,den520d-random-14.scen
20,den520d.map,PIBT,1,4336,4331,374,374,16,0,den520d-random-25.scen
20,den520d.map,PIBT,1,4529,4331,374,374,16,1,den520d-random-25.scen
20,den520d.map,PIBT,1,4529,4331,374,374,16,4,den520d-random-25.scen
20,den520d.map,PIBT,1,4529,4331,374,374,14,16,den520d-random-25.scen
20,den520d.map,PIBT,1,4529,4331,374,374,18,64,den520d-random-25.scen
20,den520d.map,PIBT,1,4529,4331,374,374,14,256,den520d-random-25.scen
20,den520d.map,PIBTOLD,1,4336,4331,374,374,13,0,den520d-random-25.scen
140,den520d.map,PIBT,1,26667,25347,394,394,95,0,den520d-random-25.scen
140,den520d.map,PIBT,1,26900,25347,394,394,102,1,den520d-random-25.scen
140,den520d.map,PIBT,1,26900,25347,394,394,104,4,den520d-random-25.scen
140,den520d.map,PIBT,1,26900,25347,394,394,99,16,den520d-random-25.scen
140,den520d.map,PIBT,1,26900,25347,394,394,105,64,den520d-random-25.scen
140,den520d.map,PIBT,1,26900,25347,394,394,103,256,den520d-random-25.scen
140,den520d.map,PIBTOLD,1,26667,25347,394,394,102,0,den520d-random-25.scen
260,den520d.map,PIBT,1,53957,48546,404,404,201,0,den520d-random-25.scen
260,den520d.map,PIBT,1,53369,48546,404,404,204,1,den520d-random-25.scen
260,den520d.map,PIBT,1,53369,48546,404,404,197,4,den520d-random-25.scen
260,den520d.map,PIBT,1,53369,48546,404,404,206,16,den520d-random-25.scen
260,den520d.map,PIBT,1,53369,48546,404,404,209,64,den520d-random-25.scen
260,den520d.map,PIBT,1,53369,48546,404,404,193,256,den520d-random-25.scen
260,den520d.map,PIBTOLD,1,53957,48546,404,404,185,0,den520d-random-25.scen
380,den520d.map,PIBT,1,80144,70039,404,404,300,0,den520d-random-25.scen
380,den520d.map,PIBT,1,79216,70039,404,404,320,1,den520d-random-25.scen
380,den520d.map,PIBT,1,78829,70039,404,404,333,4,den520d-random-25.scen
380,den520d.map,PIBT,1,78848,70039,404,404,341,16,den520d-random-25.scen
380,den520d.map,PIBT,1,78848,70039,404,404,349,64,den520d-random-25.scen
380,den520d.map,PIBT,1,78848,70039,404,404,340,256,den520d-random-25.scen
380,den520d.map,PIBTOLD,1,80144,70039,404,404,260,0,den520d-random-25.scen
500,den520d.map,PIBT,1,108455,92637,404,404,424,0,den520d-random-25.scen
500,den520d.map,PIBT,1,106790,92637,404,404,436,1,den520d-random-25.scen
500,den520d.map,PIBT,1,107277,92637,406,404,525,4,den520d-random-25.scen
500,den520d.map,PIBT,1,107177,92637,404,404,856,16,den520d-random-25.scen
500,den520d.map,PIBT,1,106987,92637,405,404,1434,64,den520d-random-25.scen
500,den520d.map,PIBT,1,107269,92637,404,404,3106,256,den520d-random-25.scen
500,den520d.map,PIBTOLD,1,108455,92637,404,404,346,0,den520d-random-25.scen
620,den520d.map,PIBT,1,134965,112829,405,405,558,0,den520d-random-25.scen
620,den520d.map,PIBT,1,134664,112829,410,405,639,1,den520d-random-25.scen
620,den520d.map,PIBT,1,133580,112829,405,405,785,4,den520d-random-25.scen
620,den520d.map,PIBT,1,133437,112829,405,405,1161,16,den520d-random-25.scen
620,den520d.map,PIBT,1,133541,112829,405,405,2189,64,den520d-random-25.scen
620,den520d.map,PIBT,1,134304,112829,405,405,7094,256,den520d-random-25.scen
620,den520d.map,PIBTOLD,1,134965,112829,405,405,438,0,den520d-random-25.scen
740,den520d.map,PIBT,1,161627,133593,405,405,723,0,den520d-random-25.scen
740,den520d.map,PIBT,1,161727,133593,405,405,806,1,den520d-random-25.scen
740,den520d.map,PIBT,1,160720,133593,408,405,999,4,den520d-random-25.scen
740,den520d.map,PIBT,1,160122,133593,407,405,1678,16,den520d-random-25.scen
740,den520d.map,PIBT,1,160141,133593,407,405,4427,64,den520d-random-25.scen
740,den520d.map,PIBT,1,161444,133593,407,405,13985,256,den520d-random-25.scen
740,den520d.map,PIBTOLD,1,161627,133593,405,405,505,0,den520d-random-25.scen
860,den520d.map,PIBT,1,193113,155263,413,413,869,0,den520d-random-25.scen
860,den520d.map,PIBT,1,191597,155263,413,413,1011,1,den520d-random-25.scen
860,den520d.map,PIBT,1,191416,155263,414,413,1206,4,den520d-random-25.scen
860,den520d.map,PIBT,1,191400,155263,414,413,2218,16,den520d-random-25.scen
860,den520d.map,PIBT,1,190273,155263,413,413,4918,64,den520d-random-25.scen
860,den520d.map,PIBT,1,190064,155263,413,413,16650,256,den520d-random-25.scen
860,den520d.map,PIBTOLD,1,193113,155263,413,413,613,0,den520d-random-25.scen
980,den520d.map,PIBT,1,222466,177765,413,413,1045,0,den520d-random-25.scen
980,den520d.map,PIBT,1,222448,177765,415,413,1178,1,den520d-random-25.scen
980,den520d.map,PIBT,1,223216,177765,413,413,1518,4,den520d-random-25.scen
980,den520d.map,PIBT,1,221584,177765,413,413,2815,16,den520d-random-25.scen
980,den520d.map,PIBT,1,222673,177765,414,413,7717,64,den520d-random-25.scen
980,den520d.map,PIBT,1,222511,177765,413,413,24467,256,den520d-random-25.scen
980,den520d.map,PIBTOLD,1,222466,177765,413,413,715,0,den520d-random-25.scen
20,den520d.map,PIBT,1,4336,4331,374,374,13,0,den520d-random-6.scen
20,den520d.map,PIBT,1,4529,4331,374,374,17,1,den520d-random-6.scen
20,den520d.map,PIBT,1,4529,4331,374,374,16,4,den520d-random-6.scen
20,den520d.map,PIBT,1,4529,4331,374,374,16,16,den520d-random-6.scen
20,den520d.map,PIBT,1,4529,4331,374,374,17,64,den520d-random-6.scen
20,den520d.map,PIBT,1,4529,4331,374,374,14,256,den520d-random-6.scen
20,den520d.map,PIBTOLD,1,4336,4331,374,374,15,0,den520d-random-6.scen
140,den520d.map,PIBT,1,26667,25347,394,394,101,0,den520d-random-6.scen
140,den520d.map,PIBT,1,26900,25347,394,394,106,1,den520d-random-6.scen
140,den520d.map,PIBT,1,26900,25347,394,394,104,4,den520d-random-6.scen
140,den520d.map,PIBT,1,26900,25347,394,394,108,16,den520d-random-6.scen
140,den520d.map,PIBT,1,26900,25347,394,394,103,64,den520d-random-6.scen
140,den520d.map,PIBT,1,26900,25347,394,394,108,256,den520d-random-6.scen
140,den520d.map,PIBTOLD,1,26667,25347,394,394,86,0,den520d-random-6.scen
260,den520d.map,PIBT,1,53957,48546,404,404,204,0,den520d-random-6.scen
260,den520d.map,PIBT,1,53369,48546,404,404,200,1,den520d-random-6.scen
260,den520d.map,PIBT,1,53369,48546,404,404,209,4,den520d-random-6.scen
260,den520d.map,PIBT,1,53369,48546,404,404,195,16,den520d-random-6.scen
260,den520d.map,PIBT,1,53369,48546,404,404,203,64,den520d-random-6.scen
260,den520d.map,PIBT,1,53369,48546,404,404,185,256,den520d-random-6.scen
260,den520d.map,PIBTOLD,1,53957,48546,404,404,179,0,den520d-random-6.scen
380,den520d.map,PIBT,1,80144,70039,404,404,305,0,den520d-random-6.scen
380,den520d.map,PIBT,1,79300,70039,404,404,324,1,den520d-random-6.scen
380,den520d.map,PIBT,1,78987,70039,404,404,345,4,den520d-random-6.scen
380,den520d.map,PIBT,1,78848,70039,404,404,340,16,den520d-random-6.scen
380,den520d.map,PIBT,1,78848,70039,404,404,345,64,den520d-random-6.scen
380,den520d.map,PIBT,1,78848,70039,404,404,346,256,den520d-random-6.scen
380,den520d.map,PIBTOLD,1,80144,70039,404,404,272,0,den520d-random-6.scen
500,den520d.map,PIBT,1,108455,92637,404,404,444,0,den520d-random-6.scen
500,den520d.map,PIBT,1,107171,92637,405,404,470,1,den520d-random-6.scen
500,den520d.map,PIBT,1,108033,92637,404,404,566,4,den520d-random-6.scen
500,den520d.map,PIBT,1,107435,92637,406,404,790,16,den520d-random-6.scen
500,den520d.map,PIBT,1,106702,92637,404,404,999,64,den520d-random-6.scen
500,den520d.map,PIBT,1,107131,92637,408,404,4196,256,den520d-random-6.scen
500,den520d.map,PIBTOLD,1,108455,92637,404,404,357,0,den520d-random-6.scen
620,den520d.map,PIBT,1,134965,112829,405,405,580,0,den520d-random-6.scen
620,den520d.map,PIBT,1,133233,112829,411,405,635,1,den520d-random-6.scen
620,den520d.map,PIBT,1,134460,112829,406,405,720,4,den520d-random-6.scen
620,den520d.map,PIBT,1,133418,112829,405,405,1077,16,den520d-random-6.scen
620,den520d.map,PIBT,1,134054,112829,406,405,2044,64,den520d-random-6.scen
620,den520d.map,PIBT,1,134025,112829,408,405,7033,256,den520d-random-6.scen
620,den520d.map,PIBTOLD,1,134965,112829,405,405,430,0,den520d-random-6.scen
740,den520d.map,PIBT,1,161627,133593,405,405,680,0,den520d-random-6.scen
740,den520d.map,PIBT,1,161038,133593,406,405,806,1,den520d-random-6.scen
740,den520d.map,PIBT,1,161682,133593,412,405,1035,4,den520d-random-6.scen
740,den520d.map,PIBT,1,159711,133593,410,405,1555,16,den520d-random-6.scen
740,den520d.map,PIBT,1,161433,133593,407,405,4252,64,den520d-random-6.scen
740,den520d.map,PIBT,1,160745,133593,408,405,11602,256,den520d-random-6.scen
740,den520d.map,PIBTOLD,1,161627,133593,405,405,525,0,den520d-random-6.scen
860,den520d.map,PIBT,1,193113,155263,413,413,894,0,den520d-random-6.scen
860,den520d.map,PIBT,1,191466,155263,417,413,1006,1,den520d-random-6.scen
860,den520d.map,PIBT,1,189170,155263,413,413,1268,4,den520d-random-6.scen
860,den520d.map,PIBT,1,191881,155263,413,413,2263,16,den520d-random-6.scen
860,den520d.map,PIBT,1,190627,155263,419,413,5594,64,den520d-random-6.scen
860,den520d.map,PIBT,1,190579,155263,415,413,17054,256,den520d-random-6.scen
860,den520d.map,PIBTOLD,1,193113,155263,413,413,626,0,den520d-random-6.scen
980,den520d.map,PIBT,1,222466,177765,413,413,1035,0,den520d-random-6.scen
980,den520d.map,PIBT,1,221762,177765,413,413,1168,1,den520d-random-6.scen
980,den520d.map,PIBT,1,221753,177765,413,413,1534,4,den520d-random-6.scen
980,den520d.map,PIBT,1,221139,177765,415,413,2712,16,den520d-random-6.scen
980,den520d.map,PIBT,1,221281,177765,413,413,7242,64,den520d-random-6.scen
980,den520d.map,PIBT,1,221470,177765,414,413,25668,256,den520d-random-6.scen
980,den520d.map,PIBTOLD,1,222466,177765,413,413,672,0,den520d-random-6.scen
20,den520d.map,PIBT,1,4336,4331,374,374,20,0,den520d-random-8.scen
20,den520d.map,PIBT,1,4529,4331,374,374,14,1,den520d-random-8.scen
20,den520d.map,PIBT,1,4529,4331,374,374,16,4,den520d-random-8.scen
20,den520d.map,PIBT,1,4529,4331,374,374,14,16,den520d-random-8.scen
20,den520d.map,PIBT,1,4529,4331,374,374,16,64,den520d-random-8.scen
20,den520d.map,PIBT,1,4529,4331,374,374,14,256,den520d-random-8.scen
20,den520d.map,PIBTOLD,1,4336,4331,374,374,16,0,den520d-random-8.scen
140,den520d.map,PIBT,1,26667,25347,394,394,107,0,den520d-random-8.scen
140,den520d.map,PIBT,1,26900,25347,394,394,106,1,den520d-random-8.scen
140,den520d.map,PIBT,1,26900,25347,394,394,105,4,den520d-random-8.scen
140,den520d.map,PIBT,1,26900,25347,394,394,102,16,den520d-random-8.scen
140,den520d.map,PIBT,1,26900,25347,394,394,97,64,den520d-random-8.scen
140,den520d.map,PIBT,1,26900,25347,394,394,112,256,den520d-random-8.scen
140,den520d.map,PIBTOLD,1,26667,25347,394,394,97,0,den520d-random-8.scen
260,den520d.map,PIBT,1,53957,48546,404,404,180,0,den520d-random-8.scen
260,den520d.map,PIBT,1,53369,48546,404,404,200,1,den520d-random-8.scen
260,den520d.map,PIBT,1,53369,48546,404,404,211,4,den520d-random-8.scen
260,den520d.map,PIBT,1,53369,48546,404,404,209,16,den520d-random-8.scen
260,den520d.map,PIBT,1,53369,48546,404,404,194,64,den520d-random-8.scen
260,den520d.map,PIBT,1,53369,48546,404,404,198,256,den520d-random-8.scen
260,den520d.map,PIBTOLD,1,53957,48546,404,404,179,0,den520d-random-8.scen
380,den520d.map,PIBT,1,80144,70039,404,404,284,0,den520d-random-8.scen
380,den520d.map,PIBT,1,79172,70039,404,404,317,1,den520d-random-8.scen
380,den520d.map,PIBT,1,79410,70039,404,404,319,4,den520d-random-8.scen
380,den520d.map,PIBT,1,78848,70039,404,404,324,16,den520d-random-8.scen
380,den520d.map,PIBT,1,78848,70039,404,404,335,64,den520d-random-8.scen
380,den520d.map,PIBT,1,78848,70039,404,404,350,256,den520d-random-8.scen
380,den520d.map,PIBTOLD,1,80144,70039,404,404,278,0,den520d-random-8.scen
500,den520d.map,PIBT,1,108455,92637,404,404,440,0,den520d-random-8.scen
500,den520d.map,PIBT,1,107594,92637,406,404,458,1,den520d-random-8.scen
500,den520d.map,PIBT,1,107294,92637,409,404,527,4,den520d-random-8.scen
500,den520d.map,PIBT,1,107096,92637,404,404,745,16,den520d-random-8.scen
500,den520d.map,PIBT,1,107046,92637,413,404,1572,64,den520d-random-8.scen
500,den520d.map,PIBT,1,107610,92637,404,404,3113,256,den520d-random-8.scen
500,den520d.map,PIBTOLD,1,108455,92637,404,404,354,0,den520d-random-8.scen
620,den520d.map,PIBT,1,134965,112829,405,405,580,0,den520d-random-8.scen
620,den520d.map,PIBT,1,133502,112829,414,405,607,1,den520d-random-8.scen
620,den520d.map,PIBT,1,133467,112829,406,405,754,4,den520d-random-8.scen
620,den520d.map,PIBT,1,133648,112829,405,405,1133,16,den520d-random-8.scen
620,den520d.map,PIBT,1,133737,112829,407,405,2463,64,den520d-random-8.scen
620,den520d.map,PIBT,1,134469,112829,410,405,11223,256,den520d-random-8.scen
620,den520d.map,PIBTOLD,1,134965,112829,405,405,427,0,den520d-random-8.scen
740,den520d.map,PIBT,1,161627,133593,405,405,707,0,den520d-random-8.scen
740,den520d.map,PIBT,1,161803,133593,407,405,810,1,den520d-random-8.scen
740,den520d.map,PIBT,1,161632,133593,410,405,976,4,den520d-random-8.scen
740,den520d.map,PIBT,1,160854,133593,405,405,1583,16,den520d-random-8.scen
740,den520d.map,PIBT,1,160082,133593,408,405,4239,64,den520d-random-8.scen
740,den520d.map,PIBT,1,161414,133593,405,405,14518,256,den520d-random-8.scen
740,den520d.map,PIBTOLD,1,161627,133593,405,405,513,0,den520d-random-8.scen
860,den520d.map,PIBT,1,193113,155263,413,413,861,0,den520d-random-8.scen
860,den520d.map,PIBT,1,191123,155263,415,413,986,1,den520d-random-8.scen
860,den520d.map,PIBT,1,192255,155263,413,413,1268,4,den520d-random-8.scen
860,den520d.map,PIBT,1,192679,155263,413,413,2172,16,den520d-random-8.scen
860,den520d.map,PIBT,1,191332,155263,417,413,6044,64,den520d-random-8.scen
860,den520d.map,PIBT,1,191189,155263,415,413,20363,256,den520d-random-8.scen
860,den520d.map,PIBTOLD,1,193113,155263,413,413,589,0,den520d-random-8.scen
980,den520d.map,PIBT,1,222466,177765,413,413,1041,0,den520d-random-8.scen
980,den520d.map,PIBT,1,222859,177765,413,413,1156,1,den520d-random-8.scen
980,den520d.map,PIBT,1,221711,177765,413,413,1516,4,den520d-random-8.scen
980,den520d.map,PIBT,1,224012,177765,416,413,2806,16,den520d-random-8.scen
980,den520d.map,PIBT,1,222301,177765,413,413,6998,64,den520d-random-8.scen
980,den520d.map,PIBT,1,220698,177765,419,413,25169,256,den520d-random-8.scen
980,den520d.map,PIBTOLD,1,222466,177765,413,413,683,0,den520d-random-8.scen
20,den520d.map,PIBT,1,4336,4331,374,374,13,0,den520d-random-11.scen
20,den520d.map,PIBT,1,4529,4331,374,374,14,1,den520d-random-11.scen
20,den520d.map,PIBT,1,4529,4331,374,374,13,4,den520d-random-11.scen
20,den520d.map,PIBT,1,4529,4331,374,374,17,16,den520d-random-11.scen
20,den520d.map,PIBT,1,4529,4331,374,374,14,64,den520d-random-11.scen
20,den520d.map,PIBT,1,4529,4331,374,374,15,256,den520d-random-11.scen
20,den520d.map,PIBTOLD,1,4336,4331,374,374,17,0,den520d-random-11.scen
140,den520d.map,PIBT,1,26667,25347,394,394,106,0,den520d-random-11.scen
140,den520d.map,PIBT,1,26900,25347,394,394,100,1,den520d-random-11.scen
140,den520d.map,PIBT,1,26900,25347,394,394,108,4,den520d-random-11.scen
140,den520d.map,PIBT,1,26900,25347,394,394,97,16,den520d-random-11.scen
140,den520d.map,PIBT,1,26900,25347,394,394,103,64,den520d-random-11.scen
140,den520d.map,PIBT,1,26900,25347,394,394,101,256,den520d-random-11.scen
140,den520d.map,PIBTOLD,1,26667,25347,394,394,92,0,den520d-random-11.scen
260,den520d.map,PIBT,1,53957,48546,404,404,202,0,den520d-random-11.scen
260,den520d.map,PIBT,1,53369,48546,404,404,212,1,den520d-random-11.scen
260,den520d.map,PIBT,1,53369,48546,404,404,202,4,den520d-random-11.scen
260,den520d.map,PIBT,1,53369,48546,404,404,199,16,den520d-random-11.scen
260,den520d.map,PIBT,1,53369,48546,404,404,198,64,den520d-random-11.scen
260,den520d.map,PIBT,1,53369,48546,404,404,202,256,den520d-random-11.scen
260,den520d.map,PIBTOLD,1,53957,48546,404,404,179,0,den520d-random-11.scen
380,den520d.map,PIBT,1,80144,70039,404,404,305,0,den520d-random-11.scen
380,den520d.map,PIBT,1,79021,70039,404,404,321,1,den520d-random-11.scen
380,den520d.map,PIBT,1,78853,70039,404,404,324,4,den520d-random-11.scen
380,den520d.map,PIBT,1,78848,70039,404,404,342,16,den520d-random-11.scen
380,den520d.map,PIBT,1,78848,70039,404,404,354,64,den520d-random-11.scen
380,den520d.map,PIBT,1,78848,70039,404,404,338,256,den520d-random-11.scen
380,den520d.map,PIBTOLD,1,80144,70039,404,404,265,0,den520d-random-11.scen
500,den520d.map,PIBT,1,108455,92637,404,404,432,0,den520d-random-11.scen
500,den520d.map,PIBT,1,107506,92637,406,404,481,1,den520d-random-11.scen
500,den520d.map,PIBT,1,107474,92637,404,404,560,4,den520d-random-11.scen
500,den520d.map,PIBT,1,107562,92637,408,404,687,16,den520d-random-11.scen
500,den520d.map,PIBT,1,107088,92637,404,404,1501,64,den520d-random-11.scen
500,den520d.map,PIBT,1,108080,92637,404,404,3153,256,den520d-random-11.scen
500,den520d.map,PIBTOLD,1,108455,92637,404,404,357,0,den520d-random-11.scen
620,den520d.map,PIBT,1,134965,112829,405,405,565,0,den520d-random-11.scen
620,den520d.map,PIBT,1,133695,112829,408,405,627,1,den520d-random-11.scen
620,den520d.map,PIBT,1,133299,112829,407,405,710,4,den520d-random-11.scen
620,den520d.map,PIBT,1,133051,112829,408,405,996,16,den520d-random-11.scen
620,den520d.map,PIBT,1,134927,112829,405,405,2280,64,den520d-random-11.scen
620,den520d.map,PIBT,1,132502,112829,406,405,8345,256,den520d-random-11.scen
620,den520d.map,PIBTOLD,1,134965,112829,405,405,439,0,den520d-random-11.scen
740,den520d.map,PIBT,1,161627,133593,405,405,729,0,den520d-random-11.scen
740,den520d.map,PIBT,1,160769,133593,419,405,798,1,den520d-random-11.scen
740,den520d.map,PIBT,1,160244,133593,408,405,985,4,den520d-random-11.scen
740,den520d.map,PIBT,1,161167,133593,415,405,1684,16,den520d-random-11.scen
740,den520d.map,PIBT,1,161031,133593,412,405,3881,64,den520d-random-11.scen
740,den520d.map,PIBT,1,161078,133593,405,405,13516,256,den520d-random-11.scen
740,den520d.map,PIBTOLD,1,161627,133593,405,405,524,0,den520d-random-11.scen
860,den520d.map,PIBT,1,193113,155263,413,413,875,0,den520d-random-11.scen
860,den520d.map,PIBT,1,191096,155263,416,413,1002,1,den520d-random-11.scen
860,den520d.map,PIBT,1,189857,155263,414,413,1245,4,den520d-random-11.scen
860,den520d.map,PIBT,1,190823,155263,414,413,2111,16,den520d-random-11.scen
860,den520d.map,PIBT,1,190417,155263,415,413,5880,64,den520d-random-11.scen
860,den520d.map,PIBT,1,190479,155263,416,413,20624,256,den520d-random-11.scen
860,den520d.map,PIBTOLD,1,193113,155263,413,413,597,0,den520d-random-11.scen
980,den520d.map,PIBT,1,222466,177765,413,413,1026,0,den520d-random-11.scen
980,den520d.map,PIBT,1,222645,177765,413,413,1174,1,den520d-random-11.scen
980,den520d.map,PIBT,1,221931,177765,413,413,1529,4,den520d-random-11.scen
980,den520d.map,PIBT,1,222171,177765,414,413,2921,16,den520d-random-11.scen
980,den520d.map,PIBT,1,221195,177765,413,413,7036,64,den520d-random-11.scen
980,den520d.map,PIBT,1,221182,177765,413,413,28428,256,den520d-random-11.scen
980,den520d.map,PIBTOLD,1,222466,177765,413,413,723,0,den520d-random-11.scen
20,den520d.map,PIBT,1,4336,4331,374,374,13,0,den520d-random-19.scen
20,den520d.map,PIBT,1,4529,4331,374,374,13,1,den520d-random-19.scen
20,den520d.map,PIBT,1,4529,4331,374,374,15,4,den520d-random-19.scen
20,den520d.map,PIBT,1,4529,4331,374,374,14,16,den520d-random-19.scen
20,den520d.map,PIBT,1,4529,4331,374,374,19,64,den520d-random-19.scen
20,den520d.map,PIBT,1,4529,4331,374,374,18,256,den520d-random-19.scen
20,den520d.map,PIBTOLD,1,4336,4331,374,374,15,0,den520d-random-19.scen
140,den520d.map,PIBT,1,26667,25347,394,394,105,0,den520d-random-19.scen
140,den520d.map,PIBT,1,26900,25347,394,394,103,1,den520d-random-19.scen
140,den520d.map,PIBT,1,26900,25347,394,394,96,4,den520d-random-19.scen
140,den520d.map,PIBT,1,26900,25347,394,394,100,16,den520d-random-19.scen
140,den520d.map,PIBT,1,26900,25347,394,394,108,64,den520d-random-19.scen
140,den520d.map,PIBT,1,26900,25347,394,394,104,256,den520d-random-19.scen
140,den520d.map,PIBTOLD,1,26667,25347,394,394,97,0,den520d-random-19.scen
260,den520d.map,PIBT,1,53957,48546,404,404,197,0,den520d-random-19.scen
260,den520d.map,PIBT,1,53369,48546,404,404,198,1,den520d-random-19.scen
260,den520d.map,PIBT,1,53369,48546,404,404,205,4,den520d-random-19.scen
260,den520d.map,PIBT,1,53369,48546,404,404,211,16,den520d-random-19.scen
260,den520d.map,PIBT,1,53369,48546,404,404,198,64,den520d-random-19.scen
260,den520d.map,PIBT,1,53369,48546,404,404,204,256,den520d-random-19.scen
260,den520d.map,PIBTOLD,1,53957,48546,404,404,155,0,den520d-random-19.scen
380,den520d.map,PIBT,1,80144,70039,404,404,308,0,den520d-random-19.scen
380,den520d.map,PIBT,1,79274,70039,404,404,309,1,den520d-random-19.scen
380,den520d.map,PIBT,1,78700,70039,404,404,316,4,den520d-random-19.scen
380,den520d.map,PIBT,1,78848,70039,404,404,344,16,den520d-random-19.scen
380,den520d.map,PIBT,1,78848,70039,404,404,349,64,den520d-random-19.scen
380,den520d.map,PIBT,1,78848,70039,404,404,346,256,den520d-random-19.scen
380,den520d.map,PIBTOLD,1,80144,70039,404,404,261,0,den520d-random-19.scen
500,den520d.map,PIBT,1,108455,92637,404,404,400,0,den520d-random-19.scen
500,den520d.map,PIBT,1,107448,92637,404,404,462,1,den520d-random-19.scen
500,den520d.map,PIBT,1,107160,92637,404,404,516,4,den520d-random-19.scen
500,den520d.map,PIBT,1,107207,92637,405,404,725,16,den520d-random-19.scen
500,den520d.map,PIBT,1,107722,92637,404,404,1453,64,den520d-random-19.scen
500,den520d.map,PIBT,1,107499,92637,407,404,2205,256,den520d-random-19.scen
500,den520d.map,PIBTOLD,1,108455,92637,404,404,356,0,den520d-random-19.scen
620,den520d.map,PIBT,1,134965,112829,405,405,596,0,den520d-random-19.scen
620,den520d.map,PIBT,1,133157,112829,412,405,646,1,den520d-random-19.scen
620,den520d.map,PIBT,1,134091,112829,409,405,730,4,den520d-random-19.scen
620,den520d.map,PIBT,1,132598,112829,405,405,1185,16,den520d-random-19.scen
620,den520d.map,PIBT,1,133405,112829,405,405,2315,64,den520d-random-19.scen
620,den520d.map,PIBT,1,134080,112829,406,405,6007,256,den520d-random-19.scen
620,den520d.map,PIBTOLD,1,134965,112829,405,405,453,0,den520d-random-19.scen
740,den520d.map,PIBT,1,161627,133593,405,405,730,0,den520d-random-19.scen
740,den520d.map,PIBT,1,160794,133593,410,405,755,1,den520d-random-19.scen
740,den520d.map,PIBT,1,160932,133593,406,405,974,4,den520d-random-19.scen
740,den520d.map,PIBT,1,160973,133593,414,405,1734,16,den520d-random-19.scen
740,den520d.map,PIBT,1,160615,133593,408,405,4330,64,den520d-random-19.scen
740,den520d.map,PIBT,1,160203,133593,405,405,12042,256,den520d-random-19.scen
740,den520d.map,PIBTOLD,1,161627,133593,405,405,494,0,den520d-random-19.scen
860,den520d.map,PIBT,1,193113,155263,413,413,895,0,den520d-random-19.scen
860,den520d.map,PIBT,1,191290,155263,413,413,1011,1,den520d-random-19.scen
860,den520d.map,PIBT,1,191858,155263,415,413,1272,4,den520d-random-19.scen
860,den520d.map,PIBT,1,191590,155263,415,413,2208,16,den520d-random-19.scen
860,den520d.map,PIBT,1,192424,155263,413,413,6027,64,den520d-random-19.scen
860,den520d.map,PIBT,1,191784,155263,415,413,17837,256,den520d-random-19.scen
860,den520d.map,PIBTOLD,1,193113,155263,413,413,609,0,den520d-random-19.scen
980,den520d.map,PIBT,1,222466,177765,413,413,1039,0,den520d-random-19.scen
980,den520d.map,PIBT,1,221781,177765,415,413,1231,1,den520d-random-19.scen
980,den520d.map,PIBT,1,222613,177765,414,413,1600,4,den520d-random-19.scen
980,den520d.map,PIBT,1,221344,177765,413,413,2733,16,den520d-random-19.scen
980,den520d.map,PIBT,1,221313,177765,413,413,7798,64,den520d-random-19.scen
980,den520d.map,PIBT,1,221846,177765,413,413,25280,256,den520d-random-19.scen
980,den520d.map,PIBTOLD,1,222466,177765,413,413,695,0,den520d-random-19.scen
20,den520d.map,PIBT,1,4336,4331,374,374,17,0,den520d-random-1.scen
20,den520d.map,PIBT,1,4529,4331,374,374,14,1,den520d-random-1.scen
20,den520d.map,PIBT,1,4529,4331,374,374,15,4,den520d-random-1.scen
20,den520d.map,PIBT,1,4529,4331,374,374,16,16,den520d-random-1.scen
20,den520d.map,PIBT,1,4529,4331,374,374,13,64,den520d-random-1.scen
20,den520d.map,PIBT,1,4529,4331,374,374,18,256,den520d-random-1.scen
20,den520d.map,PIBTOLD,1,4336,4331,374,374,16,0,den520d-random-1.scen
140,den520d.map,PIBT,1,26667,25347,394,394,104,0,den520d-random-1.scen
140,den520d.map,PIBT,1,26900,25347,394,394,102,1,den520d-random-1.scen
140,den520d.map,PIBT,1,26900,25347,394,394,105,4,den520d-random-1.scen
140,den520d.map,PIBT,1,26900,25347,394,394,107,16,den520d-random-1.scen
140,den520d.map,PIBT,1,26900,25347,394,394,105,64,den520d-random-1.scen
140,den520d.map,PIBT,1,26900,25347,394,394,106,256,den520d-random-1.scen
140,den520d.map,PIBTOLD,1,26667,25347,394,394,90,0,den520d-random-1.scen
260,den520d.map,PIBT,1,53957,48546,404,404,195,0,den520d-random-1.scen
260,den520d.map,PIBT,1,53369,48546,404,404,193,1,den520d-random-1.scen
260,den520d.map,PIBT,1,53369,48546,404,404,199,4,den520d-random-1.scen
260,den520d.map,PIBT,1,53369,48546,404,404,207,16,den520d-random-1.scen
260,den520d.map,PIBT,1,53369,48546,404,404,206,64,den520d-random-1.scen
260,den520d.map,PIBT,1,53369,48546,404,404,182,256,den520d-random-1.scen
260,den520d.map,PIBTOLD,1,53957,48546,404,404,172,0,den520d-random-1.scen
380,den520d.map,PIBT,1,80144,70039,404,404,304,0,den520d-random-1.scen
380,den520d.map,PIBT,1,79261,70039,404,404,325,1,den520d-random-1.scen
380,den520d.map,PIBT,1,79389,70039,404,404,333,4,den520d-random-1.scen
380,den520d.map,PIBT,1,78848,70039,404,404,348,16,den520d-random-1.scen
380,den520d.map,PIBT,1,78848,70039,404,404,317,64,den520d-random-1.scen
380,den520d.map,PIBT,1,78848,70039,404,404,347,256,den520d-random-1.scen
380,den520d.map,PIBTOLD,1,80144,70039,404,404,248,0,den520d-random-1.scen
500,den520d.map,PIBT,1,108455,92637,404,404,449,0,den520d-random-1.scen
500,den520d.map,PIBT,1,107496,92637,404,404,494,1,den520d-random-1.scen
500,den520d.map,PIBT,1,107465,92637,404,404,509,4,den520d-random-1.scen
500,den520d.map,PIBT,1,107542,92637,404,404,785,16,den520d-random-1.scen
500,den520d.map,PIBT,1,107215,92637,404,404,1412,64,den520d-random-1.scen
500,den520d.map,PIBT,1,107412,92637,404,404,1812,256,den520d-random-1.scen
500,den520d.map,PIBTOLD,1,108455,92637,404,404,344,0,den520d-random-1.scen
620,den520d.map,PIBT,1,134965,112829,405,405,577,0,den520d-random-1.scen
620,den520d.map,PIBT,1,133594,112829,409,405,647,1,den520d-random-1.scen
620,den520d.map,PIBT,1,134311,112829,405,405,716,4,den520d-random-1.scen
620,den520d.map,PIBT,1,133631,112829,414,405,1154,16,den520d-random-1.scen
620,den520d.map,PIBT,1,133807,112829,411,405,2523,64,den520d-random-1.scen
620,den520d.map,PIBT,1,133732,112829,405,405,9656,256,den520d-random-1.scen
620,den520d.map,PIBTOLD,1,134965,112829,405,405,454,0,den520d-random-1.scen
740,den520d.map,PIBT,1,161627,133593,405,405,710,0,den520d-random-1.scen
740,den520d.map,PIBT,1,160548,133593,411,405,858,1,den520d-random-1.scen
740,den520d.map,PIBT,1,161112,133593,407,405,948,4,den520d-random-1.scen
740,den520d.map,PIBT,1,161607,133593,408,405,1776,16,den520d-random-1.scen
740,den520d.map,PIBT,1,160523,133593,412,405,4702,64,den520d-random-1.scen
740,den520d.map,PIBT,1,161016,133593,409,405,12022,256,den520d-random-1.scen
740,den520d.map,PIBTOLD,1,161627,133593,405,405,533,0,den520d-random-1.scen
860,den520d.map,PIBT,1,193113,155263,413,413,864,0,den520d-random-1.scen
860,den520d.map,PIBT,1,191101,155263,413,413,1015,1,den520d-random-1.scen
860,den520d.map,PIBT,1,190869,155263,413,413,1199,4,den520d-random-1.scen
860,den520d.map,PIBT,1,191635,155263,418,413,2226,16,den520d-random-1.scen
860,den520d.map,PIBT,1,191270,155263,414,413,5745,64,den520d-random-1.scen
860,den520d.map,PIBT,1,191311,155263,415,413,16726,256,den520d-random-1.scen
860,den520d.map,PIBTOLD,1,193113,155263,413,413,623,0,den520d-random-1.scen
980,den520d.map,PIBT,1,222466,177765,413,413,1007,0,den520d-random-1.scen
980,den520d.map,PIBT,1,220935,177765,413,413,1203,1,den520d-random-1.scen
980,den520d.map,PIBT,1,221895,177765,414,413,1546,4,den520d-random-1.scen
980,den520d.map,PIBT,1,222001,177765,413,413,2838,16,den520d-random-1.scen
980,den520d.map,PIBT,1,221305,177765,413,413,7773,64,den520d-random-1.scen
980,den520d.map,PIBT,1,222082,177765,413,413,25728,256,den520d-random-1.scen
980,den520d.map,PIBTOLD,1,222466,177765,413,413,712,0,den520d-random-1.scen
20,den520d.map,PIBT,1,4336,4331,374,374,16,0,den520d-random-3.scen
20,den520d.map,PIBT,1,4529,4331,374,374,17,1,den520d-random-3.scen
20,den520d.map,PIBT,1,4529,4331,374,374,14,4,den520d-random-3.scen
20,den520d.map,PIBT,1,4529,4331,374,374,14,16,den520d-random-3.scen
20,den520d.map,PIBT,1,4529,4331,374,374,18,64,den520d-random-3.scen
20,den520d.map,PIBT,1,4529,4331,374,374,15,256,den520d-random-3.scen
20,den520d.map,PIBTOLD,1,4336,4331,374,374,16,0,den520d-random-3.scen
140,den520d.map,PIBT,1,26667,25347,394,394,104,0,den520d-random-3.scen
140,den520d.map,PIBT,1,26900,25347,394,394,109,1,den520d-random-3.scen
140,den520d.map,PIBT,1,26900,25347,394,394,102,4,den520d-random-3.scen
140,den520d.map,PIBT,1,26900,25347,394,394,105,16,den520d-random-3.scen
140,den520d.map,PIBT,1,26900,25347,394,394,103,64,den520d-random-3.scen
140,den520d.map,PIBT,1,26900,25347,394,394,105,256,den520d-random-3.scen
140,den520d.map,PIBTOLD,1,26667,25347,394,394,97,0,den520d-random-3.scen
260,den520d.map,PIBT,1,53957,48546,404,404,211,0,den520d-random-3.scen
260,den520d.map,PIBT,1,53369,48546,404,404,208,1,den520d-random-3.scen
260,den520d.map,PIBT,1,53369,48546,404,404,201,4,den520d-random-3.scen
260,den520d.map,PIBT,1,53369,48546,404,404,204,16,den520d-random-3.scen
260,den520d.map,PIBT,1,53369,48546,404,404,206,64,den520d-random-3.scen
260,den520d.map,PIBT,1,53369,48546,404,404,203,256,den520d-random-3.scen
260,den520d.map,PIBTOLD,1,53957,48546,404,404,177,0,den520d-random-3.scen
380,den520d.map,PIBT,1,80144,70039,404,404,317,0,den520d-random-3.scen
380,den520d.map,PIBT,1,78890,70039,404,404,321,1,den520d-random-3.scen
380,den520d.map,PIBT,1,79093,70039,404,404,339,4,den520d-random-3.scen
380,den520d.map,PIBT,1,78848,70039,404,404,348,16,den520d-random-3.scen
380,den520d.map,PIBT,1,78848,70039,404,404,354,64,den520d-random-3.scen
380,den520d.map,PIBT,1,78848,70039,404,404,341,256,den520d-random-3.scen
380,den520d.map,PIBTOLD,1,80144,70039,404,404,264,0,den520d-random-3.scen
500,den520d.map,PIBT,1,108455,92637,404,404,434,0,den520d-random-3.scen
500,den520d.map,PIBT,1,107454,92637,409,404,468,1,den520d-random-3.scen
500,den520d.map,PIBT,1,107289,92637,404,404,513,4,den520d-random-3.scen
500,den520d.map,PIBT,1,107109,92637,413,404,800,16,den520d-random-3.scen
500,den520d.map,PIBT,1,107090,92637,404,404,1602,64,den520d-random-3.scen
500,den520d.map,PIBT,1,107443,92637,406,404,3173,256,den520d-random-3.scen
500,den520d.map,PIBTOLD,1,108455,92637,404,404,340,0,den520d-random-3.scen
620,den520d.map,PIBT,1,134965,112829,405,405,581,0,den520d-random-3.scen
620,den520d.map,PIBT,1,133550,112829,405,405,626,1,den520d-random-3.scen
620,den520d.map,PIBT,1,134095,112829,414,405,796,4,den520d-random-3.scen
620,den520d.map,PIBT,1,134349,112829,405,405,1225,16,den520d-random-3.scen
620,den520d.map,PIBT,1,133633,112829,408,405,2140,64,den520d-random-3.scen
620,den520d.map,PIBT,1,134236,112829,406,405,6766,256,den520d-random-3.scen
620,den520d.map,PIBTOLD,1,134965,112829,405,405,439,0,den520d-random-3.scen
740,den520d.map,PIBT,1,161627,133593,405,405,707,0,den520d-random-3.scen
740,den520d.map,PIBT,1,160536,133593,414,405,794,1,den520d-random-3.scen
740,den520d.map,PIBT,1,161502,133593,412,405,982,4,den520d-random-3.scen
740,den520d.map,PIBT,1,161349,133593,406,405,1610,16,den520d-random-3.scen
740,den520d.map,PIBT,1,159672,133593,406,405,4089,64,den520d-random-3.scen
740,den520d.map,PIBT,1,160021,133593,417,405,13533,256,den520d-random-3.scen
740,den520d.map,PIBTOLD,1,161627,133593,405,405,523,0,den520d-random-3.scen
860,den520d.map,PIBT,1,193113,155263,413,413,882,0,den520d-random-3.scen
860,den520d.map,PIBT,1,191928,155263,413,413,997,1,den520d-random-3.scen
860,den520d.map,PIBT,1,191684,155263,415,413,1279,4,den520d-random-3.scen
860,den520d.map,PIBT,1,190875,155263,416,413,2093,16,den520d-random-3.scen
860,den520d.map,PIBT,1,190539,155263,413,413,5478,64,den520d-random-3.scen
860,den520d.map,PIBT,1,191824,155263,413,413,17485,256,den520d-random-3.scen
860,den520d.map,PIBTOLD,1,193113,155263,413,413,568,0,den520d-random-3.scen
980,den520d.map,PIBT,1,222466,177765,413,413,1079,0,den520d-random-3.scen
980,den520d.map,PIBT,1,221828,177765,413,413,1162,1,den520d-random-3.scen
980,den520d.map,PIBT,1,223233,177765,413,413,1586,4,den520d-random-3.scen
980,den520d.map,PIBT,1,223145,177765,414,413,2849,16,den520d-random-3.scen
980,den520d.map,PIBT,1,222652,177765,416,413,7666,64,den520d-random-3.scen
980,den520d.map,PIBT,1,221808,177765,418,413,27842,256,den520d-random-3.scen
980,den520d.map,PIBTOLD,1,222466,177765,413,413,700,0,den520d-random-3.scen
20,den520d.map,PIBT,1,4336,4331,374,374,14,0,den520d-random-15.scen
20,den520d.map,PIBT,1,4529,4331,374,374,14,1,den520d-random-15.scen
20,den520d.map,PIBT,1,4529,4331,374,374,14,4,den520d-random-15.scen
20,den520d.map,PIBT,1,4529,4331,374,374,18,16,den520d-random-15.scen
20,den520d.map,PIBT,1,4529,4331,374,374,14,64,den520d-random-15.scen
20,den520d.map,PIBT,1,4529,4331,374,374,14,256,den520d-random-15.scen
20,den520d.map,PIBTOLD,1,4336,4331,374,374,14,0,den520d-random-15.scen
140,den520d.map,PIBT,1,26667,25347,394,394,102,0,den520d-random-15.scen
140,den520d.map,PIBT,1,26900,25347,394,394,101,1,den520d-random-15.scen
140,den520d.map,PIBT,1,26900,25347,394,394,103,4,den520d-random-15.scen
140,den520d.map,PIBT,1,26900,25347,394,394,105,16,den520d-random-15.scen
140,den520d.map,PIBT,1,26900,25347,394,394,108,64,den520d-random-15.scen
140,den520d.map,PIBT,1,26900,25347,394,394,103,256,den520d-random-15.scen
140,den520d.map,PIBTOLD,1,26667,25347,394,394,101,0,den520d-random-15.scen
260,den520d.map,PIBT,1,53957,48546,404,404,200,0,den520d-random-15.scen
260,den520d.map,PIBT,1,53369,48546,404,404,203,1,den520d-random-15.scen
260,den520d.map,PIBT,1,53369,48546,404,404,199,4,den520d-random-15.scen
260,den520d.map,PIBT,1,53369,48546,404,404,203,16,den520d-random-15.scen
260,den520d.map,PIBT,1,53369,48546,404,404,198,64,den520d-random-15.scen
260,den520d.map,PIBT,1,53369,48546,404,404,199,256,den520d-random-15.scen
260,den520d.map,PIBTOLD,1,53957,48546,404,404,175,0,den520d-random-15.scen
380,den520d.map,PIBT,1,80144,70039,404,404,310,0,den520d-random-15.scen
380,den520d.map,PIBT,1,78779,70039,404,404,294,1,den520d-random-15.scen
380,den520d.map,PIBT,1,79156,70039,404,404,343,4,den520d-random-15.scen
380,den520d.map,PIBT,1,78848,70039,404,404,331,16,den520d-random-15.scen
380,den520d.map,PIBT,1,78848,70039,404,404,332,64,den520d-random-15.scen
380,den520d.map,PIBT,1,78848,70039,404,404,366,256,den520d-random-15.scen
380,den520d.map,PIBTOLD,1,80144,70039,404,404,281,0,den520d-random-15.scen
500,den520d.map,PIBT,1,108455,92637,404,404,418,0,den520d-random-15.scen
500,den520d.map,PIBT,1,107347,92637,406,404,440,1,den520d-random-15.scen
500,den520d.map,PIBT,1,107290,92637,406,404,554,4,den520d-random-15.scen
500,den520d.map,PIBT,1,107129,92637,409,404,637,16,den520d-random-15.scen
500,den520d.map,PIBT,1,107275,92637,409,404,1262,64,den520d-random-15.scen
500,den520d.map,PIBT,1,107411,92637,406,404,2899,256,den520d-random-15.scen
500,den520d.map,PIBTOLD,1,108455,92637,404,404,369,0,den520d-random-15.scen
620,den520d.map,PIBT,1,134965,112829,405,405,574,0,den520d-random-15.scen
620,den520d.map,PIBT,1,134091,112829,410,405,632,1,den520d-random-15.scen
620,den520d.map,PIBT,1,133581,112829,406,405,757,4,den520d-random-15.scen
620,den520d.map,PIBT,1,134099,112829,408,405,1112,16,den520d-random-15.scen
620,den520d.map,PIBT,1,133607,112829,406,405,2336,64,den520d-random-15.scen
620,den520d.map,PIBT,1,134024,112829,408,405,6990,256,den520d-random-15.scen
620,den520d.map,PIBTOLD,1,134965,112829,405,405,453,0,den520d-random-15.scen
740,den520d.map,PIBT,1,161627,133593,405,405,710,0,den520d-random-15.scen
740,den520d.map,PIBT,1,160703,133593,408,405,804,1,den520d-random-15.scen
740,den520d.map,PIBT,1,161527,133593,410,405,953,4,den520d-random-15.scen
740,den520d.map,PIBT,1,161655,133593,406,405,1666,16,den520d-random-15.scen
740,den520d.map,PIBT,1,161081,133593,413,405,4281,64,den520d-random-15.scen
740,den520d.map,PIBT,1,160878,133593,408,405,12421,256,den520d-random-15.scen
740,den520d.map,PIBTOLD,1,161627,133593,405,405,549,0,den520d-random-15.scen
860,den520d.map,PIBT,1,193113,155263,413,413,887,0,den520d-random-15.scen
860,den520d.map,PIBT,1,190612,155263,414,413,1017,1,den520d-random-15.scen
860,den520d.map,PIBT,1,190917,155263,415,413,1240,4,den520d-random-15.scen
860,den520d.map,PIBT,1,190797,155263,415,413,2174,16,den520d-random-15.scen
860,den520d.map,PIBT,1,191546,155263,421,413,5241,64,den520d-random-15.scen
860,den520d.map,PIBT,1,191476,155263,413,413,17143,256,den520d-random-15.scen
860,den520d.map,PIBTOLD,1,193113,155263,413,413,613,0,den520d-random-15.scen
980,den520d.map,PIBT,1,222466,177765,413,413,1027,0,den520d-random-15.scen
980,den520d.map,PIBT,1,222030,177765,417,413,1190,1,den520d-random-15.scen
980,den520d.map,PIBT,1,220697,177765,413,413,1484,4,den520d-random-15.scen
980,den520d.map,PIBT,1,222450,177765,413,413,2858,16,den520d-random-15.scen
980,den520d.map,PIBT,1,221411,177765,421,413,7553,64,den520d-random-15.scen
980,den520d.map,PIBT,1,221909,177765,413,413,22540,256,den520d-random-15.scen
980,den520d.map,PIBTOLD,1,222466,177765,413,413,687,0,den520d-random-15.scen
20,den520d.map,PIBT,1,4336,4331,374,374,14,0,den520d-random-22.scen
20,den520d.map,PIBT,1,4529,4331,374,374,15,1,den520d-random-22.scen
20,den520d.map,PIBT,1,4529,4331,374,374,14,4,den520d-random-22.scen
20,den520d.map,PIBT,1,4529,4331,374,374,15,16,den520d-random-22.scen
20,den520d.map,PIBT,1,4529,4331,374,374,13,64,den520d-random-22.scen
20,den520d.map,PIBT,1,4529,4331,374,374,13,256,den520d-random-22.scen
20,den520d.map,PIBTOLD,1,4336,4331,374,374,14,0,den520d-random-22.scen
140,den520d.map,PIBT,1,26667,25347,394,394,106,0,den520d-random-22.scen
140,den520d.map,PIBT,1,26900,25347,394,394,106,1,den520d-random-22.scen
140,den520d.map,PIBT,1,26900,25347,394,394,107,4,den520d-random-22.scen
140,den520d.map,PIBT,1,26900,25347,394,394,108,16,den520d-random-22.scen
140,den520d.map,PIBT,1,26900,25347,394,394,95,64,den520d-random-22.scen
140,den520d.map,PIBT,1,26900,25347,394,394,100,256,den520d-random-22.scen
140,den520d.map,PIBTOLD,1,26667,25347,394,394,88,0,den520d-random-22.scen
260,den520d.map,PIBT,1,53957,48546,404,404,206,0,den520d-random-22.scen
260,den520d.map,PIBT,1,53369,48546,404,404,195,1,den520d-random-22.scen
260,den520d.map,PIBT,1,53369,48546,404,404,200,4,den520d-random-22.scen
260,den520d.map,PIBT,1,53369,48546,404,404,215,16,den520d-random-22.scen
260,den520d.map,PIBT,1,53369,48546,404,404,201,64,den520d-random-22.scen
260,den520d.map,PIBT,1,53369,48546,404,404,214,256,den520d-random-22.scen
260,den520d.map,PIBTOLD,1,53957,48546,404,404,183,0,den520d-random-22.scen
380,den520d.map,PIBT,1,80144,70039,404,404,315,0,den520d-random-22.scen
380,den520d.map,PIBT,1,78883,70039,404,404,326,1,den520d-random-22.scen
380,den520d.map,PIBT,1,79252,70039,404,404,321,4,den520d-random-22.scen
380,den520d.map,PIBT,1,78848,70039,404,404,358,16,den520d-random-22.scen
380,den520d.map,PIBT,1,78848,70039,404,404,329,64,den520d-random-22.scen
380,den520d.map,PIBT,1,78848,70039,404,404,363,256,den520d-random-22.scen
380,den520d.map,PIBTOLD,1,80144,70039,404,404,237,0,den520d-random-22.scen
500,den520d.map,PIBT,1,108455,92637,404,404,429,0,den520d-random-22.scen
500,den520d.map,PIBT,1,107436,92637,404,404,449,1,den520d-random-22.scen
500,den520d.map,PIBT,1,107596,92637,408,404,519,4,den520d-random-22.scen
500,den520d.map,PIBT,1,107291,92637,411,404,783,16,den520d-random-22.scen
500,den520d.map,PIBT,1,107281,92637,406,404,1153,64,den520d-random-22.scen
500,den520d.map,PIBT,1,108044,92637,406,404,1877,256,den520d-random-22.scen
500,den520d.map,PIBTOLD,1,108455,92637,404,404,366,0,den520d-random-22.scen
620,den520d.map,PIBT,1,134965,112829,405,405,558,0,den520d-random-22.scen
620,den520d.map,PIBT,1,133893,112829,407,405,620,1,den520d-random-22.scen
620,den520d.map,PIBT,1,133523,112829,414,405,719,4,den520d-random-22.scen
620,den520d.map,PIBT,1,134475,112829,407,405,1136,16,den520d-random-22.scen
620,den520d.map,PIBT,1,133855,112829,405,405,1989,64,den520d-random-22.scen
620,den520d.map,PIBT,1,133266,112829,406,405,9484,256,den520d-random-22.scen
620,den520d.map,PIBTOLD,1,134965,112829,405,405,424,0,den520d-random-22.scen
740,den520d.map,PIBT,1,161627,133593,405,405,711,0,den520d-random-22.scen
740,den520d.map,PIBT,1,161498,133593,408,405,803,1,den520d-random-22.scen
740,den520d.map,PIBT,1,160444,133593,411,405,983,4,den520d-random-22.scen
740,den520d.map,PIBT,1,160299,133593,407,405,1532,16,den520d-random-22.scen
740,den520d.map,PIBT,1,160208,133593,407,405,3756,64,den520d-random-22.scen
740,den520d.map,PIBT,1,160108,133593,408,405,12838,256,den520d-random-22.scen
740,den520d.map,PIBTOLD,1,161627,133593,405,405,491,0,den520d-random-22.scen
860,den520d.map,PIBT,1,193113,155263,413,413,890,0,den520d-random-22.scen
860,den520d.map,PIBT,1,192369,155263,413,413,987,1,den520d-random-22.scen
860,den520d.map,PIBT,1,191125,155263,413,413,1189,4,den520d-random-22.scen
860,den520d.map,PIBT,1,190825,155263,419,413,2086,16,den520d-random-22.scen
860,den520d.map,PIBT,1,191573,155263,416,413,6064,64,den520d-random-22.scen
860,den520d.map,PIBT,1,189535,155263,415,413,17095,256,den520d-random-22.scen
860,den520d.map,PIBTOLD,1,193113,155263,413,413,617,0,den520d-random-22.scen
980,den520d.map,PIBT,1,222466,177765,413,413,1047,0,den520d-random-22.scen
980,den520d.map,PIBT,1,223573,177765,413,413,1149,1,den520d-random-22.scen
980,den520d.map,PIBT,1,222610,177765,426,413,1524,4,den520d-random-22.scen
980,den520d.map,PIBT,1,222686,177765,413,413,2907,16,den520d-random-22.scen
980,den520d.map,PIBT,1,222178,177765,413,413,7200,64,den520d-random-22.scen
980,den520d.map,PIBT,1,221108,177765,415,413,23163,256,den520d-random-22.scen
980,den520d.map,PIBTOLD,1,222466,177765,413,413,699,0,den520d-random-22.scen
20,den520d.map,PIBT,1,4336,4331,374,374,13,0,den520d-random-24.scen
20,den520d.map,PIBT,1,4529,4331,374,374,14,1,den520d-random-24.scen
20,den520d.map,PIBT,1,4529,4331,374,374,16,4,den520d-random-24.scen
20,den520d.map,PIBT,1,4529,4331,374,374,14,16,den520d-random-24.scen
20,den520d.map,PIBT,1,4529,4331,374,374,16,64,den520d-random-24.scen
20,den520d.map,PIBT,1,4529,4331,374,374,15,256,den520d-random-24.scen
20,den520d.map,PIBTOLD,1,4336,4331,374,374,13,0,den520d-random-24.scen
140,den520d.map,PIBT,1,26667,25347,394,394,100,0,den520d-random-24.scen
140,den520d.map,PIBT,1,26900,25347,394,394,102,1,den520d-random-24.scen
140,den520d.map,PIBT,1,26900,25347,394,394,91,4,den520d-random-24.scen
140,den520d.map,PIBT,1,26900,25347,394,394,99,16,den520d-random-24.scen
140,den520d.map,PIBT,1,26900,25347,394,394,106,64,den520d-random-24.scen
140,den520d.map,PIBT,1,26900,25347,394,394,93,256,den520d-random-24.scen
140,den520d.map,PIBTOLD,1,26667,25347,394,394,98,0,den520d-random-24.scen
260,den520d.map,PIBT,1,53957,48546,404,404,198,0,den520d-random-24.scen
260,den520d.map,PIBT,1,53369,48546,404,404,204,1,den520d-random-24.scen
260,den520d.map,PIBT,1,53369,48546,404,404,208,4,den520d-random-24.scen
260,den520d.map,PIBT,1,53369,48546,404,404,267,16,den520d-random-24.scen
260,den520d.map,PIBT,1,53369,48546,404,404,188,64,den520d-random-24.scen
260,den520d.map,PIBT,1,53369,48546,404,404,199,256,den520d-random-24.scen
260,den520d.map,PIBTOLD,1,53957,48546,404,404,179,0,den520d-random-24.scen
380,den520d.map,PIBT,1,80144,70039,404,404,301,0,den520d-random-24.scen
380,den520d.map,PIBT,1,78792,70039,404,404,318,1,den520d-random-24.scen
380,den520d.map,PIBT,1,79268,70039,404,404,333,4,den520d-random-24.scen
380,den520d.map,PIBT,1,78848,70039,404,404,332,16,den520d-random-24.scen
380,den520d.map,PIBT,1,78848,70039,404,404,336,64,den520d-random-24.scen
380,den520d.map,PIBT,1,78848,70039,404,404,346,256,den520d-random-24.scen
380,den520d.map,PIBTOLD,1,80144,70039,404,404,240,0,den520d-random-24.scen
500,den520d.map,PIBT,1,108455,92637,404,404,435,0,den520d-random-24.scen
500,den520d.map,PIBT,1,106973,92637,406,404,451,1,den520d-random-24.scen
500,den520d.map,PIBT,1,107198,92637,405,404,539,4,den520d-random-24.scen
500,den520d.map,PIBT,1,107231,92637,404,404,736,16,den520d-random-24.scen
500,den520d.map,PIBT,1,107358,92637,404,404,1116,64,den520d-random-24.scen
500,den520d.map,PIBT,1,106878,92637,404,404,3346,256,den520d-random-24.scen
500,den520d.map,PIBTOLD,1,108455,92637,404,404,337,0,den520d-random-24.scen
620,den520d.map,PIBT,1,134965,112829,405,405,576,0,den520d-random-24.scen
620,den520d.map,PIBT,1,134655,112829,409,405,662,1,den520d-random-24.scen
620,den520d.map,PIBT,1,134046,112829,406,405,720,4,den520d-random-24.scen
620,den520d.map,PIBT,1,133868,112829,405,405,1141,16,den520d-random-24.scen
620,den520d.map,PIBT,1,133154,112829,405,405,1688,64,den520d-random-24.scen
620,den520d.map,PIBT,1,134153,112829,406,405,6009,256,den520d-random-24.scen
620,den520d.map,PIBTOLD,1,134965,112829,405,405,437,0,den520d-random-24.scen
740,den520d.map,PIBT,1,161627,133593,405,405,700,0,den520d-random-24.scen
740,den520d.map,PIBT,1,160767,133593,410,405,789,1,den520d-random-24.scen
740,den520d.map,PIBT,1,160861,133593,405,405,997,4,den520d-random-24.scen
740,den520d.map,PIBT,1,160641,133593,406,405,1577,16,den520d-random-24.scen
740,den520d.map,PIBT,1,161251,133593,406,405,4172,64,den520d-random-24.scen
740,den520d.map,PIBT,1,160566,133593,405,405,12936,256,den520d-random-24.scen
740,den520d.map,PIBTOLD,1,161627,133593,405,405,536,0,den520d-random-24.scen
860,den520d.map,PIBT,1,193113,155263,413,413,854,0,den520d-random-24.scen
860,den520d.map,PIBT,1,191143,155263,415,413,997,1,den520d-random-24.scen
860,den520d.map,PIBT,1,191101,155263,413,413,1301,4,den520d-random-24.scen
860,den520d.map,PIBT,1,192208,155263,416,413,2286,16,den520d-random-24.scen
860,den520d.map,PIBT,1,191676,155263,413,413,6082,64,den520d-random-24.scen
860,den520d.map,PIBT,1,191097,155263,418,413,18734,256,den520d-random-24.scen
860,den520d.map,PIBTOLD,1,193113,155263,413,413,628,0,den520d-random-24.scen
980,den520d.map,PIBT,1,222466,177765,413,413,1050,0,den520d-random-24.scen
980,den520d.map,PIBT,1,223538,177765,415,413,1228,1,den520d-random-24.scen
980,den520d.map,PIBT,1,223376,177765,413,413,1545,4,den520d-random-24.scen
980,den520d.map,PIBT,1,222026,177765,413,413,2897,16,den520d-random-24.scen
980,den520d.map,PIBT,1,222209,177765,413,413,7387,64,den520d-random-24.scen
980,den520d.map,PIBT,1,222608,177765,414,413,27848,256,den520d-random-24.scen
980,den520d.map,PIBTOLD,1,222466,177765,413,413,667,0,den520d-random-24.scen
