agents,map_file,solver,solved,soc,lb_soc,makespan,lb_makespan,comp_time,Opti_Deadline,Scenario_File
20,ht_chantry.map,PIBT,1,1706,1693,178,178,4,0,ht_chantry-random-5.scen
20,ht_chantry.map,PIBTOLD,1,1706,1693,178,178,4,0,ht_chantry-random-5.scen
20,ht_chantry.map,PIBT,1,1708,1693,178,178,4,1,ht_chantry-random-5.scen
20,ht_chantry.map,PIBTOLD,1,1706,1693,178,178,4,1,ht_chantry-random-5.scen
20,ht_chantry.map,PIBT,1,1708,1693,178,178,4,10,ht_chantry-random-5.scen
20,ht_chantry.map,PIBTOLD,1,1706,1693,178,178,4,10,ht_chantry-random-5.scen
20,ht_chantry.map,PIBT,1,1708,1693,178,178,4,100,ht_chantry-random-5.scen
20,ht_chantry.map,PIBTOLD,1,1706,1693,178,178,3,100,ht_chantry-random-5.scen
20,ht_chantry.map,PIBT,1,1708,1693,178,178,4,1000,ht_chantry-random-5.scen
20,ht_chantry.map,PIBTOLD,1,1706,1693,178,178,4,1000,ht_chantry-random-5.scen
60,ht_chantry.map,PIBT,1,6035,5523,192,192,10,0,ht_chantry-random-5.scen
60,ht_chantry.map,PIBTOLD,1,6035,5523,192,192,12,0,ht_chantry-random-5.scen
60,ht_chantry.map,PIBT,1,6021,5523,194,192,12,1,ht_chantry-random-5.scen
60,ht_chantry.map,PIBTOLD,1,6035,5523,192,192,11,1,ht_chantry-random-5.scen
60,ht_chantry.map,PIBT,1,6021,5523,194,192,12,10,ht_chantry-random-5.scen
60,ht_chantry.map,PIBTOLD,1,6035,5523,192,192,11,10,ht_chantry-random-5.scen
60,ht_chantry.map,PIBT,1,6021,5523,194,192,11,100,ht_chantry-random-5.scen
60,ht_chantry.map,PIBTOLD,1,6035,5523,192,192,10,100,ht_chantry-random-5.scen
60,ht_chantry.map,PIBT,1,6021,5523,194,192,13,1000,ht_chantry-random-5.scen
60,ht_chantry.map,PIBTOLD,1,6035,5523,192,192,11,1000,ht_chantry-random-5.scen
100,ht_chantry.map,PIBT,1,10457,8999,192,192,22,0,ht_chantry-random-5.scen
100,ht_chantry.map,PIBTOLD,1,10457,8999,192,192,18,0,ht_chantry-random-5.scen
100,ht_chantry.map,PIBT,1,10303,8999,194,192,21,1,ht_chantry-random-5.scen
100,ht_chantry.map,PIBTOLD,1,10457,8999,192,192,18,1,ht_chantry-random-5.scen
100,ht_chantry.map,PIBT,1,10303,8999,194,192,21,10,ht_chantry-random-5.scen
100,ht_chantry.map,PIBTOLD,1,10457,8999,192,192,20,10,ht_chantry-random-5.scen
100,ht_chantry.map,PIBT,1,10303,8999,194,192,20,100,ht_chantry-random-5.scen
100,ht_chantry.map,PIBTOLD,1,10457,8999,192,192,18,100,ht_chantry-random-5.scen
100,ht_chantry.map,PIBT,1,10303,8999,194,192,20,1000,ht_chantry-random-5.scen
100,ht_chantry.map,PIBTOLD,1,10457,8999,192,192,19,1000,ht_chantry-random-5.scen
140,ht_chantry.map,PIBT,1,15141,12427,226,192,32,0,ht_chantry-random-5.scen
140,ht_chantry.map,PIBTOLD,1,15141,12427,226,192,27,0,ht_chantry-random-5.scen
140,ht_chantry.map,PIBT,1,14409,12427,198,192,32,1,ht_chantry-random-5.scen
140,ht_chantry.map,PIBTOLD,1,15141,12427,226,192,30,1,ht_chantry-random-5.scen
140,ht_chantry.map,PIBT,1,14618,12427,195,192,34,10,ht_chantry-random-5.scen
140,ht_chantry.map,PIBTOLD,1,15141,12427,226,192,29,10,ht_chantry-random-5.scen
140,ht_chantry.map,PIBT,1,14618,12427,195,192,34,100,ht_chantry-random-5.scen
140,ht_chantry.map,PIBTOLD,1,15141,12427,226,192,26,100,ht_chantry-random-5.scen
140,ht_chantry.map,PIBT,1,14618,12427,195,192,34,1000,ht_chantry-random-5.scen
140,ht_chantry.map,PIBTOLD,1,15141,12427,226,192,26,1000,ht_chantry-random-5.scen
180,ht_chantry.map,PIBT,1,20483,16530,203,192,36,0,ht_chantry-random-5.scen
180,ht_chantry.map,PIBTOLD,1,20483,16530,203,192,77,0,ht_chantry-random-5.scen
180,ht_chantry.map,PIBT,1,19782,16530,192,192,46,1,ht_chantry-random-5.scen
180,ht_chantry.map,PIBTOLD,1,20483,16530,203,192,34,1,ht_chantry-random-5.scen
180,ht_chantry.map,PIBT,1,20088,16530,194,192,60,10,ht_chantry-random-5.scen
180,ht_chantry.map,PIBTOLD,1,20483,16530,203,192,34,10,ht_chantry-random-5.scen
180,ht_chantry.map,PIBT,1,20088,16530,194,192,65,100,ht_chantry-random-5.scen
180,ht_chantry.map,PIBTOLD,1,20483,16530,203,192,32,100,ht_chantry-random-5.scen
180,ht_chantry.map,PIBT,1,20088,16530,194,192,62,1000,ht_chantry-random-5.scen
180,ht_chantry.map,PIBTOLD,1,20483,16530,203,192,34,1000,ht_chantry-random-5.scen
220,ht_chantry.map,PIBT,1,25933,20969,192,192,51,0,ht_chantry-random-5.scen
220,ht_chantry.map,PIBTOLD,1,25933,20969,192,192,42,0,ht_chantry-random-5.scen
220,ht_chantry.map,PIBT,1,25553,20969,196,192,72,1,ht_chantry-random-5.scen
220,ht_chantry.map,PIBTOLD,1,25933,20969,192,192,41,1,ht_chantry-random-5.scen
220,ht_chantry.map,PIBT,1,25362,20969,196,192,133,10,ht_chantry-random-5.scen
220,ht_chantry.map,PIBTOLD,1,25933,20969,192,192,43,10,ht_chantry-random-5.scen
220,ht_chantry.map,PIBT,1,25086,20969,196,192,861,100,ht_chantry-random-5.scen
220,ht_chantry.map,PIBTOLD,1,25933,20969,192,192,41,100,ht_chantry-random-5.scen
220,ht_chantry.map,PIBT,1,25324,20969,196,192,4131,1000,ht_chantry-random-5.scen
220,ht_chantry.map,PIBTOLD,1,25933,20969,192,192,43,1000,ht_chantry-random-5.scen
260,ht_chantry.map,PIBT,1,31723,25333,192,192,62,0,ht_chantry-random-5.scen
260,ht_chantry.map,PIBTOLD,1,31723,25333,192,192,53,0,ht_chantry-random-5.scen
260,ht_chantry.map,PIBT,1,31434,25333,199,192,109,1,ht_chantry-random-5.scen
260,ht_chantry.map,PIBTOLD,1,31723,25333,192,192,51,1,ht_chantry-random-5.scen
260,ht_chantry.map,PIBT,1,31245,25333,193,192,306,10,ht_chantry-random-5.scen
260,ht_chantry.map,PIBTOLD,1,31723,25333,192,192,57,10,ht_chantry-random-5.scen
260,ht_chantry.map,PIBT,1,31162,25333,199,192,2627,100,ht_chantry-random-5.scen
260,ht_chantry.map,PIBTOLD,1,31723,25333,192,192,53,100,ht_chantry-random-5.scen
260,ht_chantry.map,PIBT,1,31410,25333,202,192,11683,1000,ht_chantry-random-5.scen
260,ht_chantry.map,PIBTOLD,1,31723,25333,192,192,47,1000,ht_chantry-random-5.scen
300,ht_chantry.map,PIBT,1,36620,29525,194,192,76,0,ht_chantry-random-5.scen
300,ht_chantry.map,PIBTOLD,1,36620,29525,194,192,55,0,ht_chantry-random-5.scen
300,ht_chantry.map,PIBT,1,36600,29525,204,192,128,1,ht_chantry-random-5.scen
300,ht_chantry.map,PIBTOLD,1,36620,29525,194,192,60,1,ht_chantry-random-5.scen
300,ht_chantry.map,PIBT,1,36755,29525,207,192,557,10,ht_chantry-random-5.scen
300,ht_chantry.map,PIBTOLD,1,36620,29525,194,192,62,10,ht_chantry-random-5.scen
300,ht_chantry.map,PIBT,1,36546,29525,203,192,2929,100,ht_chantry-random-5.scen
300,ht_chantry.map,PIBTOLD,1,36620,29525,194,192,59,100,ht_chantry-random-5.scen
300,ht_chantry.map,PIBT,1,36417,29525,207,192,21092,1000,ht_chantry-random-5.scen
300,ht_chantry.map,PIBTOLD,1,36620,29525,194,192,57,1000,ht_chantry-random-5.scen
340,ht_chantry.map,PIBT,1,43615,33838,207,192,89,0,ht_chantry-random-5.scen
340,ht_chantry.map,PIBTOLD,1,43615,33838,207,192,68,0,ht_chantry-random-5.scen
340,ht_chantry.map,PIBT,1,42790,33838,205,192,157,1,ht_chantry-random-5.scen
340,ht_chantry.map,PIBTOLD,1,43615,33838,207,192,72,1,ht_chantry-random-5.scen
340,ht_chantry.map,PIBT,1,42383,33838,201,192,707,10,ht_chantry-random-5.scen
340,ht_chantry.map,PIBTOLD,1,43615,33838,207,192,66,10,ht_chantry-random-5.scen
340,ht_chantry.map,PIBT,1,42770,33838,204,192,5284,100,ht_chantry-random-5.scen
340,ht_chantry.map,PIBTOLD,1,43615,33838,207,192,68,100,ht_chantry-random-5.scen
340,ht_chantry.map,PIBT,1,42610,33838,199,192,42727,1000,ht_chantry-random-5.scen
340,ht_chantry.map,PIBTOLD,1,43615,33838,207,192,69,1000,ht_chantry-random-5.scen
380,ht_chantry.map,PIBT,1,50072,37835,199,192,101,0,ht_chantry-random-5.scen
380,ht_chantry.map,PIBTOLD,1,50072,37835,199,192,81,0,ht_chantry-random-5.scen
380,ht_chantry.map,PIBT,1,50008,37835,209,192,191,1,ht_chantry-random-5.scen
380,ht_chantry.map,PIBTOLD,1,50072,37835,199,192,80,1,ht_chantry-random-5.scen
380,ht_chantry.map,PIBT,1,48785,37835,201,192,792,10,ht_chantry-random-5.scen
380,ht_chantry.map,PIBTOLD,1,50072,37835,199,192,79,10,ht_chantry-random-5.scen
380,ht_chantry.map,PIBT,1,49354,37835,206,192,6977,100,ht_chantry-random-5.scen
380,ht_chantry.map,PIBTOLD,1,50072,37835,199,192,78,100,ht_chantry-random-5.scen
380,ht_chantry.map,PIBT,1,48495,37835,205,192,50236,1000,ht_chantry-random-5.scen
380,ht_chantry.map,PIBTOLD,1,50072,37835,199,192,81,1000,ht_chantry-random-5.scen
420,ht_chantry.map,PIBT,1,56158,41498,206,192,118,0,ht_chantry-random-5.scen
420,ht_chantry.map,PIBTOLD,1,56158,41498,206,192,85,0,ht_chantry-random-5.scen
420,ht_chantry.map,PIBT,1,55668,41498,218,192,206,1,ht_chantry-random-5.scen
420,ht_chantry.map,PIBTOLD,1,56158,41498,206,192,88,1,ht_chantry-random-5.scen
420,ht_chantry.map,PIBT,1,55212,41498,271,192,889,10,ht_chantry-random-5.scen
420,ht_chantry.map,PIBTOLD,1,56158,41498,206,192,83,10,ht_chantry-random-5.scen
420,ht_chantry.map,PIBT,1,55107,41498,208,192,7014,100,ht_chantry-random-5.scen
420,ht_chantry.map,PIBTOLD,1,56158,41498,206,192,87,100,ht_chantry-random-5.scen
20,ht_chantry.map,PIBT,1,1706,1693,178,178,4,0,ht_chantry-random-12.scen
20,ht_chantry.map,PIBTOLD,1,1706,1693,178,178,4,0,ht_chantry-random-12.scen
20,ht_chantry.map,PIBT,1,1708,1693,178,178,4,1,ht_chantry-random-12.scen
20,ht_chantry.map,PIBTOLD,1,1706,1693,178,178,4,1,ht_chantry-random-12.scen
20,ht_chantry.map,PIBT,1,1708,1693,178,178,5,10,ht_chantry-random-12.scen
20,ht_chantry.map,PIBTOLD,1,1706,1693,178,178,4,10,ht_chantry-random-12.scen
20,ht_chantry.map,PIBT,1,1708,1693,178,178,4,100,ht_chantry-random-12.scen
20,ht_chantry.map,PIBTOLD,1,1706,1693,178,178,4,100,ht_chantry-random-12.scen
20,ht_chantry.map,PIBT,1,1708,1693,178,178,4,1000,ht_chantry-random-12.scen
20,ht_chantry.map,PIBTOLD,1,1706,1693,178,178,4,1000,ht_chantry-random-12.scen
60,ht_chantry.map,PIBT,1,6035,5523,192,192,12,0,ht_chantry-random-12.scen
60,ht_chantry.map,PIBTOLD,1,6035,5523,192,192,12,0,ht_chantry-random-12.scen
60,ht_chantry.map,PIBT,1,6021,5523,194,192,12,1,ht_chantry-random-12.scen
60,ht_chantry.map,PIBTOLD,1,6035,5523,192,192,12,1,ht_chantry-random-12.scen
60,ht_chantry.map,PIBT,1,6021,5523,194,192,12,10,ht_chantry-random-12.scen
60,ht_chantry.map,PIBTOLD,1,6035,5523,192,192,11,10,ht_chantry-random-12.scen
60,ht_chantry.map,PIBT,1,6021,5523,194,192,12,100,ht_chantry-random-12.scen
60,ht_chantry.map,PIBTOLD,1,6035,5523,192,192,11,100,ht_chantry-random-12.scen
60,ht_chantry.map,PIBT,1,6021,5523,194,192,13,1000,ht_chantry-random-12.scen
60,ht_chantry.map,PIBTOLD,1,6035,5523,192,192,11,1000,ht_chantry-random-12.scen
100,ht_chantry.map,PIBT,1,10457,8999,192,192,20,0,ht_chantry-random-12.scen
100,ht_chantry.map,PIBTOLD,1,10457,8999,192,192,19,0,ht_chantry-random-12.scen
100,ht_chantry.map,PIBT,1,10303,8999,194,192,20,1,ht_chantry-random-12.scen
100,ht_chantry.map,PIBTOLD,1,10457,8999,192,192,19,1,ht_chantry-random-12.scen
100,ht_chantry.map,PIBT,1,10303,8999,194,192,20,10,ht_chantry-random-12.scen
100,ht_chantry.map,PIBTOLD,1,10457,8999,192,192,19,10,ht_chantry-random-12.scen
100,ht_chantry.map,PIBT,1,10303,8999,194,192,21,100,ht_chantry-random-12.scen
100,ht_chantry.map,PIBTOLD,1,10457,8999,192,192,18,100,ht_chantry-random-12.scen
100,ht_chantry.map,PIBT,1,10303,8999,194,192,20,1000,ht_chantry-random-12.scen
100,ht_chantry.map,PIBTOLD,1,10457,8999,192,192,19,1000,ht_chantry-random-12.scen
140,ht_chantry.map,PIBT,1,15141,12427,226,192,32,0,ht_chantry-random-12.scen
140,ht_chantry.map,PIBTOLD,1,15141,12427,226,192,26,0,ht_chantry-random-12.scen
140,ht_chantry.map,PIBT,1,14771,12427,198,192,33,1,ht_chantry-random-12.scen
140,ht_chantry.map,PIBTOLD,1,15141,12427,226,192,27,1,ht_chantry-random-12.scen
140,ht_chantry.map,PIBT,1,14618,12427,195,192,35,10,ht_chantry-random-12.scen
140,ht_chantry.map,PIBTOLD,1,15141,12427,226,192,27,10,ht_chantry-random-12.scen
140,ht_chantry.map,PIBT,1,14618,12427,195,192,35,100,ht_chantry-random-12.scen
140,ht_chantry.map,PIBTOLD,1,15141,12427,226,192,28,100,ht_chantry-random-12.scen
140,ht_chantry.map,PIBT,1,14618,12427,195,192,34,1000,ht_chantry-random-12.scen
140,ht_chantry.map,PIBTOLD,1,15141,12427,226,192,28,1000,ht_chantry-random-12.scen
180,ht_chantry.map,PIBT,1,20483,16530,203,192,41,0,ht_chantry-random-12.scen
180,ht_chantry.map,PIBTOLD,1,20483,16530,203,192,34,0,ht_chantry-random-12.scen
180,ht_chantry.map,PIBT,1,19724,16530,192,192,47,1,ht_chantry-random-12.scen
180,ht_chantry.map,PIBTOLD,1,20483,16530,203,192,34,1,ht_chantry-random-12.scen
180,ht_chantry.map,PIBT,1,20088,16530,194,192,64,10,ht_chantry-random-12.scen
180,ht_chantry.map,PIBTOLD,1,20483,16530,203,192,35,10,ht_chantry-random-12.scen
180,ht_chantry.map,PIBT,1,20088,16530,194,192,64,100,ht_chantry-random-12.scen
180,ht_chantry.map,PIBTOLD,1,20483,16530,203,192,34,100,ht_chantry-random-12.scen
180,ht_chantry.map,PIBT,1,20088,16530,194,192,62,1000,ht_chantry-random-12.scen
180,ht_chantry.map,PIBTOLD,1,20483,16530,203,192,35,1000,ht_chantry-random-12.scen
220,ht_chantry.map,PIBT,1,25933,20969,192,192,50,0,ht_chantry-random-12.scen
220,ht_chantry.map,PIBTOLD,1,25933,20969,192,192,42,0,ht_chantry-random-12.scen
220,ht_chantry.map,PIBT,1,25106,20969,196,192,74,1,ht_chantry-random-12.scen
220,ht_chantry.map,PIBTOLD,1,25933,20969,192,192,42,1,ht_chantry-random-12.scen
220,ht_chantry.map,PIBT,1,25574,20969,196,192,136,10,ht_chantry-random-12.scen
220,ht_chantry.map,PIBTOLD,1,25933,20969,192,192,42,10,ht_chantry-random-12.scen
220,ht_chantry.map,PIBT,1,25008,20969,196,192,869,100,ht_chantry-random-12.scen
220,ht_chantry.map,PIBTOLD,1,25933,20969,192,192,41,100,ht_chantry-random-12.scen
220,ht_chantry.map,PIBT,1,24942,20969,196,192,5175,1000,ht_chantry-random-12.scen
220,ht_chantry.map,PIBTOLD,1,25933,20969,192,192,41,1000,ht_chantry-random-12.scen
260,ht_chantry.map,PIBT,1,31723,25333,192,192,62,0,ht_chantry-random-12.scen
260,ht_chantry.map,PIBTOLD,1,31723,25333,192,192,49,0,ht_chantry-random-12.scen
260,ht_chantry.map,PIBT,1,30893,25333,207,192,104,1,ht_chantry-random-12.scen
260,ht_chantry.map,PIBTOLD,1,31723,25333,192,192,51,1,ht_chantry-random-12.scen
260,ht_chantry.map,PIBT,1,31196,25333,198,192,429,10,ht_chantry-random-12.scen
260,ht_chantry.map,PIBTOLD,1,31723,25333,192,192,53,10,ht_chantry-random-12.scen
260,ht_chantry.map,PIBT,1,31026,25333,195,192,2116,100,ht_chantry-random-12.scen
260,ht_chantry.map,PIBTOLD,1,31723,25333,192,192,50,100,ht_chantry-random-12.scen
260,ht_chantry.map,PIBT,1,31471,25333,195,192,14892,1000,ht_chantry-random-12.scen
260,ht_chantry.map,PIBTOLD,1,31723,25333,192,192,47,1000,ht_chantry-random-12.scen
300,ht_chantry.map,PIBT,1,36620,29525,194,192,74,0,ht_chantry-random-12.scen
300,ht_chantry.map,PIBTOLD,1,36620,29525,194,192,59,0,ht_chantry-random-12.scen
300,ht_chantry.map,PIBT,1,37421,29525,203,192,126,1,ht_chantry-random-12.scen
300,ht_chantry.map,PIBTOLD,1,36620,29525,194,192,62,1,ht_chantry-random-12.scen
300,ht_chantry.map,PIBT,1,36553,29525,200,192,511,10,ht_chantry-random-12.scen
300,ht_chantry.map,PIBTOLD,1,36620,29525,194,192,58,10,ht_chantry-random-12.scen
300,ht_chantry.map,PIBT,1,35969,29525,204,192,3117,100,ht_chantry-random-12.scen
300,ht_chantry.map,PIBTOLD,1,36620,29525,194,192,61,100,ht_chantry-random-12.scen
300,ht_chantry.map,PIBT,1,36651,29525,197,192,21376,1000,ht_chantry-random-12.scen
300,ht_chantry.map,PIBTOLD,1,36620,29525,194,192,58,1000,ht_chantry-random-12.scen
340,ht_chantry.map,PIBT,1,43615,33838,207,192,90,0,ht_chantry-random-12.scen
340,ht_chantry.map,PIBTOLD,1,43615,33838,207,192,67,0,ht_chantry-random-12.scen
340,ht_chantry.map,PIBT,1,42782,33838,201,192,170,1,ht_chantry-random-12.scen
340,ht_chantry.map,PIBTOLD,1,43615,33838,207,192,69,1,ht_chantry-random-12.scen
340,ht_chantry.map,PIBT,1,43137,33838,199,192,714,10,ht_chantry-random-12.scen
340,ht_chantry.map,PIBTOLD,1,43615,33838,207,192,67,10,ht_chantry-random-12.scen
340,ht_chantry.map,PIBT,1,42747,33838,199,192,4402,100,ht_chantry-random-12.scen
340,ht_chantry.map,PIBTOLD,1,43615,33838,207,192,72,100,ht_chantry-random-12.scen
340,ht_chantry.map,PIBT,1,42845,33838,202,192,45926,1000,ht_chantry-random-12.scen
340,ht_chantry.map,PIBTOLD,1,43615,33838,207,192,67,1000,ht_chantry-random-12.scen
380,ht_chantry.map,PIBT,1,50072,37835,199,192,95,0,ht_chantry-random-12.scen
380,ht_chantry.map,PIBTOLD,1,50072,37835,199,192,73,0,ht_chantry-random-12.scen
380,ht_chantry.map,PIBT,1,48798,37835,202,192,184,1,ht_chantry-random-12.scen
380,ht_chantry.map,PIBTOLD,1,50072,37835,199,192,77,1,ht_chantry-random-12.scen
380,ht_chantry.map,PIBT,1,48160,37835,204,192,729,10,ht_chantry-random-12.scen
380,ht_chantry.map,PIBTOLD,1,50072,37835,199,192,75,10,ht_chantry-random-12.scen
380,ht_chantry.map,PIBT,1,48814,37835,206,192,6504,100,ht_chantry-random-12.scen
380,ht_chantry.map,PIBTOLD,1,50072,37835,199,192,78,100,ht_chantry-random-12.scen
380,ht_chantry.map,PIBT,1,48596,37835,201,192,56135,1000,ht_chantry-random-12.scen
380,ht_chantry.map,PIBTOLD,1,50072,37835,199,192,81,1000,ht_chantry-random-12.scen
420,ht_chantry.map,PIBT,1,56158,41498,206,192,117,0,ht_chantry-random-12.scen
420,ht_chantry.map,PIBTOLD,1,56158,41498,206,192,87,0,ht_chantry-random-12.scen
420,ht_chantry.map,PIBT,1,55461,41498,210,192,208,1,ht_chantry-random-12.scen
420,ht_chantry.map,PIBTOLD,1,56158,41498,206,192,87,1,ht_chantry-random-12.scen
420,ht_chantry.map,PIBT,1,54571,41498,240,192,877,10,ht_chantry-random-12.scen
420,ht_chantry.map,PIBTOLD,1,56158,41498,206,192,83,10,ht_chantry-random-12.scen
420,ht_chantry.map,PIBT,1,54801,41498,204,192,6333,100,ht_chantry-random-12.scen
420,ht_chantry.map,PIBTOLD,1,56158,41498,206,192,86,100,ht_chantry-random-12.scen
20,ht_chantry.map,PIBT,1,1706,1693,178,178,4,0,ht_chantry-random-1.scen
20,ht_chantry.map,PIBTOLD,1,1706,1693,178,178,4,0,ht_chantry-random-1.scen
20,ht_chantry.map,PIBT,1,1708,1693,178,178,4,1,ht_chantry-random-1.scen
20,ht_chantry.map,PIBTOLD,1,1706,1693,178,178,4,1,ht_chantry-random-1.scen
20,ht_chantry.map,PIBT,1,1708,1693,178,178,4,10,ht_chantry-random-1.scen
20,ht_chantry.map,PIBTOLD,1,1706,1693,178,178,4,10,ht_chantry-random-1.scen
20,ht_chantry.map,PIBT,1,1708,1693,178,178,4,100,ht_chantry-random-1.scen
20,ht_chantry.map,PIBTOLD,1,1706,1693,178,178,3,100,ht_chantry-random-1.scen
20,ht_chantry.map,PIBT,1,1708,1693,178,178,4,1000,ht_chantry-random-1.scen
20,ht_chantry.map,PIBTOLD,1,1706,1693,178,178,4,1000,ht_chantry-random-1.scen
60,ht_chantry.map,PIBT,1,6035,5523,192,192,12,0,ht_chantry-random-1.scen
60,ht_chantry.map,PIBTOLD,1,6035,5523,192,192,10,0,ht_chantry-random-1.scen
60,ht_chantry.map,PIBT,1,6021,5523,194,192,12,1,ht_chantry-random-1.scen
60,ht_chantry.map,PIBTOLD,1,6035,5523,192,192,11,1,ht_chantry-random-1.scen
60,ht_chantry.map,PIBT,1,6021,5523,194,192,12,10,ht_chantry-random-1.scen
60,ht_chantry.map,PIBTOLD,1,6035,5523,192,192,11,10,ht_chantry-random-1.scen
60,ht_chantry.map,PIBT,1,6021,5523,194,192,12,100,ht_chantry-random-1.scen
60,ht_chantry.map,PIBTOLD,1,6035,5523,192,192,11,100,ht_chantry-random-1.scen
60,ht_chantry.map,PIBT,1,6021,5523,194,192,12,1000,ht_chantry-random-1.scen
60,ht_chantry.map,PIBTOLD,1,6035,5523,192,192,11,1000,ht_chantry-random-1.scen
100,ht_chantry.map,PIBT,1,10457,8999,192,192,20,0,ht_chantry-random-1.scen
100,ht_chantry.map,PIBTOLD,1,10457,8999,192,192,20,0,ht_chantry-random-1.scen
100,ht_chantry.map,PIBT,1,10303,8999,194,192,21,1,ht_chantry-random-1.scen
100,ht_chantry.map,PIBTOLD,1,10457,8999,192,192,19,1,ht_chantry-random-1.scen
100,ht_chantry.map,PIBT,1,10303,8999,194,192,21,10,ht_chantry-random-1.scen
100,ht_chantry.map,PIBTOLD,1,10457,8999,192,192,19,10,ht_chantry-random-1.scen
100,ht_chantry.map,PIBT,1,10303,8999,194,192,21,100,ht_chantry-random-1.scen
100,ht_chantry.map,PIBTOLD,1,10457,8999,192,192,19,100,ht_chantry-random-1.scen
100,ht_chantry.map,PIBT,1,10303,8999,194,192,21,1000,ht_chantry-random-1.scen
100,ht_chantry.map,PIBTOLD,1,10457,8999,192,192,18,1000,ht_chantry-random-1.scen
140,ht_chantry.map,PIBT,1,15141,12427,226,192,32,0,ht_chantry-random-1.scen
140,ht_chantry.map,PIBTOLD,1,15141,12427,226,192,28,0,ht_chantry-random-1.scen
140,ht_chantry.map,PIBT,1,14589,12427,196,192,39,1,ht_chantry-random-1.scen
140,ht_chantry.map,PIBTOLD,1,15141,12427,226,192,28,1,ht_chantry-random-1.scen
140,ht_chantry.map,PIBT,1,14618,12427,195,192,35,10,ht_chantry-random-1.scen
140,ht_chantry.map,PIBTOLD,1,15141,12427,226,192,26,10,ht_chantry-random-1.scen
140,ht_chantry.map,PIBT,1,14618,12427,195,192,35,100,ht_chantry-random-1.scen
140,ht_chantry.map,PIBTOLD,1,15141,12427,226,192,26,100,ht_chantry-random-1.scen
140,ht_chantry.map,PIBT,1,14618,12427,195,192,36,1000,ht_chantry-random-1.scen
140,ht_chantry.map,PIBTOLD,1,15141,12427,226,192,29,1000,ht_chantry-random-1.scen
180,ht_chantry.map,PIBT,1,20483,16530,203,192,39,0,ht_chantry-random-1.scen
180,ht_chantry.map,PIBTOLD,1,20483,16530,203,192,33,0,ht_chantry-random-1.scen
180,ht_chantry.map,PIBT,1,20072,16530,194,192,48,1,ht_chantry-random-1.scen
180,ht_chantry.map,PIBTOLD,1,20483,16530,203,192,33,1,ht_chantry-random-1.scen
180,ht_chantry.map,PIBT,1,20088,16530,194,192,61,10,ht_chantry-random-1.scen
180,ht_chantry.map,PIBTOLD,1,20483,16530,203,192,32,10,ht_chantry-random-1.scen
180,ht_chantry.map,PIBT,1,20088,16530,194,192,64,100,ht_chantry-random-1.scen
180,ht_chantry.map,PIBTOLD,1,20483,16530,203,192,34,100,ht_chantry-random-1.scen
180,ht_chantry.map,PIBT,1,20088,16530,194,192,63,1000,ht_chantry-random-1.scen
180,ht_chantry.map,PIBTOLD,1,20483,16530,203,192,34,1000,ht_chantry-random-1.scen
220,ht_chantry.map,PIBT,1,25933,20969,192,192,54,0,ht_chantry-random-1.scen
220,ht_chantry.map,PIBTOLD,1,25933,20969,192,192,42,0,ht_chantry-random-1.scen
220,ht_chantry.map,PIBT,1,24985,20969,196,192,71,1,ht_chantry-random-1.scen
220,ht_chantry.map,PIBTOLD,1,25933,20969,192,192,42,1,ht_chantry-random-1.scen
220,ht_chantry.map,PIBT,1,24633,20969,198,192,142,10,ht_chantry-random-1.scen
220,ht_chantry.map,PIBTOLD,1,25933,20969,192,192,44,10,ht_chantry-random-1.scen
220,ht_chantry.map,PIBT,1,25183,20969,196,192,747,100,ht_chantry-random-1.scen
220,ht_chantry.map,PIBTOLD,1,25933,20969,192,192,43,100,ht_chantry-random-1.scen
220,ht_chantry.map,PIBT,1,24998,20969,197,192,4546,1000,ht_chantry-random-1.scen
220,ht_chantry.map,PIBTOLD,1,25933,20969,192,192,44,1000,ht_chantry-random-1.scen
260,ht_chantry.map,PIBT,1,31723,25333,192,192,60,0,ht_chantry-random-1.scen
260,ht_chantry.map,PIBTOLD,1,31723,25333,192,192,52,0,ht_chantry-random-1.scen
260,ht_chantry.map,PIBT,1,30790,25333,205,192,103,1,ht_chantry-random-1.scen
260,ht_chantry.map,PIBTOLD,1,31723,25333,192,192,51,1,ht_chantry-random-1.scen
260,ht_chantry.map,PIBT,1,31173,25333,196,192,378,10,ht_chantry-random-1.scen
260,ht_chantry.map,PIBTOLD,1,31723,25333,192,192,50,10,ht_chantry-random-1.scen
260,ht_chantry.map,PIBT,1,31172,25333,212,192,2702,100,ht_chantry-random-1.scen
260,ht_chantry.map,PIBTOLD,1,31723,25333,192,192,51,100,ht_chantry-random-1.scen
260,ht_chantry.map,PIBT,1,31167,25333,198,192,16734,1000,ht_chantry-random-1.scen
260,ht_chantry.map,PIBTOLD,1,31723,25333,192,192,49,1000,ht_chantry-random-1.scen
300,ht_chantry.map,PIBT,1,36620,29525,194,192,75,0,ht_chantry-random-1.scen
300,ht_chantry.map,PIBTOLD,1,36620,29525,194,192,61,0,ht_chantry-random-1.scen
300,ht_chantry.map,PIBT,1,36752,29525,207,192,130,1,ht_chantry-random-1.scen
300,ht_chantry.map,PIBTOLD,1,36620,29525,194,192,58,1,ht_chantry-random-1.scen
300,ht_chantry.map,PIBT,1,36397,29525,207,192,460,10,ht_chantry-random-1.scen
300,ht_chantry.map,PIBTOLD,1,36620,29525,194,192,57,10,ht_chantry-random-1.scen
300,ht_chantry.map,PIBT,1,36296,29525,206,192,2920,100,ht_chantry-random-1.scen
300,ht_chantry.map,PIBTOLD,1,36620,29525,194,192,58,100,ht_chantry-random-1.scen
300,ht_chantry.map,PIBT,1,36328,29525,199,192,25408,1000,ht_chantry-random-1.scen
300,ht_chantry.map,PIBTOLD,1,36620,29525,194,192,57,1000,ht_chantry-random-1.scen
340,ht_chantry.map,PIBT,1,43615,33838,207,192,90,0,ht_chantry-random-1.scen
340,ht_chantry.map,PIBTOLD,1,43615,33838,207,192,67,0,ht_chantry-random-1.scen
340,ht_chantry.map,PIBT,1,42919,33838,206,192,160,1,ht_chantry-random-1.scen
340,ht_chantry.map,PIBTOLD,1,43615,33838,207,192,71,1,ht_chantry-random-1.scen
340,ht_chantry.map,PIBT,1,42772,33838,203,192,643,10,ht_chantry-random-1.scen
340,ht_chantry.map,PIBTOLD,1,43615,33838,207,192,69,10,ht_chantry-random-1.scen
340,ht_chantry.map,PIBT,1,42517,33838,201,192,5151,100,ht_chantry-random-1.scen
340,ht_chantry.map,PIBTOLD,1,43615,33838,207,192,68,100,ht_chantry-random-1.scen
340,ht_chantry.map,PIBT,1,42121,33838,198,192,40881,1000,ht_chantry-random-1.scen
340,ht_chantry.map,PIBTOLD,1,43615,33838,207,192,72,1000,ht_chantry-random-1.scen
380,ht_chantry.map,PIBT,1,50072,37835,199,192,101,0,ht_chantry-random-1.scen
380,ht_chantry.map,PIBTOLD,1,50072,37835,199,192,77,0,ht_chantry-random-1.scen
380,ht_chantry.map,PIBT,1,49523,37835,206,192,183,1,ht_chantry-random-1.scen
380,ht_chantry.map,PIBTOLD,1,50072,37835,199,192,78,1,ht_chantry-random-1.scen
380,ht_chantry.map,PIBT,1,48867,37835,200,192,716,10,ht_chantry-random-1.scen
380,ht_chantry.map,PIBTOLD,1,50072,37835,199,192,142,10,ht_chantry-random-1.scen
380,ht_chantry.map,PIBT,1,47715,37835,200,192,5590,100,ht_chantry-random-1.scen
380,ht_chantry.map,PIBTOLD,1,50072,37835,199,192,76,100,ht_chantry-random-1.scen
380,ht_chantry.map,PIBT,1,48875,37835,204,192,55990,1000,ht_chantry-random-1.scen
380,ht_chantry.map,PIBTOLD,1,50072,37835,199,192,79,1000,ht_chantry-random-1.scen
420,ht_chantry.map,PIBT,1,56158,41498,206,192,120,0,ht_chantry-random-1.scen
420,ht_chantry.map,PIBTOLD,1,56158,41498,206,192,87,0,ht_chantry-random-1.scen
420,ht_chantry.map,PIBT,1,55442,41498,202,192,205,1,ht_chantry-random-1.scen
420,ht_chantry.map,PIBTOLD,1,56158,41498,206,192,87,1,ht_chantry-random-1.scen
420,ht_chantry.map,PIBT,1,54460,41498,202,192,792,10,ht_chantry-random-1.scen
420,ht_chantry.map,PIBTOLD,1,56158,41498,206,192,85,10,ht_chantry-random-1.scen
420,ht_chantry.map,PIBT,1,55681,41498,205,192,6876,100,ht_chantry-random-1.scen
420,ht_chantry.map,PIBTOLD,1,56158,41498,206,192,91,100,ht_chantry-random-1.scen
20,ht_chantry.map,PIBT,1,1706,1693,178,178,4,0,ht_chantry-random-3.scen
20,ht_chantry.map,PIBTOLD,1,1706,1693,178,178,4,0,ht_chantry-random-3.scen
20,ht_chantry.map,PIBT,1,1708,1693,178,178,4,1,ht_chantry-random-3.scen
20,ht_chantry.map,PIBTOLD,1,1706,1693,178,178,4,1,ht_chantry-random-3.scen
20,ht_chantry.map,PIBT,1,1708,1693,178,178,4,10,ht_chantry-random-3.scen
20,ht_chantry.map,PIBTOLD,1,1706,1693,178,178,4,10,ht_chantry-random-3.scen
20,ht_chantry.map,PIBT,1,1708,1693,178,178,4,100,ht_chantry-random-3.scen
20,ht_chantry.map,PIBTOLD,1,1706,1693,178,178,4,100,ht_chantry-random-3.scen
20,ht_chantry.map,PIBT,1,1708,1693,178,178,4,1000,ht_chantry-random-3.scen
20,ht_chantry.map,PIBTOLD,1,1706,1693,178,178,4,1000,ht_chantry-random-3.scen
60,ht_chantry.map,PIBT,1,6035,5523,192,192,12,0,ht_chantry-random-3.scen
60,ht_chantry.map,PIBTOLD,1,6035,5523,192,192,11,0,ht_chantry-random-3.scen
60,ht_chantry.map,PIBT,1,6021,5523,194,192,13,1,ht_chantry-random-3.scen
60,ht_chantry.map,PIBTOLD,1,6035,5523,192,192,11,1,ht_chantry-random-3.scen
60,ht_chantry.map,PIBT,1,6021,5523,194,192,12,10,ht_chantry-random-3.scen
60,ht_chantry.map,PIBTOLD,1,6035,5523,192,192,11,10,ht_chantry-random-3.scen
60,ht_chantry.map,PIBT,1,6021,5523,194,192,13,100,ht_chantry-random-3.scen
60,ht_chantry.map,PIBTOLD,1,6035,5523,192,192,12,100,ht_chantry-random-3.scen
60,ht_chantry.map,PIBT,1,6021,5523,194,192,11,1000,ht_chantry-random-3.scen
60,ht_chantry.map,PIBTOLD,1,6035,5523,192,192,11,1000,ht_chantry-random-3.scen
100,ht_chantry.map,PIBT,1,10457,8999,192,192,19,0,ht_chantry-random-3.scen
100,ht_chantry.map,PIBTOLD,1,10457,8999,192,192,20,0,ht_chantry-random-3.scen
100,ht_chantry.map,PIBT,1,10303,8999,194,192,21,1,ht_chantry-random-3.scen
100,ht_chantry.map,PIBTOLD,1,10457,8999,192,192,19,1,ht_chantry-random-3.scen
100,ht_chantry.map,PIBT,1,10303,8999,194,192,22,10,ht_chantry-random-3.scen
100,ht_chantry.map,PIBTOLD,1,10457,8999,192,192,21,10,ht_chantry-random-3.scen
100,ht_chantry.map,PIBT,1,10303,8999,194,192,23,100,ht_chantry-random-3.scen
100,ht_chantry.map,PIBTOLD,1,10457,8999,192,192,20,100,ht_chantry-random-3.scen
100,ht_chantry.map,PIBT,1,10303,8999,194,192,22,1000,ht_chantry-random-3.scen
100,ht_chantry.map,PIBTOLD,1,10457,8999,192,192,18,1000,ht_chantry-random-3.scen
140,ht_chantry.map,PIBT,1,15141,12427,226,192,34,0,ht_chantry-random-3.scen
140,ht_chantry.map,PIBTOLD,1,15141,12427,226,192,28,0,ht_chantry-random-3.scen
140,ht_chantry.map,PIBT,1,14629,12427,198,192,34,1,ht_chantry-random-3.scen
140,ht_chantry.map,PIBTOLD,1,15141,12427,226,192,30,1,ht_chantry-random-3.scen
140,ht_chantry.map,PIBT,1,14618,12427,195,192,34,10,ht_chantry-random-3.scen
140,ht_chantry.map,PIBTOLD,1,15141,12427,226,192,27,10,ht_chantry-random-3.scen
140,ht_chantry.map,PIBT,1,14618,12427,195,192,33,100,ht_chantry-random-3.scen
140,ht_chantry.map,PIBTOLD,1,15141,12427,226,192,30,100,ht_chantry-random-3.scen
140,ht_chantry.map,PIBT,1,14618,12427,195,192,33,1000,ht_chantry-random-3.scen
140,ht_chantry.map,PIBTOLD,1,15141,12427,226,192,27,1000,ht_chantry-random-3.scen
180,ht_chantry.map,PIBT,1,20483,16530,203,192,41,0,ht_chantry-random-3.scen
180,ht_chantry.map,PIBTOLD,1,20483,16530,203,192,33,0,ht_chantry-random-3.scen
180,ht_chantry.map,PIBT,1,19788,16530,194,192,46,1,ht_chantry-random-3.scen
180,ht_chantry.map,PIBTOLD,1,20483,16530,203,192,34,1,ht_chantry-random-3.scen
180,ht_chantry.map,PIBT,1,20088,16530,194,192,64,10,ht_chantry-random-3.scen
180,ht_chantry.map,PIBTOLD,1,20483,16530,203,192,33,10,ht_chantry-random-3.scen
180,ht_chantry.map,PIBT,1,20088,16530,194,192,63,100,ht_chantry-random-3.scen
180,ht_chantry.map,PIBTOLD,1,20483,16530,203,192,34,100,ht_chantry-random-3.scen
180,ht_chantry.map,PIBT,1,20088,16530,194,192,63,1000,ht_chantry-random-3.scen
180,ht_chantry.map,PIBTOLD,1,20483,16530,203,192,37,1000,ht_chantry-random-3.scen
220,ht_chantry.map,PIBT,1,25933,20969,192,192,52,0,ht_chantry-random-3.scen
220,ht_chantry.map,PIBTOLD,1,25933,20969,192,192,40,0,ht_chantry-random-3.scen
220,ht_chantry.map,PIBT,1,25188,20969,196,192,72,1,ht_chantry-random-3.scen
220,ht_chantry.map,PIBTOLD,1,25933,20969,192,192,62,1,ht_chantry-random-3.scen
220,ht_chantry.map,PIBT,1,25039,20969,198,192,165,10,ht_chantry-random-3.scen
220,ht_chantry.map,PIBTOLD,1,25933,20969,192,192,43,10,ht_chantry-random-3.scen
220,ht_chantry.map,PIBT,0,25155,20969,100000,192,10719,100,ht_chantry-random-3.scen
220,ht_chantry.map,PIBTOLD,1,25933,20969,192,192,41,100,ht_chantry-random-3.scen
220,ht_chantry.map,PIBT,1,24712,20969,198,192,5287,1000,ht_chantry-random-3.scen
220,ht_chantry.map,PIBTOLD,1,25933,20969,192,192,42,1000,ht_chantry-random-3.scen
260,ht_chantry.map,PIBT,1,31723,25333,192,192,60,0,ht_chantry-random-3.scen
260,ht_chantry.map,PIBTOLD,1,31723,25333,192,192,48,0,ht_chantry-random-3.scen
260,ht_chantry.map,PIBT,1,30750,25333,203,192,108,1,ht_chantry-random-3.scen
260,ht_chantry.map,PIBTOLD,1,31723,25333,192,192,52,1,ht_chantry-random-3.scen
260,ht_chantry.map,PIBT,1,31081,25333,197,192,389,10,ht_chantry-random-3.scen
260,ht_chantry.map,PIBTOLD,1,31723,25333,192,192,47,10,ht_chantry-random-3.scen
260,ht_chantry.map,PIBT,1,31277,25333,196,192,2300,100,ht_chantry-random-3.scen
260,ht_chantry.map,PIBTOLD,1,31723,25333,192,192,54,100,ht_chantry-random-3.scen
260,ht_chantry.map,PIBT,1,31612,25333,229,192,20868,1000,ht_chantry-random-3.scen
260,ht_chantry.map,PIBTOLD,1,31723,25333,192,192,55,1000,ht_chantry-random-3.scen
300,ht_chantry.map,PIBT,1,36620,29525,194,192,78,0,ht_chantry-random-3.scen
300,ht_chantry.map,PIBTOLD,1,36620,29525,194,192,62,0,ht_chantry-random-3.scen
300,ht_chantry.map,PIBT,1,37069,29525,203,192,128,1,ht_chantry-random-3.scen
300,ht_chantry.map,PIBTOLD,1,36620,29525,194,192,59,1,ht_chantry-random-3.scen
300,ht_chantry.map,PIBT,1,36710,29525,207,192,556,10,ht_chantry-random-3.scen
300,ht_chantry.map,PIBTOLD,1,36620,29525,194,192,62,10,ht_chantry-random-3.scen
300,ht_chantry.map,PIBT,1,36526,29525,211,192,3040,100,ht_chantry-random-3.scen
300,ht_chantry.map,PIBTOLD,1,36620,29525,194,192,59,100,ht_chantry-random-3.scen
300,ht_chantry.map,PIBT,1,36261,29525,211,192,20674,1000,ht_chantry-random-3.scen
300,ht_chantry.map,PIBTOLD,1,36620,29525,194,192,59,1000,ht_chantry-random-3.scen
340,ht_chantry.map,PIBT,1,43615,33838,207,192,88,0,ht_chantry-random-3.scen
340,ht_chantry.map,PIBTOLD,1,43615,33838,207,192,67,0,ht_chantry-random-3.scen
340,ht_chantry.map,PIBT,1,42749,33838,198,192,151,1,ht_chantry-random-3.scen
340,ht_chantry.map,PIBTOLD,1,43615,33838,207,192,69,1,ht_chantry-random-3.scen
340,ht_chantry.map,PIBT,1,42157,33838,202,192,706,10,ht_chantry-random-3.scen
340,ht_chantry.map,PIBTOLD,1,43615,33838,207,192,68,10,ht_chantry-random-3.scen
340,ht_chantry.map,PIBT,1,42644,33838,202,192,4713,100,ht_chantry-random-3.scen
340,ht_chantry.map,PIBTOLD,1,43615,33838,207,192,71,100,ht_chantry-random-3.scen
340,ht_chantry.map,PIBT,1,42103,33838,196,192,43275,1000,ht_chantry-random-3.scen
340,ht_chantry.map,PIBTOLD,1,43615,33838,207,192,72,1000,ht_chantry-random-3.scen
380,ht_chantry.map,PIBT,1,50072,37835,199,192,102,0,ht_chantry-random-3.scen
380,ht_chantry.map,PIBTOLD,1,50072,37835,199,192,78,0,ht_chantry-random-3.scen
380,ht_chantry.map,PIBT,1,49336,37835,209,192,183,1,ht_chantry-random-3.scen
380,ht_chantry.map,PIBTOLD,1,50072,37835,199,192,80,1,ht_chantry-random-3.scen
380,ht_chantry.map,PIBT,1,48677,37835,200,192,808,10,ht_chantry-random-3.scen
380,ht_chantry.map,PIBTOLD,1,50072,37835,199,192,73,10,ht_chantry-random-3.scen
380,ht_chantry.map,PIBT,1,48617,37835,202,192,6149,100,ht_chantry-random-3.scen
380,ht_chantry.map,PIBTOLD,1,50072,37835,199,192,78,100,ht_chantry-random-3.scen
380,ht_chantry.map,PIBT,1,49062,37835,221,192,59547,1000,ht_chantry-random-3.scen
380,ht_chantry.map,PIBTOLD,1,50072,37835,199,192,70,1000,ht_chantry-random-3.scen
420,ht_chantry.map,PIBT,1,56158,41498,206,192,119,0,ht_chantry-random-3.scen
420,ht_chantry.map,PIBTOLD,1,56158,41498,206,192,86,0,ht_chantry-random-3.scen
420,ht_chantry.map,PIBT,1,55603,41498,202,192,216,1,ht_chantry-random-3.scen
420,ht_chantry.map,PIBTOLD,1,56158,41498,206,192,88,1,ht_chantry-random-3.scen
420,ht_chantry.map,PIBT,1,55239,41498,200,192,908,10,ht_chantry-random-3.scen
420,ht_chantry.map,PIBTOLD,1,56158,41498,206,192,89,10,ht_chantry-random-3.scen
420,ht_chantry.map,PIBT,1,55293,41498,210,192,6770,100,ht_chantry-random-3.scen
420,ht_chantry.map,PIBTOLD,1,56158,41498,206,192,85,100,ht_chantry-random-3.scen
20,ht_chantry.map,PIBT,1,1706,1693,178,178,4,0,ht_chantry-random-7.scen
20,ht_chantry.map,PIBTOLD,1,1706,1693,178,178,4,0,ht_chantry-random-7.scen
20,ht_chantry.map,PIBT,1,1708,1693,178,178,4,1,ht_chantry-random-7.scen
20,ht_chantry.map,PIBTOLD,1,1706,1693,178,178,4,1,ht_chantry-random-7.scen
20,ht_chantry.map,PIBT,1,1708,1693,178,178,4,10,ht_chantry-random-7.scen
20,ht_chantry.map,PIBTOLD,1,1706,1693,178,178,4,10,ht_chantry-random-7.scen
20,ht_chantry.map,PIBT,1,1708,1693,178,178,4,100,ht_chantry-random-7.scen
20,ht_chantry.map,PIBTOLD,1,1706,1693,178,178,4,100,ht_chantry-random-7.scen
20,ht_chantry.map,PIBT,1,1708,1693,178,178,5,1000,ht_chantry-random-7.scen
20,ht_chantry.map,PIBTOLD,1,1706,1693,178,178,4,1000,ht_chantry-random-7.scen
60,ht_chantry.map,PIBT,1,6035,5523,192,192,12,0,ht_chantry-random-7.scen
60,ht_chantry.map,PIBTOLD,1,6035,5523,192,192,11,0,ht_chantry-random-7.scen
60,ht_chantry.map,PIBT,1,6021,5523,194,192,11,1,ht_chantry-random-7.scen
60,ht_chantry.map,PIBTOLD,1,6035,5523,192,192,11,1,ht_chantry-random-7.scen
60,ht_chantry.map,PIBT,1,6021,5523,194,192,12,10,ht_chantry-random-7.scen
60,ht_chantry.map,PIBTOLD,1,6035,5523,192,192,11,10,ht_chantry-random-7.scen
60,ht_chantry.map,PIBT,1,6021,5523,194,192,12,100,ht_chantry-random-7.scen
60,ht_chantry.map,PIBTOLD,1,6035,5523,192,192,11,100,ht_chantry-random-7.scen
60,ht_chantry.map,PIBT,1,6021,5523,194,192,13,1000,ht_chantry-random-7.scen
60,ht_chantry.map,PIBTOLD,1,6035,5523,192,192,11,1000,ht_chantry-random-7.scen
100,ht_chantry.map,PIBT,1,10457,8999,192,192,21,0,ht_chantry-random-7.scen
100,ht_chantry.map,PIBTOLD,1,10457,8999,192,192,20,0,ht_chantry-random-7.scen
100,ht_chantry.map,PIBT,1,10303,8999,194,192,21,1,ht_chantry-random-7.scen
100,ht_chantry.map,PIBTOLD,1,10457,8999,192,192,19,1,ht_chantry-random-7.scen
100,ht_chantry.map,PIBT,1,10303,8999,194,192,21,10,ht_chantry-random-7.scen
100,ht_chantry.map,PIBTOLD,1,10457,8999,192,192,18,10,ht_chantry-random-7.scen
100,ht_chantry.map,PIBT,1,10303,8999,194,192,21,100,ht_chantry-random-7.scen
100,ht_chantry.map,PIBTOLD,1,10457,8999,192,192,20,100,ht_chantry-random-7.scen
100,ht_chantry.map,PIBT,1,10303,8999,194,192,20,1000,ht_chantry-random-7.scen
100,ht_chantry.map,PIBTOLD,1,10457,8999,192,192,20,1000,ht_chantry-random-7.scen
140,ht_chantry.map,PIBT,1,15141,12427,226,192,31,0,ht_chantry-random-7.scen
140,ht_chantry.map,PIBTOLD,1,15141,12427,226,192,27,0,ht_chantry-random-7.scen
140,ht_chantry.map,PIBT,1,14432,12427,196,192,33,1,ht_chantry-random-7.scen
140,ht_chantry.map,PIBTOLD,1,15141,12427,226,192,25,1,ht_chantry-random-7.scen
140,ht_chantry.map,PIBT,1,14618,12427,195,192,35,10,ht_chantry-random-7.scen
140,ht_chantry.map,PIBTOLD,1,15141,12427,226,192,26,10,ht_chantry-random-7.scen
140,ht_chantry.map,PIBT,1,14618,12427,195,192,35,100,ht_chantry-random-7.scen
140,ht_chantry.map,PIBTOLD,1,15141,12427,226,192,27,100,ht_chantry-random-7.scen
140,ht_chantry.map,PIBT,1,14618,12427,195,192,33,1000,ht_chantry-random-7.scen
140,ht_chantry.map,PIBTOLD,1,15141,12427,226,192,27,1000,ht_chantry-random-7.scen
180,ht_chantry.map,PIBT,1,20483,16530,203,192,41,0,ht_chantry-random-7.scen
180,ht_chantry.map,PIBTOLD,1,20483,16530,203,192,34,0,ht_chantry-random-7.scen
180,ht_chantry.map,PIBT,1,19767,16530,192,192,44,1,ht_chantry-random-7.scen
180,ht_chantry.map,PIBTOLD,1,20483,16530,203,192,35,1,ht_chantry-random-7.scen
180,ht_chantry.map,PIBT,1,20088,16530,194,192,62,10,ht_chantry-random-7.scen
180,ht_chantry.map,PIBTOLD,1,20483,16530,203,192,37,10,ht_chantry-random-7.scen
180,ht_chantry.map,PIBT,1,20088,16530,194,192,61,100,ht_chantry-random-7.scen
180,ht_chantry.map,PIBTOLD,1,20483,16530,203,192,36,100,ht_chantry-random-7.scen
180,ht_chantry.map,PIBT,1,20088,16530,194,192,63,1000,ht_chantry-random-7.scen
180,ht_chantry.map,PIBTOLD,1,20483,16530,203,192,34,1000,ht_chantry-random-7.scen
220,ht_chantry.map,PIBT,1,25933,20969,192,192,51,0,ht_chantry-random-7.scen
220,ht_chantry.map,PIBTOLD,1,25933,20969,192,192,45,0,ht_chantry-random-7.scen
220,ht_chantry.map,PIBT,1,25267,20969,199,192,82,1,ht_chantry-random-7.scen
220,ht_chantry.map,PIBTOLD,1,25933,20969,192,192,45,1,ht_chantry-random-7.scen
220,ht_chantry.map,PIBT,1,24781,20969,198,192,251,10,ht_chantry-random-7.scen
220,ht_chantry.map,PIBTOLD,1,25933,20969,192,192,43,10,ht_chantry-random-7.scen
220,ht_chantry.map,PIBT,1,25017,20969,196,192,848,100,ht_chantry-random-7.scen
220,ht_chantry.map,PIBTOLD,1,25933,20969,192,192,45,100,ht_chantry-random-7.scen
220,ht_chantry.map,PIBT,1,24884,20969,196,192,5105,1000,ht_chantry-random-7.scen
220,ht_chantry.map,PIBTOLD,1,25933,20969,192,192,43,1000,ht_chantry-random-7.scen
260,ht_chantry.map,PIBT,1,31723,25333,192,192,63,0,ht_chantry-random-7.scen
260,ht_chantry.map,PIBTOLD,1,31723,25333,192,192,50,0,ht_chantry-random-7.scen
260,ht_chantry.map,PIBT,1,31510,25333,223,192,107,1,ht_chantry-random-7.scen
260,ht_chantry.map,PIBTOLD,1,31723,25333,192,192,51,1,ht_chantry-random-7.scen
260,ht_chantry.map,PIBT,1,31220,25333,195,192,380,10,ht_chantry-random-7.scen
260,ht_chantry.map,PIBTOLD,1,31723,25333,192,192,50,10,ht_chantry-random-7.scen
260,ht_chantry.map,PIBT,1,31500,25333,200,192,3160,100,ht_chantry-random-7.scen
260,ht_chantry.map,PIBTOLD,1,31723,25333,192,192,49,100,ht_chantry-random-7.scen
260,ht_chantry.map,PIBT,1,31225,25333,201,192,19555,1000,ht_chantry-random-7.scen
260,ht_chantry.map,PIBTOLD,1,31723,25333,192,192,50,1000,ht_chantry-random-7.scen
300,ht_chantry.map,PIBT,1,36620,29525,194,192,77,0,ht_chantry-random-7.scen
300,ht_chantry.map,PIBTOLD,1,36620,29525,194,192,62,0,ht_chantry-random-7.scen
300,ht_chantry.map,PIBT,1,36823,29525,208,192,128,1,ht_chantry-random-7.scen
300,ht_chantry.map,PIBTOLD,1,36620,29525,194,192,61,1,ht_chantry-random-7.scen
300,ht_chantry.map,PIBT,1,36189,29525,198,192,524,10,ht_chantry-random-7.scen
300,ht_chantry.map,PIBTOLD,1,36620,29525,194,192,59,10,ht_chantry-random-7.scen
300,ht_chantry.map,PIBT,1,36607,29525,209,192,3233,100,ht_chantry-random-7.scen
300,ht_chantry.map,PIBTOLD,1,36620,29525,194,192,60,100,ht_chantry-random-7.scen
300,ht_chantry.map,PIBT,1,36188,29525,207,192,21659,1000,ht_chantry-random-7.scen
300,ht_chantry.map,PIBTOLD,1,36620,29525,194,192,59,1000,ht_chantry-random-7.scen
340,ht_chantry.map,PIBT,1,43615,33838,207,192,86,0,ht_chantry-random-7.scen
340,ht_chantry.map,PIBTOLD,1,43615,33838,207,192,72,0,ht_chantry-random-7.scen
340,ht_chantry.map,PIBT,1,42302,33838,198,192,151,1,ht_chantry-random-7.scen
340,ht_chantry.map,PIBTOLD,1,43615,33838,207,192,68,1,ht_chantry-random-7.scen
340,ht_chantry.map,PIBT,1,42879,33838,206,192,678,10,ht_chantry-random-7.scen
340,ht_chantry.map,PIBTOLD,1,43615,33838,207,192,69,10,ht_chantry-random-7.scen
340,ht_chantry.map,PIBT,1,42358,33838,198,192,5375,100,ht_chantry-random-7.scen
340,ht_chantry.map,PIBTOLD,1,43615,33838,207,192,69,100,ht_chantry-random-7.scen
340,ht_chantry.map,PIBT,1,42841,33838,202,192,48454,1000,ht_chantry-random-7.scen
340,ht_chantry.map,PIBTOLD,1,43615,33838,207,192,71,1000,ht_chantry-random-7.scen
380,ht_chantry.map,PIBT,1,50072,37835,199,192,101,0,ht_chantry-random-7.scen
380,ht_chantry.map,PIBTOLD,1,50072,37835,199,192,77,0,ht_chantry-random-7.scen
380,ht_chantry.map,PIBT,0,48771,37835,100000,192,21598,1,ht_chantry-random-7.scen
380,ht_chantry.map,PIBTOLD,1,50072,37835,199,192,80,1,ht_chantry-random-7.scen
380,ht_chantry.map,PIBT,1,49551,37835,215,192,796,10,ht_chantry-random-7.scen
380,ht_chantry.map,PIBTOLD,1,50072,37835,199,192,79,10,ht_chantry-random-7.scen
380,ht_chantry.map,PIBT,1,47968,37835,197,192,6532,100,ht_chantry-random-7.scen
380,ht_chantry.map,PIBTOLD,1,50072,37835,199,192,76,100,ht_chantry-random-7.scen
20,ht_chantry.map,PIBT,1,1706,1693,178,178,4,0,ht_chantry-random-9.scen
20,ht_chantry.map,PIBTOLD,1,1706,1693,178,178,4,0,ht_chantry-random-9.scen
20,ht_chantry.map,PIBT,1,1708,1693,178,178,4,1,ht_chantry-random-9.scen
20,ht_chantry.map,PIBTOLD,1,1706,1693,178,178,5,1,ht_chantry-random-9.scen
20,ht_chantry.map,PIBT,1,1708,1693,178,178,4,10,ht_chantry-random-9.scen
20,ht_chantry.map,PIBTOLD,1,1706,1693,178,178,4,10,ht_chantry-random-9.scen
20,ht_chantry.map,PIBT,1,1708,1693,178,178,4,100,ht_chantry-random-9.scen
20,ht_chantry.map,PIBTOLD,1,1706,1693,178,178,5,100,ht_chantry-random-9.scen
20,ht_chantry.map,PIBT,1,1708,1693,178,178,4,1000,ht_chantry-random-9.scen
20,ht_chantry.map,PIBTOLD,1,1706,1693,178,178,4,1000,ht_chantry-random-9.scen
60,ht_chantry.map,PIBT,1,6035,5523,192,192,11,0,ht_chantry-random-9.scen
60,ht_chantry.map,PIBTOLD,1,6035,5523,192,192,11,0,ht_chantry-random-9.scen
60,ht_chantry.map,PIBT,1,6021,5523,194,192,12,1,ht_chantry-random-9.scen
60,ht_chantry.map,PIBTOLD,1,6035,5523,192,192,11,1,ht_chantry-random-9.scen
60,ht_chantry.map,PIBT,1,6021,5523,194,192,12,10,ht_chantry-random-9.scen
60,ht_chantry.map,PIBTOLD,1,6035,5523,192,192,11,10,ht_chantry-random-9.scen
60,ht_chantry.map,PIBT,1,6021,5523,194,192,13,100,ht_chantry-random-9.scen
60,ht_chantry.map,PIBTOLD,1,6035,5523,192,192,11,100,ht_chantry-random-9.scen
60,ht_chantry.map,PIBT,1,6021,5523,194,192,12,1000,ht_chantry-random-9.scen
60,ht_chantry.map,PIBTOLD,1,6035,5523,192,192,9,1000,ht_chantry-random-9.scen
100,ht_chantry.map,PIBT,1,10457,8999,192,192,20,0,ht_chantry-random-9.scen
100,ht_chantry.map,PIBTOLD,1,10457,8999,192,192,18,0,ht_chantry-random-9.scen
100,ht_chantry.map,PIBT,1,10303,8999,194,192,23,1,ht_chantry-random-9.scen
100,ht_chantry.map,PIBTOLD,1,10457,8999,192,192,19,1,ht_chantry-random-9.scen
100,ht_chantry.map,PIBT,1,10303,8999,194,192,21,10,ht_chantry-random-9.scen
100,ht_chantry.map,PIBTOLD,1,10457,8999,192,192,19,10,ht_chantry-random-9.scen
100,ht_chantry.map,PIBT,1,10303,8999,194,192,20,100,ht_chantry-random-9.scen
100,ht_chantry.map,PIBTOLD,1,10457,8999,192,192,18,100,ht_chantry-random-9.scen
100,ht_chantry.map,PIBT,1,10303,8999,194,192,21,1000,ht_chantry-random-9.scen
100,ht_chantry.map,PIBTOLD,1,10457,8999,192,192,18,1000,ht_chantry-random-9.scen
140,ht_chantry.map,PIBT,1,15141,12427,226,192,32,0,ht_chantry-random-9.scen
140,ht_chantry.map,PIBTOLD,1,15141,12427,226,192,26,0,ht_chantry-random-9.scen
140,ht_chantry.map,PIBT,1,14585,12427,199,192,33,1,ht_chantry-random-9.scen
140,ht_chantry.map,PIBTOLD,1,15141,12427,226,192,25,1,ht_chantry-random-9.scen
140,ht_chantry.map,PIBT,1,14618,12427,195,192,35,10,ht_chantry-random-9.scen
140,ht_chantry.map,PIBTOLD,1,15141,12427,226,192,28,10,ht_chantry-random-9.scen
140,ht_chantry.map,PIBT,1,14618,12427,195,192,37,100,ht_chantry-random-9.scen
140,ht_chantry.map,PIBTOLD,1,15141,12427,226,192,27,100,ht_chantry-random-9.scen
140,ht_chantry.map,PIBT,1,14618,12427,195,192,32,1000,ht_chantry-random-9.scen
140,ht_chantry.map,PIBTOLD,1,15141,12427,226,192,27,1000,ht_chantry-random-9.scen
180,ht_chantry.map,PIBT,1,20483,16530,203,192,39,0,ht_chantry-random-9.scen
180,ht_chantry.map,PIBTOLD,1,20483,16530,203,192,37,0,ht_chantry-random-9.scen
180,ht_chantry.map,PIBT,1,19631,16530,194,192,42,1,ht_chantry-random-9.scen
180,ht_chantry.map,PIBTOLD,1,20483,16530,203,192,33,1,ht_chantry-random-9.scen
180,ht_chantry.map,PIBT,1,20088,16530,194,192,62,10,ht_chantry-random-9.scen
180,ht_chantry.map,PIBTOLD,1,20483,16530,203,192,36,10,ht_chantry-random-9.scen
180,ht_chantry.map,PIBT,1,20088,16530,194,192,61,100,ht_chantry-random-9.scen
180,ht_chantry.map,PIBTOLD,1,20483,16530,203,192,33,100,ht_chantry-random-9.scen
180,ht_chantry.map,PIBT,1,20088,16530,194,192,61,1000,ht_chantry-random-9.scen
180,ht_chantry.map,PIBTOLD,1,20483,16530,203,192,33,1000,ht_chantry-random-9.scen
220,ht_chantry.map,PIBT,1,25933,20969,192,192,49,0,ht_chantry-random-9.scen
220,ht_chantry.map,PIBTOLD,1,25933,20969,192,192,40,0,ht_chantry-random-9.scen
220,ht_chantry.map,PIBT,1,25136,20969,196,192,75,1,ht_chantry-random-9.scen
220,ht_chantry.map,PIBTOLD,1,25933,20969,192,192,42,1,ht_chantry-random-9.scen
220,ht_chantry.map,PIBT,1,25371,20969,196,192,167,10,ht_chantry-random-9.scen
220,ht_chantry.map,PIBTOLD,1,25933,20969,192,192,40,10,ht_chantry-random-9.scen
220,ht_chantry.map,PIBT,1,25147,20969,196,192,656,100,ht_chantry-random-9.scen
220,ht_chantry.map,PIBTOLD,1,25933,20969,192,192,41,100,ht_chantry-random-9.scen
220,ht_chantry.map,PIBT,1,25185,20969,196,192,4490,1000,ht_chantry-random-9.scen
220,ht_chantry.map,PIBTOLD,1,25933,20969,192,192,44,1000,ht_chantry-random-9.scen
260,ht_chantry.map,PIBT,1,31723,25333,192,192,63,0,ht_chantry-random-9.scen
260,ht_chantry.map,PIBTOLD,1,31723,25333,192,192,51,0,ht_chantry-random-9.scen
260,ht_chantry.map,PIBT,1,31136,25333,200,192,99,1,ht_chantry-random-9.scen
260,ht_chantry.map,PIBTOLD,1,31723,25333,192,192,51,1,ht_chantry-random-9.scen
260,ht_chantry.map,PIBT,1,31056,25333,200,192,394,10,ht_chantry-random-9.scen
260,ht_chantry.map,PIBTOLD,1,31723,25333,192,192,50,10,ht_chantry-random-9.scen
260,ht_chantry.map,PIBT,1,30658,25333,198,192,2248,100,ht_chantry-random-9.scen
260,ht_chantry.map,PIBTOLD,1,31723,25333,192,192,50,100,ht_chantry-random-9.scen
260,ht_chantry.map,PIBT,1,31325,25333,197,192,12801,1000,ht_chantry-random-9.scen
260,ht_chantry.map,PIBTOLD,1,31723,25333,192,192,52,1000,ht_chantry-random-9.scen
300,ht_chantry.map,PIBT,1,36620,29525,194,192,70,0,ht_chantry-random-9.scen
300,ht_chantry.map,PIBTOLD,1,36620,29525,194,192,59,0,ht_chantry-random-9.scen
300,ht_chantry.map,PIBT,1,36377,29525,200,192,130,1,ht_chantry-random-9.scen
300,ht_chantry.map,PIBTOLD,1,36620,29525,194,192,57,1,ht_chantry-random-9.scen
300,ht_chantry.map,PIBT,1,36400,29525,205,192,504,10,ht_chantry-random-9.scen
300,ht_chantry.map,PIBTOLD,1,36620,29525,194,192,58,10,ht_chantry-random-9.scen
300,ht_chantry.map,PIBT,1,36676,29525,202,192,3376,100,ht_chantry-random-9.scen
300,ht_chantry.map,PIBTOLD,1,36620,29525,194,192,63,100,ht_chantry-random-9.scen
300,ht_chantry.map,PIBT,1,36103,29525,207,192,18000,1000,ht_chantry-random-9.scen
300,ht_chantry.map,PIBTOLD,1,36620,29525,194,192,58,1000,ht_chantry-random-9.scen
340,ht_chantry.map,PIBT,1,43615,33838,207,192,90,0,ht_chantry-random-9.scen
340,ht_chantry.map,PIBTOLD,1,43615,33838,207,192,61,0,ht_chantry-random-9.scen
340,ht_chantry.map,PIBT,1,42550,33838,201,192,152,1,ht_chantry-random-9.scen
340,ht_chantry.map,PIBTOLD,1,43615,33838,207,192,68,1,ht_chantry-random-9.scen
340,ht_chantry.map,PIBT,1,42743,33838,206,192,737,10,ht_chantry-random-9.scen
340,ht_chantry.map,PIBTOLD,1,43615,33838,207,192,70,10,ht_chantry-random-9.scen
340,ht_chantry.map,PIBT,1,42293,33838,200,192,4671,100,ht_chantry-random-9.scen
340,ht_chantry.map,PIBTOLD,1,43615,33838,207,192,70,100,ht_chantry-random-9.scen
340,ht_chantry.map,PIBT,1,42037,33838,204,192,43572,1000,ht_chantry-random-9.scen
340,ht_chantry.map,PIBTOLD,1,43615,33838,207,192,74,1000,ht_chantry-random-9.scen
380,ht_chantry.map,PIBT,1,50072,37835,199,192,102,0,ht_chantry-random-9.scen
380,ht_chantry.map,PIBTOLD,1,50072,37835,199,192,74,0,ht_chantry-random-9.scen
380,ht_chantry.map,PIBT,1,49318,37835,208,192,185,1,ht_chantry-random-9.scen
380,ht_chantry.map,PIBTOLD,1,50072,37835,199,192,79,1,ht_chantry-random-9.scen
380,ht_chantry.map,PIBT,1,48821,37835,205,192,780,10,ht_chantry-random-9.scen
380,ht_chantry.map,PIBTOLD,1,50072,37835,199,192,76,10,ht_chantry-random-9.scen
380,ht_chantry.map,PIBT,1,48239,37835,203,192,6405,100,ht_chantry-random-9.scen
380,ht_chantry.map,PIBTOLD,1,50072,37835,199,192,75,100,ht_chantry-random-9.scen
20,ht_chantry.map,PIBT,1,1706,1693,178,178,5,0,ht_chantry-random-13.scen
20,ht_chantry.map,PIBTOLD,1,1706,1693,178,178,4,0,ht_chantry-random-13.scen
20,ht_chantry.map,PIBT,1,1708,1693,178,178,4,1,ht_chantry-random-13.scen
20,ht_chantry.map,PIBTOLD,1,1706,1693,178,178,4,1,ht_chantry-random-13.scen
20,ht_chantry.map,PIBT,1,1708,1693,178,178,4,10,ht_chantry-random-13.scen
20,ht_chantry.map,PIBTOLD,1,1706,1693,178,178,4,10,ht_chantry-random-13.scen
20,ht_chantry.map,PIBT,1,1708,1693,178,178,4,100,ht_chantry-random-13.scen
20,ht_chantry.map,PIBTOLD,1,1706,1693,178,178,4,100,ht_chantry-random-13.scen
20,ht_chantry.map,PIBT,1,1708,1693,178,178,4,1000,ht_chantry-random-13.scen
20,ht_chantry.map,PIBTOLD,1,1706,1693,178,178,4,1000,ht_chantry-random-13.scen
60,ht_chantry.map,PIBT,1,6035,5523,192,192,12,0,ht_chantry-random-13.scen
60,ht_chantry.map,PIBTOLD,1,6035,5523,192,192,11,0,ht_chantry-random-13.scen
60,ht_chantry.map,PIBT,1,6021,5523,194,192,11,1,ht_chantry-random-13.scen
60,ht_chantry.map,PIBTOLD,1,6035,5523,192,192,11,1,ht_chantry-random-13.scen
60,ht_chantry.map,PIBT,1,6021,5523,194,192,12,10,ht_chantry-random-13.scen
60,ht_chantry.map,PIBTOLD,1,6035,5523,192,192,11,10,ht_chantry-random-13.scen
60,ht_chantry.map,PIBT,1,6021,5523,194,192,11,100,ht_chantry-random-13.scen
60,ht_chantry.map,PIBTOLD,1,6035,5523,192,192,11,100,ht_chantry-random-13.scen
60,ht_chantry.map,PIBT,1,6021,5523,194,192,12,1000,ht_chantry-random-13.scen
60,ht_chantry.map,PIBTOLD,1,6035,5523,192,192,10,1000,ht_chantry-random-13.scen
100,ht_chantry.map,PIBT,1,10457,8999,192,192,19,0,ht_chantry-random-13.scen
100,ht_chantry.map,PIBTOLD,1,10457,8999,192,192,17,0,ht_chantry-random-13.scen
100,ht_chantry.map,PIBT,1,10303,8999,194,192,22,1,ht_chantry-random-13.scen
100,ht_chantry.map,PIBTOLD,1,10457,8999,192,192,17,1,ht_chantry-random-13.scen
100,ht_chantry.map,PIBT,1,10303,8999,194,192,20,10,ht_chantry-random-13.scen
100,ht_chantry.map,PIBTOLD,1,10457,8999,192,192,21,10,ht_chantry-random-13.scen
100,ht_chantry.map,PIBT,1,10303,8999,194,192,21,100,ht_chantry-random-13.scen
100,ht_chantry.map,PIBTOLD,1,10457,8999,192,192,21,100,ht_chantry-random-13.scen
100,ht_chantry.map,PIBT,1,10303,8999,194,192,20,1000,ht_chantry-random-13.scen
100,ht_chantry.map,PIBTOLD,1,10457,8999,192,192,19,1000,ht_chantry-random-13.scen
140,ht_chantry.map,PIBT,1,15141,12427,226,192,32,0,ht_chantry-random-13.scen
140,ht_chantry.map,PIBTOLD,1,15141,12427,226,192,29,0,ht_chantry-random-13.scen
140,ht_chantry.map,PIBT,1,14660,12427,199,192,32,1,ht_chantry-random-13.scen
140,ht_chantry.map,PIBTOLD,1,15141,12427,226,192,27,1,ht_chantry-random-13.scen
140,ht_chantry.map,PIBT,1,14618,12427,195,192,34,10,ht_chantry-random-13.scen
140,ht_chantry.map,PIBTOLD,1,15141,12427,226,192,29,10,ht_chantry-random-13.scen
140,ht_chantry.map,PIBT,1,14618,12427,195,192,33,100,ht_chantry-random-13.scen
140,ht_chantry.map,PIBTOLD,1,15141,12427,226,192,26,100,ht_chantry-random-13.scen
140,ht_chantry.map,PIBT,1,14618,12427,195,192,33,1000,ht_chantry-random-13.scen
140,ht_chantry.map,PIBTOLD,1,15141,12427,226,192,29,1000,ht_chantry-random-13.scen
180,ht_chantry.map,PIBT,1,20483,16530,203,192,39,0,ht_chantry-random-13.scen
180,ht_chantry.map,PIBTOLD,1,20483,16530,203,192,35,0,ht_chantry-random-13.scen
180,ht_chantry.map,PIBT,1,19583,16530,192,192,45,1,ht_chantry-random-13.scen
180,ht_chantry.map,PIBTOLD,1,20483,16530,203,192,35,1,ht_chantry-random-13.scen
180,ht_chantry.map,PIBT,1,20088,16530,194,192,67,10,ht_chantry-random-13.scen
180,ht_chantry.map,PIBTOLD,1,20483,16530,203,192,38,10,ht_chantry-random-13.scen
180,ht_chantry.map,PIBT,1,20088,16530,194,192,64,100,ht_chantry-random-13.scen
180,ht_chantry.map,PIBTOLD,1,20483,16530,203,192,34,100,ht_chantry-random-13.scen
180,ht_chantry.map,PIBT,1,20088,16530,194,192,62,1000,ht_chantry-random-13.scen
180,ht_chantry.map,PIBTOLD,1,20483,16530,203,192,34,1000,ht_chantry-random-13.scen
220,ht_chantry.map,PIBT,1,25933,20969,192,192,54,0,ht_chantry-random-13.scen
220,ht_chantry.map,PIBTOLD,1,25933,20969,192,192,45,0,ht_chantry-random-13.scen
220,ht_chantry.map,PIBT,1,25220,20969,196,192,81,1,ht_chantry-random-13.scen
220,ht_chantry.map,PIBTOLD,1,25933,20969,192,192,40,1,ht_chantry-random-13.scen
220,ht_chantry.map,PIBT,1,25117,20969,196,192,166,10,ht_chantry-random-13.scen
220,ht_chantry.map,PIBTOLD,1,25933,20969,192,192,40,10,ht_chantry-random-13.scen
220,ht_chantry.map,PIBT,1,25020,20969,196,192,613,100,ht_chantry-random-13.scen
220,ht_chantry.map,PIBTOLD,1,25933,20969,192,192,41,100,ht_chantry-random-13.scen
220,ht_chantry.map,PIBT,1,25288,20969,196,192,4062,1000,ht_chantry-random-13.scen
220,ht_chantry.map,PIBTOLD,1,25933,20969,192,192,41,1000,ht_chantry-random-13.scen
260,ht_chantry.map,PIBT,1,31723,25333,192,192,61,0,ht_chantry-random-13.scen
260,ht_chantry.map,PIBTOLD,1,31723,25333,192,192,52,0,ht_chantry-random-13.scen
260,ht_chantry.map,PIBT,1,31380,25333,205,192,105,1,ht_chantry-random-13.scen
260,ht_chantry.map,PIBTOLD,1,31723,25333,192,192,48,1,ht_chantry-random-13.scen
260,ht_chantry.map,PIBT,1,31578,25333,202,192,379,10,ht_chantry-random-13.scen
260,ht_chantry.map,PIBTOLD,1,31723,25333,192,192,46,10,ht_chantry-random-13.scen
260,ht_chantry.map,PIBT,1,31112,25333,195,192,2508,100,ht_chantry-random-13.scen
260,ht_chantry.map,PIBTOLD,1,31723,25333,192,192,50,100,ht_chantry-random-13.scen
260,ht_chantry.map,PIBT,1,31490,25333,200,192,21825,1000,ht_chantry-random-13.scen
260,ht_chantry.map,PIBTOLD,1,31723,25333,192,192,50,1000,ht_chantry-random-13.scen
300,ht_chantry.map,PIBT,1,36620,29525,194,192,74,0,ht_chantry-random-13.scen
300,ht_chantry.map,PIBTOLD,1,36620,29525,194,192,57,0,ht_chantry-random-13.scen
300,ht_chantry.map,PIBT,1,37411,29525,203,192,135,1,ht_chantry-random-13.scen
300,ht_chantry.map,PIBTOLD,1,36620,29525,194,192,59,1,ht_chantry-random-13.scen
300,ht_chantry.map,PIBT,1,36403,29525,201,192,476,10,ht_chantry-random-13.scen
300,ht_chantry.map,PIBTOLD,1,36620,29525,194,192,58,10,ht_chantry-random-13.scen
300,ht_chantry.map,PIBT,1,36565,29525,210,192,3058,100,ht_chantry-random-13.scen
300,ht_chantry.map,PIBTOLD,1,36620,29525,194,192,61,100,ht_chantry-random-13.scen
300,ht_chantry.map,PIBT,1,36119,29525,198,192,22042,1000,ht_chantry-random-13.scen
300,ht_chantry.map,PIBTOLD,1,36620,29525,194,192,61,1000,ht_chantry-random-13.scen
340,ht_chantry.map,PIBT,1,43615,33838,207,192,91,0,ht_chantry-random-13.scen
340,ht_chantry.map,PIBTOLD,1,43615,33838,207,192,61,0,ht_chantry-random-13.scen
340,ht_chantry.map,PIBT,1,43037,33838,203,192,157,1,ht_chantry-random-13.scen
340,ht_chantry.map,PIBTOLD,1,43615,33838,207,192,67,1,ht_chantry-random-13.scen
340,ht_chantry.map,PIBT,1,42236,33838,197,192,685,10,ht_chantry-random-13.scen
340,ht_chantry.map,PIBTOLD,1,43615,33838,207,192,72,10,ht_chantry-random-13.scen
340,ht_chantry.map,PIBT,1,42887,33838,204,192,5297,100,ht_chantry-random-13.scen
340,ht_chantry.map,PIBTOLD,1,43615,33838,207,192,66,100,ht_chantry-random-13.scen
340,ht_chantry.map,PIBT,1,42026,33838,207,192,41538,1000,ht_chantry-random-13.scen
340,ht_chantry.map,PIBTOLD,1,43615,33838,207,192,68,1000,ht_chantry-random-13.scen
380,ht_chantry.map,PIBT,1,50072,37835,199,192,100,0,ht_chantry-random-13.scen
380,ht_chantry.map,PIBTOLD,1,50072,37835,199,192,79,0,ht_chantry-random-13.scen
380,ht_chantry.map,PIBT,1,47525,37835,210,192,172,1,ht_chantry-random-13.scen
380,ht_chantry.map,PIBTOLD,1,50072,37835,199,192,81,1,ht_chantry-random-13.scen
380,ht_chantry.map,PIBT,1,48317,37835,199,192,750,10,ht_chantry-random-13.scen
380,ht_chantry.map,PIBTOLD,1,50072,37835,199,192,76,10,ht_chantry-random-13.scen
380,ht_chantry.map,PIBT,1,49022,37835,204,192,7088,100,ht_chantry-random-13.scen
380,ht_chantry.map,PIBTOLD,1,50072,37835,199,192,77,100,ht_chantry-random-13.scen
20,ht_chantry.map,PIBT,1,1706,1693,178,178,4,0,ht_chantry-random-21.scen
20,ht_chantry.map,PIBTOLD,1,1706,1693,178,178,4,0,ht_chantry-random-21.scen
20,ht_chantry.map,PIBT,1,1708,1693,178,178,4,1,ht_chantry-random-21.scen
20,ht_chantry.map,PIBTOLD,1,1706,1693,178,178,4,1,ht_chantry-random-21.scen
20,ht_chantry.map,PIBT,1,1708,1693,178,178,5,10,ht_chantry-random-21.scen
20,ht_chantry.map,PIBTOLD,1,1706,1693,178,178,4,10,ht_chantry-random-21.scen
20,ht_chantry.map,PIBT,1,1708,1693,178,178,4,100,ht_chantry-random-21.scen
20,ht_chantry.map,PIBTOLD,1,1706,1693,178,178,4,100,ht_chantry-random-21.scen
20,ht_chantry.map,PIBT,1,1708,1693,178,178,4,1000,ht_chantry-random-21.scen
20,ht_chantry.map,PIBTOLD,1,1706,1693,178,178,4,1000,ht_chantry-random-21.scen
60,ht_chantry.map,PIBT,1,6035,5523,192,192,11,0,ht_chantry-random-21.scen
60,ht_chantry.map,PIBTOLD,1,6035,5523,192,192,11,0,ht_chantry-random-21.scen
60,ht_chantry.map,PIBT,1,6021,5523,194,192,11,1,ht_chantry-random-21.scen
60,ht_chantry.map,PIBTOLD,1,6035,5523,192,192,11,1,ht_chantry-random-21.scen
60,ht_chantry.map,PIBT,1,6021,5523,194,192,12,10,ht_chantry-random-21.scen
60,ht_chantry.map,PIBTOLD,1,6035,5523,192,192,12,10,ht_chantry-random-21.scen
60,ht_chantry.map,PIBT,1,6021,5523,194,192,12,100,ht_chantry-random-21.scen
60,ht_chantry.map,PIBTOLD,1,6035,5523,192,192,10,100,ht_chantry-random-21.scen
60,ht_chantry.map,PIBT,1,6021,5523,194,192,13,1000,ht_chantry-random-21.scen
60,ht_chantry.map,PIBTOLD,1,6035,5523,192,192,11,1000,ht_chantry-random-21.scen
100,ht_chantry.map,PIBT,1,10457,8999,192,192,20,0,ht_chantry-random-21.scen
100,ht_chantry.map,PIBTOLD,1,10457,8999,192,192,20,0,ht_chantry-random-21.scen
100,ht_chantry.map,PIBT,1,10303,8999,194,192,21,1,ht_chantry-random-21.scen
100,ht_chantry.map,PIBTOLD,1,10457,8999,192,192,19,1,ht_chantry-random-21.scen
100,ht_chantry.map,PIBT,1,10303,8999,194,192,20,10,ht_chantry-random-21.scen
100,ht_chantry.map,PIBTOLD,1,10457,8999,192,192,18,10,ht_chantry-random-21.scen
100,ht_chantry.map,PIBT,1,10303,8999,194,192,21,100,ht_chantry-random-21.scen
100,ht_chantry.map,PIBTOLD,1,10457,8999,192,192,18,100,ht_chantry-random-21.scen
100,ht_chantry.map,PIBT,1,10303,8999,194,192,21,1000,ht_chantry-random-21.scen
100,ht_chantry.map,PIBTOLD,1,10457,8999,192,192,19,1000,ht_chantry-random-21.scen
140,ht_chantry.map,PIBT,1,15141,12427,226,192,30,0,ht_chantry-random-21.scen
140,ht_chantry.map,PIBTOLD,1,15141,12427,226,192,27,0,ht_chantry-random-21.scen
140,ht_chantry.map,PIBT,1,14598,12427,193,192,30,1,ht_chantry-random-21.scen
140,ht_chantry.map,PIBTOLD,1,15141,12427,226,192,26,1,ht_chantry-random-21.scen
140,ht_chantry.map,PIBT,1,14618,12427,195,192,34,10,ht_chantry-random-21.scen
140,ht_chantry.map,PIBTOLD,1,15141,12427,226,192,27,10,ht_chantry-random-21.scen
140,ht_chantry.map,PIBT,1,14618,12427,195,192,30,100,ht_chantry-random-21.scen
140,ht_chantry.map,PIBTOLD,1,15141,12427,226,192,26,100,ht_chantry-random-21.scen
140,ht_chantry.map,PIBT,1,14618,12427,195,192,33,1000,ht_chantry-random-21.scen
140,ht_chantry.map,PIBTOLD,1,15141,12427,226,192,30,1000,ht_chantry-random-21.scen
180,ht_chantry.map,PIBT,1,20483,16530,203,192,38,0,ht_chantry-random-21.scen
180,ht_chantry.map,PIBTOLD,1,20483,16530,203,192,37,0,ht_chantry-random-21.scen
180,ht_chantry.map,PIBT,1,19700,16530,192,192,47,1,ht_chantry-random-21.scen
180,ht_chantry.map,PIBTOLD,1,20483,16530,203,192,35,1,ht_chantry-random-21.scen
180,ht_chantry.map,PIBT,1,20088,16530,194,192,64,10,ht_chantry-random-21.scen
180,ht_chantry.map,PIBTOLD,1,20483,16530,203,192,35,10,ht_chantry-random-21.scen
180,ht_chantry.map,PIBT,1,20088,16530,194,192,66,100,ht_chantry-random-21.scen
180,ht_chantry.map,PIBTOLD,1,20483,16530,203,192,35,100,ht_chantry-random-21.scen
180,ht_chantry.map,PIBT,1,20088,16530,194,192,62,1000,ht_chantry-random-21.scen
180,ht_chantry.map,PIBTOLD,1,20483,16530,203,192,34,1000,ht_chantry-random-21.scen
220,ht_chantry.map,PIBT,1,25933,20969,192,192,49,0,ht_chantry-random-21.scen
220,ht_chantry.map,PIBTOLD,1,25933,20969,192,192,41,0,ht_chantry-random-21.scen
220,ht_chantry.map,PIBT,1,25218,20969,196,192,76,1,ht_chantry-random-21.scen
220,ht_chantry.map,PIBTOLD,1,25933,20969,192,192,42,1,ht_chantry-random-21.scen
220,ht_chantry.map,PIBT,1,25328,20969,196,192,175,10,ht_chantry-random-21.scen
220,ht_chantry.map,PIBTOLD,1,25933,20969,192,192,42,10,ht_chantry-random-21.scen
220,ht_chantry.map,PIBT,1,24855,20969,196,192,1036,100,ht_chantry-random-21.scen
220,ht_chantry.map,PIBTOLD,1,25933,20969,192,192,41,100,ht_chantry-random-21.scen
220,ht_chantry.map,PIBT,1,25219,20969,196,192,6349,1000,ht_chantry-random-21.scen
220,ht_chantry.map,PIBTOLD,1,25933,20969,192,192,40,1000,ht_chantry-random-21.scen
260,ht_chantry.map,PIBT,1,31723,25333,192,192,61,0,ht_chantry-random-21.scen
260,ht_chantry.map,PIBTOLD,1,31723,25333,192,192,51,0,ht_chantry-random-21.scen
260,ht_chantry.map,PIBT,1,30923,25333,205,192,99,1,ht_chantry-random-21.scen
260,ht_chantry.map,PIBTOLD,1,31723,25333,192,192,46,1,ht_chantry-random-21.scen
260,ht_chantry.map,PIBT,1,31213,25333,202,192,334,10,ht_chantry-random-21.scen
260,ht_chantry.map,PIBTOLD,1,31723,25333,192,192,49,10,ht_chantry-random-21.scen
260,ht_chantry.map,PIBT,1,30821,25333,200,192,2353,100,ht_chantry-random-21.scen
260,ht_chantry.map,PIBTOLD,1,31723,25333,192,192,49,100,ht_chantry-random-21.scen
260,ht_chantry.map,PIBT,1,31095,25333,201,192,21538,1000,ht_chantry-random-21.scen
260,ht_chantry.map,PIBTOLD,1,31723,25333,192,192,53,1000,ht_chantry-random-21.scen
300,ht_chantry.map,PIBT,1,36620,29525,194,192,76,0,ht_chantry-random-21.scen
300,ht_chantry.map,PIBTOLD,1,36620,29525,194,192,60,0,ht_chantry-random-21.scen
300,ht_chantry.map,PIBT,1,37337,29525,201,192,132,1,ht_chantry-random-21.scen
300,ht_chantry.map,PIBTOLD,1,36620,29525,194,192,58,1,ht_chantry-random-21.scen
300,ht_chantry.map,PIBT,1,36658,29525,203,192,571,10,ht_chantry-random-21.scen
300,ht_chantry.map,PIBTOLD,1,36620,29525,194,192,61,10,ht_chantry-random-21.scen
300,ht_chantry.map,PIBT,1,36644,29525,207,192,3706,100,ht_chantry-random-21.scen
300,ht_chantry.map,PIBTOLD,1,36620,29525,194,192,59,100,ht_chantry-random-21.scen
300,ht_chantry.map,PIBT,1,36451,29525,201,192,24926,1000,ht_chantry-random-21.scen
300,ht_chantry.map,PIBTOLD,1,36620,29525,194,192,62,1000,ht_chantry-random-21.scen
340,ht_chantry.map,PIBT,1,43615,33838,207,192,93,0,ht_chantry-random-21.scen
340,ht_chantry.map,PIBTOLD,1,43615,33838,207,192,65,0,ht_chantry-random-21.scen
340,ht_chantry.map,PIBT,1,43111,33838,216,192,162,1,ht_chantry-random-21.scen
340,ht_chantry.map,PIBTOLD,1,43615,33838,207,192,70,1,ht_chantry-random-21.scen
340,ht_chantry.map,PIBT,1,42671,33838,207,192,698,10,ht_chantry-random-21.scen
340,ht_chantry.map,PIBTOLD,1,43615,33838,207,192,68,10,ht_chantry-random-21.scen
340,ht_chantry.map,PIBT,1,42320,33838,200,192,5246,100,ht_chantry-random-21.scen
340,ht_chantry.map,PIBTOLD,1,43615,33838,207,192,72,100,ht_chantry-random-21.scen
340,ht_chantry.map,PIBT,1,42447,33838,198,192,43902,1000,ht_chantry-random-21.scen
340,ht_chantry.map,PIBTOLD,1,43615,33838,207,192,67,1000,ht_chantry-random-21.scen
380,ht_chantry.map,PIBT,1,50072,37835,199,192,99,0,ht_chantry-random-21.scen
380,ht_chantry.map,PIBTOLD,1,50072,37835,199,192,77,0,ht_chantry-random-21.scen
380,ht_chantry.map,PIBT,1,48827,37835,202,192,178,1,ht_chantry-random-21.scen
380,ht_chantry.map,PIBTOLD,1,50072,37835,199,192,80,1,ht_chantry-random-21.scen
380,ht_chantry.map,PIBT,1,48525,37835,198,192,801,10,ht_chantry-random-21.scen
380,ht_chantry.map,PIBTOLD,1,50072,37835,199,192,75,10,ht_chantry-random-21.scen
380,ht_chantry.map,PIBT,1,48363,37835,205,192,6352,100,ht_chantry-random-21.scen
380,ht_chantry.map,PIBTOLD,1,50072,37835,199,192,75,100,ht_chantry-random-21.scen
380,ht_chantry.map,PIBT,1,48237,37835,212,192,57252,1000,ht_chantry-random-21.scen
380,ht_chantry.map,PIBTOLD,1,50072,37835,199,192,79,1000,ht_chantry-random-21.scen
20,ht_chantry.map,PIBT,1,1706,1693,178,178,5,0,ht_chantry-random-16.scen
20,ht_chantry.map,PIBTOLD,1,1706,1693,178,178,3,0,ht_chantry-random-16.scen
20,ht_chantry.map,PIBT,1,1708,1693,178,178,4,1,ht_chantry-random-16.scen
20,ht_chantry.map,PIBTOLD,1,1706,1693,178,178,4,1,ht_chantry-random-16.scen
20,ht_chantry.map,PIBT,1,1708,1693,178,178,4,10,ht_chantry-random-16.scen
20,ht_chantry.map,PIBTOLD,1,1706,1693,178,178,3,10,ht_chantry-random-16.scen
20,ht_chantry.map,PIBT,1,1708,1693,178,178,4,100,ht_chantry-random-16.scen
20,ht_chantry.map,PIBTOLD,1,1706,1693,178,178,4,100,ht_chantry-random-16.scen
20,ht_chantry.map,PIBT,1,1708,1693,178,178,4,1000,ht_chantry-random-16.scen
20,ht_chantry.map,PIBTOLD,1,1706,1693,178,178,4,1000,ht_chantry-random-16.scen
60,ht_chantry.map,PIBT,1,6035,5523,192,192,12,0,ht_chantry-random-16.scen
60,ht_chantry.map,PIBTOLD,1,6035,5523,192,192,10,0,ht_chantry-random-16.scen
60,ht_chantry.map,PIBT,1,6021,5523,194,192,12,1,ht_chantry-random-16.scen
60,ht_chantry.map,PIBTOLD,1,6035,5523,192,192,12,1,ht_chantry-random-16.scen
60,ht_chantry.map,PIBT,1,6021,5523,194,192,13,10,ht_chantry-random-16.scen
60,ht_chantry.map,PIBTOLD,1,6035,5523,192,192,12,10,ht_chantry-random-16.scen
60,ht_chantry.map,PIBT,1,6021,5523,194,192,14,100,ht_chantry-random-16.scen
60,ht_chantry.map,PIBTOLD,1,6035,5523,192,192,14,100,ht_chantry-random-16.scen
60,ht_chantry.map,PIBT,1,6021,5523,194,192,12,1000,ht_chantry-random-16.scen
60,ht_chantry.map,PIBTOLD,1,6035,5523,192,192,12,1000,ht_chantry-random-16.scen
100,ht_chantry.map,PIBT,1,10457,8999,192,192,20,0,ht_chantry-random-16.scen
100,ht_chantry.map,PIBTOLD,1,10457,8999,192,192,20,0,ht_chantry-random-16.scen
100,ht_chantry.map,PIBT,1,10303,8999,194,192,23,1,ht_chantry-random-16.scen
100,ht_chantry.map,PIBTOLD,1,10457,8999,192,192,20,1,ht_chantry-random-16.scen
100,ht_chantry.map,PIBT,1,10303,8999,194,192,20,10,ht_chantry-random-16.scen
100,ht_chantry.map,PIBTOLD,1,10457,8999,192,192,19,10,ht_chantry-random-16.scen
100,ht_chantry.map,PIBT,1,10303,8999,194,192,23,100,ht_chantry-random-16.scen
100,ht_chantry.map,PIBTOLD,1,10457,8999,192,192,18,100,ht_chantry-random-16.scen
100,ht_chantry.map,PIBT,1,10303,8999,194,192,21,1000,ht_chantry-random-16.scen
100,ht_chantry.map,PIBTOLD,1,10457,8999,192,192,18,1000,ht_chantry-random-16.scen
140,ht_chantry.map,PIBT,1,15141,12427,226,192,32,0,ht_chantry-random-16.scen
140,ht_chantry.map,PIBTOLD,1,15141,12427,226,192,30,0,ht_chantry-random-16.scen
140,ht_chantry.map,PIBT,1,14630,12427,196,192,32,1,ht_chantry-random-16.scen
140,ht_chantry.map,PIBTOLD,1,15141,12427,226,192,30,1,ht_chantry-random-16.scen
140,ht_chantry.map,PIBT,1,14618,12427,195,192,34,10,ht_chantry-random-16.scen
140,ht_chantry.map,PIBTOLD,1,15141,12427,226,192,28,10,ht_chantry-random-16.scen
140,ht_chantry.map,PIBT,1,14618,12427,195,192,31,100,ht_chantry-random-16.scen
140,ht_chantry.map,PIBTOLD,1,15141,12427,226,192,31,100,ht_chantry-random-16.scen
140,ht_chantry.map,PIBT,1,14618,12427,195,192,34,1000,ht_chantry-random-16.scen
140,ht_chantry.map,PIBTOLD,1,15141,12427,226,192,28,1000,ht_chantry-random-16.scen
180,ht_chantry.map,PIBT,1,20483,16530,203,192,41,0,ht_chantry-random-16.scen
180,ht_chantry.map,PIBTOLD,1,20483,16530,203,192,37,0,ht_chantry-random-16.scen
180,ht_chantry.map,PIBT,1,19788,16530,194,192,44,1,ht_chantry-random-16.scen
180,ht_chantry.map,PIBTOLD,1,20483,16530,203,192,31,1,ht_chantry-random-16.scen
180,ht_chantry.map,PIBT,1,20088,16530,194,192,62,10,ht_chantry-random-16.scen
180,ht_chantry.map,PIBTOLD,1,20483,16530,203,192,35,10,ht_chantry-random-16.scen
180,ht_chantry.map,PIBT,1,20088,16530,194,192,63,100,ht_chantry-random-16.scen
180,ht_chantry.map,PIBTOLD,1,20483,16530,203,192,28,100,ht_chantry-random-16.scen
180,ht_chantry.map,PIBT,1,20088,16530,194,192,62,1000,ht_chantry-random-16.scen
180,ht_chantry.map,PIBTOLD,1,20483,16530,203,192,34,1000,ht_chantry-random-16.scen
220,ht_chantry.map,PIBT,1,25933,20969,192,192,50,0,ht_chantry-random-16.scen
220,ht_chantry.map,PIBTOLD,1,25933,20969,192,192,42,0,ht_chantry-random-16.scen
220,ht_chantry.map,PIBT,1,24980,20969,196,192,70,1,ht_chantry-random-16.scen
220,ht_chantry.map,PIBTOLD,1,25933,20969,192,192,45,1,ht_chantry-random-16.scen
220,ht_chantry.map,PIBT,1,24960,20969,197,192,155,10,ht_chantry-random-16.scen
220,ht_chantry.map,PIBTOLD,1,25933,20969,192,192,43,10,ht_chantry-random-16.scen
220,ht_chantry.map,PIBT,1,25547,20969,196,192,1087,100,ht_chantry-random-16.scen
220,ht_chantry.map,PIBTOLD,1,25933,20969,192,192,39,100,ht_chantry-random-16.scen
220,ht_chantry.map,PIBT,1,24836,20969,196,192,4502,1000,ht_chantry-random-16.scen
220,ht_chantry.map,PIBTOLD,1,25933,20969,192,192,41,1000,ht_chantry-random-16.scen
260,ht_chantry.map,PIBT,1,31723,25333,192,192,62,0,ht_chantry-random-16.scen
260,ht_chantry.map,PIBTOLD,1,31723,25333,192,192,50,0,ht_chantry-random-16.scen
260,ht_chantry.map,PIBT,1,30819,25333,196,192,99,1,ht_chantry-random-16.scen
260,ht_chantry.map,PIBTOLD,1,31723,25333,192,192,51,1,ht_chantry-random-16.scen
260,ht_chantry.map,PIBT,1,31188,25333,200,192,410,10,ht_chantry-random-16.scen
260,ht_chantry.map,PIBTOLD,1,31723,25333,192,192,50,10,ht_chantry-random-16.scen
260,ht_chantry.map,PIBT,1,31375,25333,199,192,2756,100,ht_chantry-random-16.scen
260,ht_chantry.map,PIBTOLD,1,31723,25333,192,192,49,100,ht_chantry-random-16.scen
260,ht_chantry.map,PIBT,1,30990,25333,198,192,16455,1000,ht_chantry-random-16.scen
260,ht_chantry.map,PIBTOLD,1,31723,25333,192,192,53,1000,ht_chantry-random-16.scen
300,ht_chantry.map,PIBT,1,36620,29525,194,192,75,0,ht_chantry-random-16.scen
300,ht_chantry.map,PIBTOLD,1,36620,29525,194,192,63,0,ht_chantry-random-16.scen
300,ht_chantry.map,PIBT,1,36610,29525,204,192,127,1,ht_chantry-random-16.scen
300,ht_chantry.map,PIBTOLD,1,36620,29525,194,192,61,1,ht_chantry-random-16.scen
300,ht_chantry.map,PIBT,1,36768,29525,208,192,586,10,ht_chantry-random-16.scen
300,ht_chantry.map,PIBTOLD,1,36620,29525,194,192,59,10,ht_chantry-random-16.scen
300,ht_chantry.map,PIBT,1,36270,29525,200,192,2511,100,ht_chantry-random-16.scen
300,ht_chantry.map,PIBTOLD,1,36620,29525,194,192,62,100,ht_chantry-random-16.scen
300,ht_chantry.map,PIBT,1,35978,29525,198,192,22328,1000,ht_chantry-random-16.scen
300,ht_chantry.map,PIBTOLD,1,36620,29525,194,192,59,1000,ht_chantry-random-16.scen
340,ht_chantry.map,PIBT,1,43615,33838,207,192,94,0,ht_chantry-random-16.scen
340,ht_chantry.map,PIBTOLD,1,43615,33838,207,192,70,0,ht_chantry-random-16.scen
340,ht_chantry.map,PIBT,1,42495,33838,204,192,161,1,ht_chantry-random-16.scen
340,ht_chantry.map,PIBTOLD,1,43615,33838,207,192,71,1,ht_chantry-random-16.scen
340,ht_chantry.map,PIBT,1,42756,33838,209,192,687,10,ht_chantry-random-16.scen
340,ht_chantry.map,PIBTOLD,1,43615,33838,207,192,71,10,ht_chantry-random-16.scen
340,ht_chantry.map,PIBT,1,42619,33838,203,192,5541,100,ht_chantry-random-16.scen
340,ht_chantry.map,PIBTOLD,1,43615,33838,207,192,70,100,ht_chantry-random-16.scen
340,ht_chantry.map,PIBT,1,42305,33838,201,192,40895,1000,ht_chantry-random-16.scen
340,ht_chantry.map,PIBTOLD,1,43615,33838,207,192,68,1000,ht_chantry-random-16.scen
380,ht_chantry.map,PIBT,1,50072,37835,199,192,103,0,ht_chantry-random-16.scen
380,ht_chantry.map,PIBTOLD,1,50072,37835,199,192,79,0,ht_chantry-random-16.scen
380,ht_chantry.map,PIBT,1,49005,37835,200,192,179,1,ht_chantry-random-16.scen
380,ht_chantry.map,PIBTOLD,1,50072,37835,199,192,79,1,ht_chantry-random-16.scen
380,ht_chantry.map,PIBT,1,48992,37835,220,192,733,10,ht_chantry-random-16.scen
380,ht_chantry.map,PIBTOLD,1,50072,37835,199,192,77,10,ht_chantry-random-16.scen
380,ht_chantry.map,PIBT,1,48708,37835,205,192,6835,100,ht_chantry-random-16.scen
380,ht_chantry.map,PIBTOLD,1,50072,37835,199,192,77,100,ht_chantry-random-16.scen
380,ht_chantry.map,PIBT,1,47676,37835,196,192,58145,1000,ht_chantry-random-16.scen
380,ht_chantry.map,PIBTOLD,1,50072,37835,199,192,74,1000,ht_chantry-random-16.scen
20,ht_chantry.map,PIBT,1,1706,1693,178,178,4,0,ht_chantry-random-2.scen
20,ht_chantry.map,PIBTOLD,1,1706,1693,178,178,4,0,ht_chantry-random-2.scen
20,ht_chantry.map,PIBT,1,1708,1693,178,178,4,1,ht_chantry-random-2.scen
20,ht_chantry.map,PIBTOLD,1,1706,1693,178,178,4,1,ht_chantry-random-2.scen
20,ht_chantry.map,PIBT,1,1708,1693,178,178,4,10,ht_chantry-random-2.scen
20,ht_chantry.map,PIBTOLD,1,1706,1693,178,178,4,10,ht_chantry-random-2.scen
20,ht_chantry.map,PIBT,1,1708,1693,178,178,4,100,ht_chantry-random-2.scen
20,ht_chantry.map,PIBTOLD,1,1706,1693,178,178,4,100,ht_chantry-random-2.scen
20,ht_chantry.map,PIBT,1,1708,1693,178,178,4,1000,ht_chantry-random-2.scen
20,ht_chantry.map,PIBTOLD,1,1706,1693,178,178,4,1000,ht_chantry-random-2.scen
60,ht_chantry.map,PIBT,1,6035,5523,192,192,12,0,ht_chantry-random-2.scen
60,ht_chantry.map,PIBTOLD,1,6035,5523,192,192,11,0,ht_chantry-random-2.scen
60,ht_chantry.map,PIBT,1,6021,5523,194,192,12,1,ht_chantry-random-2.scen
60,ht_chantry.map,PIBTOLD,1,6035,5523,192,192,11,1,ht_chantry-random-2.scen
60,ht_chantry.map,PIBT,1,6021,5523,194,192,13,10,ht_chantry-random-2.scen
60,ht_chantry.map,PIBTOLD,1,6035,5523,192,192,10,10,ht_chantry-random-2.scen
60,ht_chantry.map,PIBT,1,6021,5523,194,192,14,100,ht_chantry-random-2.scen
60,ht_chantry.map,PIBTOLD,1,6035,5523,192,192,11,100,ht_chantry-random-2.scen
60,ht_chantry.map,PIBT,1,6021,5523,194,192,12,1000,ht_chantry-random-2.scen
60,ht_chantry.map,PIBTOLD,1,6035,5523,192,192,12,1000,ht_chantry-random-2.scen
100,ht_chantry.map,PIBT,1,10457,8999,192,192,20,0,ht_chantry-random-2.scen
100,ht_chantry.map,PIBTOLD,1,10457,8999,192,192,20,0,ht_chantry-random-2.scen
100,ht_chantry.map,PIBT,1,10303,8999,194,192,21,1,ht_chantry-random-2.scen
100,ht_chantry.map,PIBTOLD,1,10457,8999,192,192,18,1,ht_chantry-random-2.scen
100,ht_chantry.map,PIBT,1,10303,8999,194,192,22,10,ht_chantry-random-2.scen
100,ht_chantry.map,PIBTOLD,1,10457,8999,192,192,18,10,ht_chantry-random-2.scen
100,ht_chantry.map,PIBT,1,10303,8999,194,192,21,100,ht_chantry-random-2.scen
100,ht_chantry.map,PIBTOLD,1,10457,8999,192,192,17,100,ht_chantry-random-2.scen
100,ht_chantry.map,PIBT,1,10303,8999,194,192,21,1000,ht_chantry-random-2.scen
100,ht_chantry.map,PIBTOLD,1,10457,8999,192,192,19,1000,ht_chantry-random-2.scen
140,ht_chantry.map,PIBT,1,15141,12427,226,192,33,0,ht_chantry-random-2.scen
140,ht_chantry.map,PIBTOLD,1,15141,12427,226,192,28,0,ht_chantry-random-2.scen
140,ht_chantry.map,PIBT,1,14585,12427,199,192,35,1,ht_chantry-random-2.scen
140,ht_chantry.map,PIBTOLD,1,15141,12427,226,192,27,1,ht_chantry-random-2.scen
140,ht_chantry.map,PIBT,1,14618,12427,195,192,37,10,ht_chantry-random-2.scen
140,ht_chantry.map,PIBTOLD,1,15141,12427,226,192,28,10,ht_chantry-random-2.scen
140,ht_chantry.map,PIBT,1,14618,12427,195,192,34,100,ht_chantry-random-2.scen
140,ht_chantry.map,PIBTOLD,1,15141,12427,226,192,27,100,ht_chantry-random-2.scen
140,ht_chantry.map,PIBT,1,14618,12427,195,192,36,1000,ht_chantry-random-2.scen
140,ht_chantry.map,PIBTOLD,1,15141,12427,226,192,29,1000,ht_chantry-random-2.scen
180,ht_chantry.map,PIBT,1,20483,16530,203,192,41,0,ht_chantry-random-2.scen
180,ht_chantry.map,PIBTOLD,1,20483,16530,203,192,35,0,ht_chantry-random-2.scen
180,ht_chantry.map,PIBT,1,19753,16530,192,192,46,1,ht_chantry-random-2.scen
180,ht_chantry.map,PIBTOLD,1,20483,16530,203,192,37,1,ht_chantry-random-2.scen
180,ht_chantry.map,PIBT,1,20088,16530,194,192,61,10,ht_chantry-random-2.scen
180,ht_chantry.map,PIBTOLD,1,20483,16530,203,192,33,10,ht_chantry-random-2.scen
180,ht_chantry.map,PIBT,1,20088,16530,194,192,65,100,ht_chantry-random-2.scen
180,ht_chantry.map,PIBTOLD,1,20483,16530,203,192,36,100,ht_chantry-random-2.scen
180,ht_chantry.map,PIBT,1,20088,16530,194,192,63,1000,ht_chantry-random-2.scen
180,ht_chantry.map,PIBTOLD,1,20483,16530,203,192,36,1000,ht_chantry-random-2.scen
220,ht_chantry.map,PIBT,1,25933,20969,192,192,53,0,ht_chantry-random-2.scen
220,ht_chantry.map,PIBTOLD,1,25933,20969,192,192,41,0,ht_chantry-random-2.scen
220,ht_chantry.map,PIBT,1,25025,20969,196,192,76,1,ht_chantry-random-2.scen
220,ht_chantry.map,PIBTOLD,1,25933,20969,192,192,43,1,ht_chantry-random-2.scen
220,ht_chantry.map,PIBT,1,25187,20969,196,192,138,10,ht_chantry-random-2.scen
220,ht_chantry.map,PIBTOLD,1,25933,20969,192,192,42,10,ht_chantry-random-2.scen
220,ht_chantry.map,PIBT,1,25122,20969,196,192,849,100,ht_chantry-random-2.scen
220,ht_chantry.map,PIBTOLD,1,25933,20969,192,192,41,100,ht_chantry-random-2.scen
220,ht_chantry.map,PIBT,1,25278,20969,196,192,6000,1000,ht_chantry-random-2.scen
220,ht_chantry.map,PIBTOLD,1,25933,20969,192,192,44,1000,ht_chantry-random-2.scen
260,ht_chantry.map,PIBT,1,31723,25333,192,192,65,0,ht_chantry-random-2.scen
260,ht_chantry.map,PIBTOLD,1,31723,25333,192,192,52,0,ht_chantry-random-2.scen
260,ht_chantry.map,PIBT,1,31195,25333,200,192,111,1,ht_chantry-random-2.scen
260,ht_chantry.map,PIBTOLD,1,31723,25333,192,192,52,1,ht_chantry-random-2.scen
260,ht_chantry.map,PIBT,1,31349,25333,201,192,391,10,ht_chantry-random-2.scen
260,ht_chantry.map,PIBTOLD,1,31723,25333,192,192,50,10,ht_chantry-random-2.scen
260,ht_chantry.map,PIBT,1,31298,25333,198,192,3030,100,ht_chantry-random-2.scen
260,ht_chantry.map,PIBTOLD,1,31723,25333,192,192,53,100,ht_chantry-random-2.scen
260,ht_chantry.map,PIBT,1,30928,25333,197,192,16723,1000,ht_chantry-random-2.scen
260,ht_chantry.map,PIBTOLD,1,31723,25333,192,192,54,1000,ht_chantry-random-2.scen
300,ht_chantry.map,PIBT,1,36620,29525,194,192,79,0,ht_chantry-random-2.scen
300,ht_chantry.map,PIBTOLD,1,36620,29525,194,192,59,0,ht_chantry-random-2.scen
300,ht_chantry.map,PIBT,1,35975,29525,207,192,129,1,ht_chantry-random-2.scen
300,ht_chantry.map,PIBTOLD,1,36620,29525,194,192,58,1,ht_chantry-random-2.scen
300,ht_chantry.map,PIBT,1,36484,29525,261,192,569,10,ht_chantry-random-2.scen
300,ht_chantry.map,PIBTOLD,1,36620,29525,194,192,62,10,ht_chantry-random-2.scen
300,ht_chantry.map,PIBT,1,36558,29525,199,192,3069,100,ht_chantry-random-2.scen
300,ht_chantry.map,PIBTOLD,1,36620,29525,194,192,62,100,ht_chantry-random-2.scen
300,ht_chantry.map,PIBT,1,36348,29525,199,192,17802,1000,ht_chantry-random-2.scen
300,ht_chantry.map,PIBTOLD,1,36620,29525,194,192,61,1000,ht_chantry-random-2.scen
340,ht_chantry.map,PIBT,1,43615,33838,207,192,95,0,ht_chantry-random-2.scen
340,ht_chantry.map,PIBTOLD,1,43615,33838,207,192,67,0,ht_chantry-random-2.scen
340,ht_chantry.map,PIBT,1,43135,33838,210,192,169,1,ht_chantry-random-2.scen
340,ht_chantry.map,PIBTOLD,1,43615,33838,207,192,68,1,ht_chantry-random-2.scen
340,ht_chantry.map,PIBT,1,42312,33838,215,192,628,10,ht_chantry-random-2.scen
340,ht_chantry.map,PIBTOLD,1,43615,33838,207,192,68,10,ht_chantry-random-2.scen
340,ht_chantry.map,PIBT,1,42568,33838,196,192,5027,100,ht_chantry-random-2.scen
340,ht_chantry.map,PIBTOLD,1,43615,33838,207,192,69,100,ht_chantry-random-2.scen
340,ht_chantry.map,PIBT,1,42407,33838,195,192,43922,1000,ht_chantry-random-2.scen
340,ht_chantry.map,PIBTOLD,1,43615,33838,207,192,67,1000,ht_chantry-random-2.scen
380,ht_chantry.map,PIBT,1,50072,37835,199,192,100,0,ht_chantry-random-2.scen
380,ht_chantry.map,PIBTOLD,1,50072,37835,199,192,69,0,ht_chantry-random-2.scen
380,ht_chantry.map,PIBT,1,49729,37835,204,192,181,1,ht_chantry-random-2.scen
380,ht_chantry.map,PIBTOLD,1,50072,37835,199,192,76,1,ht_chantry-random-2.scen
380,ht_chantry.map,PIBT,1,48767,37835,199,192,892,10,ht_chantry-random-2.scen
380,ht_chantry.map,PIBTOLD,1,50072,37835,199,192,80,10,ht_chantry-random-2.scen
380,ht_chantry.map,PIBT,1,48222,37835,196,192,6416,100,ht_chantry-random-2.scen
380,ht_chantry.map,PIBTOLD,1,50072,37835,199,192,81,100,ht_chantry-random-2.scen
380,ht_chantry.map,PIBT,1,48583,37835,205,192,59237,1000,ht_chantry-random-2.scen
380,ht_chantry.map,PIBTOLD,1,50072,37835,199,192,77,1000,ht_chantry-random-2.scen
20,ht_chantry.map,PIBT,1,1706,1693,178,178,5,0,ht_chantry-random-19.scen
20,ht_chantry.map,PIBTOLD,1,1706,1693,178,178,4,0,ht_chantry-random-19.scen
20,ht_chantry.map,PIBT,1,1708,1693,178,178,4,1,ht_chantry-random-19.scen
20,ht_chantry.map,PIBTOLD,1,1706,1693,178,178,4,1,ht_chantry-random-19.scen
20,ht_chantry.map,PIBT,1,1708,1693,178,178,4,10,ht_chantry-random-19.scen
20,ht_chantry.map,PIBTOLD,1,1706,1693,178,178,4,10,ht_chantry-random-19.scen
20,ht_chantry.map,PIBT,1,1708,1693,178,178,4,100,ht_chantry-random-19.scen
20,ht_chantry.map,PIBTOLD,1,1706,1693,178,178,4,100,ht_chantry-random-19.scen
20,ht_chantry.map,PIBT,1,1708,1693,178,178,4,1000,ht_chantry-random-19.scen
20,ht_chantry.map,PIBTOLD,1,1706,1693,178,178,4,1000,ht_chantry-random-19.scen
60,ht_chantry.map,PIBT,1,6035,5523,192,192,13,0,ht_chantry-random-19.scen
60,ht_chantry.map,PIBTOLD,1,6035,5523,192,192,12,0,ht_chantry-random-19.scen
60,ht_chantry.map,PIBT,1,6021,5523,194,192,14,1,ht_chantry-random-19.scen
60,ht_chantry.map,PIBTOLD,1,6035,5523,192,192,11,1,ht_chantry-random-19.scen
60,ht_chantry.map,PIBT,1,6021,5523,194,192,12,10,ht_chantry-random-19.scen
60,ht_chantry.map,PIBTOLD,1,6035,5523,192,192,11,10,ht_chantry-random-19.scen
60,ht_chantry.map,PIBT,1,6021,5523,194,192,12,100,ht_chantry-random-19.scen
60,ht_chantry.map,PIBTOLD,1,6035,5523,192,192,11,100,ht_chantry-random-19.scen
60,ht_chantry.map,PIBT,1,6021,5523,194,192,12,1000,ht_chantry-random-19.scen
60,ht_chantry.map,PIBTOLD,1,6035,5523,192,192,13,1000,ht_chantry-random-19.scen
100,ht_chantry.map,PIBT,1,10457,8999,192,192,22,0,ht_chantry-random-19.scen
100,ht_chantry.map,PIBTOLD,1,10457,8999,192,192,18,0,ht_chantry-random-19.scen
100,ht_chantry.map,PIBT,1,10303,8999,194,192,21,1,ht_chantry-random-19.scen
100,ht_chantry.map,PIBTOLD,1,10457,8999,192,192,19,1,ht_chantry-random-19.scen
100,ht_chantry.map,PIBT,1,10303,8999,194,192,21,10,ht_chantry-random-19.scen
100,ht_chantry.map,PIBTOLD,1,10457,8999,192,192,19,10,ht_chantry-random-19.scen
100,ht_chantry.map,PIBT,1,10303,8999,194,192,23,100,ht_chantry-random-19.scen
100,ht_chantry.map,PIBTOLD,1,10457,8999,192,192,18,100,ht_chantry-random-19.scen
100,ht_chantry.map,PIBT,1,10303,8999,194,192,22,1000,ht_chantry-random-19.scen
100,ht_chantry.map,PIBTOLD,1,10457,8999,192,192,21,1000,ht_chantry-random-19.scen
140,ht_chantry.map,PIBT,1,15141,12427,226,192,33,0,ht_chantry-random-19.scen
140,ht_chantry.map,PIBTOLD,1,15141,12427,226,192,27,0,ht_chantry-random-19.scen
140,ht_chantry.map,PIBT,1,14882,12427,222,192,35,1,ht_chantry-random-19.scen
140,ht_chantry.map,PIBTOLD,1,15141,12427,226,192,30,1,ht_chantry-random-19.scen
140,ht_chantry.map,PIBT,1,14618,12427,195,192,34,10,ht_chantry-random-19.scen
140,ht_chantry.map,PIBTOLD,1,15141,12427,226,192,26,10,ht_chantry-random-19.scen
140,ht_chantry.map,PIBT,1,14618,12427,195,192,35,100,ht_chantry-random-19.scen
140,ht_chantry.map,PIBTOLD,1,15141,12427,226,192,28,100,ht_chantry-random-19.scen
140,ht_chantry.map,PIBT,1,14618,12427,195,192,34,1000,ht_chantry-random-19.scen
140,ht_chantry.map,PIBTOLD,1,15141,12427,226,192,27,1000,ht_chantry-random-19.scen
180,ht_chantry.map,PIBT,1,20483,16530,203,192,40,0,ht_chantry-random-19.scen
180,ht_chantry.map,PIBTOLD,1,20483,16530,203,192,34,0,ht_chantry-random-19.scen
180,ht_chantry.map,PIBT,1,19813,16530,194,192,48,1,ht_chantry-random-19.scen
180,ht_chantry.map,PIBTOLD,1,20483,16530,203,192,34,1,ht_chantry-random-19.scen
180,ht_chantry.map,PIBT,1,20088,16530,194,192,62,10,ht_chantry-random-19.scen
180,ht_chantry.map,PIBTOLD,1,20483,16530,203,192,35,10,ht_chantry-random-19.scen
180,ht_chantry.map,PIBT,1,20088,16530,194,192,59,100,ht_chantry-random-19.scen
180,ht_chantry.map,PIBTOLD,1,20483,16530,203,192,37,100,ht_chantry-random-19.scen
180,ht_chantry.map,PIBT,1,20088,16530,194,192,61,1000,ht_chantry-random-19.scen
180,ht_chantry.map,PIBTOLD,1,20483,16530,203,192,36,1000,ht_chantry-random-19.scen
220,ht_chantry.map,PIBT,1,25933,20969,192,192,51,0,ht_chantry-random-19.scen
220,ht_chantry.map,PIBTOLD,1,25933,20969,192,192,45,0,ht_chantry-random-19.scen
220,ht_chantry.map,PIBT,1,25501,20969,196,192,81,1,ht_chantry-random-19.scen
220,ht_chantry.map,PIBTOLD,1,25933,20969,192,192,44,1,ht_chantry-random-19.scen
220,ht_chantry.map,PIBT,1,25254,20969,196,192,188,10,ht_chantry-random-19.scen
220,ht_chantry.map,PIBTOLD,1,25933,20969,192,192,43,10,ht_chantry-random-19.scen
220,ht_chantry.map,PIBT,1,25078,20969,196,192,743,100,ht_chantry-random-19.scen
220,ht_chantry.map,PIBTOLD,1,25933,20969,192,192,41,100,ht_chantry-random-19.scen
220,ht_chantry.map,PIBT,1,25074,20969,198,192,4797,1000,ht_chantry-random-19.scen
220,ht_chantry.map,PIBTOLD,1,25933,20969,192,192,45,1000,ht_chantry-random-19.scen
260,ht_chantry.map,PIBT,1,31723,25333,192,192,62,0,ht_chantry-random-19.scen
260,ht_chantry.map,PIBTOLD,1,31723,25333,192,192,53,0,ht_chantry-random-19.scen
260,ht_chantry.map,PIBT,1,31292,25333,221,192,109,1,ht_chantry-random-19.scen
260,ht_chantry.map,PIBTOLD,1,31723,25333,192,192,51,1,ht_chantry-random-19.scen
260,ht_chantry.map,PIBT,1,30922,25333,194,192,354,10,ht_chantry-random-19.scen
260,ht_chantry.map,PIBTOLD,1,31723,25333,192,192,51,10,ht_chantry-random-19.scen
260,ht_chantry.map,PIBT,1,30908,25333,196,192,2207,100,ht_chantry-random-19.scen
260,ht_chantry.map,PIBTOLD,1,31723,25333,192,192,50,100,ht_chantry-random-19.scen
260,ht_chantry.map,PIBT,1,31383,25333,198,192,17687,1000,ht_chantry-random-19.scen
260,ht_chantry.map,PIBTOLD,1,31723,25333,192,192,50,1000,ht_chantry-random-19.scen
300,ht_chantry.map,PIBT,1,36620,29525,194,192,75,0,ht_chantry-random-19.scen
300,ht_chantry.map,PIBTOLD,1,36620,29525,194,192,59,0,ht_chantry-random-19.scen
300,ht_chantry.map,PIBT,1,36498,29525,204,192,126,1,ht_chantry-random-19.scen
300,ht_chantry.map,PIBTOLD,1,36620,29525,194,192,59,1,ht_chantry-random-19.scen
300,ht_chantry.map,PIBT,1,37034,29525,203,192,650,10,ht_chantry-random-19.scen
300,ht_chantry.map,PIBTOLD,1,36620,29525,194,192,58,10,ht_chantry-random-19.scen
300,ht_chantry.map,PIBT,1,36412,29525,201,192,3500,100,ht_chantry-random-19.scen
300,ht_chantry.map,PIBTOLD,1,36620,29525,194,192,60,100,ht_chantry-random-19.scen
300,ht_chantry.map,PIBT,1,36243,29525,196,192,24496,1000,ht_chantry-random-19.scen
300,ht_chantry.map,PIBTOLD,1,36620,29525,194,192,58,1000,ht_chantry-random-19.scen
340,ht_chantry.map,PIBT,1,43615,33838,207,192,88,0,ht_chantry-random-19.scen
340,ht_chantry.map,PIBTOLD,1,43615,33838,207,192,69,0,ht_chantry-random-19.scen
340,ht_chantry.map,PIBT,1,42724,33838,206,192,161,1,ht_chantry-random-19.scen
340,ht_chantry.map,PIBTOLD,1,43615,33838,207,192,68,1,ht_chantry-random-19.scen
340,ht_chantry.map,PIBT,1,42398,33838,202,192,615,10,ht_chantry-random-19.scen
340,ht_chantry.map,PIBTOLD,1,43615,33838,207,192,70,10,ht_chantry-random-19.scen
340,ht_chantry.map,PIBT,1,42399,33838,204,192,5278,100,ht_chantry-random-19.scen
340,ht_chantry.map,PIBTOLD,1,43615,33838,207,192,70,100,ht_chantry-random-19.scen
340,ht_chantry.map,PIBT,1,42345,33838,201,192,43328,1000,ht_chantry-random-19.scen
340,ht_chantry.map,PIBTOLD,1,43615,33838,207,192,71,1000,ht_chantry-random-19.scen
380,ht_chantry.map,PIBT,1,50072,37835,199,192,105,0,ht_chantry-random-19.scen
380,ht_chantry.map,PIBTOLD,1,50072,37835,199,192,77,0,ht_chantry-random-19.scen
380,ht_chantry.map,PIBT,1,48364,37835,204,192,184,1,ht_chantry-random-19.scen
380,ht_chantry.map,PIBTOLD,1,50072,37835,199,192,69,1,ht_chantry-random-19.scen
380,ht_chantry.map,PIBT,1,48482,37835,220,192,825,10,ht_chantry-random-19.scen
380,ht_chantry.map,PIBTOLD,1,50072,37835,199,192,87,10,ht_chantry-random-19.scen
380,ht_chantry.map,PIBT,1,48411,37835,198,192,6307,100,ht_chantry-random-19.scen
380,ht_chantry.map,PIBTOLD,1,50072,37835,199,192,76,100,ht_chantry-random-19.scen
20,ht_chantry.map,PIBT,1,1706,1693,178,178,4,0,ht_chantry-random-4.scen
20,ht_chantry.map,PIBTOLD,1,1706,1693,178,178,4,0,ht_chantry-random-4.scen
20,ht_chantry.map,PIBT,1,1708,1693,178,178,4,1,ht_chantry-random-4.scen
20,ht_chantry.map,PIBTOLD,1,1706,1693,178,178,4,1,ht_chantry-random-4.scen
20,ht_chantry.map,PIBT,1,1708,1693,178,178,5,10,ht_chantry-random-4.scen
20,ht_chantry.map,PIBTOLD,1,1706,1693,178,178,3,10,ht_chantry-random-4.scen
20,ht_chantry.map,PIBT,1,1708,1693,178,178,4,100,ht_chantry-random-4.scen
20,ht_chantry.map,PIBTOLD,1,1706,1693,178,178,4,100,ht_chantry-random-4.scen
20,ht_chantry.map,PIBT,1,1708,1693,178,178,4,1000,ht_chantry-random-4.scen
20,ht_chantry.map,PIBTOLD,1,1706,1693,178,178,4,1000,ht_chantry-random-4.scen
60,ht_chantry.map,PIBT,1,6035,5523,192,192,12,0,ht_chantry-random-4.scen
60,ht_chantry.map,PIBTOLD,1,6035,5523,192,192,12,0,ht_chantry-random-4.scen
60,ht_chantry.map,PIBT,1,6021,5523,194,192,12,1,ht_chantry-random-4.scen
60,ht_chantry.map,PIBTOLD,1,6035,5523,192,192,11,1,ht_chantry-random-4.scen
60,ht_chantry.map,PIBT,1,6021,5523,194,192,11,10,ht_chantry-random-4.scen
60,ht_chantry.map,PIBTOLD,1,6035,5523,192,192,11,10,ht_chantry-random-4.scen
60,ht_chantry.map,PIBT,1,6021,5523,194,192,12,100,ht_chantry-random-4.scen
60,ht_chantry.map,PIBTOLD,1,6035,5523,192,192,11,100,ht_chantry-random-4.scen
60,ht_chantry.map,PIBT,1,6021,5523,194,192,12,1000,ht_chantry-random-4.scen
60,ht_chantry.map,PIBTOLD,1,6035,5523,192,192,11,1000,ht_chantry-random-4.scen
100,ht_chantry.map,PIBT,1,10457,8999,192,192,20,0,ht_chantry-random-4.scen
100,ht_chantry.map,PIBTOLD,1,10457,8999,192,192,18,0,ht_chantry-random-4.scen
100,ht_chantry.map,PIBT,1,10303,8999,194,192,20,1,ht_chantry-random-4.scen
100,ht_chantry.map,PIBTOLD,1,10457,8999,192,192,19,1,ht_chantry-random-4.scen
100,ht_chantry.map,PIBT,1,10303,8999,194,192,21,10,ht_chantry-random-4.scen
100,ht_chantry.map,PIBTOLD,1,10457,8999,192,192,18,10,ht_chantry-random-4.scen
100,ht_chantry.map,PIBT,1,10303,8999,194,192,21,100,ht_chantry-random-4.scen
100,ht_chantry.map,PIBTOLD,1,10457,8999,192,192,18,100,ht_chantry-random-4.scen
100,ht_chantry.map,PIBT,1,10303,8999,194,192,20,1000,ht_chantry-random-4.scen
100,ht_chantry.map,PIBTOLD,1,10457,8999,192,192,19,1000,ht_chantry-random-4.scen
140,ht_chantry.map,PIBT,1,15141,12427,226,192,32,0,ht_chantry-random-4.scen
140,ht_chantry.map,PIBTOLD,1,15141,12427,226,192,28,0,ht_chantry-random-4.scen
140,ht_chantry.map,PIBT,1,14598,12427,193,192,32,1,ht_chantry-random-4.scen
140,ht_chantry.map,PIBTOLD,1,15141,12427,226,192,27,1,ht_chantry-random-4.scen
140,ht_chantry.map,PIBT,1,14618,12427,195,192,34,10,ht_chantry-random-4.scen
140,ht_chantry.map,PIBTOLD,1,15141,12427,226,192,27,10,ht_chantry-random-4.scen
140,ht_chantry.map,PIBT,1,14618,12427,195,192,34,100,ht_chantry-random-4.scen
140,ht_chantry.map,PIBTOLD,1,15141,12427,226,192,29,100,ht_chantry-random-4.scen
140,ht_chantry.map,PIBT,1,14618,12427,195,192,35,1000,ht_chantry-random-4.scen
140,ht_chantry.map,PIBTOLD,1,15141,12427,226,192,28,1000,ht_chantry-random-4.scen
180,ht_chantry.map,PIBT,1,20483,16530,203,192,41,0,ht_chantry-random-4.scen
180,ht_chantry.map,PIBTOLD,1,20483,16530,203,192,36,0,ht_chantry-random-4.scen
180,ht_chantry.map,PIBT,1,19689,16530,192,192,43,1,ht_chantry-random-4.scen
180,ht_chantry.map,PIBTOLD,1,20483,16530,203,192,35,1,ht_chantry-random-4.scen
180,ht_chantry.map,PIBT,1,20088,16530,194,192,64,10,ht_chantry-random-4.scen
180,ht_chantry.map,PIBTOLD,1,20483,16530,203,192,35,10,ht_chantry-random-4.scen
180,ht_chantry.map,PIBT,1,20088,16530,194,192,63,100,ht_chantry-random-4.scen
180,ht_chantry.map,PIBTOLD,1,20483,16530,203,192,34,100,ht_chantry-random-4.scen
180,ht_chantry.map,PIBT,1,20088,16530,194,192,61,1000,ht_chantry-random-4.scen
180,ht_chantry.map,PIBTOLD,1,20483,16530,203,192,34,1000,ht_chantry-random-4.scen
220,ht_chantry.map,PIBT,1,25933,20969,192,192,50,0,ht_chantry-random-4.scen
220,ht_chantry.map,PIBTOLD,1,25933,20969,192,192,42,0,ht_chantry-random-4.scen
220,ht_chantry.map,PIBT,1,25146,20969,196,192,75,1,ht_chantry-random-4.scen
220,ht_chantry.map,PIBTOLD,1,25933,20969,192,192,41,1,ht_chantry-random-4.scen
220,ht_chantry.map,PIBT,1,25304,20969,196,192,157,10,ht_chantry-random-4.scen
220,ht_chantry.map,PIBTOLD,1,25933,20969,192,192,42,10,ht_chantry-random-4.scen
220,ht_chantry.map,PIBT,1,24885,20969,197,192,677,100,ht_chantry-random-4.scen
220,ht_chantry.map,PIBTOLD,1,25933,20969,192,192,42,100,ht_chantry-random-4.scen
220,ht_chantry.map,PIBT,1,25031,20969,196,192,4582,1000,ht_chantry-random-4.scen
220,ht_chantry.map,PIBTOLD,1,25933,20969,192,192,41,1000,ht_chantry-random-4.scen
260,ht_chantry.map,PIBT,1,31723,25333,192,192,62,0,ht_chantry-random-4.scen
260,ht_chantry.map,PIBTOLD,1,31723,25333,192,192,49,0,ht_chantry-random-4.scen
260,ht_chantry.map,PIBT,1,31278,25333,211,192,106,1,ht_chantry-random-4.scen
260,ht_chantry.map,PIBTOLD,1,31723,25333,192,192,50,1,ht_chantry-random-4.scen
260,ht_chantry.map,PIBT,1,31354,25333,223,192,424,10,ht_chantry-random-4.scen
260,ht_chantry.map,PIBTOLD,1,31723,25333,192,192,50,10,ht_chantry-random-4.scen
260,ht_chantry.map,PIBT,1,30661,25333,204,192,2819,100,ht_chantry-random-4.scen
260,ht_chantry.map,PIBTOLD,1,31723,25333,192,192,51,100,ht_chantry-random-4.scen
260,ht_chantry.map,PIBT,1,31252,25333,202,192,16696,1000,ht_chantry-random-4.scen
260,ht_chantry.map,PIBTOLD,1,31723,25333,192,192,53,1000,ht_chantry-random-4.scen
300,ht_chantry.map,PIBT,1,36620,29525,194,192,73,0,ht_chantry-random-4.scen
300,ht_chantry.map,PIBTOLD,1,36620,29525,194,192,59,0,ht_chantry-random-4.scen
300,ht_chantry.map,PIBT,1,36541,29525,201,192,137,1,ht_chantry-random-4.scen
300,ht_chantry.map,PIBTOLD,1,36620,29525,194,192,60,1,ht_chantry-random-4.scen
300,ht_chantry.map,PIBT,1,37012,29525,209,192,573,10,ht_chantry-random-4.scen
300,ht_chantry.map,PIBTOLD,1,36620,29525,194,192,59,10,ht_chantry-random-4.scen
300,ht_chantry.map,PIBT,1,36593,29525,204,192,3066,100,ht_chantry-random-4.scen
300,ht_chantry.map,PIBTOLD,1,36620,29525,194,192,62,100,ht_chantry-random-4.scen
300,ht_chantry.map,PIBT,1,36471,29525,213,192,22608,1000,ht_chantry-random-4.scen
300,ht_chantry.map,PIBTOLD,1,36620,29525,194,192,56,1000,ht_chantry-random-4.scen
340,ht_chantry.map,PIBT,1,43615,33838,207,192,90,0,ht_chantry-random-4.scen
340,ht_chantry.map,PIBTOLD,1,43615,33838,207,192,71,0,ht_chantry-random-4.scen
340,ht_chantry.map,PIBT,1,42897,33838,206,192,162,1,ht_chantry-random-4.scen
340,ht_chantry.map,PIBTOLD,1,43615,33838,207,192,70,1,ht_chantry-random-4.scen
340,ht_chantry.map,PIBT,1,42446,33838,199,192,619,10,ht_chantry-random-4.scen
340,ht_chantry.map,PIBTOLD,1,43615,33838,207,192,68,10,ht_chantry-random-4.scen
340,ht_chantry.map,PIBT,1,42052,33838,200,192,5176,100,ht_chantry-random-4.scen
340,ht_chantry.map,PIBTOLD,1,43615,33838,207,192,68,100,ht_chantry-random-4.scen
340,ht_chantry.map,PIBT,1,43053,33838,206,192,46802,1000,ht_chantry-random-4.scen
340,ht_chantry.map,PIBTOLD,1,43615,33838,207,192,69,1000,ht_chantry-random-4.scen
380,ht_chantry.map,PIBT,1,50072,37835,199,192,100,0,ht_chantry-random-4.scen
380,ht_chantry.map,PIBTOLD,1,50072,37835,199,192,78,0,ht_chantry-random-4.scen
380,ht_chantry.map,PIBT,1,48686,37835,214,192,183,1,ht_chantry-random-4.scen
380,ht_chantry.map,PIBTOLD,1,50072,37835,199,192,79,1,ht_chantry-random-4.scen
380,ht_chantry.map,PIBT,1,48594,37835,206,192,842,10,ht_chantry-random-4.scen
380,ht_chantry.map,PIBTOLD,1,50072,37835,199,192,81,10,ht_chantry-random-4.scen
380,ht_chantry.map,PIBT,1,48825,37835,204,192,6951,100,ht_chantry-random-4.scen
380,ht_chantry.map,PIBTOLD,1,50072,37835,199,192,77,100,ht_chantry-random-4.scen
20,ht_chantry.map,PIBT,1,1706,1693,178,178,5,0,ht_chantry-random-24.scen
20,ht_chantry.map,PIBTOLD,1,1706,1693,178,178,4,0,ht_chantry-random-24.scen
20,ht_chantry.map,PIBT,1,1708,1693,178,178,4,1,ht_chantry-random-24.scen
20,ht_chantry.map,PIBTOLD,1,1706,1693,178,178,5,1,ht_chantry-random-24.scen
20,ht_chantry.map,PIBT,1,1708,1693,178,178,4,10,ht_chantry-random-24.scen
20,ht_chantry.map,PIBTOLD,1,1706,1693,178,178,4,10,ht_chantry-random-24.scen
20,ht_chantry.map,PIBT,1,1708,1693,178,178,5,100,ht_chantry-random-24.scen
20,ht_chantry.map,PIBTOLD,1,1706,1693,178,178,4,100,ht_chantry-random-24.scen
20,ht_chantry.map,PIBT,1,1708,1693,178,178,4,1000,ht_chantry-random-24.scen
20,ht_chantry.map,PIBTOLD,1,1706,1693,178,178,4,1000,ht_chantry-random-24.scen
60,ht_chantry.map,PIBT,1,6035,5523,192,192,12,0,ht_chantry-random-24.scen
60,ht_chantry.map,PIBTOLD,1,6035,5523,192,192,12,0,ht_chantry-random-24.scen
60,ht_chantry.map,PIBT,1,6021,5523,194,192,13,1,ht_chantry-random-24.scen
60,ht_chantry.map,PIBTOLD,1,6035,5523,192,192,12,1,ht_chantry-random-24.scen
60,ht_chantry.map,PIBT,1,6021,5523,194,192,14,10,ht_chantry-random-24.scen
60,ht_chantry.map,PIBTOLD,1,6035,5523,192,192,13,10,ht_chantry-random-24.scen
60,ht_chantry.map,PIBT,1,6021,5523,194,192,13,100,ht_chantry-random-24.scen
60,ht_chantry.map,PIBTOLD,1,6035,5523,192,192,11,100,ht_chantry-random-24.scen
60,ht_chantry.map,PIBT,1,6021,5523,194,192,12,1000,ht_chantry-random-24.scen
60,ht_chantry.map,PIBTOLD,1,6035,5523,192,192,12,1000,ht_chantry-random-24.scen
100,ht_chantry.map,PIBT,1,10457,8999,192,192,21,0,ht_chantry-random-24.scen
100,ht_chantry.map,PIBTOLD,1,10457,8999,192,192,21,0,ht_chantry-random-24.scen
100,ht_chantry.map,PIBT,1,10303,8999,194,192,23,1,ht_chantry-random-24.scen
100,ht_chantry.map,PIBTOLD,1,10457,8999,192,192,18,1,ht_chantry-random-24.scen
100,ht_chantry.map,PIBT,1,10303,8999,194,192,23,10,ht_chantry-random-24.scen
100,ht_chantry.map,PIBTOLD,1,10457,8999,192,192,20,10,ht_chantry-random-24.scen
100,ht_chantry.map,PIBT,1,10303,8999,194,192,24,100,ht_chantry-random-24.scen
100,ht_chantry.map,PIBTOLD,1,10457,8999,192,192,20,100,ht_chantry-random-24.scen
100,ht_chantry.map,PIBT,1,10303,8999,194,192,23,1000,ht_chantry-random-24.scen
100,ht_chantry.map,PIBTOLD,1,10457,8999,192,192,18,1000,ht_chantry-random-24.scen
140,ht_chantry.map,PIBT,1,15141,12427,226,192,36,0,ht_chantry-random-24.scen
140,ht_chantry.map,PIBTOLD,1,15141,12427,226,192,29,0,ht_chantry-random-24.scen
140,ht_chantry.map,PIBT,1,14698,12427,197,192,38,1,ht_chantry-random-24.scen
140,ht_chantry.map,PIBTOLD,1,15141,12427,226,192,28,1,ht_chantry-random-24.scen
140,ht_chantry.map,PIBT,1,14618,12427,195,192,34,10,ht_chantry-random-24.scen
140,ht_chantry.map,PIBTOLD,1,15141,12427,226,192,27,10,ht_chantry-random-24.scen
140,ht_chantry.map,PIBT,1,14618,12427,195,192,34,100,ht_chantry-random-24.scen
140,ht_chantry.map,PIBTOLD,1,15141,12427,226,192,27,100,ht_chantry-random-24.scen
140,ht_chantry.map,PIBT,1,14618,12427,195,192,33,1000,ht_chantry-random-24.scen
140,ht_chantry.map,PIBTOLD,1,15141,12427,226,192,26,1000,ht_chantry-random-24.scen
180,ht_chantry.map,PIBT,1,20483,16530,203,192,39,0,ht_chantry-random-24.scen
180,ht_chantry.map,PIBTOLD,1,20483,16530,203,192,33,0,ht_chantry-random-24.scen
180,ht_chantry.map,PIBT,1,20046,16530,194,192,47,1,ht_chantry-random-24.scen
180,ht_chantry.map,PIBTOLD,1,20483,16530,203,192,35,1,ht_chantry-random-24.scen
180,ht_chantry.map,PIBT,1,20088,16530,194,192,61,10,ht_chantry-random-24.scen
180,ht_chantry.map,PIBTOLD,1,20483,16530,203,192,37,10,ht_chantry-random-24.scen
180,ht_chantry.map,PIBT,1,20088,16530,194,192,72,100,ht_chantry-random-24.scen
180,ht_chantry.map,PIBTOLD,1,20483,16530,203,192,36,100,ht_chantry-random-24.scen
180,ht_chantry.map,PIBT,1,20088,16530,194,192,63,1000,ht_chantry-random-24.scen
180,ht_chantry.map,PIBTOLD,1,20483,16530,203,192,38,1000,ht_chantry-random-24.scen
220,ht_chantry.map,PIBT,1,25933,20969,192,192,54,0,ht_chantry-random-24.scen
220,ht_chantry.map,PIBTOLD,1,25933,20969,192,192,46,0,ht_chantry-random-24.scen
220,ht_chantry.map,PIBT,1,25153,20969,197,192,80,1,ht_chantry-random-24.scen
220,ht_chantry.map,PIBTOLD,1,25933,20969,192,192,44,1,ht_chantry-random-24.scen
220,ht_chantry.map,PIBT,1,25398,20969,196,192,157,10,ht_chantry-random-24.scen
220,ht_chantry.map,PIBTOLD,1,25933,20969,192,192,43,10,ht_chantry-random-24.scen
220,ht_chantry.map,PIBT,1,25390,20969,196,192,805,100,ht_chantry-random-24.scen
220,ht_chantry.map,PIBTOLD,1,25933,20969,192,192,43,100,ht_chantry-random-24.scen
220,ht_chantry.map,PIBT,1,25345,20969,196,192,4880,1000,ht_chantry-random-24.scen
220,ht_chantry.map,PIBTOLD,1,25933,20969,192,192,41,1000,ht_chantry-random-24.scen
260,ht_chantry.map,PIBT,1,31723,25333,192,192,61,0,ht_chantry-random-24.scen
260,ht_chantry.map,PIBTOLD,1,31723,25333,192,192,50,0,ht_chantry-random-24.scen
260,ht_chantry.map,PIBT,1,31461,25333,204,192,107,1,ht_chantry-random-24.scen
260,ht_chantry.map,PIBTOLD,1,31723,25333,192,192,51,1,ht_chantry-random-24.scen
260,ht_chantry.map,PIBT,1,30743,25333,203,192,382,10,ht_chantry-random-24.scen
260,ht_chantry.map,PIBTOLD,1,31723,25333,192,192,50,10,ht_chantry-random-24.scen
260,ht_chantry.map,PIBT,1,31211,25333,198,192,2746,100,ht_chantry-random-24.scen
260,ht_chantry.map,PIBTOLD,1,31723,25333,192,192,51,100,ht_chantry-random-24.scen
260,ht_chantry.map,PIBT,1,31223,25333,203,192,23885,1000,ht_chantry-random-24.scen
260,ht_chantry.map,PIBTOLD,1,31723,25333,192,192,53,1000,ht_chantry-random-24.scen
300,ht_chantry.map,PIBT,1,36620,29525,194,192,75,0,ht_chantry-random-24.scen
300,ht_chantry.map,PIBTOLD,1,36620,29525,194,192,58,0,ht_chantry-random-24.scen
300,ht_chantry.map,PIBT,1,36778,29525,198,192,129,1,ht_chantry-random-24.scen
300,ht_chantry.map,PIBTOLD,1,36620,29525,194,192,59,1,ht_chantry-random-24.scen
300,ht_chantry.map,PIBT,1,37196,29525,202,192,603,10,ht_chantry-random-24.scen
300,ht_chantry.map,PIBTOLD,1,36620,29525,194,192,58,10,ht_chantry-random-24.scen
300,ht_chantry.map,PIBT,1,36604,29525,199,192,2178,100,ht_chantry-random-24.scen
300,ht_chantry.map,PIBTOLD,1,36620,29525,194,192,58,100,ht_chantry-random-24.scen
300,ht_chantry.map,PIBT,1,36402,29525,203,192,24517,1000,ht_chantry-random-24.scen
300,ht_chantry.map,PIBTOLD,1,36620,29525,194,192,62,1000,ht_chantry-random-24.scen
340,ht_chantry.map,PIBT,1,43615,33838,207,192,91,0,ht_chantry-random-24.scen
340,ht_chantry.map,PIBTOLD,1,43615,33838,207,192,68,0,ht_chantry-random-24.scen
340,ht_chantry.map,PIBT,1,43079,33838,205,192,164,1,ht_chantry-random-24.scen
340,ht_chantry.map,PIBTOLD,1,43615,33838,207,192,68,1,ht_chantry-random-24.scen
340,ht_chantry.map,PIBT,1,42431,33838,218,192,657,10,ht_chantry-random-24.scen
340,ht_chantry.map,PIBTOLD,1,43615,33838,207,192,65,10,ht_chantry-random-24.scen
340,ht_chantry.map,PIBT,1,42308,33838,226,192,4766,100,ht_chantry-random-24.scen
340,ht_chantry.map,PIBTOLD,1,43615,33838,207,192,69,100,ht_chantry-random-24.scen
340,ht_chantry.map,PIBT,1,42584,33838,196,192,44702,1000,ht_chantry-random-24.scen
340,ht_chantry.map,PIBTOLD,1,43615,33838,207,192,71,1000,ht_chantry-random-24.scen
380,ht_chantry.map,PIBT,1,50072,37835,199,192,100,0,ht_chantry-random-24.scen
380,ht_chantry.map,PIBTOLD,1,50072,37835,199,192,78,0,ht_chantry-random-24.scen
380,ht_chantry.map,PIBT,1,49101,37835,199,192,182,1,ht_chantry-random-24.scen
380,ht_chantry.map,PIBTOLD,1,50072,37835,199,192,80,1,ht_chantry-random-24.scen
380,ht_chantry.map,PIBT,1,48861,37835,202,192,734,10,ht_chantry-random-24.scen
380,ht_chantry.map,PIBTOLD,1,50072,37835,199,192,80,10,ht_chantry-random-24.scen
380,ht_chantry.map,PIBT,1,48897,37835,205,192,5948,100,ht_chantry-random-24.scen
380,ht_chantry.map,PIBTOLD,1,50072,37835,199,192,78,100,ht_chantry-random-24.scen
380,ht_chantry.map,PIBT,1,48012,37835,207,192,55254,1000,ht_chantry-random-24.scen
380,ht_chantry.map,PIBTOLD,1,50072,37835,199,192,79,1000,ht_chantry-random-24.scen
20,ht_chantry.map,PIBT,1,1706,1693,178,178,4,0,ht_chantry-random-18.scen
20,ht_chantry.map,PIBTOLD,1,1706,1693,178,178,4,0,ht_chantry-random-18.scen
20,ht_chantry.map,PIBT,1,1708,1693,178,178,4,1,ht_chantry-random-18.scen
20,ht_chantry.map,PIBTOLD,1,1706,1693,178,178,4,1,ht_chantry-random-18.scen
20,ht_chantry.map,PIBT,1,1708,1693,178,178,4,10,ht_chantry-random-18.scen
20,ht_chantry.map,PIBTOLD,1,1706,1693,178,178,4,10,ht_chantry-random-18.scen
20,ht_chantry.map,PIBT,1,1708,1693,178,178,4,100,ht_chantry-random-18.scen
20,ht_chantry.map,PIBTOLD,1,1706,1693,178,178,4,100,ht_chantry-random-18.scen
20,ht_chantry.map,PIBT,1,1708,1693,178,178,4,1000,ht_chantry-random-18.scen
20,ht_chantry.map,PIBTOLD,1,1706,1693,178,178,4,1000,ht_chantry-random-18.scen
60,ht_chantry.map,PIBT,1,6035,5523,192,192,12,0,ht_chantry-random-18.scen
60,ht_chantry.map,PIBTOLD,1,6035,5523,192,192,11,0,ht_chantry-random-18.scen
60,ht_chantry.map,PIBT,1,6021,5523,194,192,13,1,ht_chantry-random-18.scen
60,ht_chantry.map,PIBTOLD,1,6035,5523,192,192,11,1,ht_chantry-random-18.scen
60,ht_chantry.map,PIBT,1,6021,5523,194,192,13,10,ht_chantry-random-18.scen
60,ht_chantry.map,PIBTOLD,1,6035,5523,192,192,10,10,ht_chantry-random-18.scen
60,ht_chantry.map,PIBT,1,6021,5523,194,192,12,100,ht_chantry-random-18.scen
60,ht_chantry.map,PIBTOLD,1,6035,5523,192,192,11,100,ht_chantry-random-18.scen
60,ht_chantry.map,PIBT,1,6021,5523,194,192,12,1000,ht_chantry-random-18.scen
60,ht_chantry.map,PIBTOLD,1,6035,5523,192,192,11,1000,ht_chantry-random-18.scen
100,ht_chantry.map,PIBT,1,10457,8999,192,192,19,0,ht_chantry-random-18.scen
100,ht_chantry.map,PIBTOLD,1,10457,8999,192,192,18,0,ht_chantry-random-18.scen
100,ht_chantry.map,PIBT,1,10303,8999,194,192,20,1,ht_chantry-random-18.scen
100,ht_chantry.map,PIBTOLD,1,10457,8999,192,192,18,1,ht_chantry-random-18.scen
100,ht_chantry.map,PIBT,1,10303,8999,194,192,22,10,ht_chantry-random-18.scen
100,ht_chantry.map,PIBTOLD,1,10457,8999,192,192,19,10,ht_chantry-random-18.scen
100,ht_chantry.map,PIBT,1,10303,8999,194,192,20,100,ht_chantry-random-18.scen
100,ht_chantry.map,PIBTOLD,1,10457,8999,192,192,19,100,ht_chantry-random-18.scen
100,ht_chantry.map,PIBT,1,10303,8999,194,192,21,1000,ht_chantry-random-18.scen
100,ht_chantry.map,PIBTOLD,1,10457,8999,192,192,19,1000,ht_chantry-random-18.scen
140,ht_chantry.map,PIBT,1,15141,12427,226,192,31,0,ht_chantry-random-18.scen
140,ht_chantry.map,PIBTOLD,1,15141,12427,226,192,27,0,ht_chantry-random-18.scen
140,ht_chantry.map,PIBT,1,14640,12427,196,192,32,1,ht_chantry-random-18.scen
140,ht_chantry.map,PIBTOLD,1,15141,12427,226,192,29,1,ht_chantry-random-18.scen
140,ht_chantry.map,PIBT,1,14618,12427,195,192,38,10,ht_chantry-random-18.scen
140,ht_chantry.map,PIBTOLD,1,15141,12427,226,192,30,10,ht_chantry-random-18.scen
140,ht_chantry.map,PIBT,1,14618,12427,195,192,34,100,ht_chantry-random-18.scen
140,ht_chantry.map,PIBTOLD,1,15141,12427,226,192,28,100,ht_chantry-random-18.scen
140,ht_chantry.map,PIBT,1,14618,12427,195,192,34,1000,ht_chantry-random-18.scen
140,ht_chantry.map,PIBTOLD,1,15141,12427,226,192,27,1000,ht_chantry-random-18.scen
180,ht_chantry.map,PIBT,1,20483,16530,203,192,41,0,ht_chantry-random-18.scen
180,ht_chantry.map,PIBTOLD,1,20483,16530,203,192,36,0,ht_chantry-random-18.scen
180,ht_chantry.map,PIBT,1,19658,16530,192,192,47,1,ht_chantry-random-18.scen
180,ht_chantry.map,PIBTOLD,1,20483,16530,203,192,38,1,ht_chantry-random-18.scen
180,ht_chantry.map,PIBT,1,20088,16530,194,192,64,10,ht_chantry-random-18.scen
180,ht_chantry.map,PIBTOLD,1,20483,16530,203,192,35,10,ht_chantry-random-18.scen
180,ht_chantry.map,PIBT,1,20088,16530,194,192,63,100,ht_chantry-random-18.scen
180,ht_chantry.map,PIBTOLD,1,20483,16530,203,192,35,100,ht_chantry-random-18.scen
180,ht_chantry.map,PIBT,1,20088,16530,194,192,62,1000,ht_chantry-random-18.scen
180,ht_chantry.map,PIBTOLD,1,20483,16530,203,192,34,1000,ht_chantry-random-18.scen
220,ht_chantry.map,PIBT,1,25933,20969,192,192,51,0,ht_chantry-random-18.scen
220,ht_chantry.map,PIBTOLD,1,25933,20969,192,192,41,0,ht_chantry-random-18.scen
220,ht_chantry.map,PIBT,1,24984,20969,196,192,73,1,ht_chantry-random-18.scen
220,ht_chantry.map,PIBTOLD,1,25933,20969,192,192,41,1,ht_chantry-random-18.scen
220,ht_chantry.map,PIBT,1,25302,20969,197,192,180,10,ht_chantry-random-18.scen
220,ht_chantry.map,PIBTOLD,1,25933,20969,192,192,41,10,ht_chantry-random-18.scen
220,ht_chantry.map,PIBT,1,25153,20969,196,192,752,100,ht_chantry-random-18.scen
220,ht_chantry.map,PIBTOLD,1,25933,20969,192,192,42,100,ht_chantry-random-18.scen
220,ht_chantry.map,PIBT,1,25145,20969,196,192,5435,1000,ht_chantry-random-18.scen
220,ht_chantry.map,PIBTOLD,1,25933,20969,192,192,42,1000,ht_chantry-random-18.scen
260,ht_chantry.map,PIBT,1,31723,25333,192,192,66,0,ht_chantry-random-18.scen
260,ht_chantry.map,PIBTOLD,1,31723,25333,192,192,51,0,ht_chantry-random-18.scen
260,ht_chantry.map,PIBT,1,31017,25333,193,192,103,1,ht_chantry-random-18.scen
260,ht_chantry.map,PIBTOLD,1,31723,25333,192,192,54,1,ht_chantry-random-18.scen
260,ht_chantry.map,PIBT,1,31251,25333,201,192,377,10,ht_chantry-random-18.scen
260,ht_chantry.map,PIBTOLD,1,31723,25333,192,192,52,10,ht_chantry-random-18.scen
260,ht_chantry.map,PIBT,1,30954,25333,202,192,1910,100,ht_chantry-random-18.scen
260,ht_chantry.map,PIBTOLD,1,31723,25333,192,192,50,100,ht_chantry-random-18.scen
260,ht_chantry.map,PIBT,1,30749,25333,197,192,19443,1000,ht_chantry-random-18.scen
260,ht_chantry.map,PIBTOLD,1,31723,25333,192,192,49,1000,ht_chantry-random-18.scen
300,ht_chantry.map,PIBT,1,36620,29525,194,192,75,0,ht_chantry-random-18.scen
300,ht_chantry.map,PIBTOLD,1,36620,29525,194,192,58,0,ht_chantry-random-18.scen
300,ht_chantry.map,PIBT,1,36571,29525,205,192,133,1,ht_chantry-random-18.scen
300,ht_chantry.map,PIBTOLD,1,36620,29525,194,192,58,1,ht_chantry-random-18.scen
300,ht_chantry.map,PIBT,1,36484,29525,203,192,487,10,ht_chantry-random-18.scen
300,ht_chantry.map,PIBTOLD,1,36620,29525,194,192,62,10,ht_chantry-random-18.scen
300,ht_chantry.map,PIBT,1,36660,29525,203,192,2774,100,ht_chantry-random-18.scen
300,ht_chantry.map,PIBTOLD,1,36620,29525,194,192,59,100,ht_chantry-random-18.scen
300,ht_chantry.map,PIBT,1,36659,29525,197,192,26887,1000,ht_chantry-random-18.scen
300,ht_chantry.map,PIBTOLD,1,36620,29525,194,192,58,1000,ht_chantry-random-18.scen
340,ht_chantry.map,PIBT,1,43615,33838,207,192,88,0,ht_chantry-random-18.scen
340,ht_chantry.map,PIBTOLD,1,43615,33838,207,192,68,0,ht_chantry-random-18.scen
340,ht_chantry.map,PIBT,1,43007,33838,203,192,165,1,ht_chantry-random-18.scen
340,ht_chantry.map,PIBTOLD,1,43615,33838,207,192,62,1,ht_chantry-random-18.scen
340,ht_chantry.map,PIBT,1,42701,33838,202,192,671,10,ht_chantry-random-18.scen
340,ht_chantry.map,PIBTOLD,1,43615,33838,207,192,69,10,ht_chantry-random-18.scen
340,ht_chantry.map,PIBT,1,42013,33838,198,192,4693,100,ht_chantry-random-18.scen
340,ht_chantry.map,PIBTOLD,1,43615,33838,207,192,69,100,ht_chantry-random-18.scen
340,ht_chantry.map,PIBT,1,42039,33838,200,192,39805,1000,ht_chantry-random-18.scen
340,ht_chantry.map,PIBTOLD,1,43615,33838,207,192,68,1000,ht_chantry-random-18.scen
380,ht_chantry.map,PIBT,1,50072,37835,199,192,104,0,ht_chantry-random-18.scen
380,ht_chantry.map,PIBTOLD,1,50072,37835,199,192,78,0,ht_chantry-random-18.scen
380,ht_chantry.map,PIBT,1,48786,37835,203,192,184,1,ht_chantry-random-18.scen
380,ht_chantry.map,PIBTOLD,1,50072,37835,199,192,78,1,ht_chantry-random-18.scen
380,ht_chantry.map,PIBT,1,49866,37835,211,192,828,10,ht_chantry-random-18.scen
380,ht_chantry.map,PIBTOLD,1,50072,37835,199,192,79,10,ht_chantry-random-18.scen
380,ht_chantry.map,PIBT,1,48759,37835,198,192,5690,100,ht_chantry-random-18.scen
380,ht_chantry.map,PIBTOLD,1,50072,37835,199,192,80,100,ht_chantry-random-18.scen
380,ht_chantry.map,PIBT,1,48308,37835,198,192,54141,1000,ht_chantry-random-18.scen
380,ht_chantry.map,PIBTOLD,1,50072,37835,199,192,75,1000,ht_chantry-random-18.scen
20,ht_chantry.map,PIBT,1,1706,1693,178,178,4,0,ht_chantry-random-11.scen
20,ht_chantry.map,PIBTOLD,1,1706,1693,178,178,4,0,ht_chantry-random-11.scen
20,ht_chantry.map,PIBT,1,1708,1693,178,178,4,1,ht_chantry-random-11.scen
20,ht_chantry.map,PIBTOLD,1,1706,1693,178,178,4,1,ht_chantry-random-11.scen
20,ht_chantry.map,PIBT,1,1708,1693,178,178,4,10,ht_chantry-random-11.scen
20,ht_chantry.map,PIBTOLD,1,1706,1693,178,178,4,10,ht_chantry-random-11.scen
20,ht_chantry.map,PIBT,1,1708,1693,178,178,4,100,ht_chantry-random-11.scen
20,ht_chantry.map,PIBTOLD,1,1706,1693,178,178,4,100,ht_chantry-random-11.scen
20,ht_chantry.map,PIBT,1,1708,1693,178,178,4,1000,ht_chantry-random-11.scen
20,ht_chantry.map,PIBTOLD,1,1706,1693,178,178,4,1000,ht_chantry-random-11.scen
60,ht_chantry.map,PIBT,1,6035,5523,192,192,12,0,ht_chantry-random-11.scen
60,ht_chantry.map,PIBTOLD,1,6035,5523,192,192,11,0,ht_chantry-random-11.scen
60,ht_chantry.map,PIBT,1,6021,5523,194,192,12,1,ht_chantry-random-11.scen
60,ht_chantry.map,PIBTOLD,1,6035,5523,192,192,11,1,ht_chantry-random-11.scen
60,ht_chantry.map,PIBT,1,6021,5523,194,192,12,10,ht_chantry-random-11.scen
60,ht_chantry.map,PIBTOLD,1,6035,5523,192,192,11,10,ht_chantry-random-11.scen
60,ht_chantry.map,PIBT,1,6021,5523,194,192,12,100,ht_chantry-random-11.scen
60,ht_chantry.map,PIBTOLD,1,6035,5523,192,192,11,100,ht_chantry-random-11.scen
60,ht_chantry.map,PIBT,1,6021,5523,194,192,12,1000,ht_chantry-random-11.scen
60,ht_chantry.map,PIBTOLD,1,6035,5523,192,192,11,1000,ht_chantry-random-11.scen
100,ht_chantry.map,PIBT,1,10457,8999,192,192,20,0,ht_chantry-random-11.scen
100,ht_chantry.map,PIBTOLD,1,10457,8999,192,192,17,0,ht_chantry-random-11.scen
100,ht_chantry.map,PIBT,1,10303,8999,194,192,20,1,ht_chantry-random-11.scen
100,ht_chantry.map,PIBTOLD,1,10457,8999,192,192,18,1,ht_chantry-random-11.scen
100,ht_chantry.map,PIBT,1,10303,8999,194,192,22,10,ht_chantry-random-11.scen
100,ht_chantry.map,PIBTOLD,1,10457,8999,192,192,17,10,ht_chantry-random-11.scen
100,ht_chantry.map,PIBT,1,10303,8999,194,192,21,100,ht_chantry-random-11.scen
100,ht_chantry.map,PIBTOLD,1,10457,8999,192,192,20,100,ht_chantry-random-11.scen
100,ht_chantry.map,PIBT,1,10303,8999,194,192,21,1000,ht_chantry-random-11.scen
100,ht_chantry.map,PIBTOLD,1,10457,8999,192,192,18,1000,ht_chantry-random-11.scen
140,ht_chantry.map,PIBT,1,15141,12427,226,192,31,0,ht_chantry-random-11.scen
140,ht_chantry.map,PIBTOLD,1,15141,12427,226,192,26,0,ht_chantry-random-11.scen
140,ht_chantry.map,PIBT,1,14576,12427,192,192,33,1,ht_chantry-random-11.scen
140,ht_chantry.map,PIBTOLD,1,15141,12427,226,192,28,1,ht_chantry-random-11.scen
140,ht_chantry.map,PIBT,1,14618,12427,195,192,34,10,ht_chantry-random-11.scen
140,ht_chantry.map,PIBTOLD,1,15141,12427,226,192,26,10,ht_chantry-random-11.scen
140,ht_chantry.map,PIBT,1,14618,12427,195,192,33,100,ht_chantry-random-11.scen
140,ht_chantry.map,PIBTOLD,1,15141,12427,226,192,25,100,ht_chantry-random-11.scen
140,ht_chantry.map,PIBT,1,14618,12427,195,192,34,1000,ht_chantry-random-11.scen
140,ht_chantry.map,PIBTOLD,1,15141,12427,226,192,27,1000,ht_chantry-random-11.scen
180,ht_chantry.map,PIBT,1,20483,16530,203,192,38,0,ht_chantry-random-11.scen
180,ht_chantry.map,PIBTOLD,1,20483,16530,203,192,35,0,ht_chantry-random-11.scen
180,ht_chantry.map,PIBT,1,19649,16530,192,192,43,1,ht_chantry-random-11.scen
180,ht_chantry.map,PIBTOLD,1,20483,16530,203,192,33,1,ht_chantry-random-11.scen
180,ht_chantry.map,PIBT,1,20088,16530,194,192,63,10,ht_chantry-random-11.scen
180,ht_chantry.map,PIBTOLD,1,20483,16530,203,192,35,10,ht_chantry-random-11.scen
180,ht_chantry.map,PIBT,1,20088,16530,194,192,63,100,ht_chantry-random-11.scen
180,ht_chantry.map,PIBTOLD,1,20483,16530,203,192,35,100,ht_chantry-random-11.scen
180,ht_chantry.map,PIBT,1,20088,16530,194,192,62,1000,ht_chantry-random-11.scen
180,ht_chantry.map,PIBTOLD,1,20483,16530,203,192,34,1000,ht_chantry-random-11.scen
220,ht_chantry.map,PIBT,1,25933,20969,192,192,51,0,ht_chantry-random-11.scen
220,ht_chantry.map,PIBTOLD,1,25933,20969,192,192,42,0,ht_chantry-random-11.scen
220,ht_chantry.map,PIBT,1,25314,20969,202,192,75,1,ht_chantry-random-11.scen
220,ht_chantry.map,PIBTOLD,1,25933,20969,192,192,42,1,ht_chantry-random-11.scen
220,ht_chantry.map,PIBT,1,24819,20969,196,192,146,10,ht_chantry-random-11.scen
220,ht_chantry.map,PIBTOLD,1,25933,20969,192,192,44,10,ht_chantry-random-11.scen
220,ht_chantry.map,PIBT,1,25121,20969,196,192,821,100,ht_chantry-random-11.scen
220,ht_chantry.map,PIBTOLD,1,25933,20969,192,192,43,100,ht_chantry-random-11.scen
220,ht_chantry.map,PIBT,1,25061,20969,196,192,4381,1000,ht_chantry-random-11.scen
220,ht_chantry.map,PIBTOLD,1,25933,20969,192,192,43,1000,ht_chantry-random-11.scen
260,ht_chantry.map,PIBT,1,31723,25333,192,192,62,0,ht_chantry-random-11.scen
260,ht_chantry.map,PIBTOLD,1,31723,25333,192,192,49,0,ht_chantry-random-11.scen
260,ht_chantry.map,PIBT,1,30949,25333,193,192,105,1,ht_chantry-random-11.scen
260,ht_chantry.map,PIBTOLD,1,31723,25333,192,192,50,1,ht_chantry-random-11.scen
260,ht_chantry.map,PIBT,1,31207,25333,199,192,370,10,ht_chantry-random-11.scen
260,ht_chantry.map,PIBTOLD,1,31723,25333,192,192,51,10,ht_chantry-random-11.scen
260,ht_chantry.map,PIBT,1,30895,25333,198,192,2511,100,ht_chantry-random-11.scen
260,ht_chantry.map,PIBTOLD,1,31723,25333,192,192,51,100,ht_chantry-random-11.scen
260,ht_chantry.map,PIBT,1,31188,25333,214,192,23078,1000,ht_chantry-random-11.scen
260,ht_chantry.map,PIBTOLD,1,31723,25333,192,192,50,1000,ht_chantry-random-11.scen
300,ht_chantry.map,PIBT,1,36620,29525,194,192,74,0,ht_chantry-random-11.scen
300,ht_chantry.map,PIBTOLD,1,36620,29525,194,192,59,0,ht_chantry-random-11.scen
300,ht_chantry.map,PIBT,1,36572,29525,202,192,129,1,ht_chantry-random-11.scen
300,ht_chantry.map,PIBTOLD,1,36620,29525,194,192,57,1,ht_chantry-random-11.scen
300,ht_chantry.map,PIBT,1,36901,29525,199,192,572,10,ht_chantry-random-11.scen
300,ht_chantry.map,PIBTOLD,1,36620,29525,194,192,60,10,ht_chantry-random-11.scen
300,ht_chantry.map,PIBT,1,36490,29525,199,192,2558,100,ht_chantry-random-11.scen
300,ht_chantry.map,PIBTOLD,1,36620,29525,194,192,58,100,ht_chantry-random-11.scen
300,ht_chantry.map,PIBT,1,36353,29525,204,192,22776,1000,ht_chantry-random-11.scen
300,ht_chantry.map,PIBTOLD,1,36620,29525,194,192,60,1000,ht_chantry-random-11.scen
340,ht_chantry.map,PIBT,1,43615,33838,207,192,91,0,ht_chantry-random-11.scen
340,ht_chantry.map,PIBTOLD,1,43615,33838,207,192,68,0,ht_chantry-random-11.scen
340,ht_chantry.map,PIBT,1,42889,33838,205,192,162,1,ht_chantry-random-11.scen
340,ht_chantry.map,PIBTOLD,1,43615,33838,207,192,69,1,ht_chantry-random-11.scen
340,ht_chantry.map,PIBT,1,42537,33838,205,192,660,10,ht_chantry-random-11.scen
340,ht_chantry.map,PIBTOLD,1,43615,33838,207,192,69,10,ht_chantry-random-11.scen
340,ht_chantry.map,PIBT,1,41941,33838,194,192,4377,100,ht_chantry-random-11.scen
340,ht_chantry.map,PIBTOLD,1,43615,33838,207,192,71,100,ht_chantry-random-11.scen
340,ht_chantry.map,PIBT,1,42587,33838,197,192,39862,1000,ht_chantry-random-11.scen
340,ht_chantry.map,PIBTOLD,1,43615,33838,207,192,65,1000,ht_chantry-random-11.scen
380,ht_chantry.map,PIBT,1,50072,37835,199,192,106,0,ht_chantry-random-11.scen
380,ht_chantry.map,PIBTOLD,1,50072,37835,199,192,72,0,ht_chantry-random-11.scen
380,ht_chantry.map,PIBT,1,48583,37835,202,192,182,1,ht_chantry-random-11.scen
380,ht_chantry.map,PIBTOLD,1,50072,37835,199,192,75,1,ht_chantry-random-11.scen
380,ht_chantry.map,PIBT,1,49058,37835,199,192,764,10,ht_chantry-random-11.scen
380,ht_chantry.map,PIBTOLD,1,50072,37835,199,192,81,10,ht_chantry-random-11.scen
380,ht_chantry.map,PIBT,1,48568,37835,204,192,6329,100,ht_chantry-random-11.scen
380,ht_chantry.map,PIBTOLD,1,50072,37835,199,192,77,100,ht_chantry-random-11.scen
380,ht_chantry.map,PIBT,1,48096,37835,196,192,58282,1000,ht_chantry-random-11.scen
380,ht_chantry.map,PIBTOLD,1,50072,37835,199,192,77,1000,ht_chantry-random-11.scen
20,ht_chantry.map,PIBT,1,1706,1693,178,178,4,0,ht_chantry-random-23.scen
20,ht_chantry.map,PIBTOLD,1,1706,1693,178,178,4,0,ht_chantry-random-23.scen
20,ht_chantry.map,PIBT,1,1708,1693,178,178,5,1,ht_chantry-random-23.scen
20,ht_chantry.map,PIBTOLD,1,1706,1693,178,178,4,1,ht_chantry-random-23.scen
20,ht_chantry.map,PIBT,1,1708,1693,178,178,4,10,ht_chantry-random-23.scen
20,ht_chantry.map,PIBTOLD,1,1706,1693,178,178,4,10,ht_chantry-random-23.scen
20,ht_chantry.map,PIBT,1,1708,1693,178,178,4,100,ht_chantry-random-23.scen
20,ht_chantry.map,PIBTOLD,1,1706,1693,178,178,4,100,ht_chantry-random-23.scen
20,ht_chantry.map,PIBT,1,1708,1693,178,178,4,1000,ht_chantry-random-23.scen
20,ht_chantry.map,PIBTOLD,1,1706,1693,178,178,4,1000,ht_chantry-random-23.scen
60,ht_chantry.map,PIBT,1,6035,5523,192,192,13,0,ht_chantry-random-23.scen
60,ht_chantry.map,PIBTOLD,1,6035,5523,192,192,12,0,ht_chantry-random-23.scen
60,ht_chantry.map,PIBT,1,6021,5523,194,192,13,1,ht_chantry-random-23.scen
60,ht_chantry.map,PIBTOLD,1,6035,5523,192,192,11,1,ht_chantry-random-23.scen
60,ht_chantry.map,PIBT,1,6021,5523,194,192,13,10,ht_chantry-random-23.scen
60,ht_chantry.map,PIBTOLD,1,6035,5523,192,192,11,10,ht_chantry-random-23.scen
60,ht_chantry.map,PIBT,1,6021,5523,194,192,11,100,ht_chantry-random-23.scen
60,ht_chantry.map,PIBTOLD,1,6035,5523,192,192,13,100,ht_chantry-random-23.scen
60,ht_chantry.map,PIBT,1,6021,5523,194,192,12,1000,ht_chantry-random-23.scen
60,ht_chantry.map,PIBTOLD,1,6035,5523,192,192,10,1000,ht_chantry-random-23.scen
100,ht_chantry.map,PIBT,1,10457,8999,192,192,20,0,ht_chantry-random-23.scen
100,ht_chantry.map,PIBTOLD,1,10457,8999,192,192,18,0,ht_chantry-random-23.scen
100,ht_chantry.map,PIBT,1,10303,8999,194,192,21,1,ht_chantry-random-23.scen
100,ht_chantry.map,PIBTOLD,1,10457,8999,192,192,18,1,ht_chantry-random-23.scen
100,ht_chantry.map,PIBT,1,10303,8999,194,192,20,10,ht_chantry-random-23.scen
100,ht_chantry.map,PIBTOLD,1,10457,8999,192,192,18,10,ht_chantry-random-23.scen
100,ht_chantry.map,PIBT,1,10303,8999,194,192,21,100,ht_chantry-random-23.scen
100,ht_chantry.map,PIBTOLD,1,10457,8999,192,192,19,100,ht_chantry-random-23.scen
100,ht_chantry.map,PIBT,1,10303,8999,194,192,23,1000,ht_chantry-random-23.scen
100,ht_chantry.map,PIBTOLD,1,10457,8999,192,192,18,1000,ht_chantry-random-23.scen
140,ht_chantry.map,PIBT,1,15141,12427,226,192,34,0,ht_chantry-random-23.scen
140,ht_chantry.map,PIBTOLD,1,15141,12427,226,192,27,0,ht_chantry-random-23.scen
140,ht_chantry.map,PIBT,1,14628,12427,198,192,32,1,ht_chantry-random-23.scen
140,ht_chantry.map,PIBTOLD,1,15141,12427,226,192,27,1,ht_chantry-random-23.scen
140,ht_chantry.map,PIBT,1,14618,12427,195,192,34,10,ht_chantry-random-23.scen
140,ht_chantry.map,PIBTOLD,1,15141,12427,226,192,27,10,ht_chantry-random-23.scen
140,ht_chantry.map,PIBT,1,14618,12427,195,192,35,100,ht_chantry-random-23.scen
140,ht_chantry.map,PIBTOLD,1,15141,12427,226,192,29,100,ht_chantry-random-23.scen
140,ht_chantry.map,PIBT,1,14618,12427,195,192,35,1000,ht_chantry-random-23.scen
140,ht_chantry.map,PIBTOLD,1,15141,12427,226,192,26,1000,ht_chantry-random-23.scen
180,ht_chantry.map,PIBT,1,20483,16530,203,192,41,0,ht_chantry-random-23.scen
180,ht_chantry.map,PIBTOLD,1,20483,16530,203,192,34,0,ht_chantry-random-23.scen
180,ht_chantry.map,PIBT,1,19741,16530,192,192,48,1,ht_chantry-random-23.scen
180,ht_chantry.map,PIBTOLD,1,20483,16530,203,192,34,1,ht_chantry-random-23.scen
180,ht_chantry.map,PIBT,1,20088,16530,194,192,62,10,ht_chantry-random-23.scen
180,ht_chantry.map,PIBTOLD,1,20483,16530,203,192,34,10,ht_chantry-random-23.scen
180,ht_chantry.map,PIBT,1,20088,16530,194,192,61,100,ht_chantry-random-23.scen
180,ht_chantry.map,PIBTOLD,1,20483,16530,203,192,34,100,ht_chantry-random-23.scen
180,ht_chantry.map,PIBT,1,20088,16530,194,192,60,1000,ht_chantry-random-23.scen
180,ht_chantry.map,PIBTOLD,1,20483,16530,203,192,35,1000,ht_chantry-random-23.scen
220,ht_chantry.map,PIBT,1,25933,20969,192,192,50,0,ht_chantry-random-23.scen
220,ht_chantry.map,PIBTOLD,1,25933,20969,192,192,41,0,ht_chantry-random-23.scen
220,ht_chantry.map,PIBT,1,24743,20969,195,192,74,1,ht_chantry-random-23.scen
220,ht_chantry.map,PIBTOLD,1,25933,20969,192,192,42,1,ht_chantry-random-23.scen
220,ht_chantry.map,PIBT,1,25009,20969,199,192,154,10,ht_chantry-random-23.scen
220,ht_chantry.map,PIBTOLD,1,25933,20969,192,192,41,10,ht_chantry-random-23.scen
220,ht_chantry.map,PIBT,1,24834,20969,196,192,627,100,ht_chantry-random-23.scen
220,ht_chantry.map,PIBTOLD,1,25933,20969,192,192,42,100,ht_chantry-random-23.scen
220,ht_chantry.map,PIBT,1,25304,20969,196,192,4745,1000,ht_chantry-random-23.scen
220,ht_chantry.map,PIBTOLD,1,25933,20969,192,192,44,1000,ht_chantry-random-23.scen
260,ht_chantry.map,PIBT,1,31723,25333,192,192,66,0,ht_chantry-random-23.scen
260,ht_chantry.map,PIBTOLD,1,31723,25333,192,192,54,0,ht_chantry-random-23.scen
260,ht_chantry.map,PIBT,1,31051,25333,200,192,109,1,ht_chantry-random-23.scen
260,ht_chantry.map,PIBTOLD,1,31723,25333,192,192,52,1,ht_chantry-random-23.scen
260,ht_chantry.map,PIBT,1,31206,25333,194,192,393,10,ht_chantry-random-23.scen
260,ht_chantry.map,PIBTOLD,1,31723,25333,192,192,55,10,ht_chantry-random-23.scen
260,ht_chantry.map,PIBT,1,30815,25333,204,192,2885,100,ht_chantry-random-23.scen
260,ht_chantry.map,PIBTOLD,1,31723,25333,192,192,48,100,ht_chantry-random-23.scen
260,ht_chantry.map,PIBT,1,31301,25333,196,192,22948,1000,ht_chantry-random-23.scen
260,ht_chantry.map,PIBTOLD,1,31723,25333,192,192,51,1000,ht_chantry-random-23.scen
300,ht_chantry.map,PIBT,1,36620,29525,194,192,74,0,ht_chantry-random-23.scen
300,ht_chantry.map,PIBTOLD,1,36620,29525,194,192,58,0,ht_chantry-random-23.scen
300,ht_chantry.map,PIBT,1,37452,29525,213,192,132,1,ht_chantry-random-23.scen
300,ht_chantry.map,PIBTOLD,1,36620,29525,194,192,56,1,ht_chantry-random-23.scen
300,ht_chantry.map,PIBT,1,36050,29525,197,192,459,10,ht_chantry-random-23.scen
300,ht_chantry.map,PIBTOLD,1,36620,29525,194,192,58,10,ht_chantry-random-23.scen
300,ht_chantry.map,PIBT,1,36729,29525,209,192,2980,100,ht_chantry-random-23.scen
300,ht_chantry.map,PIBTOLD,1,36620,29525,194,192,58,100,ht_chantry-random-23.scen
300,ht_chantry.map,PIBT,1,36538,29525,201,192,24826,1000,ht_chantry-random-23.scen
300,ht_chantry.map,PIBTOLD,1,36620,29525,194,192,58,1000,ht_chantry-random-23.scen
340,ht_chantry.map,PIBT,1,43615,33838,207,192,90,0,ht_chantry-random-23.scen
340,ht_chantry.map,PIBTOLD,1,43615,33838,207,192,63,0,ht_chantry-random-23.scen
340,ht_chantry.map,PIBT,1,43022,33838,204,192,157,1,ht_chantry-random-23.scen
340,ht_chantry.map,PIBTOLD,1,43615,33838,207,192,72,1,ht_chantry-random-23.scen
340,ht_chantry.map,PIBT,1,42080,33838,197,192,626,10,ht_chantry-random-23.scen
340,ht_chantry.map,PIBTOLD,1,43615,33838,207,192,72,10,ht_chantry-random-23.scen
340,ht_chantry.map,PIBT,1,42869,33838,206,192,4918,100,ht_chantry-random-23.scen
340,ht_chantry.map,PIBTOLD,1,43615,33838,207,192,69,100,ht_chantry-random-23.scen
340,ht_chantry.map,PIBT,1,42776,33838,198,192,42832,1000,ht_chantry-random-23.scen
340,ht_chantry.map,PIBTOLD,1,43615,33838,207,192,69,1000,ht_chantry-random-23.scen
380,ht_chantry.map,PIBT,1,50072,37835,199,192,102,0,ht_chantry-random-23.scen
380,ht_chantry.map,PIBTOLD,1,50072,37835,199,192,77,0,ht_chantry-random-23.scen
380,ht_chantry.map,PIBT,1,48581,37835,202,192,189,1,ht_chantry-random-23.scen
380,ht_chantry.map,PIBTOLD,1,50072,37835,199,192,75,1,ht_chantry-random-23.scen
380,ht_chantry.map,PIBT,1,49269,37835,205,192,799,10,ht_chantry-random-23.scen
380,ht_chantry.map,PIBTOLD,1,50072,37835,199,192,77,10,ht_chantry-random-23.scen
380,ht_chantry.map,PIBT,1,48054,37835,202,192,6094,100,ht_chantry-random-23.scen
380,ht_chantry.map,PIBTOLD,1,50072,37835,199,192,79,100,ht_chantry-random-23.scen
380,ht_chantry.map,PIBT,1,48950,37835,196,192,59914,1000,ht_chantry-random-23.scen
380,ht_chantry.map,PIBTOLD,1,50072,37835,199,192,76,1000,ht_chantry-random-23.scen
20,ht_chantry.map,PIBT,1,1706,1693,178,178,4,0,ht_chantry-random-8.scen
20,ht_chantry.map,PIBTOLD,1,1706,1693,178,178,4,0,ht_chantry-random-8.scen
20,ht_chantry.map,PIBT,1,1708,1693,178,178,4,1,ht_chantry-random-8.scen
20,ht_chantry.map,PIBTOLD,1,1706,1693,178,178,4,1,ht_chantry-random-8.scen
20,ht_chantry.map,PIBT,1,1708,1693,178,178,4,10,ht_chantry-random-8.scen
20,ht_chantry.map,PIBTOLD,1,1706,1693,178,178,4,10,ht_chantry-random-8.scen
20,ht_chantry.map,PIBT,1,1708,1693,178,178,4,100,ht_chantry-random-8.scen
20,ht_chantry.map,PIBTOLD,1,1706,1693,178,178,4,100,ht_chantry-random-8.scen
20,ht_chantry.map,PIBT,1,1708,1693,178,178,4,1000,ht_chantry-random-8.scen
20,ht_chantry.map,PIBTOLD,1,1706,1693,178,178,4,1000,ht_chantry-random-8.scen
60,ht_chantry.map,PIBT,1,6035,5523,192,192,11,0,ht_chantry-random-8.scen
60,ht_chantry.map,PIBTOLD,1,6035,5523,192,192,11,0,ht_chantry-random-8.scen
60,ht_chantry.map,PIBT,1,6021,5523,194,192,12,1,ht_chantry-random-8.scen
60,ht_chantry.map,PIBTOLD,1,6035,5523,192,192,11,1,ht_chantry-random-8.scen
60,ht_chantry.map,PIBT,1,6021,5523,194,192,11,10,ht_chantry-random-8.scen
60,ht_chantry.map,PIBTOLD,1,6035,5523,192,192,11,10,ht_chantry-random-8.scen
60,ht_chantry.map,PIBT,1,6021,5523,194,192,12,100,ht_chantry-random-8.scen
60,ht_chantry.map,PIBTOLD,1,6035,5523,192,192,11,100,ht_chantry-random-8.scen
60,ht_chantry.map,PIBT,1,6021,5523,194,192,12,1000,ht_chantry-random-8.scen
60,ht_chantry.map,PIBTOLD,1,6035,5523,192,192,11,1000,ht_chantry-random-8.scen
100,ht_chantry.map,PIBT,1,10457,8999,192,192,21,0,ht_chantry-random-8.scen
100,ht_chantry.map,PIBTOLD,1,10457,8999,192,192,18,0,ht_chantry-random-8.scen
100,ht_chantry.map,PIBT,1,10303,8999,194,192,22,1,ht_chantry-random-8.scen
100,ht_chantry.map,PIBTOLD,1,10457,8999,192,192,20,1,ht_chantry-random-8.scen
100,ht_chantry.map,PIBT,1,10303,8999,194,192,19,10,ht_chantry-random-8.scen
100,ht_chantry.map,PIBTOLD,1,10457,8999,192,192,19,10,ht_chantry-random-8.scen
100,ht_chantry.map,PIBT,1,10303,8999,194,192,21,100,ht_chantry-random-8.scen
100,ht_chantry.map,PIBTOLD,1,10457,8999,192,192,19,100,ht_chantry-random-8.scen
100,ht_chantry.map,PIBT,1,10303,8999,194,192,23,1000,ht_chantry-random-8.scen
100,ht_chantry.map,PIBTOLD,1,10457,8999,192,192,19,1000,ht_chantry-random-8.scen
140,ht_chantry.map,PIBT,1,15141,12427,226,192,34,0,ht_chantry-random-8.scen
140,ht_chantry.map,PIBTOLD,1,15141,12427,226,192,29,0,ht_chantry-random-8.scen
140,ht_chantry.map,PIBT,1,14598,12427,193,192,34,1,ht_chantry-random-8.scen
140,ht_chantry.map,PIBTOLD,1,15141,12427,226,192,27,1,ht_chantry-random-8.scen
140,ht_chantry.map,PIBT,1,14618,12427,195,192,33,10,ht_chantry-random-8.scen
140,ht_chantry.map,PIBTOLD,1,15141,12427,226,192,37,10,ht_chantry-random-8.scen
140,ht_chantry.map,PIBT,1,14618,12427,195,192,34,100,ht_chantry-random-8.scen
140,ht_chantry.map,PIBTOLD,1,15141,12427,226,192,28,100,ht_chantry-random-8.scen
140,ht_chantry.map,PIBT,1,14618,12427,195,192,38,1000,ht_chantry-random-8.scen
140,ht_chantry.map,PIBTOLD,1,15141,12427,226,192,28,1000,ht_chantry-random-8.scen
180,ht_chantry.map,PIBT,1,20483,16530,203,192,42,0,ht_chantry-random-8.scen
180,ht_chantry.map,PIBTOLD,1,20483,16530,203,192,36,0,ht_chantry-random-8.scen
180,ht_chantry.map,PIBT,1,19689,16530,192,192,45,1,ht_chantry-random-8.scen
180,ht_chantry.map,PIBTOLD,1,20483,16530,203,192,37,1,ht_chantry-random-8.scen
180,ht_chantry.map,PIBT,1,20088,16530,194,192,65,10,ht_chantry-random-8.scen
180,ht_chantry.map,PIBTOLD,1,20483,16530,203,192,36,10,ht_chantry-random-8.scen
180,ht_chantry.map,PIBT,1,20088,16530,194,192,61,100,ht_chantry-random-8.scen
180,ht_chantry.map,PIBTOLD,1,20483,16530,203,192,36,100,ht_chantry-random-8.scen
180,ht_chantry.map,PIBT,1,20088,16530,194,192,62,1000,ht_chantry-random-8.scen
180,ht_chantry.map,PIBTOLD,1,20483,16530,203,192,37,1000,ht_chantry-random-8.scen
220,ht_chantry.map,PIBT,1,25933,20969,192,192,54,0,ht_chantry-random-8.scen
220,ht_chantry.map,PIBTOLD,1,25933,20969,192,192,42,0,ht_chantry-random-8.scen
220,ht_chantry.map,PIBT,1,25268,20969,201,192,77,1,ht_chantry-random-8.scen
220,ht_chantry.map,PIBTOLD,1,25933,20969,192,192,42,1,ht_chantry-random-8.scen
220,ht_chantry.map,PIBT,1,24915,20969,196,192,154,10,ht_chantry-random-8.scen
220,ht_chantry.map,PIBTOLD,1,25933,20969,192,192,42,10,ht_chantry-random-8.scen
220,ht_chantry.map,PIBT,1,25142,20969,196,192,661,100,ht_chantry-random-8.scen
220,ht_chantry.map,PIBTOLD,1,25933,20969,192,192,42,100,ht_chantry-random-8.scen
220,ht_chantry.map,PIBT,1,25398,20969,196,192,3078,1000,ht_chantry-random-8.scen
220,ht_chantry.map,PIBTOLD,1,25933,20969,192,192,42,1000,ht_chantry-random-8.scen
260,ht_chantry.map,PIBT,1,31723,25333,192,192,62,0,ht_chantry-random-8.scen
260,ht_chantry.map,PIBTOLD,1,31723,25333,192,192,52,0,ht_chantry-random-8.scen
260,ht_chantry.map,PIBT,1,31423,25333,200,192,105,1,ht_chantry-random-8.scen
260,ht_chantry.map,PIBTOLD,1,31723,25333,192,192,51,1,ht_chantry-random-8.scen
260,ht_chantry.map,PIBT,1,31006,25333,195,192,348,10,ht_chantry-random-8.scen
260,ht_chantry.map,PIBTOLD,1,31723,25333,192,192,53,10,ht_chantry-random-8.scen
260,ht_chantry.map,PIBT,1,31302,25333,201,192,2744,100,ht_chantry-random-8.scen
260,ht_chantry.map,PIBTOLD,1,31723,25333,192,192,50,100,ht_chantry-random-8.scen
260,ht_chantry.map,PIBT,1,30722,25333,201,192,16013,1000,ht_chantry-random-8.scen
260,ht_chantry.map,PIBTOLD,1,31723,25333,192,192,51,1000,ht_chantry-random-8.scen
300,ht_chantry.map,PIBT,1,36620,29525,194,192,75,0,ht_chantry-random-8.scen
300,ht_chantry.map,PIBTOLD,1,36620,29525,194,192,60,0,ht_chantry-random-8.scen
300,ht_chantry.map,PIBT,1,37203,29525,217,192,141,1,ht_chantry-random-8.scen
300,ht_chantry.map,PIBTOLD,1,36620,29525,194,192,62,1,ht_chantry-random-8.scen
300,ht_chantry.map,PIBT,1,36762,29525,200,192,556,10,ht_chantry-random-8.scen
300,ht_chantry.map,PIBTOLD,1,36620,29525,194,192,58,10,ht_chantry-random-8.scen
300,ht_chantry.map,PIBT,1,36276,29525,207,192,2823,100,ht_chantry-random-8.scen
300,ht_chantry.map,PIBTOLD,1,36620,29525,194,192,60,100,ht_chantry-random-8.scen
300,ht_chantry.map,PIBT,1,36255,29525,201,192,23672,1000,ht_chantry-random-8.scen
300,ht_chantry.map,PIBTOLD,1,36620,29525,194,192,59,1000,ht_chantry-random-8.scen
340,ht_chantry.map,PIBT,1,43615,33838,207,192,89,0,ht_chantry-random-8.scen
340,ht_chantry.map,PIBTOLD,1,43615,33838,207,192,72,0,ht_chantry-random-8.scen
340,ht_chantry.map,PIBT,1,43205,33838,200,192,154,1,ht_chantry-random-8.scen
340,ht_chantry.map,PIBTOLD,1,43615,33838,207,192,72,1,ht_chantry-random-8.scen
340,ht_chantry.map,PIBT,1,42662,33838,203,192,717,10,ht_chantry-random-8.scen
340,ht_chantry.map,PIBTOLD,1,43615,33838,207,192,68,10,ht_chantry-random-8.scen
340,ht_chantry.map,PIBT,1,41649,33838,200,192,4400,100,ht_chantry-random-8.scen
340,ht_chantry.map,PIBTOLD,1,43615,33838,207,192,72,100,ht_chantry-random-8.scen
340,ht_chantry.map,PIBT,1,42603,33838,196,192,43497,1000,ht_chantry-random-8.scen
340,ht_chantry.map,PIBTOLD,1,43615,33838,207,192,68,1000,ht_chantry-random-8.scen
380,ht_chantry.map,PIBT,1,50072,37835,199,192,100,0,ht_chantry-random-8.scen
380,ht_chantry.map,PIBTOLD,1,50072,37835,199,192,73,0,ht_chantry-random-8.scen
380,ht_chantry.map,PIBT,1,48835,37835,200,192,181,1,ht_chantry-random-8.scen
380,ht_chantry.map,PIBTOLD,1,50072,37835,199,192,74,1,ht_chantry-random-8.scen
380,ht_chantry.map,PIBT,1,48678,37835,200,192,773,10,ht_chantry-random-8.scen
380,ht_chantry.map,PIBTOLD,1,50072,37835,199,192,78,10,ht_chantry-random-8.scen
380,ht_chantry.map,PIBT,1,47978,37835,199,192,6322,100,ht_chantry-random-8.scen
380,ht_chantry.map,PIBTOLD,1,50072,37835,199,192,77,100,ht_chantry-random-8.scen
20,ht_chantry.map,PIBT,1,1706,1693,178,178,3,0,ht_chantry-random-10.scen
20,ht_chantry.map,PIBTOLD,1,1706,1693,178,178,4,0,ht_chantry-random-10.scen
20,ht_chantry.map,PIBT,1,1708,1693,178,178,4,1,ht_chantry-random-10.scen
20,ht_chantry.map,PIBTOLD,1,1706,1693,178,178,4,1,ht_chantry-random-10.scen
20,ht_chantry.map,PIBT,1,1708,1693,178,178,4,10,ht_chantry-random-10.scen
20,ht_chantry.map,PIBTOLD,1,1706,1693,178,178,4,10,ht_chantry-random-10.scen
20,ht_chantry.map,PIBT,1,1708,1693,178,178,4,100,ht_chantry-random-10.scen
20,ht_chantry.map,PIBTOLD,1,1706,1693,178,178,3,100,ht_chantry-random-10.scen
20,ht_chantry.map,PIBT,1,1708,1693,178,178,4,1000,ht_chantry-random-10.scen
20,ht_chantry.map,PIBTOLD,1,1706,1693,178,178,4,1000,ht_chantry-random-10.scen
60,ht_chantry.map,PIBT,1,6035,5523,192,192,11,0,ht_chantry-random-10.scen
60,ht_chantry.map,PIBTOLD,1,6035,5523,192,192,11,0,ht_chantry-random-10.scen
60,ht_chantry.map,PIBT,1,6021,5523,194,192,12,1,ht_chantry-random-10.scen
60,ht_chantry.map,PIBTOLD,1,6035,5523,192,192,11,1,ht_chantry-random-10.scen
60,ht_chantry.map,PIBT,1,6021,5523,194,192,12,10,ht_chantry-random-10.scen
60,ht_chantry.map,PIBTOLD,1,6035,5523,192,192,11,10,ht_chantry-random-10.scen
60,ht_chantry.map,PIBT,1,6021,5523,194,192,11,100,ht_chantry-random-10.scen
60,ht_chantry.map,PIBTOLD,1,6035,5523,192,192,11,100,ht_chantry-random-10.scen
60,ht_chantry.map,PIBT,1,6021,5523,194,192,12,1000,ht_chantry-random-10.scen
60,ht_chantry.map,PIBTOLD,1,6035,5523,192,192,10,1000,ht_chantry-random-10.scen
100,ht_chantry.map,PIBT,1,10457,8999,192,192,20,0,ht_chantry-random-10.scen
100,ht_chantry.map,PIBTOLD,1,10457,8999,192,192,18,0,ht_chantry-random-10.scen
100,ht_chantry.map,PIBT,1,10303,8999,194,192,20,1,ht_chantry-random-10.scen
100,ht_chantry.map,PIBTOLD,1,10457,8999,192,192,18,1,ht_chantry-random-10.scen
100,ht_chantry.map,PIBT,1,10303,8999,194,192,21,10,ht_chantry-random-10.scen
100,ht_chantry.map,PIBTOLD,1,10457,8999,192,192,16,10,ht_chantry-random-10.scen
100,ht_chantry.map,PIBT,1,10303,8999,194,192,21,100,ht_chantry-random-10.scen
100,ht_chantry.map,PIBTOLD,1,10457,8999,192,192,18,100,ht_chantry-random-10.scen
100,ht_chantry.map,PIBT,1,10303,8999,194,192,21,1000,ht_chantry-random-10.scen
100,ht_chantry.map,PIBTOLD,1,10457,8999,192,192,18,1000,ht_chantry-random-10.scen
140,ht_chantry.map,PIBT,1,15141,12427,226,192,32,0,ht_chantry-random-10.scen
140,ht_chantry.map,PIBTOLD,1,15141,12427,226,192,27,0,ht_chantry-random-10.scen
140,ht_chantry.map,PIBT,1,14670,12427,197,192,32,1,ht_chantry-random-10.scen
140,ht_chantry.map,PIBTOLD,1,15141,12427,226,192,27,1,ht_chantry-random-10.scen
140,ht_chantry.map,PIBT,1,14618,12427,195,192,34,10,ht_chantry-random-10.scen
140,ht_chantry.map,PIBTOLD,1,15141,12427,226,192,29,10,ht_chantry-random-10.scen
140,ht_chantry.map,PIBT,1,14618,12427,195,192,34,100,ht_chantry-random-10.scen
140,ht_chantry.map,PIBTOLD,1,15141,12427,226,192,28,100,ht_chantry-random-10.scen
140,ht_chantry.map,PIBT,1,14618,12427,195,192,34,1000,ht_chantry-random-10.scen
140,ht_chantry.map,PIBTOLD,1,15141,12427,226,192,27,1000,ht_chantry-random-10.scen
180,ht_chantry.map,PIBT,1,20483,16530,203,192,40,0,ht_chantry-random-10.scen
180,ht_chantry.map,PIBTOLD,1,20483,16530,203,192,34,0,ht_chantry-random-10.scen
180,ht_chantry.map,PIBT,1,19945,16530,192,192,49,1,ht_chantry-random-10.scen
180,ht_chantry.map,PIBTOLD,1,20483,16530,203,192,34,1,ht_chantry-random-10.scen
180,ht_chantry.map,PIBT,1,20088,16530,194,192,61,10,ht_chantry-random-10.scen
180,ht_chantry.map,PIBTOLD,1,20483,16530,203,192,36,10,ht_chantry-random-10.scen
180,ht_chantry.map,PIBT,1,20088,16530,194,192,62,100,ht_chantry-random-10.scen
180,ht_chantry.map,PIBTOLD,1,20483,16530,203,192,35,100,ht_chantry-random-10.scen
180,ht_chantry.map,PIBT,1,20088,16530,194,192,60,1000,ht_chantry-random-10.scen
180,ht_chantry.map,PIBTOLD,1,20483,16530,203,192,35,1000,ht_chantry-random-10.scen
220,ht_chantry.map,PIBT,1,25933,20969,192,192,50,0,ht_chantry-random-10.scen
220,ht_chantry.map,PIBTOLD,1,25933,20969,192,192,43,0,ht_chantry-random-10.scen
220,ht_chantry.map,PIBT,1,25293,20969,196,192,76,1,ht_chantry-random-10.scen
220,ht_chantry.map,PIBTOLD,1,25933,20969,192,192,41,1,ht_chantry-random-10.scen
220,ht_chantry.map,PIBT,1,24889,20969,196,192,149,10,ht_chantry-random-10.scen
220,ht_chantry.map,PIBTOLD,1,25933,20969,192,192,41,10,ht_chantry-random-10.scen
220,ht_chantry.map,PIBT,1,25265,20969,196,192,1053,100,ht_chantry-random-10.scen
220,ht_chantry.map,PIBTOLD,1,25933,20969,192,192,43,100,ht_chantry-random-10.scen
220,ht_chantry.map,PIBT,1,24915,20969,196,192,5687,1000,ht_chantry-random-10.scen
220,ht_chantry.map,PIBTOLD,1,25933,20969,192,192,42,1000,ht_chantry-random-10.scen
260,ht_chantry.map,PIBT,1,31723,25333,192,192,60,0,ht_chantry-random-10.scen
260,ht_chantry.map,PIBTOLD,1,31723,25333,192,192,49,0,ht_chantry-random-10.scen
260,ht_chantry.map,PIBT,1,31305,25333,257,192,114,1,ht_chantry-random-10.scen
260,ht_chantry.map,PIBTOLD,1,31723,25333,192,192,49,1,ht_chantry-random-10.scen
260,ht_chantry.map,PIBT,1,31155,25333,195,192,400,10,ht_chantry-random-10.scen
260,ht_chantry.map,PIBTOLD,1,31723,25333,192,192,54,10,ht_chantry-random-10.scen
260,ht_chantry.map,PIBT,1,31016,25333,198,192,2021,100,ht_chantry-random-10.scen
260,ht_chantry.map,PIBTOLD,1,31723,25333,192,192,50,100,ht_chantry-random-10.scen
260,ht_chantry.map,PIBT,1,31496,25333,199,192,19275,1000,ht_chantry-random-10.scen
260,ht_chantry.map,PIBTOLD,1,31723,25333,192,192,50,1000,ht_chantry-random-10.scen
300,ht_chantry.map,PIBT,1,36620,29525,194,192,74,0,ht_chantry-random-10.scen
300,ht_chantry.map,PIBTOLD,1,36620,29525,194,192,58,0,ht_chantry-random-10.scen
300,ht_chantry.map,PIBT,1,36194,29525,202,192,122,1,ht_chantry-random-10.scen
300,ht_chantry.map,PIBTOLD,1,36620,29525,194,192,61,1,ht_chantry-random-10.scen
300,ht_chantry.map,PIBT,1,36794,29525,206,192,543,10,ht_chantry-random-10.scen
300,ht_chantry.map,PIBTOLD,1,36620,29525,194,192,61,10,ht_chantry-random-10.scen
300,ht_chantry.map,PIBT,1,36206,29525,211,192,2710,100,ht_chantry-random-10.scen
300,ht_chantry.map,PIBTOLD,1,36620,29525,194,192,58,100,ht_chantry-random-10.scen
300,ht_chantry.map,PIBT,1,36399,29525,195,192,26418,1000,ht_chantry-random-10.scen
300,ht_chantry.map,PIBTOLD,1,36620,29525,194,192,58,1000,ht_chantry-random-10.scen
340,ht_chantry.map,PIBT,1,43615,33838,207,192,90,0,ht_chantry-random-10.scen
340,ht_chantry.map,PIBTOLD,1,43615,33838,207,192,66,0,ht_chantry-random-10.scen
340,ht_chantry.map,PIBT,1,43274,33838,201,192,159,1,ht_chantry-random-10.scen
340,ht_chantry.map,PIBTOLD,1,43615,33838,207,192,68,1,ht_chantry-random-10.scen
340,ht_chantry.map,PIBT,1,42894,33838,205,192,695,10,ht_chantry-random-10.scen
340,ht_chantry.map,PIBTOLD,1,43615,33838,207,192,70,10,ht_chantry-random-10.scen
340,ht_chantry.map,PIBT,1,42595,33838,199,192,5103,100,ht_chantry-random-10.scen
340,ht_chantry.map,PIBTOLD,1,43615,33838,207,192,71,100,ht_chantry-random-10.scen
340,ht_chantry.map,PIBT,1,43276,33838,213,192,49797,1000,ht_chantry-random-10.scen
340,ht_chantry.map,PIBTOLD,1,43615,33838,207,192,71,1000,ht_chantry-random-10.scen
380,ht_chantry.map,PIBT,1,50072,37835,199,192,101,0,ht_chantry-random-10.scen
380,ht_chantry.map,PIBTOLD,1,50072,37835,199,192,76,0,ht_chantry-random-10.scen
380,ht_chantry.map,PIBT,1,49184,37835,200,192,178,1,ht_chantry-random-10.scen
380,ht_chantry.map,PIBTOLD,1,50072,37835,199,192,77,1,ht_chantry-random-10.scen
380,ht_chantry.map,PIBT,1,49555,37835,213,192,835,10,ht_chantry-random-10.scen
380,ht_chantry.map,PIBTOLD,1,50072,37835,199,192,77,10,ht_chantry-random-10.scen
380,ht_chantry.map,PIBT,1,48246,37835,199,192,6203,100,ht_chantry-random-10.scen
380,ht_chantry.map,PIBTOLD,1,50072,37835,199,192,78,100,ht_chantry-random-10.scen
380,ht_chantry.map,PIBT,1,47706,37835,203,192,55880,1000,ht_chantry-random-10.scen
380,ht_chantry.map,PIBTOLD,1,50072,37835,199,192,76,1000,ht_chantry-random-10.scen
20,ht_chantry.map,PIBT,1,1706,1693,178,178,4,0,ht_chantry-random-25.scen
20,ht_chantry.map,PIBTOLD,1,1706,1693,178,178,4,0,ht_chantry-random-25.scen
20,ht_chantry.map,PIBT,1,1708,1693,178,178,4,1,ht_chantry-random-25.scen
20,ht_chantry.map,PIBTOLD,1,1706,1693,178,178,4,1,ht_chantry-random-25.scen
20,ht_chantry.map,PIBT,1,1708,1693,178,178,4,10,ht_chantry-random-25.scen
20,ht_chantry.map,PIBTOLD,1,1706,1693,178,178,4,10,ht_chantry-random-25.scen
20,ht_chantry.map,PIBT,1,1708,1693,178,178,4,100,ht_chantry-random-25.scen
20,ht_chantry.map,PIBTOLD,1,1706,1693,178,178,4,100,ht_chantry-random-25.scen
20,ht_chantry.map,PIBT,1,1708,1693,178,178,4,1000,ht_chantry-random-25.scen
20,ht_chantry.map,PIBTOLD,1,1706,1693,178,178,4,1000,ht_chantry-random-25.scen
60,ht_chantry.map,PIBT,1,6035,5523,192,192,13,0,ht_chantry-random-25.scen
60,ht_chantry.map,PIBTOLD,1,6035,5523,192,192,11,0,ht_chantry-random-25.scen
60,ht_chantry.map,PIBT,1,6021,5523,194,192,12,1,ht_chantry-random-25.scen
60,ht_chantry.map,PIBTOLD,1,6035,5523,192,192,12,1,ht_chantry-random-25.scen
60,ht_chantry.map,PIBT,1,6021,5523,194,192,12,10,ht_chantry-random-25.scen
60,ht_chantry.map,PIBTOLD,1,6035,5523,192,192,10,10,ht_chantry-random-25.scen
60,ht_chantry.map,PIBT,1,6021,5523,194,192,10,100,ht_chantry-random-25.scen
60,ht_chantry.map,PIBTOLD,1,6035,5523,192,192,13,100,ht_chantry-random-25.scen
60,ht_chantry.map,PIBT,1,6021,5523,194,192,12,1000,ht_chantry-random-25.scen
60,ht_chantry.map,PIBTOLD,1,6035,5523,192,192,11,1000,ht_chantry-random-25.scen
100,ht_chantry.map,PIBT,1,10457,8999,192,192,21,0,ht_chantry-random-25.scen
100,ht_chantry.map,PIBTOLD,1,10457,8999,192,192,18,0,ht_chantry-random-25.scen
100,ht_chantry.map,PIBT,1,10303,8999,194,192,21,1,ht_chantry-random-25.scen
100,ht_chantry.map,PIBTOLD,1,10457,8999,192,192,18,1,ht_chantry-random-25.scen
100,ht_chantry.map,PIBT,1,10303,8999,194,192,19,10,ht_chantry-random-25.scen
100,ht_chantry.map,PIBTOLD,1,10457,8999,192,192,17,10,ht_chantry-random-25.scen
100,ht_chantry.map,PIBT,1,10303,8999,194,192,21,100,ht_chantry-random-25.scen
100,ht_chantry.map,PIBTOLD,1,10457,8999,192,192,18,100,ht_chantry-random-25.scen
100,ht_chantry.map,PIBT,1,10303,8999,194,192,23,1000,ht_chantry-random-25.scen
100,ht_chantry.map,PIBTOLD,1,10457,8999,192,192,18,1000,ht_chantry-random-25.scen
140,ht_chantry.map,PIBT,1,15141,12427,226,192,32,0,ht_chantry-random-25.scen
140,ht_chantry.map,PIBTOLD,1,15141,12427,226,192,27,0,ht_chantry-random-25.scen
140,ht_chantry.map,PIBT,1,14431,12427,203,192,35,1,ht_chantry-random-25.scen
140,ht_chantry.map,PIBTOLD,1,15141,12427,226,192,27,1,ht_chantry-random-25.scen
140,ht_chantry.map,PIBT,1,14618,12427,195,192,34,10,ht_chantry-random-25.scen
140,ht_chantry.map,PIBTOLD,1,15141,12427,226,192,30,10,ht_chantry-random-25.scen
140,ht_chantry.map,PIBT,1,14618,12427,195,192,39,100,ht_chantry-random-25.scen
140,ht_chantry.map,PIBTOLD,1,15141,12427,226,192,25,100,ht_chantry-random-25.scen
140,ht_chantry.map,PIBT,1,14618,12427,195,192,33,1000,ht_chantry-random-25.scen
140,ht_chantry.map,PIBTOLD,1,15141,12427,226,192,30,1000,ht_chantry-random-25.scen
180,ht_chantry.map,PIBT,1,20483,16530,203,192,45,0,ht_chantry-random-25.scen
180,ht_chantry.map,PIBTOLD,1,20483,16530,203,192,34,0,ht_chantry-random-25.scen
180,ht_chantry.map,PIBT,1,19931,16530,192,192,45,1,ht_chantry-random-25.scen
180,ht_chantry.map,PIBTOLD,1,20483,16530,203,192,34,1,ht_chantry-random-25.scen
180,ht_chantry.map,PIBT,1,20088,16530,194,192,61,10,ht_chantry-random-25.scen
180,ht_chantry.map,PIBTOLD,1,20483,16530,203,192,29,10,ht_chantry-random-25.scen
180,ht_chantry.map,PIBT,1,20088,16530,194,192,62,100,ht_chantry-random-25.scen
180,ht_chantry.map,PIBTOLD,1,20483,16530,203,192,37,100,ht_chantry-random-25.scen
180,ht_chantry.map,PIBT,1,20088,16530,194,192,62,1000,ht_chantry-random-25.scen
180,ht_chantry.map,PIBTOLD,1,20483,16530,203,192,34,1000,ht_chantry-random-25.scen
220,ht_chantry.map,PIBT,1,25933,20969,192,192,51,0,ht_chantry-random-25.scen
220,ht_chantry.map,PIBTOLD,1,25933,20969,192,192,41,0,ht_chantry-random-25.scen
220,ht_chantry.map,PIBT,1,25295,20969,196,192,79,1,ht_chantry-random-25.scen
220,ht_chantry.map,PIBTOLD,1,25933,20969,192,192,41,1,ht_chantry-random-25.scen
220,ht_chantry.map,PIBT,1,25015,20969,198,192,142,10,ht_chantry-random-25.scen
220,ht_chantry.map,PIBTOLD,1,25933,20969,192,192,43,10,ht_chantry-random-25.scen
220,ht_chantry.map,PIBT,1,25226,20969,196,192,936,100,ht_chantry-random-25.scen
220,ht_chantry.map,PIBTOLD,1,25933,20969,192,192,40,100,ht_chantry-random-25.scen
220,ht_chantry.map,PIBT,1,25252,20969,196,192,5428,1000,ht_chantry-random-25.scen
220,ht_chantry.map,PIBTOLD,1,25933,20969,192,192,44,1000,ht_chantry-random-25.scen
260,ht_chantry.map,PIBT,1,31723,25333,192,192,63,0,ht_chantry-random-25.scen
260,ht_chantry.map,PIBTOLD,1,31723,25333,192,192,54,0,ht_chantry-random-25.scen
260,ht_chantry.map,PIBT,1,30816,25333,198,192,105,1,ht_chantry-random-25.scen
260,ht_chantry.map,PIBTOLD,1,31723,25333,192,192,50,1,ht_chantry-random-25.scen
260,ht_chantry.map,PIBT,1,31433,25333,196,192,386,10,ht_chantry-random-25.scen
260,ht_chantry.map,PIBTOLD,1,31723,25333,192,192,52,10,ht_chantry-random-25.scen
260,ht_chantry.map,PIBT,1,31188,25333,196,192,2249,100,ht_chantry-random-25.scen
260,ht_chantry.map,PIBTOLD,1,31723,25333,192,192,52,100,ht_chantry-random-25.scen
260,ht_chantry.map,PIBT,1,31127,25333,198,192,12038,1000,ht_chantry-random-25.scen
260,ht_chantry.map,PIBTOLD,1,31723,25333,192,192,46,1000,ht_chantry-random-25.scen
300,ht_chantry.map,PIBT,1,36620,29525,194,192,73,0,ht_chantry-random-25.scen
300,ht_chantry.map,PIBTOLD,1,36620,29525,194,192,58,0,ht_chantry-random-25.scen
300,ht_chantry.map,PIBT,1,36594,29525,204,192,134,1,ht_chantry-random-25.scen
300,ht_chantry.map,PIBTOLD,1,36620,29525,194,192,61,1,ht_chantry-random-25.scen
300,ht_chantry.map,PIBT,1,36530,29525,205,192,582,10,ht_chantry-random-25.scen
300,ht_chantry.map,PIBTOLD,1,36620,29525,194,192,58,10,ht_chantry-random-25.scen
300,ht_chantry.map,PIBT,1,36287,29525,219,192,2341,100,ht_chantry-random-25.scen
300,ht_chantry.map,PIBTOLD,1,36620,29525,194,192,60,100,ht_chantry-random-25.scen
300,ht_chantry.map,PIBT,1,36251,29525,207,192,15713,1000,ht_chantry-random-25.scen
300,ht_chantry.map,PIBTOLD,1,36620,29525,194,192,58,1000,ht_chantry-random-25.scen
340,ht_chantry.map,PIBT,1,43615,33838,207,192,90,0,ht_chantry-random-25.scen
340,ht_chantry.map,PIBTOLD,1,43615,33838,207,192,66,0,ht_chantry-random-25.scen
340,ht_chantry.map,PIBT,1,42598,33838,196,192,146,1,ht_chantry-random-25.scen
340,ht_chantry.map,PIBTOLD,1,43615,33838,207,192,70,1,ht_chantry-random-25.scen
340,ht_chantry.map,PIBT,1,42878,33838,198,192,648,10,ht_chantry-random-25.scen
340,ht_chantry.map,PIBTOLD,1,43615,33838,207,192,67,10,ht_chantry-random-25.scen
340,ht_chantry.map,PIBT,1,42285,33838,198,192,4399,100,ht_chantry-random-25.scen
340,ht_chantry.map,PIBTOLD,1,43615,33838,207,192,69,100,ht_chantry-random-25.scen
340,ht_chantry.map,PIBT,1,42119,33838,199,192,42875,1000,ht_chantry-random-25.scen
340,ht_chantry.map,PIBTOLD,1,43615,33838,207,192,72,1000,ht_chantry-random-25.scen
380,ht_chantry.map,PIBT,1,50072,37835,199,192,102,0,ht_chantry-random-25.scen
380,ht_chantry.map,PIBTOLD,1,50072,37835,199,192,77,0,ht_chantry-random-25.scen
380,ht_chantry.map,PIBT,1,49069,37835,202,192,178,1,ht_chantry-random-25.scen
380,ht_chantry.map,PIBTOLD,1,50072,37835,199,192,75,1,ht_chantry-random-25.scen
380,ht_chantry.map,PIBT,1,49245,37835,201,192,770,10,ht_chantry-random-25.scen
380,ht_chantry.map,PIBTOLD,1,50072,37835,199,192,74,10,ht_chantry-random-25.scen
380,ht_chantry.map,PIBT,1,48493,37835,205,192,6513,100,ht_chantry-random-25.scen
380,ht_chantry.map,PIBTOLD,1,50072,37835,199,192,79,100,ht_chantry-random-25.scen
20,ht_chantry.map,PIBT,1,1706,1693,178,178,5,0,ht_chantry-random-6.scen
20,ht_chantry.map,PIBTOLD,1,1706,1693,178,178,5,0,ht_chantry-random-6.scen
20,ht_chantry.map,PIBT,1,1708,1693,178,178,4,1,ht_chantry-random-6.scen
20,ht_chantry.map,PIBTOLD,1,1706,1693,178,178,4,1,ht_chantry-random-6.scen
20,ht_chantry.map,PIBT,1,1708,1693,178,178,5,10,ht_chantry-random-6.scen
20,ht_chantry.map,PIBTOLD,1,1706,1693,178,178,4,10,ht_chantry-random-6.scen
20,ht_chantry.map,PIBT,1,1708,1693,178,178,4,100,ht_chantry-random-6.scen
20,ht_chantry.map,PIBTOLD,1,1706,1693,178,178,4,100,ht_chantry-random-6.scen
20,ht_chantry.map,PIBT,1,1708,1693,178,178,4,1000,ht_chantry-random-6.scen
20,ht_chantry.map,PIBTOLD,1,1706,1693,178,178,4,1000,ht_chantry-random-6.scen
60,ht_chantry.map,PIBT,1,6035,5523,192,192,13,0,ht_chantry-random-6.scen
60,ht_chantry.map,PIBTOLD,1,6035,5523,192,192,12,0,ht_chantry-random-6.scen
60,ht_chantry.map,PIBT,1,6021,5523,194,192,12,1,ht_chantry-random-6.scen
60,ht_chantry.map,PIBTOLD,1,6035,5523,192,192,11,1,ht_chantry-random-6.scen
60,ht_chantry.map,PIBT,1,6021,5523,194,192,12,10,ht_chantry-random-6.scen
60,ht_chantry.map,PIBTOLD,1,6035,5523,192,192,12,10,ht_chantry-random-6.scen
60,ht_chantry.map,PIBT,1,6021,5523,194,192,13,100,ht_chantry-random-6.scen
60,ht_chantry.map,PIBTOLD,1,6035,5523,192,192,13,100,ht_chantry-random-6.scen
60,ht_chantry.map,PIBT,1,6021,5523,194,192,12,1000,ht_chantry-random-6.scen
60,ht_chantry.map,PIBTOLD,1,6035,5523,192,192,11,1000,ht_chantry-random-6.scen
100,ht_chantry.map,PIBT,1,10457,8999,192,192,21,0,ht_chantry-random-6.scen
100,ht_chantry.map,PIBTOLD,1,10457,8999,192,192,20,0,ht_chantry-random-6.scen
100,ht_chantry.map,PIBT,1,10303,8999,194,192,21,1,ht_chantry-random-6.scen
100,ht_chantry.map,PIBTOLD,1,10457,8999,192,192,18,1,ht_chantry-random-6.scen
100,ht_chantry.map,PIBT,1,10303,8999,194,192,22,10,ht_chantry-random-6.scen
100,ht_chantry.map,PIBTOLD,1,10457,8999,192,192,18,10,ht_chantry-random-6.scen
100,ht_chantry.map,PIBT,1,10303,8999,194,192,23,100,ht_chantry-random-6.scen
100,ht_chantry.map,PIBTOLD,1,10457,8999,192,192,18,100,ht_chantry-random-6.scen
100,ht_chantry.map,PIBT,1,10303,8999,194,192,21,1000,ht_chantry-random-6.scen
100,ht_chantry.map,PIBTOLD,1,10457,8999,192,192,19,1000,ht_chantry-random-6.scen
140,ht_chantry.map,PIBT,1,15141,12427,226,192,31,0,ht_chantry-random-6.scen
140,ht_chantry.map,PIBTOLD,1,15141,12427,226,192,27,0,ht_chantry-random-6.scen
140,ht_chantry.map,PIBT,1,14368,12427,199,192,33,1,ht_chantry-random-6.scen
140,ht_chantry.map,PIBTOLD,1,15141,12427,226,192,28,1,ht_chantry-random-6.scen
140,ht_chantry.map,PIBT,1,14618,12427,195,192,33,10,ht_chantry-random-6.scen
140,ht_chantry.map,PIBTOLD,1,15141,12427,226,192,28,10,ht_chantry-random-6.scen
140,ht_chantry.map,PIBT,1,14618,12427,195,192,34,100,ht_chantry-random-6.scen
140,ht_chantry.map,PIBTOLD,1,15141,12427,226,192,27,100,ht_chantry-random-6.scen
140,ht_chantry.map,PIBT,1,14618,12427,195,192,35,1000,ht_chantry-random-6.scen
140,ht_chantry.map,PIBTOLD,1,15141,12427,226,192,26,1000,ht_chantry-random-6.scen
180,ht_chantry.map,PIBT,1,20483,16530,203,192,40,0,ht_chantry-random-6.scen
180,ht_chantry.map,PIBTOLD,1,20483,16530,203,192,31,0,ht_chantry-random-6.scen
180,ht_chantry.map,PIBT,1,19935,16530,192,192,47,1,ht_chantry-random-6.scen
180,ht_chantry.map,PIBTOLD,1,20483,16530,203,192,35,1,ht_chantry-random-6.scen
180,ht_chantry.map,PIBT,1,20088,16530,194,192,63,10,ht_chantry-random-6.scen
180,ht_chantry.map,PIBTOLD,1,20483,16530,203,192,35,10,ht_chantry-random-6.scen
180,ht_chantry.map,PIBT,1,20088,16530,194,192,61,100,ht_chantry-random-6.scen
180,ht_chantry.map,PIBTOLD,1,20483,16530,203,192,37,100,ht_chantry-random-6.scen
180,ht_chantry.map,PIBT,1,20088,16530,194,192,60,1000,ht_chantry-random-6.scen
180,ht_chantry.map,PIBTOLD,1,20483,16530,203,192,31,1000,ht_chantry-random-6.scen
220,ht_chantry.map,PIBT,1,25933,20969,192,192,50,0,ht_chantry-random-6.scen
220,ht_chantry.map,PIBTOLD,1,25933,20969,192,192,42,0,ht_chantry-random-6.scen
220,ht_chantry.map,PIBT,1,24868,20969,196,192,80,1,ht_chantry-random-6.scen
220,ht_chantry.map,PIBTOLD,1,25933,20969,192,192,44,1,ht_chantry-random-6.scen
220,ht_chantry.map,PIBT,1,25369,20969,196,192,188,10,ht_chantry-random-6.scen
220,ht_chantry.map,PIBTOLD,1,25933,20969,192,192,42,10,ht_chantry-random-6.scen
220,ht_chantry.map,PIBT,1,25263,20969,196,192,796,100,ht_chantry-random-6.scen
220,ht_chantry.map,PIBTOLD,1,25933,20969,192,192,41,100,ht_chantry-random-6.scen
220,ht_chantry.map,PIBT,1,24875,20969,196,192,4734,1000,ht_chantry-random-6.scen
220,ht_chantry.map,PIBTOLD,1,25933,20969,192,192,42,1000,ht_chantry-random-6.scen
260,ht_chantry.map,PIBT,1,31723,25333,192,192,62,0,ht_chantry-random-6.scen
260,ht_chantry.map,PIBTOLD,1,31723,25333,192,192,49,0,ht_chantry-random-6.scen
260,ht_chantry.map,PIBT,1,31121,25333,233,192,111,1,ht_chantry-random-6.scen
260,ht_chantry.map,PIBTOLD,1,31723,25333,192,192,52,1,ht_chantry-random-6.scen
260,ht_chantry.map,PIBT,1,31353,25333,197,192,375,10,ht_chantry-random-6.scen
260,ht_chantry.map,PIBTOLD,1,31723,25333,192,192,53,10,ht_chantry-random-6.scen
260,ht_chantry.map,PIBT,1,31466,25333,197,192,3086,100,ht_chantry-random-6.scen
260,ht_chantry.map,PIBTOLD,1,31723,25333,192,192,52,100,ht_chantry-random-6.scen
260,ht_chantry.map,PIBT,1,31123,25333,196,192,24021,1000,ht_chantry-random-6.scen
260,ht_chantry.map,PIBTOLD,1,31723,25333,192,192,51,1000,ht_chantry-random-6.scen
300,ht_chantry.map,PIBT,1,36620,29525,194,192,77,0,ht_chantry-random-6.scen
300,ht_chantry.map,PIBTOLD,1,36620,29525,194,192,53,0,ht_chantry-random-6.scen
300,ht_chantry.map,PIBT,1,36630,29525,205,192,123,1,ht_chantry-random-6.scen
300,ht_chantry.map,PIBTOLD,1,36620,29525,194,192,61,1,ht_chantry-random-6.scen
300,ht_chantry.map,PIBT,1,36580,29525,208,192,428,10,ht_chantry-random-6.scen
300,ht_chantry.map,PIBTOLD,1,36620,29525,194,192,58,10,ht_chantry-random-6.scen
300,ht_chantry.map,PIBT,1,36517,29525,200,192,2506,100,ht_chantry-random-6.scen
300,ht_chantry.map,PIBTOLD,1,36620,29525,194,192,61,100,ht_chantry-random-6.scen
300,ht_chantry.map,PIBT,1,36717,29525,198,192,25482,1000,ht_chantry-random-6.scen
300,ht_chantry.map,PIBTOLD,1,36620,29525,194,192,57,1000,ht_chantry-random-6.scen
340,ht_chantry.map,PIBT,1,43615,33838,207,192,90,0,ht_chantry-random-6.scen
340,ht_chantry.map,PIBTOLD,1,43615,33838,207,192,68,0,ht_chantry-random-6.scen
340,ht_chantry.map,PIBT,1,43320,33838,201,192,159,1,ht_chantry-random-6.scen
340,ht_chantry.map,PIBTOLD,1,43615,33838,207,192,66,1,ht_chantry-random-6.scen
340,ht_chantry.map,PIBT,1,42389,33838,200,192,605,10,ht_chantry-random-6.scen
340,ht_chantry.map,PIBTOLD,1,43615,33838,207,192,67,10,ht_chantry-random-6.scen
340,ht_chantry.map,PIBT,1,42133,33838,202,192,5007,100,ht_chantry-random-6.scen
340,ht_chantry.map,PIBTOLD,1,43615,33838,207,192,70,100,ht_chantry-random-6.scen
340,ht_chantry.map,PIBT,1,42065,33838,211,192,44659,1000,ht_chantry-random-6.scen
340,ht_chantry.map,PIBTOLD,1,43615,33838,207,192,69,1000,ht_chantry-random-6.scen
380,ht_chantry.map,PIBT,1,50072,37835,199,192,100,0,ht_chantry-random-6.scen
380,ht_chantry.map,PIBTOLD,1,50072,37835,199,192,76,0,ht_chantry-random-6.scen
380,ht_chantry.map,PIBT,1,49455,37835,201,192,175,1,ht_chantry-random-6.scen
380,ht_chantry.map,PIBTOLD,1,50072,37835,199,192,68,1,ht_chantry-random-6.scen
380,ht_chantry.map,PIBT,1,48324,37835,202,192,748,10,ht_chantry-random-6.scen
380,ht_chantry.map,PIBTOLD,1,50072,37835,199,192,76,10,ht_chantry-random-6.scen
380,ht_chantry.map,PIBT,1,48134,37835,202,192,6139,100,ht_chantry-random-6.scen
380,ht_chantry.map,PIBTOLD,1,50072,37835,199,192,75,100,ht_chantry-random-6.scen
380,ht_chantry.map,PIBT,1,48705,37835,262,192,59389,1000,ht_chantry-random-6.scen
380,ht_chantry.map,PIBTOLD,1,50072,37835,199,192,79,1000,ht_chantry-random-6.scen
20,ht_chantry.map,PIBT,1,1706,1693,178,178,4,0,ht_chantry-random-14.scen
20,ht_chantry.map,PIBTOLD,1,1706,1693,178,178,3,0,ht_chantry-random-14.scen
20,ht_chantry.map,PIBT,1,1708,1693,178,178,4,1,ht_chantry-random-14.scen
20,ht_chantry.map,PIBTOLD,1,1706,1693,178,178,3,1,ht_chantry-random-14.scen
20,ht_chantry.map,PIBT,1,1708,1693,178,178,4,10,ht_chantry-random-14.scen
20,ht_chantry.map,PIBTOLD,1,1706,1693,178,178,4,10,ht_chantry-random-14.scen
20,ht_chantry.map,PIBT,1,1708,1693,178,178,4,100,ht_chantry-random-14.scen
20,ht_chantry.map,PIBTOLD,1,1706,1693,178,178,4,100,ht_chantry-random-14.scen
20,ht_chantry.map,PIBT,1,1708,1693,178,178,4,1000,ht_chantry-random-14.scen
20,ht_chantry.map,PIBTOLD,1,1706,1693,178,178,4,1000,ht_chantry-random-14.scen
60,ht_chantry.map,PIBT,1,6035,5523,192,192,11,0,ht_chantry-random-14.scen
60,ht_chantry.map,PIBTOLD,1,6035,5523,192,192,11,0,ht_chantry-random-14.scen
60,ht_chantry.map,PIBT,1,6021,5523,194,192,11,1,ht_chantry-random-14.scen
60,ht_chantry.map,PIBTOLD,1,6035,5523,192,192,11,1,ht_chantry-random-14.scen
60,ht_chantry.map,PIBT,1,6021,5523,194,192,12,10,ht_chantry-random-14.scen
60,ht_chantry.map,PIBTOLD,1,6035,5523,192,192,11,10,ht_chantry-random-14.scen
60,ht_chantry.map,PIBT,1,6021,5523,194,192,13,100,ht_chantry-random-14.scen
60,ht_chantry.map,PIBTOLD,1,6035,5523,192,192,12,100,ht_chantry-random-14.scen
60,ht_chantry.map,PIBT,1,6021,5523,194,192,19,1000,ht_chantry-random-14.scen
60,ht_chantry.map,PIBTOLD,1,6035,5523,192,192,11,1000,ht_chantry-random-14.scen
100,ht_chantry.map,PIBT,1,10457,8999,192,192,20,0,ht_chantry-random-14.scen
100,ht_chantry.map,PIBTOLD,1,10457,8999,192,192,19,0,ht_chantry-random-14.scen
100,ht_chantry.map,PIBT,1,10303,8999,194,192,20,1,ht_chantry-random-14.scen
100,ht_chantry.map,PIBTOLD,1,10457,8999,192,192,19,1,ht_chantry-random-14.scen
100,ht_chantry.map,PIBT,1,10303,8999,194,192,20,10,ht_chantry-random-14.scen
100,ht_chantry.map,PIBTOLD,1,10457,8999,192,192,19,10,ht_chantry-random-14.scen
100,ht_chantry.map,PIBT,1,10303,8999,194,192,21,100,ht_chantry-random-14.scen
100,ht_chantry.map,PIBTOLD,1,10457,8999,192,192,21,100,ht_chantry-random-14.scen
100,ht_chantry.map,PIBT,1,10303,8999,194,192,22,1000,ht_chantry-random-14.scen
100,ht_chantry.map,PIBTOLD,1,10457,8999,192,192,19,1000,ht_chantry-random-14.scen
140,ht_chantry.map,PIBT,1,15141,12427,226,192,32,0,ht_chantry-random-14.scen
140,ht_chantry.map,PIBTOLD,1,15141,12427,226,192,29,0,ht_chantry-random-14.scen
140,ht_chantry.map,PIBT,1,14472,12427,196,192,34,1,ht_chantry-random-14.scen
140,ht_chantry.map,PIBTOLD,1,15141,12427,226,192,28,1,ht_chantry-random-14.scen
140,ht_chantry.map,PIBT,1,14618,12427,195,192,35,10,ht_chantry-random-14.scen
140,ht_chantry.map,PIBTOLD,1,15141,12427,226,192,27,10,ht_chantry-random-14.scen
140,ht_chantry.map,PIBT,1,14618,12427,195,192,34,100,ht_chantry-random-14.scen
140,ht_chantry.map,PIBTOLD,1,15141,12427,226,192,30,100,ht_chantry-random-14.scen
140,ht_chantry.map,PIBT,1,14618,12427,195,192,32,1000,ht_chantry-random-14.scen
140,ht_chantry.map,PIBTOLD,1,15141,12427,226,192,27,1000,ht_chantry-random-14.scen
180,ht_chantry.map,PIBT,1,20483,16530,203,192,42,0,ht_chantry-random-14.scen
180,ht_chantry.map,PIBTOLD,1,20483,16530,203,192,36,0,ht_chantry-random-14.scen
180,ht_chantry.map,PIBT,1,19926,16530,194,192,45,1,ht_chantry-random-14.scen
180,ht_chantry.map,PIBTOLD,1,20483,16530,203,192,34,1,ht_chantry-random-14.scen
180,ht_chantry.map,PIBT,1,20088,16530,194,192,64,10,ht_chantry-random-14.scen
180,ht_chantry.map,PIBTOLD,1,20483,16530,203,192,32,10,ht_chantry-random-14.scen
180,ht_chantry.map,PIBT,1,20088,16530,194,192,62,100,ht_chantry-random-14.scen
180,ht_chantry.map,PIBTOLD,1,20483,16530,203,192,35,100,ht_chantry-random-14.scen
180,ht_chantry.map,PIBT,1,20088,16530,194,192,65,1000,ht_chantry-random-14.scen
180,ht_chantry.map,PIBTOLD,1,20483,16530,203,192,36,1000,ht_chantry-random-14.scen
220,ht_chantry.map,PIBT,1,25933,20969,192,192,51,0,ht_chantry-random-14.scen
220,ht_chantry.map,PIBTOLD,1,25933,20969,192,192,44,0,ht_chantry-random-14.scen
220,ht_chantry.map,PIBT,1,25229,20969,200,192,70,1,ht_chantry-random-14.scen
220,ht_chantry.map,PIBTOLD,1,25933,20969,192,192,41,1,ht_chantry-random-14.scen
220,ht_chantry.map,PIBT,1,25072,20969,196,192,163,10,ht_chantry-random-14.scen
220,ht_chantry.map,PIBTOLD,1,25933,20969,192,192,44,10,ht_chantry-random-14.scen
220,ht_chantry.map,PIBT,1,24956,20969,198,192,834,100,ht_chantry-random-14.scen
220,ht_chantry.map,PIBTOLD,1,25933,20969,192,192,44,100,ht_chantry-random-14.scen
220,ht_chantry.map,PIBT,1,25253,20969,196,192,4129,1000,ht_chantry-random-14.scen
220,ht_chantry.map,PIBTOLD,1,25933,20969,192,192,41,1000,ht_chantry-random-14.scen
260,ht_chantry.map,PIBT,1,31723,25333,192,192,64,0,ht_chantry-random-14.scen
260,ht_chantry.map,PIBTOLD,1,31723,25333,192,192,50,0,ht_chantry-random-14.scen
260,ht_chantry.map,PIBT,1,31499,25333,200,192,107,1,ht_chantry-random-14.scen
260,ht_chantry.map,PIBTOLD,1,31723,25333,192,192,50,1,ht_chantry-random-14.scen
260,ht_chantry.map,PIBT,1,31396,25333,219,192,328,10,ht_chantry-random-14.scen
260,ht_chantry.map,PIBTOLD,1,31723,25333,192,192,49,10,ht_chantry-random-14.scen
260,ht_chantry.map,PIBT,1,31034,25333,199,192,2106,100,ht_chantry-random-14.scen
260,ht_chantry.map,PIBTOLD,1,31723,25333,192,192,50,100,ht_chantry-random-14.scen
260,ht_chantry.map,PIBT,1,30795,25333,197,192,15604,1000,ht_chantry-random-14.scen
260,ht_chantry.map,PIBTOLD,1,31723,25333,192,192,52,1000,ht_chantry-random-14.scen
300,ht_chantry.map,PIBT,1,36620,29525,194,192,75,0,ht_chantry-random-14.scen
300,ht_chantry.map,PIBTOLD,1,36620,29525,194,192,52,0,ht_chantry-random-14.scen
300,ht_chantry.map,PIBT,1,36959,29525,231,192,132,1,ht_chantry-random-14.scen
300,ht_chantry.map,PIBTOLD,1,36620,29525,194,192,57,1,ht_chantry-random-14.scen
300,ht_chantry.map,PIBT,1,36448,29525,205,192,497,10,ht_chantry-random-14.scen
300,ht_chantry.map,PIBTOLD,1,36620,29525,194,192,58,10,ht_chantry-random-14.scen
300,ht_chantry.map,PIBT,1,36647,29525,197,192,3141,100,ht_chantry-random-14.scen
300,ht_chantry.map,PIBTOLD,1,36620,29525,194,192,60,100,ht_chantry-random-14.scen
300,ht_chantry.map,PIBT,1,36227,29525,204,192,18994,1000,ht_chantry-random-14.scen
300,ht_chantry.map,PIBTOLD,1,36620,29525,194,192,59,1000,ht_chantry-random-14.scen
340,ht_chantry.map,PIBT,1,43615,33838,207,192,91,0,ht_chantry-random-14.scen
340,ht_chantry.map,PIBTOLD,1,43615,33838,207,192,69,0,ht_chantry-random-14.scen
340,ht_chantry.map,PIBT,1,43520,33838,201,192,158,1,ht_chantry-random-14.scen
340,ht_chantry.map,PIBTOLD,1,43615,33838,207,192,67,1,ht_chantry-random-14.scen
340,ht_chantry.map,PIBT,1,42113,33838,199,192,673,10,ht_chantry-random-14.scen
340,ht_chantry.map,PIBTOLD,1,43615,33838,207,192,67,10,ht_chantry-random-14.scen
340,ht_chantry.map,PIBT,1,41946,33838,210,192,5403,100,ht_chantry-random-14.scen
340,ht_chantry.map,PIBTOLD,1,43615,33838,207,192,70,100,ht_chantry-random-14.scen
340,ht_chantry.map,PIBT,1,41563,33838,198,192,39304,1000,ht_chantry-random-14.scen
340,ht_chantry.map,PIBTOLD,1,43615,33838,207,192,65,1000,ht_chantry-random-14.scen
380,ht_chantry.map,PIBT,1,50072,37835,199,192,102,0,ht_chantry-random-14.scen
380,ht_chantry.map,PIBTOLD,1,50072,37835,199,192,76,0,ht_chantry-random-14.scen
380,ht_chantry.map,PIBT,1,49262,37835,206,192,186,1,ht_chantry-random-14.scen
380,ht_chantry.map,PIBTOLD,1,50072,37835,199,192,78,1,ht_chantry-random-14.scen
380,ht_chantry.map,PIBT,1,48753,37835,206,192,739,10,ht_chantry-random-14.scen
380,ht_chantry.map,PIBTOLD,1,50072,37835,199,192,78,10,ht_chantry-random-14.scen
380,ht_chantry.map,PIBT,1,49163,37835,214,192,7015,100,ht_chantry-random-14.scen
380,ht_chantry.map,PIBTOLD,1,50072,37835,199,192,80,100,ht_chantry-random-14.scen
380,ht_chantry.map,PIBT,1,48090,37835,204,192,53949,1000,ht_chantry-random-14.scen
380,ht_chantry.map,PIBTOLD,1,50072,37835,199,192,79,1000,ht_chantry-random-14.scen
20,ht_chantry.map,PIBT,1,1706,1693,178,178,4,0,ht_chantry-random-17.scen
20,ht_chantry.map,PIBTOLD,1,1706,1693,178,178,4,0,ht_chantry-random-17.scen
20,ht_chantry.map,PIBT,1,1708,1693,178,178,4,1,ht_chantry-random-17.scen
20,ht_chantry.map,PIBTOLD,1,1706,1693,178,178,4,1,ht_chantry-random-17.scen
20,ht_chantry.map,PIBT,1,1708,1693,178,178,4,10,ht_chantry-random-17.scen
20,ht_chantry.map,PIBTOLD,1,1706,1693,178,178,4,10,ht_chantry-random-17.scen
20,ht_chantry.map,PIBT,1,1708,1693,178,178,4,100,ht_chantry-random-17.scen
20,ht_chantry.map,PIBTOLD,1,1706,1693,178,178,4,100,ht_chantry-random-17.scen
20,ht_chantry.map,PIBT,1,1708,1693,178,178,4,1000,ht_chantry-random-17.scen
20,ht_chantry.map,PIBTOLD,1,1706,1693,178,178,4,1000,ht_chantry-random-17.scen
60,ht_chantry.map,PIBT,1,6035,5523,192,192,12,0,ht_chantry-random-17.scen
60,ht_chantry.map,PIBTOLD,1,6035,5523,192,192,11,0,ht_chantry-random-17.scen
60,ht_chantry.map,PIBT,1,6021,5523,194,192,14,1,ht_chantry-random-17.scen
60,ht_chantry.map,PIBTOLD,1,6035,5523,192,192,12,1,ht_chantry-random-17.scen
60,ht_chantry.map,PIBT,1,6021,5523,194,192,13,10,ht_chantry-random-17.scen
60,ht_chantry.map,PIBTOLD,1,6035,5523,192,192,12,10,ht_chantry-random-17.scen
60,ht_chantry.map,PIBT,1,6021,5523,194,192,12,100,ht_chantry-random-17.scen
60,ht_chantry.map,PIBTOLD,1,6035,5523,192,192,12,100,ht_chantry-random-17.scen
60,ht_chantry.map,PIBT,1,6021,5523,194,192,13,1000,ht_chantry-random-17.scen
60,ht_chantry.map,PIBTOLD,1,6035,5523,192,192,11,1000,ht_chantry-random-17.scen
100,ht_chantry.map,PIBT,1,10457,8999,192,192,20,0,ht_chantry-random-17.scen
100,ht_chantry.map,PIBTOLD,1,10457,8999,192,192,18,0,ht_chantry-random-17.scen
100,ht_chantry.map,PIBT,1,10303,8999,194,192,20,1,ht_chantry-random-17.scen
100,ht_chantry.map,PIBTOLD,1,10457,8999,192,192,17,1,ht_chantry-random-17.scen
100,ht_chantry.map,PIBT,1,10303,8999,194,192,20,10,ht_chantry-random-17.scen
100,ht_chantry.map,PIBTOLD,1,10457,8999,192,192,18,10,ht_chantry-random-17.scen
100,ht_chantry.map,PIBT,1,10303,8999,194,192,21,100,ht_chantry-random-17.scen
100,ht_chantry.map,PIBTOLD,1,10457,8999,192,192,19,100,ht_chantry-random-17.scen
100,ht_chantry.map,PIBT,1,10303,8999,194,192,22,1000,ht_chantry-random-17.scen
100,ht_chantry.map,PIBTOLD,1,10457,8999,192,192,15,1000,ht_chantry-random-17.scen
140,ht_chantry.map,PIBT,1,15141,12427,226,192,31,0,ht_chantry-random-17.scen
140,ht_chantry.map,PIBTOLD,1,15141,12427,226,192,28,0,ht_chantry-random-17.scen
140,ht_chantry.map,PIBT,1,14619,12427,196,192,33,1,ht_chantry-random-17.scen
140,ht_chantry.map,PIBTOLD,1,15141,12427,226,192,31,1,ht_chantry-random-17.scen
140,ht_chantry.map,PIBT,1,14618,12427,195,192,35,10,ht_chantry-random-17.scen
140,ht_chantry.map,PIBTOLD,1,15141,12427,226,192,27,10,ht_chantry-random-17.scen
140,ht_chantry.map,PIBT,1,14618,12427,195,192,36,100,ht_chantry-random-17.scen
140,ht_chantry.map,PIBTOLD,1,15141,12427,226,192,27,100,ht_chantry-random-17.scen
140,ht_chantry.map,PIBT,1,14618,12427,195,192,35,1000,ht_chantry-random-17.scen
140,ht_chantry.map,PIBTOLD,1,15141,12427,226,192,29,1000,ht_chantry-random-17.scen
180,ht_chantry.map,PIBT,1,20483,16530,203,192,40,0,ht_chantry-random-17.scen
180,ht_chantry.map,PIBTOLD,1,20483,16530,203,192,32,0,ht_chantry-random-17.scen
180,ht_chantry.map,PIBT,1,19686,16530,192,192,47,1,ht_chantry-random-17.scen
180,ht_chantry.map,PIBTOLD,1,20483,16530,203,192,38,1,ht_chantry-random-17.scen
180,ht_chantry.map,PIBT,1,20088,16530,194,192,69,10,ht_chantry-random-17.scen
180,ht_chantry.map,PIBTOLD,1,20483,16530,203,192,37,10,ht_chantry-random-17.scen
180,ht_chantry.map,PIBT,1,20088,16530,194,192,62,100,ht_chantry-random-17.scen
180,ht_chantry.map,PIBTOLD,1,20483,16530,203,192,35,100,ht_chantry-random-17.scen
180,ht_chantry.map,PIBT,1,20088,16530,194,192,62,1000,ht_chantry-random-17.scen
180,ht_chantry.map,PIBTOLD,1,20483,16530,203,192,37,1000,ht_chantry-random-17.scen
220,ht_chantry.map,PIBT,1,25933,20969,192,192,51,0,ht_chantry-random-17.scen
220,ht_chantry.map,PIBTOLD,1,25933,20969,192,192,44,0,ht_chantry-random-17.scen
220,ht_chantry.map,PIBT,1,25192,20969,197,192,80,1,ht_chantry-random-17.scen
220,ht_chantry.map,PIBTOLD,1,25933,20969,192,192,45,1,ht_chantry-random-17.scen
220,ht_chantry.map,PIBT,1,24859,20969,196,192,129,10,ht_chantry-random-17.scen
220,ht_chantry.map,PIBTOLD,1,25933,20969,192,192,43,10,ht_chantry-random-17.scen
220,ht_chantry.map,PIBT,1,25203,20969,196,192,846,100,ht_chantry-random-17.scen
220,ht_chantry.map,PIBTOLD,1,25933,20969,192,192,45,100,ht_chantry-random-17.scen
220,ht_chantry.map,PIBT,1,25325,20969,196,192,6966,1000,ht_chantry-random-17.scen
220,ht_chantry.map,PIBTOLD,1,25933,20969,192,192,44,1000,ht_chantry-random-17.scen
260,ht_chantry.map,PIBT,1,31723,25333,192,192,65,0,ht_chantry-random-17.scen
260,ht_chantry.map,PIBTOLD,1,31723,25333,192,192,48,0,ht_chantry-random-17.scen
260,ht_chantry.map,PIBT,1,31184,25333,200,192,105,1,ht_chantry-random-17.scen
260,ht_chantry.map,PIBTOLD,1,31723,25333,192,192,48,1,ht_chantry-random-17.scen
260,ht_chantry.map,PIBT,1,31275,25333,200,192,413,10,ht_chantry-random-17.scen
260,ht_chantry.map,PIBTOLD,1,31723,25333,192,192,53,10,ht_chantry-random-17.scen
260,ht_chantry.map,PIBT,1,30850,25333,202,192,2356,100,ht_chantry-random-17.scen
260,ht_chantry.map,PIBTOLD,1,31723,25333,192,192,50,100,ht_chantry-random-17.scen
260,ht_chantry.map,PIBT,1,31130,25333,208,192,16870,1000,ht_chantry-random-17.scen
260,ht_chantry.map,PIBTOLD,1,31723,25333,192,192,50,1000,ht_chantry-random-17.scen
300,ht_chantry.map,PIBT,1,36620,29525,194,192,73,0,ht_chantry-random-17.scen
300,ht_chantry.map,PIBTOLD,1,36620,29525,194,192,57,0,ht_chantry-random-17.scen
300,ht_chantry.map,PIBT,1,36704,29525,205,192,128,1,ht_chantry-random-17.scen
300,ht_chantry.map,PIBTOLD,1,36620,29525,194,192,57,1,ht_chantry-random-17.scen
300,ht_chantry.map,PIBT,1,36624,29525,199,192,533,10,ht_chantry-random-17.scen
300,ht_chantry.map,PIBTOLD,1,36620,29525,194,192,58,10,ht_chantry-random-17.scen
300,ht_chantry.map,PIBT,1,36450,29525,205,192,2949,100,ht_chantry-random-17.scen
300,ht_chantry.map,PIBTOLD,1,36620,29525,194,192,62,100,ht_chantry-random-17.scen
300,ht_chantry.map,PIBT,1,36417,29525,207,192,20516,1000,ht_chantry-random-17.scen
300,ht_chantry.map,PIBTOLD,1,36620,29525,194,192,59,1000,ht_chantry-random-17.scen
340,ht_chantry.map,PIBT,1,43615,33838,207,192,93,0,ht_chantry-random-17.scen
340,ht_chantry.map,PIBTOLD,1,43615,33838,207,192,72,0,ht_chantry-random-17.scen
340,ht_chantry.map,PIBT,1,42429,33838,195,192,150,1,ht_chantry-random-17.scen
340,ht_chantry.map,PIBTOLD,1,43615,33838,207,192,68,1,ht_chantry-random-17.scen
340,ht_chantry.map,PIBT,1,42548,33838,199,192,639,10,ht_chantry-random-17.scen
340,ht_chantry.map,PIBTOLD,1,43615,33838,207,192,68,10,ht_chantry-random-17.scen
340,ht_chantry.map,PIBT,1,42228,33838,203,192,5468,100,ht_chantry-random-17.scen
340,ht_chantry.map,PIBTOLD,1,43615,33838,207,192,72,100,ht_chantry-random-17.scen
340,ht_chantry.map,PIBT,1,42666,33838,201,192,47422,1000,ht_chantry-random-17.scen
340,ht_chantry.map,PIBTOLD,1,43615,33838,207,192,71,1000,ht_chantry-random-17.scen
380,ht_chantry.map,PIBT,1,50072,37835,199,192,101,0,ht_chantry-random-17.scen
380,ht_chantry.map,PIBTOLD,1,50072,37835,199,192,77,0,ht_chantry-random-17.scen
380,ht_chantry.map,PIBT,1,49578,37835,206,192,184,1,ht_chantry-random-17.scen
380,ht_chantry.map,PIBTOLD,1,50072,37835,199,192,76,1,ht_chantry-random-17.scen
380,ht_chantry.map,PIBT,1,48687,37835,200,192,744,10,ht_chantry-random-17.scen
380,ht_chantry.map,PIBTOLD,1,50072,37835,199,192,76,10,ht_chantry-random-17.scen
380,ht_chantry.map,PIBT,1,48682,37835,215,192,5953,100,ht_chantry-random-17.scen
380,ht_chantry.map,PIBTOLD,1,50072,37835,199,192,75,100,ht_chantry-random-17.scen
380,ht_chantry.map,PIBT,1,47963,37835,197,192,55441,1000,ht_chantry-random-17.scen
380,ht_chantry.map,PIBTOLD,1,50072,37835,199,192,79,1000,ht_chantry-random-17.scen
20,ht_chantry.map,PIBT,1,1706,1693,178,178,4,0,ht_chantry-random-20.scen
20,ht_chantry.map,PIBTOLD,1,1706,1693,178,178,4,0,ht_chantry-random-20.scen
20,ht_chantry.map,PIBT,1,1708,1693,178,178,4,1,ht_chantry-random-20.scen
20,ht_chantry.map,PIBTOLD,1,1706,1693,178,178,4,1,ht_chantry-random-20.scen
20,ht_chantry.map,PIBT,1,1708,1693,178,178,4,10,ht_chantry-random-20.scen
20,ht_chantry.map,PIBTOLD,1,1706,1693,178,178,4,10,ht_chantry-random-20.scen
20,ht_chantry.map,PIBT,1,1708,1693,178,178,4,100,ht_chantry-random-20.scen
20,ht_chantry.map,PIBTOLD,1,1706,1693,178,178,4,100,ht_chantry-random-20.scen
20,ht_chantry.map,PIBT,1,1708,1693,178,178,4,1000,ht_chantry-random-20.scen
20,ht_chantry.map,PIBTOLD,1,1706,1693,178,178,4,1000,ht_chantry-random-20.scen
60,ht_chantry.map,PIBT,1,6035,5523,192,192,12,0,ht_chantry-random-20.scen
60,ht_chantry.map,PIBTOLD,1,6035,5523,192,192,12,0,ht_chantry-random-20.scen
60,ht_chantry.map,PIBT,1,6021,5523,194,192,12,1,ht_chantry-random-20.scen
60,ht_chantry.map,PIBTOLD,1,6035,5523,192,192,11,1,ht_chantry-random-20.scen
60,ht_chantry.map,PIBT,1,6021,5523,194,192,12,10,ht_chantry-random-20.scen
60,ht_chantry.map,PIBTOLD,1,6035,5523,192,192,10,10,ht_chantry-random-20.scen
60,ht_chantry.map,PIBT,1,6021,5523,194,192,13,100,ht_chantry-random-20.scen
60,ht_chantry.map,PIBTOLD,1,6035,5523,192,192,11,100,ht_chantry-random-20.scen
60,ht_chantry.map,PIBT,1,6021,5523,194,192,11,1000,ht_chantry-random-20.scen
60,ht_chantry.map,PIBTOLD,1,6035,5523,192,192,11,1000,ht_chantry-random-20.scen
100,ht_chantry.map,PIBT,1,10457,8999,192,192,22,0,ht_chantry-random-20.scen
100,ht_chantry.map,PIBTOLD,1,10457,8999,192,192,18,0,ht_chantry-random-20.scen
100,ht_chantry.map,PIBT,1,10303,8999,194,192,20,1,ht_chantry-random-20.scen
100,ht_chantry.map,PIBTOLD,1,10457,8999,192,192,19,1,ht_chantry-random-20.scen
100,ht_chantry.map,PIBT,1,10303,8999,194,192,21,10,ht_chantry-random-20.scen
100,ht_chantry.map,PIBTOLD,1,10457,8999,192,192,18,10,ht_chantry-random-20.scen
100,ht_chantry.map,PIBT,1,10303,8999,194,192,20,100,ht_chantry-random-20.scen
100,ht_chantry.map,PIBTOLD,1,10457,8999,192,192,19,100,ht_chantry-random-20.scen
100,ht_chantry.map,PIBT,1,10303,8999,194,192,20,1000,ht_chantry-random-20.scen
100,ht_chantry.map,PIBTOLD,1,10457,8999,192,192,17,1000,ht_chantry-random-20.scen
140,ht_chantry.map,PIBT,1,15141,12427,226,192,32,0,ht_chantry-random-20.scen
140,ht_chantry.map,PIBTOLD,1,15141,12427,226,192,27,0,ht_chantry-random-20.scen
140,ht_chantry.map,PIBT,1,14647,12427,196,192,33,1,ht_chantry-random-20.scen
140,ht_chantry.map,PIBTOLD,1,15141,12427,226,192,26,1,ht_chantry-random-20.scen
140,ht_chantry.map,PIBT,1,14618,12427,195,192,34,10,ht_chantry-random-20.scen
140,ht_chantry.map,PIBTOLD,1,15141,12427,226,192,27,10,ht_chantry-random-20.scen
140,ht_chantry.map,PIBT,1,14618,12427,195,192,37,100,ht_chantry-random-20.scen
140,ht_chantry.map,PIBTOLD,1,15141,12427,226,192,25,100,ht_chantry-random-20.scen
140,ht_chantry.map,PIBT,1,14618,12427,195,192,34,1000,ht_chantry-random-20.scen
140,ht_chantry.map,PIBTOLD,1,15141,12427,226,192,29,1000,ht_chantry-random-20.scen
180,ht_chantry.map,PIBT,1,20483,16530,203,192,40,0,ht_chantry-random-20.scen
180,ht_chantry.map,PIBTOLD,1,20483,16530,203,192,37,0,ht_chantry-random-20.scen
180,ht_chantry.map,PIBT,1,20048,16530,192,192,41,1,ht_chantry-random-20.scen
180,ht_chantry.map,PIBTOLD,1,20483,16530,203,192,34,1,ht_chantry-random-20.scen
180,ht_chantry.map,PIBT,1,20088,16530,194,192,65,10,ht_chantry-random-20.scen
180,ht_chantry.map,PIBTOLD,1,20483,16530,203,192,33,10,ht_chantry-random-20.scen
180,ht_chantry.map,PIBT,1,20088,16530,194,192,63,100,ht_chantry-random-20.scen
180,ht_chantry.map,PIBTOLD,1,20483,16530,203,192,34,100,ht_chantry-random-20.scen
180,ht_chantry.map,PIBT,1,20088,16530,194,192,61,1000,ht_chantry-random-20.scen
180,ht_chantry.map,PIBTOLD,1,20483,16530,203,192,36,1000,ht_chantry-random-20.scen
220,ht_chantry.map,PIBT,1,25933,20969,192,192,50,0,ht_chantry-random-20.scen
220,ht_chantry.map,PIBTOLD,1,25933,20969,192,192,42,0,ht_chantry-random-20.scen
220,ht_chantry.map,PIBT,1,25077,20969,196,192,75,1,ht_chantry-random-20.scen
220,ht_chantry.map,PIBTOLD,1,25933,20969,192,192,42,1,ht_chantry-random-20.scen
220,ht_chantry.map,PIBT,1,25086,20969,197,192,148,10,ht_chantry-random-20.scen
220,ht_chantry.map,PIBTOLD,1,25933,20969,192,192,42,10,ht_chantry-random-20.scen
220,ht_chantry.map,PIBT,1,25104,20969,196,192,756,100,ht_chantry-random-20.scen
220,ht_chantry.map,PIBTOLD,1,25933,20969,192,192,41,100,ht_chantry-random-20.scen
220,ht_chantry.map,PIBT,1,25192,20969,196,192,4307,1000,ht_chantry-random-20.scen
220,ht_chantry.map,PIBTOLD,1,25933,20969,192,192,40,1000,ht_chantry-random-20.scen
260,ht_chantry.map,PIBT,1,31723,25333,192,192,63,0,ht_chantry-random-20.scen
260,ht_chantry.map,PIBTOLD,1,31723,25333,192,192,51,0,ht_chantry-random-20.scen
260,ht_chantry.map,PIBT,1,31147,25333,197,192,113,1,ht_chantry-random-20.scen
260,ht_chantry.map,PIBTOLD,1,31723,25333,192,192,50,1,ht_chantry-random-20.scen
260,ht_chantry.map,PIBT,1,31003,25333,205,192,355,10,ht_chantry-random-20.scen
260,ht_chantry.map,PIBTOLD,1,31723,25333,192,192,52,10,ht_chantry-random-20.scen
260,ht_chantry.map,PIBT,1,31414,25333,201,192,2842,100,ht_chantry-random-20.scen
260,ht_chantry.map,PIBTOLD,1,31723,25333,192,192,50,100,ht_chantry-random-20.scen
260,ht_chantry.map,PIBT,1,31647,25333,205,192,25604,1000,ht_chantry-random-20.scen
260,ht_chantry.map,PIBTOLD,1,31723,25333,192,192,49,1000,ht_chantry-random-20.scen
300,ht_chantry.map,PIBT,1,36620,29525,194,192,73,0,ht_chantry-random-20.scen
300,ht_chantry.map,PIBTOLD,1,36620,29525,194,192,58,0,ht_chantry-random-20.scen
300,ht_chantry.map,PIBT,1,36482,29525,230,192,126,1,ht_chantry-random-20.scen
300,ht_chantry.map,PIBTOLD,1,36620,29525,194,192,59,1,ht_chantry-random-20.scen
300,ht_chantry.map,PIBT,1,36136,29525,201,192,489,10,ht_chantry-random-20.scen
300,ht_chantry.map,PIBTOLD,1,36620,29525,194,192,54,10,ht_chantry-random-20.scen
300,ht_chantry.map,PIBT,1,36724,29525,211,192,2990,100,ht_chantry-random-20.scen
300,ht_chantry.map,PIBTOLD,1,36620,29525,194,192,58,100,ht_chantry-random-20.scen
300,ht_chantry.map,PIBT,1,36988,29525,211,192,29000,1000,ht_chantry-random-20.scen
300,ht_chantry.map,PIBTOLD,1,36620,29525,194,192,61,1000,ht_chantry-random-20.scen
340,ht_chantry.map,PIBT,1,43615,33838,207,192,89,0,ht_chantry-random-20.scen
340,ht_chantry.map,PIBTOLD,1,43615,33838,207,192,72,0,ht_chantry-random-20.scen
340,ht_chantry.map,PIBT,1,43323,33838,201,192,159,1,ht_chantry-random-20.scen
340,ht_chantry.map,PIBTOLD,1,43615,33838,207,192,71,1,ht_chantry-random-20.scen
340,ht_chantry.map,PIBT,1,42652,33838,207,192,669,10,ht_chantry-random-20.scen
340,ht_chantry.map,PIBTOLD,1,43615,33838,207,192,71,10,ht_chantry-random-20.scen
340,ht_chantry.map,PIBT,1,42399,33838,233,192,4570,100,ht_chantry-random-20.scen
340,ht_chantry.map,PIBTOLD,1,43615,33838,207,192,71,100,ht_chantry-random-20.scen
340,ht_chantry.map,PIBT,1,42192,33838,202,192,42057,1000,ht_chantry-random-20.scen
340,ht_chantry.map,PIBTOLD,1,43615,33838,207,192,70,1000,ht_chantry-random-20.scen
380,ht_chantry.map,PIBT,1,50072,37835,199,192,98,0,ht_chantry-random-20.scen
380,ht_chantry.map,PIBTOLD,1,50072,37835,199,192,76,0,ht_chantry-random-20.scen
380,ht_chantry.map,PIBT,1,49439,37835,208,192,193,1,ht_chantry-random-20.scen
380,ht_chantry.map,PIBTOLD,1,50072,37835,199,192,79,1,ht_chantry-random-20.scen
380,ht_chantry.map,PIBT,1,48697,37835,210,192,762,10,ht_chantry-random-20.scen
380,ht_chantry.map,PIBTOLD,1,50072,37835,199,192,78,10,ht_chantry-random-20.scen
380,ht_chantry.map,PIBT,1,48421,37835,198,192,6306,100,ht_chantry-random-20.scen
380,ht_chantry.map,PIBTOLD,1,50072,37835,199,192,77,100,ht_chantry-random-20.scen
380,ht_chantry.map,PIBT,1,48526,37835,204,192,59081,1000,ht_chantry-random-20.scen
380,ht_chantry.map,PIBTOLD,1,50072,37835,199,192,80,1000,ht_chantry-random-20.scen
20,ht_chantry.map,PIBT,1,1706,1693,178,178,5,0,ht_chantry-random-15.scen
20,ht_chantry.map,PIBTOLD,1,1706,1693,178,178,4,0,ht_chantry-random-15.scen
20,ht_chantry.map,PIBT,1,1708,1693,178,178,4,1,ht_chantry-random-15.scen
20,ht_chantry.map,PIBTOLD,1,1706,1693,178,178,4,1,ht_chantry-random-15.scen
20,ht_chantry.map,PIBT,1,1708,1693,178,178,4,10,ht_chantry-random-15.scen
20,ht_chantry.map,PIBTOLD,1,1706,1693,178,178,4,10,ht_chantry-random-15.scen
20,ht_chantry.map,PIBT,1,1708,1693,178,178,4,100,ht_chantry-random-15.scen
20,ht_chantry.map,PIBTOLD,1,1706,1693,178,178,4,100,ht_chantry-random-15.scen
20,ht_chantry.map,PIBT,1,1708,1693,178,178,4,1000,ht_chantry-random-15.scen
20,ht_chantry.map,PIBTOLD,1,1706,1693,178,178,4,1000,ht_chantry-random-15.scen
60,ht_chantry.map,PIBT,1,6035,5523,192,192,12,0,ht_chantry-random-15.scen
60,ht_chantry.map,PIBTOLD,1,6035,5523,192,192,11,0,ht_chantry-random-15.scen
60,ht_chantry.map,PIBT,1,6021,5523,194,192,12,1,ht_chantry-random-15.scen
60,ht_chantry.map,PIBTOLD,1,6035,5523,192,192,11,1,ht_chantry-random-15.scen
60,ht_chantry.map,PIBT,1,6021,5523,194,192,12,10,ht_chantry-random-15.scen
60,ht_chantry.map,PIBTOLD,1,6035,5523,192,192,12,10,ht_chantry-random-15.scen
60,ht_chantry.map,PIBT,1,6021,5523,194,192,11,100,ht_chantry-random-15.scen
60,ht_chantry.map,PIBTOLD,1,6035,5523,192,192,11,100,ht_chantry-random-15.scen
60,ht_chantry.map,PIBT,1,6021,5523,194,192,12,1000,ht_chantry-random-15.scen
60,ht_chantry.map,PIBTOLD,1,6035,5523,192,192,11,1000,ht_chantry-random-15.scen
100,ht_chantry.map,PIBT,1,10457,8999,192,192,23,0,ht_chantry-random-15.scen
100,ht_chantry.map,PIBTOLD,1,10457,8999,192,192,18,0,ht_chantry-random-15.scen
100,ht_chantry.map,PIBT,1,10303,8999,194,192,21,1,ht_chantry-random-15.scen
100,ht_chantry.map,PIBTOLD,1,10457,8999,192,192,19,1,ht_chantry-random-15.scen
100,ht_chantry.map,PIBT,1,10303,8999,194,192,21,10,ht_chantry-random-15.scen
100,ht_chantry.map,PIBTOLD,1,10457,8999,192,192,17,10,ht_chantry-random-15.scen
100,ht_chantry.map,PIBT,1,10303,8999,194,192,21,100,ht_chantry-random-15.scen
100,ht_chantry.map,PIBTOLD,1,10457,8999,192,192,17,100,ht_chantry-random-15.scen
100,ht_chantry.map,PIBT,1,10303,8999,194,192,21,1000,ht_chantry-random-15.scen
100,ht_chantry.map,PIBTOLD,1,10457,8999,192,192,19,1000,ht_chantry-random-15.scen
140,ht_chantry.map,PIBT,1,15141,12427,226,192,31,0,ht_chantry-random-15.scen
140,ht_chantry.map,PIBTOLD,1,15141,12427,226,192,26,0,ht_chantry-random-15.scen
140,ht_chantry.map,PIBT,1,14945,12427,220,192,34,1,ht_chantry-random-15.scen
140,ht_chantry.map,PIBTOLD,1,15141,12427,226,192,27,1,ht_chantry-random-15.scen
140,ht_chantry.map,PIBT,1,14618,12427,195,192,35,10,ht_chantry-random-15.scen
140,ht_chantry.map,PIBTOLD,1,15141,12427,226,192,29,10,ht_chantry-random-15.scen
140,ht_chantry.map,PIBT,1,14618,12427,195,192,34,100,ht_chantry-random-15.scen
140,ht_chantry.map,PIBTOLD,1,15141,12427,226,192,26,100,ht_chantry-random-15.scen
140,ht_chantry.map,PIBT,1,14618,12427,195,192,34,1000,ht_chantry-random-15.scen
140,ht_chantry.map,PIBTOLD,1,15141,12427,226,192,29,1000,ht_chantry-random-15.scen
180,ht_chantry.map,PIBT,1,20483,16530,203,192,40,0,ht_chantry-random-15.scen
180,ht_chantry.map,PIBTOLD,1,20483,16530,203,192,32,0,ht_chantry-random-15.scen
180,ht_chantry.map,PIBT,1,19873,16530,194,192,41,1,ht_chantry-random-15.scen
180,ht_chantry.map,PIBTOLD,1,20483,16530,203,192,33,1,ht_chantry-random-15.scen
180,ht_chantry.map,PIBT,1,20088,16530,194,192,65,10,ht_chantry-random-15.scen
180,ht_chantry.map,PIBTOLD,1,20483,16530,203,192,34,10,ht_chantry-random-15.scen
180,ht_chantry.map,PIBT,1,20088,16530,194,192,62,100,ht_chantry-random-15.scen
180,ht_chantry.map,PIBTOLD,1,20483,16530,203,192,34,100,ht_chantry-random-15.scen
180,ht_chantry.map,PIBT,1,20088,16530,194,192,62,1000,ht_chantry-random-15.scen
180,ht_chantry.map,PIBTOLD,1,20483,16530,203,192,35,1000,ht_chantry-random-15.scen
220,ht_chantry.map,PIBT,1,25933,20969,192,192,50,0,ht_chantry-random-15.scen
220,ht_chantry.map,PIBTOLD,1,25933,20969,192,192,42,0,ht_chantry-random-15.scen
220,ht_chantry.map,PIBT,1,25169,20969,196,192,77,1,ht_chantry-random-15.scen
220,ht_chantry.map,PIBTOLD,1,25933,20969,192,192,42,1,ht_chantry-random-15.scen
220,ht_chantry.map,PIBT,0,25112,20969,100000,192,9780,10,ht_chantry-random-15.scen
220,ht_chantry.map,PIBTOLD,1,25933,20969,192,192,45,10,ht_chantry-random-15.scen
220,ht_chantry.map,PIBT,1,25175,20969,196,192,1117,100,ht_chantry-random-15.scen
220,ht_chantry.map,PIBTOLD,1,25933,20969,192,192,41,100,ht_chantry-random-15.scen
220,ht_chantry.map,PIBT,1,25259,20969,196,192,5322,1000,ht_chantry-random-15.scen
220,ht_chantry.map,PIBTOLD,1,25933,20969,192,192,43,1000,ht_chantry-random-15.scen
260,ht_chantry.map,PIBT,1,31723,25333,192,192,67,0,ht_chantry-random-15.scen
260,ht_chantry.map,PIBTOLD,1,31723,25333,192,192,52,0,ht_chantry-random-15.scen
260,ht_chantry.map,PIBT,1,31221,25333,205,192,107,1,ht_chantry-random-15.scen
260,ht_chantry.map,PIBTOLD,1,31723,25333,192,192,51,1,ht_chantry-random-15.scen
260,ht_chantry.map,PIBT,1,31715,25333,195,192,436,10,ht_chantry-random-15.scen
260,ht_chantry.map,PIBTOLD,1,31723,25333,192,192,53,10,ht_chantry-random-15.scen
260,ht_chantry.map,PIBT,1,31154,25333,196,192,2402,100,ht_chantry-random-15.scen
260,ht_chantry.map,PIBTOLD,1,31723,25333,192,192,51,100,ht_chantry-random-15.scen
260,ht_chantry.map,PIBT,1,30798,25333,198,192,20235,1000,ht_chantry-random-15.scen
260,ht_chantry.map,PIBTOLD,1,31723,25333,192,192,49,1000,ht_chantry-random-15.scen
300,ht_chantry.map,PIBT,1,36620,29525,194,192,73,0,ht_chantry-random-15.scen
300,ht_chantry.map,PIBTOLD,1,36620,29525,194,192,61,0,ht_chantry-random-15.scen
300,ht_chantry.map,PIBT,1,37068,29525,206,192,137,1,ht_chantry-random-15.scen
300,ht_chantry.map,PIBTOLD,1,36620,29525,194,192,60,1,ht_chantry-random-15.scen
300,ht_chantry.map,PIBT,1,37054,29525,204,192,564,10,ht_chantry-random-15.scen
300,ht_chantry.map,PIBTOLD,1,36620,29525,194,192,58,10,ht_chantry-random-15.scen
300,ht_chantry.map,PIBT,1,36104,29525,202,192,2494,100,ht_chantry-random-15.scen
300,ht_chantry.map,PIBTOLD,1,36620,29525,194,192,58,100,ht_chantry-random-15.scen
300,ht_chantry.map,PIBT,1,36405,29525,199,192,22655,1000,ht_chantry-random-15.scen
300,ht_chantry.map,PIBTOLD,1,36620,29525,194,192,52,1000,ht_chantry-random-15.scen
340,ht_chantry.map,PIBT,1,43615,33838,207,192,89,0,ht_chantry-random-15.scen
340,ht_chantry.map,PIBTOLD,1,43615,33838,207,192,69,0,ht_chantry-random-15.scen
340,ht_chantry.map,PIBT,1,42209,33838,197,192,167,1,ht_chantry-random-15.scen
340,ht_chantry.map,PIBTOLD,1,43615,33838,207,192,68,1,ht_chantry-random-15.scen
340,ht_chantry.map,PIBT,1,42802,33838,205,192,697,10,ht_chantry-random-15.scen
340,ht_chantry.map,PIBTOLD,1,43615,33838,207,192,68,10,ht_chantry-random-15.scen
340,ht_chantry.map,PIBT,1,42242,33838,199,192,4967,100,ht_chantry-random-15.scen
340,ht_chantry.map,PIBTOLD,1,43615,33838,207,192,68,100,ht_chantry-random-15.scen
340,ht_chantry.map,PIBT,1,42775,33838,198,192,45204,1000,ht_chantry-random-15.scen
340,ht_chantry.map,PIBTOLD,1,43615,33838,207,192,69,1000,ht_chantry-random-15.scen
380,ht_chantry.map,PIBT,1,50072,37835,199,192,102,0,ht_chantry-random-15.scen
380,ht_chantry.map,PIBTOLD,1,50072,37835,199,192,75,0,ht_chantry-random-15.scen
380,ht_chantry.map,PIBT,1,48358,37835,200,192,180,1,ht_chantry-random-15.scen
380,ht_chantry.map,PIBTOLD,1,50072,37835,199,192,79,1,ht_chantry-random-15.scen
380,ht_chantry.map,PIBT,1,48142,37835,199,192,713,10,ht_chantry-random-15.scen
380,ht_chantry.map,PIBTOLD,1,50072,37835,199,192,77,10,ht_chantry-random-15.scen
380,ht_chantry.map,PIBT,1,49147,37835,206,192,6677,100,ht_chantry-random-15.scen
380,ht_chantry.map,PIBTOLD,1,50072,37835,199,192,72,100,ht_chantry-random-15.scen
380,ht_chantry.map,PIBT,1,48352,37835,200,192,58141,1000,ht_chantry-random-15.scen
380,ht_chantry.map,PIBTOLD,1,50072,37835,199,192,74,1000,ht_chantry-random-15.scen
20,ht_chantry.map,PIBT,1,1706,1693,178,178,4,0,ht_chantry-random-22.scen
20,ht_chantry.map,PIBTOLD,1,1706,1693,178,178,4,0,ht_chantry-random-22.scen
20,ht_chantry.map,PIBT,1,1708,1693,178,178,4,1,ht_chantry-random-22.scen
20,ht_chantry.map,PIBTOLD,1,1706,1693,178,178,4,1,ht_chantry-random-22.scen
20,ht_chantry.map,PIBT,1,1708,1693,178,178,4,10,ht_chantry-random-22.scen
20,ht_chantry.map,PIBTOLD,1,1706,1693,178,178,4,10,ht_chantry-random-22.scen
20,ht_chantry.map,PIBT,1,1708,1693,178,178,4,100,ht_chantry-random-22.scen
20,ht_chantry.map,PIBTOLD,1,1706,1693,178,178,4,100,ht_chantry-random-22.scen
20,ht_chantry.map,PIBT,1,1708,1693,178,178,5,1000,ht_chantry-random-22.scen
20,ht_chantry.map,PIBTOLD,1,1706,1693,178,178,4,1000,ht_chantry-random-22.scen
60,ht_chantry.map,PIBT,1,6035,5523,192,192,12,0,ht_chantry-random-22.scen
60,ht_chantry.map,PIBTOLD,1,6035,5523,192,192,11,0,ht_chantry-random-22.scen
60,ht_chantry.map,PIBT,1,6021,5523,194,192,12,1,ht_chantry-random-22.scen
60,ht_chantry.map,PIBTOLD,1,6035,5523,192,192,11,1,ht_chantry-random-22.scen
60,ht_chantry.map,PIBT,1,6021,5523,194,192,13,10,ht_chantry-random-22.scen
60,ht_chantry.map,PIBTOLD,1,6035,5523,192,192,10,10,ht_chantry-random-22.scen
60,ht_chantry.map,PIBT,1,6021,5523,194,192,13,100,ht_chantry-random-22.scen
60,ht_chantry.map,PIBTOLD,1,6035,5523,192,192,13,100,ht_chantry-random-22.scen
60,ht_chantry.map,PIBT,1,6021,5523,194,192,12,1000,ht_chantry-random-22.scen
60,ht_chantry.map,PIBTOLD,1,6035,5523,192,192,11,1000,ht_chantry-random-22.scen
100,ht_chantry.map,PIBT,1,10457,8999,192,192,21,0,ht_chantry-random-22.scen
100,ht_chantry.map,PIBTOLD,1,10457,8999,192,192,21,0,ht_chantry-random-22.scen
100,ht_chantry.map,PIBT,1,10303,8999,194,192,21,1,ht_chantry-random-22.scen
100,ht_chantry.map,PIBTOLD,1,10457,8999,192,192,19,1,ht_chantry-random-22.scen
100,ht_chantry.map,PIBT,1,10303,8999,194,192,22,10,ht_chantry-random-22.scen
100,ht_chantry.map,PIBTOLD,1,10457,8999,192,192,18,10,ht_chantry-random-22.scen
100,ht_chantry.map,PIBT,1,10303,8999,194,192,21,100,ht_chantry-random-22.scen
100,ht_chantry.map,PIBTOLD,1,10457,8999,192,192,17,100,ht_chantry-random-22.scen
100,ht_chantry.map,PIBT,1,10303,8999,194,192,21,1000,ht_chantry-random-22.scen
100,ht_chantry.map,PIBTOLD,1,10457,8999,192,192,18,1000,ht_chantry-random-22.scen
140,ht_chantry.map,PIBT,1,15141,12427,226,192,31,0,ht_chantry-random-22.scen
140,ht_chantry.map,PIBTOLD,1,15141,12427,226,192,27,0,ht_chantry-random-22.scen
140,ht_chantry.map,PIBT,1,14434,12427,198,192,31,1,ht_chantry-random-22.scen
140,ht_chantry.map,PIBTOLD,1,15141,12427,226,192,30,1,ht_chantry-random-22.scen
140,ht_chantry.map,PIBT,1,14618,12427,195,192,34,10,ht_chantry-random-22.scen
140,ht_chantry.map,PIBTOLD,1,15141,12427,226,192,27,10,ht_chantry-random-22.scen
140,ht_chantry.map,PIBT,1,14618,12427,195,192,37,100,ht_chantry-random-22.scen
140,ht_chantry.map,PIBTOLD,1,15141,12427,226,192,27,100,ht_chantry-random-22.scen
140,ht_chantry.map,PIBT,1,14618,12427,195,192,35,1000,ht_chantry-random-22.scen
140,ht_chantry.map,PIBTOLD,1,15141,12427,226,192,28,1000,ht_chantry-random-22.scen
180,ht_chantry.map,PIBT,1,20483,16530,203,192,40,0,ht_chantry-random-22.scen
180,ht_chantry.map,PIBTOLD,1,20483,16530,203,192,37,0,ht_chantry-random-22.scen
180,ht_chantry.map,PIBT,1,19795,16530,192,192,46,1,ht_chantry-random-22.scen
180,ht_chantry.map,PIBTOLD,1,20483,16530,203,192,34,1,ht_chantry-random-22.scen
180,ht_chantry.map,PIBT,1,20088,16530,194,192,65,10,ht_chantry-random-22.scen
180,ht_chantry.map,PIBTOLD,1,20483,16530,203,192,35,10,ht_chantry-random-22.scen
180,ht_chantry.map,PIBT,1,20088,16530,194,192,62,100,ht_chantry-random-22.scen
180,ht_chantry.map,PIBTOLD,1,20483,16530,203,192,35,100,ht_chantry-random-22.scen
180,ht_chantry.map,PIBT,1,20088,16530,194,192,63,1000,ht_chantry-random-22.scen
180,ht_chantry.map,PIBTOLD,1,20483,16530,203,192,34,1000,ht_chantry-random-22.scen
220,ht_chantry.map,PIBT,1,25933,20969,192,192,47,0,ht_chantry-random-22.scen
220,ht_chantry.map,PIBTOLD,1,25933,20969,192,192,43,0,ht_chantry-random-22.scen
220,ht_chantry.map,PIBT,1,25448,20969,199,192,72,1,ht_chantry-random-22.scen
220,ht_chantry.map,PIBTOLD,1,25933,20969,192,192,41,1,ht_chantry-random-22.scen
220,ht_chantry.map,PIBT,1,25170,20969,196,192,182,10,ht_chantry-random-22.scen
220,ht_chantry.map,PIBTOLD,1,25933,20969,192,192,41,10,ht_chantry-random-22.scen
220,ht_chantry.map,PIBT,1,25176,20969,196,192,914,100,ht_chantry-random-22.scen
220,ht_chantry.map,PIBTOLD,1,25933,20969,192,192,40,100,ht_chantry-random-22.scen
220,ht_chantry.map,PIBT,1,25183,20969,196,192,4294,1000,ht_chantry-random-22.scen
220,ht_chantry.map,PIBTOLD,1,25933,20969,192,192,42,1000,ht_chantry-random-22.scen
260,ht_chantry.map,PIBT,1,31723,25333,192,192,61,0,ht_chantry-random-22.scen
260,ht_chantry.map,PIBTOLD,1,31723,25333,192,192,50,0,ht_chantry-random-22.scen
260,ht_chantry.map,PIBT,1,31429,25333,200,192,107,1,ht_chantry-random-22.scen
260,ht_chantry.map,PIBTOLD,1,31723,25333,192,192,51,1,ht_chantry-random-22.scen
260,ht_chantry.map,PIBT,1,31141,25333,201,192,385,10,ht_chantry-random-22.scen
260,ht_chantry.map,PIBTOLD,1,31723,25333,192,192,50,10,ht_chantry-random-22.scen
260,ht_chantry.map,PIBT,1,31095,25333,209,192,2814,100,ht_chantry-random-22.scen
260,ht_chantry.map,PIBTOLD,1,31723,25333,192,192,49,100,ht_chantry-random-22.scen
260,ht_chantry.map,PIBT,1,31298,25333,195,192,17152,1000,ht_chantry-random-22.scen
260,ht_chantry.map,PIBTOLD,1,31723,25333,192,192,49,1000,ht_chantry-random-22.scen
300,ht_chantry.map,PIBT,1,36620,29525,194,192,79,0,ht_chantry-random-22.scen
300,ht_chantry.map,PIBTOLD,1,36620,29525,194,192,60,0,ht_chantry-random-22.scen
300,ht_chantry.map,PIBT,1,36690,29525,210,192,129,1,ht_chantry-random-22.scen
300,ht_chantry.map,PIBTOLD,1,36620,29525,194,192,59,1,ht_chantry-random-22.scen
300,ht_chantry.map,PIBT,1,36243,29525,200,192,435,10,ht_chantry-random-22.scen
300,ht_chantry.map,PIBTOLD,1,36620,29525,194,192,62,10,ht_chantry-random-22.scen
300,ht_chantry.map,PIBT,1,36675,29525,201,192,3604,100,ht_chantry-random-22.scen
300,ht_chantry.map,PIBTOLD,1,36620,29525,194,192,62,100,ht_chantry-random-22.scen
300,ht_chantry.map,PIBT,1,36449,29525,207,192,23057,1000,ht_chantry-random-22.scen
300,ht_chantry.map,PIBTOLD,1,36620,29525,194,192,59,1000,ht_chantry-random-22.scen
340,ht_chantry.map,PIBT,1,43615,33838,207,192,89,0,ht_chantry-random-22.scen
340,ht_chantry.map,PIBTOLD,1,43615,33838,207,192,67,0,ht_chantry-random-22.scen
340,ht_chantry.map,PIBT,0,42613,33838,100000,192,18529,1,ht_chantry-random-22.scen
340,ht_chantry.map,PIBTOLD,1,43615,33838,207,192,70,1,ht_chantry-random-22.scen
340,ht_chantry.map,PIBT,1,42678,33838,214,192,632,10,ht_chantry-random-22.scen
340,ht_chantry.map,PIBTOLD,1,43615,33838,207,192,69,10,ht_chantry-random-22.scen
340,ht_chantry.map,PIBT,1,42926,33838,204,192,5606,100,ht_chantry-random-22.scen
340,ht_chantry.map,PIBTOLD,1,43615,33838,207,192,71,100,ht_chantry-random-22.scen
340,ht_chantry.map,PIBT,1,42847,33838,203,192,45429,1000,ht_chantry-random-22.scen
340,ht_chantry.map,PIBTOLD,1,43615,33838,207,192,72,1000,ht_chantry-random-22.scen
380,ht_chantry.map,PIBT,1,50072,37835,199,192,101,0,ht_chantry-random-22.scen
380,ht_chantry.map,PIBTOLD,1,50072,37835,199,192,80,0,ht_chantry-random-22.scen
380,ht_chantry.map,PIBT,1,48477,37835,204,192,180,1,ht_chantry-random-22.scen
380,ht_chantry.map,PIBTOLD,1,50072,37835,199,192,79,1,ht_chantry-random-22.scen
380,ht_chantry.map,PIBT,1,48010,37835,211,192,753,10,ht_chantry-random-22.scen
380,ht_chantry.map,PIBTOLD,1,50072,37835,199,192,79,10,ht_chantry-random-22.scen
380,ht_chantry.map,PIBT,1,47767,37835,204,192,5948,100,ht_chantry-random-22.scen
380,ht_chantry.map,PIBTOLD,1,50072,37835,199,192,75,100,ht_chantry-random-22.scen
380,ht_chantry.map,PIBT,1,48389,37835,218,192,51578,1000,ht_chantry-random-22.scen
380,ht_chantry.map,PIBTOLD,1,50072,37835,199,192,77,1000,ht_chantry-random-22.scen
