agents,map_file,solver,solved,soc,lb_soc,makespan,lb_makespan,comp_time,Opti_Deadline,Scenario_File
20,den520d.map,PIBT,1,4336,4331,374,374,15,0,den520d-random-17.scen
20,den520d.map,PIBTOLD,1,4336,4331,374,374,12,0,den520d-random-17.scen
20,den520d.map,PIBT,1,4529,4331,374,374,13,1,den520d-random-17.scen
20,den520d.map,PIBTOLD,1,4336,4331,374,374,14,1,den520d-random-17.scen
20,den520d.map,PIBT,1,4529,4331,374,374,16,10,den520d-random-17.scen
20,den520d.map,PIBTOLD,1,4336,4331,374,374,14,10,den520d-random-17.scen
20,den520d.map,PIBT,1,4529,4331,374,374,14,100,den520d-random-17.scen
20,den520d.map,PIBTOLD,1,4336,4331,374,374,13,100,den520d-random-17.scen
20,den520d.map,PIBT,1,4529,4331,374,374,13,1000,den520d-random-17.scen
20,den520d.map,PIBTOLD,1,4336,4331,374,374,13,1000,den520d-random-17.scen
60,den520d.map,PIBT,1,11347,10836,374,374,41,0,den520d-random-17.scen
60,den520d.map,PIBTOLD,1,11347,10836,374,374,40,0,den520d-random-17.scen
60,den520d.map,PIBT,1,11591,10836,374,374,40,1,den520d-random-17.scen
60,den520d.map,PIBTOLD,1,11347,10836,374,374,38,1,den520d-random-17.scen
60,den520d.map,PIBT,1,11591,10836,374,374,40,10,den520d-random-17.scen
60,den520d.map,PIBTOLD,1,11347,10836,374,374,38,10,den520d-random-17.scen
60,den520d.map,PIBT,1,11591,10836,374,374,41,100,den520d-random-17.scen
60,den520d.map,PIBTOLD,1,11347,10836,374,374,39,100,den520d-random-17.scen
60,den520d.map,PIBT,1,11591,10836,374,374,41,1000,den520d-random-17.scen
60,den520d.map,PIBTOLD,1,11347,10836,374,374,36,1000,den520d-random-17.scen
100,den520d.map,PIBT,1,18713,17811,375,375,68,0,den520d-random-17.scen
100,den520d.map,PIBTOLD,1,18713,17811,375,375,63,0,den520d-random-17.scen
100,den520d.map,PIBT,1,18911,17811,375,375,69,1,den520d-random-17.scen
100,den520d.map,PIBTOLD,1,18713,17811,375,375,58,1,den520d-random-17.scen
100,den520d.map,PIBT,1,18911,17811,375,375,70,10,den520d-random-17.scen
100,den520d.map,PIBTOLD,1,18713,17811,375,375,65,10,den520d-random-17.scen
100,den520d.map,PIBT,1,18911,17811,375,375,74,100,den520d-random-17.scen
100,den520d.map,PIBTOLD,1,18713,17811,375,375,60,100,den520d-random-17.scen
100,den520d.map,PIBT,1,18911,17811,375,375,61,1000,den520d-random-17.scen
100,den520d.map,PIBTOLD,1,18713,17811,375,375,61,1000,den520d-random-17.scen
140,den520d.map,PIBT,1,26667,25347,394,394,102,0,den520d-random-17.scen
140,den520d.map,PIBTOLD,1,26667,25347,394,394,92,0,den520d-random-17.scen
140,den520d.map,PIBT,1,26900,25347,394,394,104,1,den520d-random-17.scen
140,den520d.map,PIBTOLD,1,26667,25347,394,394,91,1,den520d-random-17.scen
140,den520d.map,PIBT,1,26900,25347,394,394,103,10,den520d-random-17.scen
140,den520d.map,PIBTOLD,1,26667,25347,394,394,90,10,den520d-random-17.scen
140,den520d.map,PIBT,1,26900,25347,394,394,104,100,den520d-random-17.scen
140,den520d.map,PIBTOLD,1,26667,25347,394,394,93,100,den520d-random-17.scen
140,den520d.map,PIBT,1,26900,25347,394,394,102,1000,den520d-random-17.scen
140,den520d.map,PIBTOLD,1,26667,25347,394,394,83,1000,den520d-random-17.scen
180,den520d.map,PIBT,1,35887,33533,404,404,131,0,den520d-random-17.scen
180,den520d.map,PIBTOLD,1,35887,33533,404,404,118,0,den520d-random-17.scen
180,den520d.map,PIBT,1,35960,33533,404,404,139,1,den520d-random-17.scen
180,den520d.map,PIBTOLD,1,35887,33533,404,404,117,1,den520d-random-17.scen
180,den520d.map,PIBT,1,35960,33533,404,404,137,10,den520d-random-17.scen
180,den520d.map,PIBTOLD,1,35887,33533,404,404,116,10,den520d-random-17.scen
180,den520d.map,PIBT,1,35960,33533,404,404,135,100,den520d-random-17.scen
180,den520d.map,PIBTOLD,1,35887,33533,404,404,115,100,den520d-random-17.scen
180,den520d.map,PIBT,1,35960,33533,404,404,127,1000,den520d-random-17.scen
180,den520d.map,PIBTOLD,1,35887,33533,404,404,115,1000,den520d-random-17.scen
220,den520d.map,PIBT,1,44984,41079,404,404,171,0,den520d-random-17.scen
220,den520d.map,PIBTOLD,1,44984,41079,404,404,147,0,den520d-random-17.scen
220,den520d.map,PIBT,1,44378,41079,404,404,171,1,den520d-random-17.scen
220,den520d.map,PIBTOLD,1,44984,41079,404,404,149,1,den520d-random-17.scen
220,den520d.map,PIBT,1,44378,41079,404,404,167,10,den520d-random-17.scen
220,den520d.map,PIBTOLD,1,44984,41079,404,404,154,10,den520d-random-17.scen
220,den520d.map,PIBT,1,44378,41079,404,404,174,100,den520d-random-17.scen
220,den520d.map,PIBTOLD,1,44984,41079,404,404,141,100,den520d-random-17.scen
220,den520d.map,PIBT,1,44378,41079,404,404,159,1000,den520d-random-17.scen
220,den520d.map,PIBTOLD,1,44984,41079,404,404,152,1000,den520d-random-17.scen
260,den520d.map,PIBT,1,53957,48546,404,404,207,0,den520d-random-17.scen
260,den520d.map,PIBTOLD,1,53957,48546,404,404,177,0,den520d-random-17.scen
260,den520d.map,PIBT,1,53369,48546,404,404,197,1,den520d-random-17.scen
260,den520d.map,PIBTOLD,1,53957,48546,404,404,178,1,den520d-random-17.scen
260,den520d.map,PIBT,1,53369,48546,404,404,199,10,den520d-random-17.scen
260,den520d.map,PIBTOLD,1,53957,48546,404,404,171,10,den520d-random-17.scen
260,den520d.map,PIBT,1,53369,48546,404,404,202,100,den520d-random-17.scen
260,den520d.map,PIBTOLD,1,53957,48546,404,404,183,100,den520d-random-17.scen
260,den520d.map,PIBT,1,53369,48546,404,404,205,1000,den520d-random-17.scen
260,den520d.map,PIBTOLD,1,53957,48546,404,404,172,1000,den520d-random-17.scen
300,den520d.map,PIBT,1,62232,56029,404,404,240,0,den520d-random-17.scen
300,den520d.map,PIBTOLD,1,62232,56029,404,404,211,0,den520d-random-17.scen
300,den520d.map,PIBT,1,61836,56029,404,404,241,1,den520d-random-17.scen
300,den520d.map,PIBTOLD,1,62232,56029,404,404,205,1,den520d-random-17.scen
300,den520d.map,PIBT,1,62153,56029,404,404,231,10,den520d-random-17.scen
300,den520d.map,PIBTOLD,1,62232,56029,404,404,208,10,den520d-random-17.scen
300,den520d.map,PIBT,1,62153,56029,404,404,244,100,den520d-random-17.scen
300,den520d.map,PIBTOLD,1,62232,56029,404,404,205,100,den520d-random-17.scen
300,den520d.map,PIBT,1,62153,56029,404,404,243,1000,den520d-random-17.scen
300,den520d.map,PIBTOLD,1,62232,56029,404,404,206,1000,den520d-random-17.scen
340,den520d.map,PIBT,1,71562,62923,404,404,309,0,den520d-random-17.scen
340,den520d.map,PIBTOLD,1,71562,62923,404,404,228,0,den520d-random-17.scen
340,den520d.map,PIBT,1,70646,62923,404,404,288,1,den520d-random-17.scen
340,den520d.map,PIBTOLD,1,71562,62923,404,404,238,1,den520d-random-17.scen
340,den520d.map,PIBT,1,70601,62923,408,404,282,10,den520d-random-17.scen
340,den520d.map,PIBTOLD,1,71562,62923,404,404,241,10,den520d-random-17.scen
340,den520d.map,PIBT,1,70601,62923,408,404,270,100,den520d-random-17.scen
340,den520d.map,PIBTOLD,1,71562,62923,404,404,242,100,den520d-random-17.scen
340,den520d.map,PIBT,1,70601,62923,408,404,278,1000,den520d-random-17.scen
340,den520d.map,PIBTOLD,1,71562,62923,404,404,234,1000,den520d-random-17.scen
380,den520d.map,PIBT,1,80144,70039,404,404,314,0,den520d-random-17.scen
380,den520d.map,PIBTOLD,1,80144,70039,404,404,276,0,den520d-random-17.scen
380,den520d.map,PIBT,1,78994,70039,404,404,322,1,den520d-random-17.scen
380,den520d.map,PIBTOLD,1,80144,70039,404,404,258,1,den520d-random-17.scen
380,den520d.map,PIBT,1,79028,70039,404,404,317,10,den520d-random-17.scen
380,den520d.map,PIBTOLD,1,80144,70039,404,404,260,10,den520d-random-17.scen
380,den520d.map,PIBT,1,78848,70039,404,404,342,100,den520d-random-17.scen
380,den520d.map,PIBTOLD,1,80144,70039,404,404,263,100,den520d-random-17.scen
380,den520d.map,PIBT,1,78848,70039,404,404,358,1000,den520d-random-17.scen
380,den520d.map,PIBTOLD,1,80144,70039,404,404,260,1000,den520d-random-17.scen
420,den520d.map,PIBT,1,90429,78227,404,404,354,0,den520d-random-17.scen
420,den520d.map,PIBTOLD,1,90429,78227,404,404,296,0,den520d-random-17.scen
420,den520d.map,PIBT,1,89611,78227,404,404,356,1,den520d-random-17.scen
420,den520d.map,PIBTOLD,1,90429,78227,404,404,286,1,den520d-random-17.scen
420,den520d.map,PIBT,1,89364,78227,404,404,404,10,den520d-random-17.scen
420,den520d.map,PIBTOLD,1,90429,78227,404,404,273,10,den520d-random-17.scen
420,den520d.map,PIBT,1,89694,78227,404,404,684,100,den520d-random-17.scen
420,den520d.map,PIBTOLD,1,90429,78227,404,404,290,100,den520d-random-17.scen
420,den520d.map,PIBT,1,89482,78227,404,404,1265,1000,den520d-random-17.scen
420,den520d.map,PIBTOLD,1,90429,78227,404,404,288,1000,den520d-random-17.scen
460,den520d.map,PIBT,1,99417,85840,404,404,388,0,den520d-random-17.scen
460,den520d.map,PIBTOLD,1,99417,85840,404,404,322,0,den520d-random-17.scen
460,den520d.map,PIBT,1,99013,85840,408,404,437,1,den520d-random-17.scen
460,den520d.map,PIBTOLD,1,99417,85840,404,404,326,1,den520d-random-17.scen
460,den520d.map,PIBT,1,98246,85840,405,404,477,10,den520d-random-17.scen
460,den520d.map,PIBTOLD,1,99417,85840,404,404,319,10,den520d-random-17.scen
460,den520d.map,PIBT,1,97873,85840,408,404,966,100,den520d-random-17.scen
460,den520d.map,PIBTOLD,1,99417,85840,404,404,331,100,den520d-random-17.scen
460,den520d.map,PIBT,1,98340,85840,408,404,1007,1000,den520d-random-17.scen
460,den520d.map,PIBTOLD,1,99417,85840,404,404,308,1000,den520d-random-17.scen
500,den520d.map,PIBT,1,108455,92637,404,404,441,0,den520d-random-17.scen
500,den520d.map,PIBTOLD,1,108455,92637,404,404,343,0,den520d-random-17.scen
500,den520d.map,PIBT,1,107242,92637,404,404,459,1,den520d-random-17.scen
500,den520d.map,PIBTOLD,1,108455,92637,404,404,355,1,den520d-random-17.scen
500,den520d.map,PIBT,1,107821,92637,408,404,669,10,den520d-random-17.scen
500,den520d.map,PIBTOLD,1,108455,92637,404,404,348,10,den520d-random-17.scen
500,den520d.map,PIBT,1,107280,92637,408,404,1734,100,den520d-random-17.scen
500,den520d.map,PIBTOLD,1,108455,92637,404,404,347,100,den520d-random-17.scen
500,den520d.map,PIBT,1,107430,92637,409,404,2889,1000,den520d-random-17.scen
500,den520d.map,PIBTOLD,1,108455,92637,404,404,338,1000,den520d-random-17.scen
540,den520d.map,PIBT,1,116568,99003,406,405,476,0,den520d-random-17.scen
540,den520d.map,PIBTOLD,1,116568,99003,406,405,379,0,den520d-random-17.scen
540,den520d.map,PIBT,1,115929,99003,407,405,526,1,den520d-random-17.scen
540,den520d.map,PIBTOLD,1,116568,99003,406,405,381,1,den520d-random-17.scen
540,den520d.map,PIBT,1,116151,99003,406,405,773,10,den520d-random-17.scen
540,den520d.map,PIBTOLD,1,116568,99003,406,405,373,10,den520d-random-17.scen
540,den520d.map,PIBT,1,115769,99003,405,405,1663,100,den520d-random-17.scen
540,den520d.map,PIBTOLD,1,116568,99003,406,405,369,100,den520d-random-17.scen
540,den520d.map,PIBT,1,115679,99003,405,405,10942,1000,den520d-random-17.scen
540,den520d.map,PIBTOLD,1,116568,99003,406,405,380,1000,den520d-random-17.scen
580,den520d.map,PIBT,1,126425,105578,405,405,517,0,den520d-random-17.scen
580,den520d.map,PIBTOLD,1,126425,105578,405,405,415,0,den520d-random-17.scen
580,den520d.map,PIBT,1,124570,105578,408,405,580,1,den520d-random-17.scen
580,den520d.map,PIBTOLD,1,126425,105578,405,405,414,1,den520d-random-17.scen
580,den520d.map,PIBT,1,124569,105578,411,405,887,10,den520d-random-17.scen
580,den520d.map,PIBTOLD,1,126425,105578,405,405,407,10,den520d-random-17.scen
580,den520d.map,PIBT,1,124300,105578,411,405,2722,100,den520d-random-17.scen
580,den520d.map,PIBTOLD,1,126425,105578,405,405,409,100,den520d-random-17.scen
580,den520d.map,PIBT,1,125887,105578,411,405,26099,1000,den520d-random-17.scen
580,den520d.map,PIBTOLD,1,126425,105578,405,405,398,1000,den520d-random-17.scen
620,den520d.map,PIBT,1,134965,112829,405,405,580,0,den520d-random-17.scen
620,den520d.map,PIBTOLD,1,134965,112829,405,405,427,0,den520d-random-17.scen
620,den520d.map,PIBT,1,134009,112829,412,405,643,1,den520d-random-17.scen
620,den520d.map,PIBTOLD,1,134965,112829,405,405,437,1,den520d-random-17.scen
620,den520d.map,PIBT,1,133553,112829,406,405,889,10,den520d-random-17.scen
620,den520d.map,PIBTOLD,1,134965,112829,405,405,424,10,den520d-random-17.scen
620,den520d.map,PIBT,1,133393,112829,412,405,3310,100,den520d-random-17.scen
620,den520d.map,PIBTOLD,1,134965,112829,405,405,433,100,den520d-random-17.scen
620,den520d.map,PIBT,1,133057,112829,405,405,15002,1000,den520d-random-17.scen
620,den520d.map,PIBTOLD,1,134965,112829,405,405,421,1000,den520d-random-17.scen
660,den520d.map,PIBT,1,144580,119925,407,405,618,0,den520d-random-17.scen
660,den520d.map,PIBTOLD,1,144580,119925,407,405,479,0,den520d-random-17.scen
660,den520d.map,PIBT,1,142557,119925,406,405,673,1,den520d-random-17.scen
660,den520d.map,PIBTOLD,1,144580,119925,407,405,456,1,den520d-random-17.scen
660,den520d.map,PIBT,1,143160,119925,407,405,1194,10,den520d-random-17.scen
660,den520d.map,PIBTOLD,1,144580,119925,407,405,473,10,den520d-random-17.scen
660,den520d.map,PIBT,1,142526,119925,407,405,2863,100,den520d-random-17.scen
660,den520d.map,PIBTOLD,1,144580,119925,407,405,441,100,den520d-random-17.scen
660,den520d.map,PIBT,1,142719,119925,406,405,26993,1000,den520d-random-17.scen
660,den520d.map,PIBTOLD,1,144580,119925,407,405,473,1000,den520d-random-17.scen
700,den520d.map,PIBT,1,151850,126015,405,405,667,0,den520d-random-17.scen
700,den520d.map,PIBTOLD,1,151850,126015,405,405,493,0,den520d-random-17.scen
700,den520d.map,PIBT,1,151458,126015,407,405,751,1,den520d-random-17.scen
700,den520d.map,PIBTOLD,1,151850,126015,405,405,488,1,den520d-random-17.scen
700,den520d.map,PIBT,1,151201,126015,407,405,1157,10,den520d-random-17.scen
700,den520d.map,PIBTOLD,1,151850,126015,405,405,482,10,den520d-random-17.scen
700,den520d.map,PIBT,1,150606,126015,405,405,4369,100,den520d-random-17.scen
700,den520d.map,PIBTOLD,1,151850,126015,405,405,511,100,den520d-random-17.scen
700,den520d.map,PIBT,1,150508,126015,410,405,36164,1000,den520d-random-17.scen
700,den520d.map,PIBTOLD,1,151850,126015,405,405,466,1000,den520d-random-17.scen
740,den520d.map,PIBT,1,161627,133593,405,405,696,0,den520d-random-17.scen
740,den520d.map,PIBTOLD,1,161627,133593,405,405,517,0,den520d-random-17.scen
740,den520d.map,PIBT,1,160583,133593,416,405,809,1,den520d-random-17.scen
740,den520d.map,PIBTOLD,1,161627,133593,405,405,517,1,den520d-random-17.scen
740,den520d.map,PIBT,1,160223,133593,412,405,1331,10,den520d-random-17.scen
740,den520d.map,PIBTOLD,1,161627,133593,405,405,510,10,den520d-random-17.scen
740,den520d.map,PIBT,1,162250,133593,415,405,5397,100,den520d-random-17.scen
740,den520d.map,PIBTOLD,1,161627,133593,405,405,507,100,den520d-random-17.scen
740,den520d.map,PIBT,1,160778,133593,409,405,37312,1000,den520d-random-17.scen
740,den520d.map,PIBTOLD,1,161627,133593,405,405,502,1000,den520d-random-17.scen
780,den520d.map,PIBT,1,172588,141195,405,405,771,0,den520d-random-17.scen
780,den520d.map,PIBTOLD,1,172588,141195,405,405,549,0,den520d-random-17.scen
780,den520d.map,PIBT,1,172006,141195,456,405,879,1,den520d-random-17.scen
780,den520d.map,PIBTOLD,1,172588,141195,405,405,550,1,den520d-random-17.scen
780,den520d.map,PIBT,1,170659,141195,412,405,1411,10,den520d-random-17.scen
780,den520d.map,PIBTOLD,1,172588,141195,405,405,558,10,den520d-random-17.scen
780,den520d.map,PIBT,1,170541,141195,411,405,6435,100,den520d-random-17.scen
780,den520d.map,PIBTOLD,1,172588,141195,405,405,556,100,den520d-random-17.scen
780,den520d.map,PIBT,1,170828,141195,412,405,54732,1000,den520d-random-17.scen
780,den520d.map,PIBTOLD,1,172588,141195,405,405,559,1000,den520d-random-17.scen
820,den520d.map,PIBT,1,184106,147926,413,413,814,0,den520d-random-17.scen
820,den520d.map,PIBTOLD,1,184106,147926,413,413,582,0,den520d-random-17.scen
820,den520d.map,PIBT,1,180309,147926,415,413,902,1,den520d-random-17.scen
820,den520d.map,PIBTOLD,1,184106,147926,413,413,572,1,den520d-random-17.scen
820,den520d.map,PIBT,1,180946,147926,413,413,1567,10,den520d-random-17.scen
820,den520d.map,PIBTOLD,1,184106,147926,413,413,556,10,den520d-random-17.scen
820,den520d.map,PIBT,1,180661,147926,418,413,7693,100,den520d-random-17.scen
820,den520d.map,PIBTOLD,1,184106,147926,413,413,604,100,den520d-random-17.scen
820,den520d.map,PIBT,1,180228,147926,421,413,54557,1000,den520d-random-17.scen
820,den520d.map,PIBTOLD,1,184106,147926,413,413,616,1000,den520d-random-17.scen
860,den520d.map,PIBT,1,193113,155263,413,413,824,0,den520d-random-17.scen
860,den520d.map,PIBTOLD,1,193113,155263,413,413,616,0,den520d-random-17.scen
860,den520d.map,PIBT,1,190138,155263,415,413,1022,1,den520d-random-17.scen
860,den520d.map,PIBTOLD,1,193113,155263,413,413,626,1,den520d-random-17.scen
860,den520d.map,PIBT,1,191429,155263,414,413,1766,10,den520d-random-17.scen
860,den520d.map,PIBTOLD,1,193113,155263,413,413,599,10,den520d-random-17.scen
860,den520d.map,PIBT,1,190028,155263,414,413,7353,100,den520d-random-17.scen
860,den520d.map,PIBTOLD,1,193113,155263,413,413,619,100,den520d-random-17.scen
20,den520d.map,PIBT,1,4336,4331,374,374,22,0,den520d-random-2.scen
20,den520d.map,PIBTOLD,1,4336,4331,374,374,14,0,den520d-random-2.scen
20,den520d.map,PIBT,1,4529,4331,374,374,12,1,den520d-random-2.scen
20,den520d.map,PIBTOLD,1,4336,4331,374,374,16,1,den520d-random-2.scen
20,den520d.map,PIBT,1,4529,4331,374,374,12,10,den520d-random-2.scen
20,den520d.map,PIBTOLD,1,4336,4331,374,374,12,10,den520d-random-2.scen
20,den520d.map,PIBT,1,4529,4331,374,374,14,100,den520d-random-2.scen
20,den520d.map,PIBTOLD,1,4336,4331,374,374,13,100,den520d-random-2.scen
20,den520d.map,PIBT,1,4529,4331,374,374,15,1000,den520d-random-2.scen
20,den520d.map,PIBTOLD,1,4336,4331,374,374,14,1000,den520d-random-2.scen
60,den520d.map,PIBT,1,11347,10836,374,374,40,0,den520d-random-2.scen
60,den520d.map,PIBTOLD,1,11347,10836,374,374,39,0,den520d-random-2.scen
60,den520d.map,PIBT,1,11591,10836,374,374,45,1,den520d-random-2.scen
60,den520d.map,PIBTOLD,1,11347,10836,374,374,41,1,den520d-random-2.scen
60,den520d.map,PIBT,1,11591,10836,374,374,46,10,den520d-random-2.scen
60,den520d.map,PIBTOLD,1,11347,10836,374,374,41,10,den520d-random-2.scen
60,den520d.map,PIBT,1,11591,10836,374,374,43,100,den520d-random-2.scen
60,den520d.map,PIBTOLD,1,11347,10836,374,374,39,100,den520d-random-2.scen
60,den520d.map,PIBT,1,11591,10836,374,374,45,1000,den520d-random-2.scen
60,den520d.map,PIBTOLD,1,11347,10836,374,374,41,1000,den520d-random-2.scen
100,den520d.map,PIBT,1,18713,17811,375,375,74,0,den520d-random-2.scen
100,den520d.map,PIBTOLD,1,18713,17811,375,375,66,0,den520d-random-2.scen
100,den520d.map,PIBT,1,18911,17811,375,375,70,1,den520d-random-2.scen
100,den520d.map,PIBTOLD,1,18713,17811,375,375,66,1,den520d-random-2.scen
100,den520d.map,PIBT,1,18911,17811,375,375,69,10,den520d-random-2.scen
100,den520d.map,PIBTOLD,1,18713,17811,375,375,66,10,den520d-random-2.scen
100,den520d.map,PIBT,1,18911,17811,375,375,65,100,den520d-random-2.scen
100,den520d.map,PIBTOLD,1,18713,17811,375,375,69,100,den520d-random-2.scen
100,den520d.map,PIBT,1,18911,17811,375,375,71,1000,den520d-random-2.scen
100,den520d.map,PIBTOLD,1,18713,17811,375,375,70,1000,den520d-random-2.scen
140,den520d.map,PIBT,1,26667,25347,394,394,102,0,den520d-random-2.scen
140,den520d.map,PIBTOLD,1,26667,25347,394,394,98,0,den520d-random-2.scen
140,den520d.map,PIBT,1,26900,25347,394,394,99,1,den520d-random-2.scen
140,den520d.map,PIBTOLD,1,26667,25347,394,394,92,1,den520d-random-2.scen
140,den520d.map,PIBT,1,26900,25347,394,394,105,10,den520d-random-2.scen
140,den520d.map,PIBTOLD,1,26667,25347,394,394,91,10,den520d-random-2.scen
140,den520d.map,PIBT,1,26900,25347,394,394,99,100,den520d-random-2.scen
140,den520d.map,PIBTOLD,1,26667,25347,394,394,96,100,den520d-random-2.scen
140,den520d.map,PIBT,1,26900,25347,394,394,102,1000,den520d-random-2.scen
140,den520d.map,PIBTOLD,1,26667,25347,394,394,91,1000,den520d-random-2.scen
180,den520d.map,PIBT,1,35887,33533,404,404,138,0,den520d-random-2.scen
180,den520d.map,PIBTOLD,1,35887,33533,404,404,118,0,den520d-random-2.scen
180,den520d.map,PIBT,1,35960,33533,404,404,134,1,den520d-random-2.scen
180,den520d.map,PIBTOLD,1,35887,33533,404,404,121,1,den520d-random-2.scen
180,den520d.map,PIBT,1,35960,33533,404,404,134,10,den520d-random-2.scen
180,den520d.map,PIBTOLD,1,35887,33533,404,404,118,10,den520d-random-2.scen
180,den520d.map,PIBT,1,35960,33533,404,404,137,100,den520d-random-2.scen
180,den520d.map,PIBTOLD,1,35887,33533,404,404,119,100,den520d-random-2.scen
180,den520d.map,PIBT,1,35960,33533,404,404,140,1000,den520d-random-2.scen
180,den520d.map,PIBTOLD,1,35887,33533,404,404,116,1000,den520d-random-2.scen
220,den520d.map,PIBT,1,44984,41079,404,404,168,0,den520d-random-2.scen
220,den520d.map,PIBTOLD,1,44984,41079,404,404,150,0,den520d-random-2.scen
220,den520d.map,PIBT,1,44378,41079,404,404,170,1,den520d-random-2.scen
220,den520d.map,PIBTOLD,1,44984,41079,404,404,146,1,den520d-random-2.scen
220,den520d.map,PIBT,1,44378,41079,404,404,168,10,den520d-random-2.scen
220,den520d.map,PIBTOLD,1,44984,41079,404,404,146,10,den520d-random-2.scen
220,den520d.map,PIBT,1,44378,41079,404,404,171,100,den520d-random-2.scen
220,den520d.map,PIBTOLD,1,44984,41079,404,404,150,100,den520d-random-2.scen
220,den520d.map,PIBT,1,44378,41079,404,404,169,1000,den520d-random-2.scen
220,den520d.map,PIBTOLD,1,44984,41079,404,404,149,1000,den520d-random-2.scen
260,den520d.map,PIBT,1,53957,48546,404,404,198,0,den520d-random-2.scen
260,den520d.map,PIBTOLD,1,53957,48546,404,404,177,0,den520d-random-2.scen
260,den520d.map,PIBT,1,53369,48546,404,404,198,1,den520d-random-2.scen
260,den520d.map,PIBTOLD,1,53957,48546,404,404,166,1,den520d-random-2.scen
260,den520d.map,PIBT,1,53369,48546,404,404,207,10,den520d-random-2.scen
260,den520d.map,PIBTOLD,1,53957,48546,404,404,183,10,den520d-random-2.scen
260,den520d.map,PIBT,1,53369,48546,404,404,211,100,den520d-random-2.scen
260,den520d.map,PIBTOLD,1,53957,48546,404,404,183,100,den520d-random-2.scen
260,den520d.map,PIBT,1,53369,48546,404,404,201,1000,den520d-random-2.scen
260,den520d.map,PIBTOLD,1,53957,48546,404,404,181,1000,den520d-random-2.scen
300,den520d.map,PIBT,1,62232,56029,404,404,237,0,den520d-random-2.scen
300,den520d.map,PIBTOLD,1,62232,56029,404,404,194,0,den520d-random-2.scen
300,den520d.map,PIBT,1,61946,56029,404,404,246,1,den520d-random-2.scen
300,den520d.map,PIBTOLD,1,62232,56029,404,404,203,1,den520d-random-2.scen
300,den520d.map,PIBT,1,62153,56029,404,404,238,10,den520d-random-2.scen
300,den520d.map,PIBTOLD,1,62232,56029,404,404,207,10,den520d-random-2.scen
300,den520d.map,PIBT,1,62153,56029,404,404,242,100,den520d-random-2.scen
300,den520d.map,PIBTOLD,1,62232,56029,404,404,207,100,den520d-random-2.scen
300,den520d.map,PIBT,1,62153,56029,404,404,235,1000,den520d-random-2.scen
300,den520d.map,PIBTOLD,1,62232,56029,404,404,214,1000,den520d-random-2.scen
340,den520d.map,PIBT,1,71562,62923,404,404,259,0,den520d-random-2.scen
340,den520d.map,PIBTOLD,1,71562,62923,404,404,238,0,den520d-random-2.scen
340,den520d.map,PIBT,1,70831,62923,404,404,285,1,den520d-random-2.scen
340,den520d.map,PIBTOLD,1,71562,62923,404,404,227,1,den520d-random-2.scen
340,den520d.map,PIBT,1,70601,62923,408,404,279,10,den520d-random-2.scen
340,den520d.map,PIBTOLD,1,71562,62923,404,404,239,10,den520d-random-2.scen
340,den520d.map,PIBT,1,70601,62923,408,404,281,100,den520d-random-2.scen
340,den520d.map,PIBTOLD,1,71562,62923,404,404,284,100,den520d-random-2.scen
340,den520d.map,PIBT,1,70601,62923,408,404,276,1000,den520d-random-2.scen
340,den520d.map,PIBTOLD,1,71562,62923,404,404,237,1000,den520d-random-2.scen
380,den520d.map,PIBT,1,80144,70039,404,404,306,0,den520d-random-2.scen
380,den520d.map,PIBTOLD,1,80144,70039,404,404,264,0,den520d-random-2.scen
380,den520d.map,PIBT,1,78893,70039,404,404,298,1,den520d-random-2.scen
380,den520d.map,PIBTOLD,1,80144,70039,404,404,260,1,den520d-random-2.scen
380,den520d.map,PIBT,1,78918,70039,404,404,357,10,den520d-random-2.scen
380,den520d.map,PIBTOLD,1,80144,70039,404,404,262,10,den520d-random-2.scen
380,den520d.map,PIBT,1,78848,70039,404,404,328,100,den520d-random-2.scen
380,den520d.map,PIBTOLD,1,80144,70039,404,404,269,100,den520d-random-2.scen
380,den520d.map,PIBT,1,78848,70039,404,404,348,1000,den520d-random-2.scen
380,den520d.map,PIBTOLD,1,80144,70039,404,404,262,1000,den520d-random-2.scen
420,den520d.map,PIBT,1,90429,78227,404,404,328,0,den520d-random-2.scen
420,den520d.map,PIBTOLD,1,90429,78227,404,404,290,0,den520d-random-2.scen
420,den520d.map,PIBT,1,90032,78227,404,404,368,1,den520d-random-2.scen
420,den520d.map,PIBTOLD,1,90429,78227,404,404,292,1,den520d-random-2.scen
420,den520d.map,PIBT,1,89714,78227,404,404,386,10,den520d-random-2.scen
420,den520d.map,PIBTOLD,1,90429,78227,404,404,277,10,den520d-random-2.scen
420,den520d.map,PIBT,1,89654,78227,404,404,1094,100,den520d-random-2.scen
420,den520d.map,PIBTOLD,1,90429,78227,404,404,272,100,den520d-random-2.scen
420,den520d.map,PIBT,1,89482,78227,404,404,1293,1000,den520d-random-2.scen
420,den520d.map,PIBTOLD,1,90429,78227,404,404,276,1000,den520d-random-2.scen
460,den520d.map,PIBT,1,99417,85840,404,404,391,0,den520d-random-2.scen
460,den520d.map,PIBTOLD,1,99417,85840,404,404,326,0,den520d-random-2.scen
460,den520d.map,PIBT,1,98446,85840,408,404,432,1,den520d-random-2.scen
460,den520d.map,PIBTOLD,1,99417,85840,404,404,310,1,den520d-random-2.scen
460,den520d.map,PIBT,1,98632,85840,404,404,587,10,den520d-random-2.scen
460,den520d.map,PIBTOLD,1,99417,85840,404,404,298,10,den520d-random-2.scen
460,den520d.map,PIBT,1,98031,85840,409,404,798,100,den520d-random-2.scen
460,den520d.map,PIBTOLD,1,99417,85840,404,404,319,100,den520d-random-2.scen
460,den520d.map,PIBT,1,98340,85840,408,404,965,1000,den520d-random-2.scen
460,den520d.map,PIBTOLD,1,99417,85840,404,404,316,1000,den520d-random-2.scen
500,den520d.map,PIBT,1,108455,92637,404,404,441,0,den520d-random-2.scen
500,den520d.map,PIBTOLD,1,108455,92637,404,404,336,0,den520d-random-2.scen
500,den520d.map,PIBT,1,107595,92637,406,404,561,1,den520d-random-2.scen
500,den520d.map,PIBTOLD,1,108455,92637,404,404,360,1,den520d-random-2.scen
500,den520d.map,PIBT,1,107992,92637,404,404,697,10,den520d-random-2.scen
500,den520d.map,PIBTOLD,1,108455,92637,404,404,328,10,den520d-random-2.scen
500,den520d.map,PIBT,1,107677,92637,404,404,1352,100,den520d-random-2.scen
500,den520d.map,PIBTOLD,1,108455,92637,404,404,348,100,den520d-random-2.scen
500,den520d.map,PIBT,1,107166,92637,404,404,12536,1000,den520d-random-2.scen
500,den520d.map,PIBTOLD,1,108455,92637,404,404,335,1000,den520d-random-2.scen
540,den520d.map,PIBT,1,116568,99003,406,405,494,0,den520d-random-2.scen
540,den520d.map,PIBTOLD,1,116568,99003,406,405,366,0,den520d-random-2.scen
540,den520d.map,PIBT,1,116312,99003,407,405,541,1,den520d-random-2.scen
540,den520d.map,PIBTOLD,1,116568,99003,406,405,391,1,den520d-random-2.scen
540,den520d.map,PIBT,1,115982,99003,405,405,849,10,den520d-random-2.scen
540,den520d.map,PIBTOLD,1,116568,99003,406,405,377,10,den520d-random-2.scen
540,den520d.map,PIBT,1,116757,99003,409,405,2843,100,den520d-random-2.scen
540,den520d.map,PIBTOLD,1,116568,99003,406,405,364,100,den520d-random-2.scen
540,den520d.map,PIBT,1,116184,99003,405,405,12953,1000,den520d-random-2.scen
540,den520d.map,PIBTOLD,1,116568,99003,406,405,398,1000,den520d-random-2.scen
580,den520d.map,PIBT,1,126425,105578,405,405,537,0,den520d-random-2.scen
580,den520d.map,PIBTOLD,1,126425,105578,405,405,422,0,den520d-random-2.scen
580,den520d.map,PIBT,1,125298,105578,415,405,576,1,den520d-random-2.scen
580,den520d.map,PIBTOLD,1,126425,105578,405,405,416,1,den520d-random-2.scen
580,den520d.map,PIBT,1,125023,105578,411,405,785,10,den520d-random-2.scen
580,den520d.map,PIBTOLD,1,126425,105578,405,405,410,10,den520d-random-2.scen
580,den520d.map,PIBT,1,124346,105578,411,405,2970,100,den520d-random-2.scen
580,den520d.map,PIBTOLD,1,126425,105578,405,405,401,100,den520d-random-2.scen
580,den520d.map,PIBT,1,124935,105578,412,405,12067,1000,den520d-random-2.scen
580,den520d.map,PIBTOLD,1,126425,105578,405,405,402,1000,den520d-random-2.scen
620,den520d.map,PIBT,1,134965,112829,405,405,579,0,den520d-random-2.scen
620,den520d.map,PIBTOLD,1,134965,112829,405,405,428,0,den520d-random-2.scen
620,den520d.map,PIBT,1,134023,112829,409,405,606,1,den520d-random-2.scen
620,den520d.map,PIBTOLD,1,134965,112829,405,405,431,1,den520d-random-2.scen
620,den520d.map,PIBT,1,132988,112829,405,405,893,10,den520d-random-2.scen
620,den520d.map,PIBTOLD,1,134965,112829,405,405,421,10,den520d-random-2.scen
620,den520d.map,PIBT,1,133181,112829,408,405,3273,100,den520d-random-2.scen
620,den520d.map,PIBTOLD,1,134965,112829,405,405,431,100,den520d-random-2.scen
620,den520d.map,PIBT,1,133984,112829,405,405,20461,1000,den520d-random-2.scen
620,den520d.map,PIBTOLD,1,134965,112829,405,405,439,1000,den520d-random-2.scen
660,den520d.map,PIBT,1,144580,119925,407,405,619,0,den520d-random-2.scen
660,den520d.map,PIBTOLD,1,144580,119925,407,405,469,0,den520d-random-2.scen
660,den520d.map,PIBT,1,142822,119925,406,405,703,1,den520d-random-2.scen
660,den520d.map,PIBTOLD,1,144580,119925,407,405,431,1,den520d-random-2.scen
660,den520d.map,PIBT,1,142848,119925,408,405,1112,10,den520d-random-2.scen
660,den520d.map,PIBTOLD,1,144580,119925,407,405,479,10,den520d-random-2.scen
660,den520d.map,PIBT,1,142080,119925,407,405,4812,100,den520d-random-2.scen
660,den520d.map,PIBTOLD,1,144580,119925,407,405,451,100,den520d-random-2.scen
660,den520d.map,PIBT,1,142524,119925,406,405,11363,1000,den520d-random-2.scen
660,den520d.map,PIBTOLD,1,144580,119925,407,405,439,1000,den520d-random-2.scen
700,den520d.map,PIBT,1,151850,126015,405,405,670,0,den520d-random-2.scen
700,den520d.map,PIBTOLD,1,151850,126015,405,405,485,0,den520d-random-2.scen
700,den520d.map,PIBT,1,151256,126015,406,405,749,1,den520d-random-2.scen
700,den520d.map,PIBTOLD,1,151850,126015,405,405,508,1,den520d-random-2.scen
700,den520d.map,PIBT,1,150915,126015,407,405,1137,10,den520d-random-2.scen
700,den520d.map,PIBTOLD,1,151850,126015,405,405,491,10,den520d-random-2.scen
700,den520d.map,PIBT,1,150188,126015,406,405,5629,100,den520d-random-2.scen
700,den520d.map,PIBTOLD,1,151850,126015,405,405,486,100,den520d-random-2.scen
700,den520d.map,PIBT,1,150866,126015,405,405,34161,1000,den520d-random-2.scen
700,den520d.map,PIBTOLD,1,151850,126015,405,405,503,1000,den520d-random-2.scen
740,den520d.map,PIBT,1,161627,133593,405,405,719,0,den520d-random-2.scen
740,den520d.map,PIBTOLD,1,161627,133593,405,405,518,0,den520d-random-2.scen
740,den520d.map,PIBT,1,160176,133593,405,405,804,1,den520d-random-2.scen
740,den520d.map,PIBTOLD,1,161627,133593,405,405,483,1,den520d-random-2.scen
740,den520d.map,PIBT,1,161593,133593,406,405,1297,10,den520d-random-2.scen
740,den520d.map,PIBTOLD,1,161627,133593,405,405,518,10,den520d-random-2.scen
740,den520d.map,PIBT,1,161044,133593,408,405,5180,100,den520d-random-2.scen
740,den520d.map,PIBTOLD,1,161627,133593,405,405,532,100,den520d-random-2.scen
740,den520d.map,PIBT,1,161025,133593,408,405,46272,1000,den520d-random-2.scen
740,den520d.map,PIBTOLD,1,161627,133593,405,405,522,1000,den520d-random-2.scen
780,den520d.map,PIBT,1,172588,141195,405,405,777,0,den520d-random-2.scen
780,den520d.map,PIBTOLD,1,172588,141195,405,405,558,0,den520d-random-2.scen
780,den520d.map,PIBT,1,171441,141195,408,405,870,1,den520d-random-2.scen
780,den520d.map,PIBTOLD,1,172588,141195,405,405,556,1,den520d-random-2.scen
780,den520d.map,PIBT,1,170814,141195,410,405,1518,10,den520d-random-2.scen
780,den520d.map,PIBTOLD,1,172588,141195,405,405,553,10,den520d-random-2.scen
780,den520d.map,PIBT,1,170890,141195,418,405,6871,100,den520d-random-2.scen
780,den520d.map,PIBTOLD,1,172588,141195,405,405,553,100,den520d-random-2.scen
780,den520d.map,PIBT,1,172252,141195,413,405,48064,1000,den520d-random-2.scen
780,den520d.map,PIBTOLD,1,172588,141195,405,405,552,1000,den520d-random-2.scen
820,den520d.map,PIBT,1,184106,147926,413,413,831,0,den520d-random-2.scen
820,den520d.map,PIBTOLD,1,184106,147926,413,413,563,0,den520d-random-2.scen
820,den520d.map,PIBT,1,182001,147926,417,413,901,1,den520d-random-2.scen
820,den520d.map,PIBTOLD,1,184106,147926,413,413,575,1,den520d-random-2.scen
820,den520d.map,PIBT,1,180646,147926,414,413,1493,10,den520d-random-2.scen
820,den520d.map,PIBTOLD,1,184106,147926,413,413,574,10,den520d-random-2.scen
820,den520d.map,PIBT,1,180784,147926,413,413,8228,100,den520d-random-2.scen
820,den520d.map,PIBTOLD,1,184106,147926,413,413,574,100,den520d-random-2.scen
20,den520d.map,PIBT,1,4336,4331,374,374,18,0,den520d-random-10.scen
20,den520d.map,PIBTOLD,1,4336,4331,374,374,12,0,den520d-random-10.scen
20,den520d.map,PIBT,1,4529,4331,374,374,14,1,den520d-random-10.scen
20,den520d.map,PIBTOLD,1,4336,4331,374,374,12,1,den520d-random-10.scen
20,den520d.map,PIBT,1,4529,4331,374,374,14,10,den520d-random-10.scen
20,den520d.map,PIBTOLD,1,4336,4331,374,374,14,10,den520d-random-10.scen
20,den520d.map,PIBT,1,4529,4331,374,374,15,100,den520d-random-10.scen
20,den520d.map,PIBTOLD,1,4336,4331,374,374,14,100,den520d-random-10.scen
20,den520d.map,PIBT,1,4529,4331,374,374,14,1000,den520d-random-10.scen
20,den520d.map,PIBTOLD,1,4336,4331,374,374,14,1000,den520d-random-10.scen
60,den520d.map,PIBT,1,11347,10836,374,374,42,0,den520d-random-10.scen
60,den520d.map,PIBTOLD,1,11347,10836,374,374,39,0,den520d-random-10.scen
60,den520d.map,PIBT,1,11591,10836,374,374,46,1,den520d-random-10.scen
60,den520d.map,PIBTOLD,1,11347,10836,374,374,36,1,den520d-random-10.scen
60,den520d.map,PIBT,1,11591,10836,374,374,43,10,den520d-random-10.scen
60,den520d.map,PIBTOLD,1,11347,10836,374,374,36,10,den520d-random-10.scen
60,den520d.map,PIBT,1,11591,10836,374,374,43,100,den520d-random-10.scen
60,den520d.map,PIBTOLD,1,11347,10836,374,374,43,100,den520d-random-10.scen
60,den520d.map,PIBT,1,11591,10836,374,374,43,1000,den520d-random-10.scen
60,den520d.map,PIBTOLD,1,11347,10836,374,374,41,1000,den520d-random-10.scen
100,den520d.map,PIBT,1,18713,17811,375,375,72,0,den520d-random-10.scen
100,den520d.map,PIBTOLD,1,18713,17811,375,375,66,0,den520d-random-10.scen
100,den520d.map,PIBT,1,18911,17811,375,375,66,1,den520d-random-10.scen
100,den520d.map,PIBTOLD,1,18713,17811,375,375,67,1,den520d-random-10.scen
100,den520d.map,PIBT,1,18911,17811,375,375,73,10,den520d-random-10.scen
100,den520d.map,PIBTOLD,1,18713,17811,375,375,65,10,den520d-random-10.scen
100,den520d.map,PIBT,1,18911,17811,375,375,62,100,den520d-random-10.scen
100,den520d.map,PIBTOLD,1,18713,17811,375,375,67,100,den520d-random-10.scen
100,den520d.map,PIBT,1,18911,17811,375,375,69,1000,den520d-random-10.scen
100,den520d.map,PIBTOLD,1,18713,17811,375,375,66,1000,den520d-random-10.scen
140,den520d.map,PIBT,1,26667,25347,394,394,100,0,den520d-random-10.scen
140,den520d.map,PIBTOLD,1,26667,25347,394,394,94,0,den520d-random-10.scen
140,den520d.map,PIBT,1,26900,25347,394,394,99,1,den520d-random-10.scen
140,den520d.map,PIBTOLD,1,26667,25347,394,394,85,1,den520d-random-10.scen
140,den520d.map,PIBT,1,26900,25347,394,394,103,10,den520d-random-10.scen
140,den520d.map,PIBTOLD,1,26667,25347,394,394,88,10,den520d-random-10.scen
140,den520d.map,PIBT,1,26900,25347,394,394,99,100,den520d-random-10.scen
140,den520d.map,PIBTOLD,1,26667,25347,394,394,98,100,den520d-random-10.scen
140,den520d.map,PIBT,1,26900,25347,394,394,95,1000,den520d-random-10.scen
140,den520d.map,PIBTOLD,1,26667,25347,394,394,87,1000,den520d-random-10.scen
180,den520d.map,PIBT,1,35887,33533,404,404,130,0,den520d-random-10.scen
180,den520d.map,PIBTOLD,1,35887,33533,404,404,120,0,den520d-random-10.scen
180,den520d.map,PIBT,1,35960,33533,404,404,130,1,den520d-random-10.scen
180,den520d.map,PIBTOLD,1,35887,33533,404,404,118,1,den520d-random-10.scen
180,den520d.map,PIBT,1,35960,33533,404,404,140,10,den520d-random-10.scen
180,den520d.map,PIBTOLD,1,35887,33533,404,404,121,10,den520d-random-10.scen
180,den520d.map,PIBT,1,35960,33533,404,404,130,100,den520d-random-10.scen
180,den520d.map,PIBTOLD,1,35887,33533,404,404,129,100,den520d-random-10.scen
180,den520d.map,PIBT,1,35960,33533,404,404,132,1000,den520d-random-10.scen
180,den520d.map,PIBTOLD,1,35887,33533,404,404,120,1000,den520d-random-10.scen
220,den520d.map,PIBT,1,44984,41079,404,404,160,0,den520d-random-10.scen
220,den520d.map,PIBTOLD,1,44984,41079,404,404,144,0,den520d-random-10.scen
220,den520d.map,PIBT,1,44378,41079,404,404,166,1,den520d-random-10.scen
220,den520d.map,PIBTOLD,1,44984,41079,404,404,145,1,den520d-random-10.scen
220,den520d.map,PIBT,1,44378,41079,404,404,164,10,den520d-random-10.scen
220,den520d.map,PIBTOLD,1,44984,41079,404,404,151,10,den520d-random-10.scen
220,den520d.map,PIBT,1,44378,41079,404,404,164,100,den520d-random-10.scen
220,den520d.map,PIBTOLD,1,44984,41079,404,404,150,100,den520d-random-10.scen
220,den520d.map,PIBT,1,44378,41079,404,404,163,1000,den520d-random-10.scen
220,den520d.map,PIBTOLD,1,44984,41079,404,404,153,1000,den520d-random-10.scen
260,den520d.map,PIBT,1,53957,48546,404,404,194,0,den520d-random-10.scen
260,den520d.map,PIBTOLD,1,53957,48546,404,404,174,0,den520d-random-10.scen
260,den520d.map,PIBT,1,53369,48546,404,404,193,1,den520d-random-10.scen
260,den520d.map,PIBTOLD,1,53957,48546,404,404,167,1,den520d-random-10.scen
260,den520d.map,PIBT,1,53369,48546,404,404,204,10,den520d-random-10.scen
260,den520d.map,PIBTOLD,1,53957,48546,404,404,183,10,den520d-random-10.scen
260,den520d.map,PIBT,1,53369,48546,404,404,193,100,den520d-random-10.scen
260,den520d.map,PIBTOLD,1,53957,48546,404,404,175,100,den520d-random-10.scen
260,den520d.map,PIBT,1,53369,48546,404,404,207,1000,den520d-random-10.scen
260,den520d.map,PIBTOLD,1,53957,48546,404,404,177,1000,den520d-random-10.scen
300,den520d.map,PIBT,1,62232,56029,404,404,232,0,den520d-random-10.scen
300,den520d.map,PIBTOLD,1,62232,56029,404,404,215,0,den520d-random-10.scen
300,den520d.map,PIBT,1,62040,56029,404,404,264,1,den520d-random-10.scen
300,den520d.map,PIBTOLD,1,62232,56029,404,404,199,1,den520d-random-10.scen
300,den520d.map,PIBT,1,62153,56029,404,404,252,10,den520d-random-10.scen
300,den520d.map,PIBTOLD,1,62232,56029,404,404,215,10,den520d-random-10.scen
300,den520d.map,PIBT,1,62153,56029,404,404,251,100,den520d-random-10.scen
300,den520d.map,PIBTOLD,1,62232,56029,404,404,212,100,den520d-random-10.scen
300,den520d.map,PIBT,1,62153,56029,404,404,243,1000,den520d-random-10.scen
300,den520d.map,PIBTOLD,1,62232,56029,404,404,207,1000,den520d-random-10.scen
340,den520d.map,PIBT,1,71562,62923,404,404,270,0,den520d-random-10.scen
340,den520d.map,PIBTOLD,1,71562,62923,404,404,236,0,den520d-random-10.scen
340,den520d.map,PIBT,1,70402,62923,404,404,264,1,den520d-random-10.scen
340,den520d.map,PIBTOLD,1,71562,62923,404,404,227,1,den520d-random-10.scen
340,den520d.map,PIBT,1,70601,62923,408,404,275,10,den520d-random-10.scen
340,den520d.map,PIBTOLD,1,71562,62923,404,404,233,10,den520d-random-10.scen
340,den520d.map,PIBT,1,70601,62923,408,404,267,100,den520d-random-10.scen
340,den520d.map,PIBTOLD,1,71562,62923,404,404,244,100,den520d-random-10.scen
340,den520d.map,PIBT,1,70601,62923,408,404,275,1000,den520d-random-10.scen
340,den520d.map,PIBTOLD,1,71562,62923,404,404,231,1000,den520d-random-10.scen
380,den520d.map,PIBT,1,80144,70039,404,404,300,0,den520d-random-10.scen
380,den520d.map,PIBTOLD,1,80144,70039,404,404,263,0,den520d-random-10.scen
380,den520d.map,PIBT,1,79053,70039,404,404,322,1,den520d-random-10.scen
380,den520d.map,PIBTOLD,1,80144,70039,404,404,259,1,den520d-random-10.scen
380,den520d.map,PIBT,1,79169,70039,404,404,322,10,den520d-random-10.scen
380,den520d.map,PIBTOLD,1,80144,70039,404,404,271,10,den520d-random-10.scen
380,den520d.map,PIBT,1,78848,70039,404,404,342,100,den520d-random-10.scen
380,den520d.map,PIBTOLD,1,80144,70039,404,404,269,100,den520d-random-10.scen
380,den520d.map,PIBT,1,78848,70039,404,404,348,1000,den520d-random-10.scen
380,den520d.map,PIBTOLD,1,80144,70039,404,404,256,1000,den520d-random-10.scen
420,den520d.map,PIBT,1,90429,78227,404,404,342,0,den520d-random-10.scen
420,den520d.map,PIBTOLD,1,90429,78227,404,404,282,0,den520d-random-10.scen
420,den520d.map,PIBT,1,89306,78227,404,404,367,1,den520d-random-10.scen
420,den520d.map,PIBTOLD,1,90429,78227,404,404,277,1,den520d-random-10.scen
420,den520d.map,PIBT,1,89233,78227,404,404,417,10,den520d-random-10.scen
420,den520d.map,PIBTOLD,1,90429,78227,404,404,293,10,den520d-random-10.scen
420,den520d.map,PIBT,1,89345,78227,404,404,1016,100,den520d-random-10.scen
420,den520d.map,PIBTOLD,1,90429,78227,404,404,296,100,den520d-random-10.scen
420,den520d.map,PIBT,1,89482,78227,404,404,1288,1000,den520d-random-10.scen
420,den520d.map,PIBTOLD,1,90429,78227,404,404,287,1000,den520d-random-10.scen
460,den520d.map,PIBT,1,99417,85840,404,404,380,0,den520d-random-10.scen
460,den520d.map,PIBTOLD,1,99417,85840,404,404,306,0,den520d-random-10.scen
460,den520d.map,PIBT,1,98663,85840,414,404,417,1,den520d-random-10.scen
460,den520d.map,PIBTOLD,1,99417,85840,404,404,315,1,den520d-random-10.scen
460,den520d.map,PIBT,1,98446,85840,405,404,509,10,den520d-random-10.scen
460,den520d.map,PIBTOLD,1,99417,85840,404,404,329,10,den520d-random-10.scen
460,den520d.map,PIBT,1,97806,85840,407,404,705,100,den520d-random-10.scen
460,den520d.map,PIBTOLD,1,99417,85840,404,404,324,100,den520d-random-10.scen
460,den520d.map,PIBT,1,98340,85840,408,404,964,1000,den520d-random-10.scen
460,den520d.map,PIBTOLD,1,99417,85840,404,404,316,1000,den520d-random-10.scen
500,den520d.map,PIBT,1,108455,92637,404,404,430,0,den520d-random-10.scen
500,den520d.map,PIBTOLD,1,108455,92637,404,404,345,0,den520d-random-10.scen
500,den520d.map,PIBT,1,107187,92637,410,404,474,1,den520d-random-10.scen
500,den520d.map,PIBTOLD,1,108455,92637,404,404,346,1,den520d-random-10.scen
500,den520d.map,PIBT,1,107807,92637,404,404,603,10,den520d-random-10.scen
500,den520d.map,PIBTOLD,1,108455,92637,404,404,346,10,den520d-random-10.scen
500,den520d.map,PIBT,1,107542,92637,404,404,2029,100,den520d-random-10.scen
500,den520d.map,PIBTOLD,1,108455,92637,404,404,350,100,den520d-random-10.scen
500,den520d.map,PIBT,1,107138,92637,406,404,5547,1000,den520d-random-10.scen
500,den520d.map,PIBTOLD,1,108455,92637,404,404,352,1000,den520d-random-10.scen
540,den520d.map,PIBT,1,116568,99003,406,405,454,0,den520d-random-10.scen
540,den520d.map,PIBTOLD,1,116568,99003,406,405,377,0,den520d-random-10.scen
540,den520d.map,PIBT,1,116293,99003,406,405,501,1,den520d-random-10.scen
540,den520d.map,PIBTOLD,1,116568,99003,406,405,368,1,den520d-random-10.scen
540,den520d.map,PIBT,1,116150,99003,407,405,755,10,den520d-random-10.scen
540,den520d.map,PIBTOLD,1,116568,99003,406,405,384,10,den520d-random-10.scen
540,den520d.map,PIBT,1,115709,99003,405,405,1698,100,den520d-random-10.scen
540,den520d.map,PIBTOLD,1,116568,99003,406,405,363,100,den520d-random-10.scen
540,den520d.map,PIBT,1,116184,99003,407,405,9179,1000,den520d-random-10.scen
540,den520d.map,PIBTOLD,1,116568,99003,406,405,372,1000,den520d-random-10.scen
580,den520d.map,PIBT,1,126425,105578,405,405,495,0,den520d-random-10.scen
580,den520d.map,PIBTOLD,1,126425,105578,405,405,396,0,den520d-random-10.scen
580,den520d.map,PIBT,1,124460,105578,408,405,566,1,den520d-random-10.scen
580,den520d.map,PIBTOLD,1,126425,105578,405,405,398,1,den520d-random-10.scen
580,den520d.map,PIBT,1,124296,105578,411,405,763,10,den520d-random-10.scen
580,den520d.map,PIBTOLD,1,126425,105578,405,405,384,10,den520d-random-10.scen
580,den520d.map,PIBT,1,124995,105578,411,405,2775,100,den520d-random-10.scen
580,den520d.map,PIBTOLD,1,126425,105578,405,405,405,100,den520d-random-10.scen
580,den520d.map,PIBT,1,124543,105578,411,405,11586,1000,den520d-random-10.scen
580,den520d.map,PIBTOLD,1,126425,105578,405,405,408,1000,den520d-random-10.scen
620,den520d.map,PIBT,1,134965,112829,405,405,541,0,den520d-random-10.scen
620,den520d.map,PIBTOLD,1,134965,112829,405,405,409,0,den520d-random-10.scen
620,den520d.map,PIBT,1,133567,112829,406,405,637,1,den520d-random-10.scen
620,den520d.map,PIBTOLD,1,134965,112829,405,405,446,1,den520d-random-10.scen
620,den520d.map,PIBT,1,133881,112829,405,405,952,10,den520d-random-10.scen
620,den520d.map,PIBTOLD,1,134965,112829,405,405,449,10,den520d-random-10.scen
620,den520d.map,PIBT,1,133251,112829,408,405,2849,100,den520d-random-10.scen
620,den520d.map,PIBTOLD,1,134965,112829,405,405,390,100,den520d-random-10.scen
620,den520d.map,PIBT,1,133330,112829,406,405,18530,1000,den520d-random-10.scen
620,den520d.map,PIBTOLD,1,134965,112829,405,405,443,1000,den520d-random-10.scen
660,den520d.map,PIBT,1,144580,119925,407,405,616,0,den520d-random-10.scen
660,den520d.map,PIBTOLD,1,144580,119925,407,405,470,0,den520d-random-10.scen
660,den520d.map,PIBT,1,143624,119925,408,405,667,1,den520d-random-10.scen
660,den520d.map,PIBTOLD,1,144580,119925,407,405,458,1,den520d-random-10.scen
660,den520d.map,PIBT,1,142726,119925,407,405,1102,10,den520d-random-10.scen
660,den520d.map,PIBTOLD,1,144580,119925,407,405,459,10,den520d-random-10.scen
660,den520d.map,PIBT,1,142373,119925,406,405,3453,100,den520d-random-10.scen
660,den520d.map,PIBTOLD,1,144580,119925,407,405,439,100,den520d-random-10.scen
660,den520d.map,PIBT,1,143244,119925,416,405,20881,1000,den520d-random-10.scen
660,den520d.map,PIBTOLD,1,144580,119925,407,405,469,1000,den520d-random-10.scen
700,den520d.map,PIBT,1,151850,126015,405,405,657,0,den520d-random-10.scen
700,den520d.map,PIBTOLD,1,151850,126015,405,405,494,0,den520d-random-10.scen
700,den520d.map,PIBT,1,150897,126015,407,405,728,1,den520d-random-10.scen
700,den520d.map,PIBTOLD,1,151850,126015,405,405,493,1,den520d-random-10.scen
700,den520d.map,PIBT,1,151061,126015,405,405,1218,10,den520d-random-10.scen
700,den520d.map,PIBTOLD,1,151850,126015,405,405,530,10,den520d-random-10.scen
700,den520d.map,PIBT,1,151156,126015,405,405,4625,100,den520d-random-10.scen
700,den520d.map,PIBTOLD,1,151850,126015,405,405,476,100,den520d-random-10.scen
700,den520d.map,PIBT,1,149993,126015,408,405,34860,1000,den520d-random-10.scen
700,den520d.map,PIBTOLD,1,151850,126015,405,405,493,1000,den520d-random-10.scen
740,den520d.map,PIBT,1,161627,133593,405,405,683,0,den520d-random-10.scen
740,den520d.map,PIBTOLD,1,161627,133593,405,405,531,0,den520d-random-10.scen
740,den520d.map,PIBT,1,160304,133593,408,405,796,1,den520d-random-10.scen
740,den520d.map,PIBTOLD,1,161627,133593,405,405,474,1,den520d-random-10.scen
740,den520d.map,PIBT,1,160524,133593,406,405,1285,10,den520d-random-10.scen
740,den520d.map,PIBTOLD,1,161627,133593,405,405,492,10,den520d-random-10.scen
740,den520d.map,PIBT,1,160594,133593,406,405,4491,100,den520d-random-10.scen
740,den520d.map,PIBTOLD,1,161627,133593,405,405,500,100,den520d-random-10.scen
740,den520d.map,PIBT,1,160552,133593,415,405,42738,1000,den520d-random-10.scen
740,den520d.map,PIBTOLD,1,161627,133593,405,405,504,1000,den520d-random-10.scen
780,den520d.map,PIBT,1,172588,141195,405,405,780,0,den520d-random-10.scen
780,den520d.map,PIBTOLD,1,172588,141195,405,405,568,0,den520d-random-10.scen
780,den520d.map,PIBT,1,170093,141195,410,405,858,1,den520d-random-10.scen
780,den520d.map,PIBTOLD,1,172588,141195,405,405,494,1,den520d-random-10.scen
780,den520d.map,PIBT,1,171232,141195,516,405,1550,10,den520d-random-10.scen
780,den520d.map,PIBTOLD,1,172588,141195,405,405,551,10,den520d-random-10.scen
780,den520d.map,PIBT,1,170958,141195,406,405,6722,100,den520d-random-10.scen
780,den520d.map,PIBTOLD,1,172588,141195,405,405,549,100,den520d-random-10.scen
780,den520d.map,PIBT,1,171817,141195,412,405,53631,1000,den520d-random-10.scen
780,den520d.map,PIBTOLD,1,172588,141195,405,405,548,1000,den520d-random-10.scen
820,den520d.map,PIBT,1,184106,147926,413,413,829,0,den520d-random-10.scen
820,den520d.map,PIBTOLD,1,184106,147926,413,413,593,0,den520d-random-10.scen
820,den520d.map,PIBT,1,180950,147926,415,413,909,1,den520d-random-10.scen
820,den520d.map,PIBTOLD,1,184106,147926,413,413,578,1,den520d-random-10.scen
820,den520d.map,PIBT,1,181652,147926,418,413,1624,10,den520d-random-10.scen
820,den520d.map,PIBTOLD,1,184106,147926,413,413,578,10,den520d-random-10.scen
820,den520d.map,PIBT,1,181967,147926,414,413,8133,100,den520d-random-10.scen
820,den520d.map,PIBTOLD,1,184106,147926,413,413,595,100,den520d-random-10.scen
820,den520d.map,PIBT,1,179938,147926,414,413,55221,1000,den520d-random-10.scen
820,den520d.map,PIBTOLD,1,184106,147926,413,413,571,1000,den520d-random-10.scen
20,den520d.map,PIBT,1,4336,4331,374,374,16,0,den520d-random-13.scen
20,den520d.map,PIBTOLD,1,4336,4331,374,374,12,0,den520d-random-13.scen
20,den520d.map,PIBT,1,4529,4331,374,374,16,1,den520d-random-13.scen
20,den520d.map,PIBTOLD,1,4336,4331,374,374,33,1,den520d-random-13.scen
20,den520d.map,PIBT,1,4529,4331,374,374,31,10,den520d-random-13.scen
20,den520d.map,PIBTOLD,1,4336,4331,374,374,14,10,den520d-random-13.scen
20,den520d.map,PIBT,1,4529,4331,374,374,13,100,den520d-random-13.scen
20,den520d.map,PIBTOLD,1,4336,4331,374,374,15,100,den520d-random-13.scen
20,den520d.map,PIBT,1,4529,4331,374,374,12,1000,den520d-random-13.scen
20,den520d.map,PIBTOLD,1,4336,4331,374,374,11,1000,den520d-random-13.scen
60,den520d.map,PIBT,1,11347,10836,374,374,41,0,den520d-random-13.scen
60,den520d.map,PIBTOLD,1,11347,10836,374,374,39,0,den520d-random-13.scen
60,den520d.map,PIBT,1,11591,10836,374,374,44,1,den520d-random-13.scen
60,den520d.map,PIBTOLD,1,11347,10836,374,374,40,1,den520d-random-13.scen
60,den520d.map,PIBT,1,11591,10836,374,374,46,10,den520d-random-13.scen
60,den520d.map,PIBTOLD,1,11347,10836,374,374,41,10,den520d-random-13.scen
60,den520d.map,PIBT,1,11591,10836,374,374,44,100,den520d-random-13.scen
60,den520d.map,PIBTOLD,1,11347,10836,374,374,42,100,den520d-random-13.scen
60,den520d.map,PIBT,1,11591,10836,374,374,45,1000,den520d-random-13.scen
60,den520d.map,PIBTOLD,1,11347,10836,374,374,43,1000,den520d-random-13.scen
100,den520d.map,PIBT,1,18713,17811,375,375,77,0,den520d-random-13.scen
100,den520d.map,PIBTOLD,1,18713,17811,375,375,69,0,den520d-random-13.scen
100,den520d.map,PIBT,1,18911,17811,375,375,73,1,den520d-random-13.scen
100,den520d.map,PIBTOLD,1,18713,17811,375,375,67,1,den520d-random-13.scen
100,den520d.map,PIBT,1,18911,17811,375,375,68,10,den520d-random-13.scen
100,den520d.map,PIBTOLD,1,18713,17811,375,375,69,10,den520d-random-13.scen
100,den520d.map,PIBT,1,18911,17811,375,375,64,100,den520d-random-13.scen
100,den520d.map,PIBTOLD,1,18713,17811,375,375,68,100,den520d-random-13.scen
100,den520d.map,PIBT,1,18911,17811,375,375,67,1000,den520d-random-13.scen
100,den520d.map,PIBTOLD,1,18713,17811,375,375,68,1000,den520d-random-13.scen
140,den520d.map,PIBT,1,26667,25347,394,394,104,0,den520d-random-13.scen
140,den520d.map,PIBTOLD,1,26667,25347,394,394,89,0,den520d-random-13.scen
140,den520d.map,PIBT,1,26900,25347,394,394,101,1,den520d-random-13.scen
140,den520d.map,PIBTOLD,1,26667,25347,394,394,86,1,den520d-random-13.scen
140,den520d.map,PIBT,1,26900,25347,394,394,100,10,den520d-random-13.scen
140,den520d.map,PIBTOLD,1,26667,25347,394,394,96,10,den520d-random-13.scen
140,den520d.map,PIBT,1,26900,25347,394,394,103,100,den520d-random-13.scen
140,den520d.map,PIBTOLD,1,26667,25347,394,394,96,100,den520d-random-13.scen
140,den520d.map,PIBT,1,26900,25347,394,394,102,1000,den520d-random-13.scen
140,den520d.map,PIBTOLD,1,26667,25347,394,394,92,1000,den520d-random-13.scen
180,den520d.map,PIBT,1,35887,33533,404,404,135,0,den520d-random-13.scen
180,den520d.map,PIBTOLD,1,35887,33533,404,404,114,0,den520d-random-13.scen
180,den520d.map,PIBT,1,35960,33533,404,404,141,1,den520d-random-13.scen
180,den520d.map,PIBTOLD,1,35887,33533,404,404,121,1,den520d-random-13.scen
180,den520d.map,PIBT,1,35960,33533,404,404,131,10,den520d-random-13.scen
180,den520d.map,PIBTOLD,1,35887,33533,404,404,121,10,den520d-random-13.scen
180,den520d.map,PIBT,1,35960,33533,404,404,130,100,den520d-random-13.scen
180,den520d.map,PIBTOLD,1,35887,33533,404,404,120,100,den520d-random-13.scen
180,den520d.map,PIBT,1,35960,33533,404,404,133,1000,den520d-random-13.scen
180,den520d.map,PIBTOLD,1,35887,33533,404,404,119,1000,den520d-random-13.scen
220,den520d.map,PIBT,1,44984,41079,404,404,167,0,den520d-random-13.scen
220,den520d.map,PIBTOLD,1,44984,41079,404,404,145,0,den520d-random-13.scen
220,den520d.map,PIBT,1,44378,41079,404,404,162,1,den520d-random-13.scen
220,den520d.map,PIBTOLD,1,44984,41079,404,404,144,1,den520d-random-13.scen
220,den520d.map,PIBT,1,44378,41079,404,404,166,10,den520d-random-13.scen
220,den520d.map,PIBTOLD,1,44984,41079,404,404,139,10,den520d-random-13.scen
220,den520d.map,PIBT,1,44378,41079,404,404,153,100,den520d-random-13.scen
220,den520d.map,PIBTOLD,1,44984,41079,404,404,144,100,den520d-random-13.scen
220,den520d.map,PIBT,1,44378,41079,404,404,154,1000,den520d-random-13.scen
220,den520d.map,PIBTOLD,1,44984,41079,404,404,143,1000,den520d-random-13.scen
260,den520d.map,PIBT,1,53957,48546,404,404,192,0,den520d-random-13.scen
260,den520d.map,PIBTOLD,1,53957,48546,404,404,167,0,den520d-random-13.scen
260,den520d.map,PIBT,1,53369,48546,404,404,203,1,den520d-random-13.scen
260,den520d.map,PIBTOLD,1,53957,48546,404,404,168,1,den520d-random-13.scen
260,den520d.map,PIBT,1,53369,48546,404,404,199,10,den520d-random-13.scen
260,den520d.map,PIBTOLD,1,53957,48546,404,404,172,10,den520d-random-13.scen
260,den520d.map,PIBT,1,53369,48546,404,404,196,100,den520d-random-13.scen
260,den520d.map,PIBTOLD,1,53957,48546,404,404,162,100,den520d-random-13.scen
260,den520d.map,PIBT,1,53369,48546,404,404,206,1000,den520d-random-13.scen
260,den520d.map,PIBTOLD,1,53957,48546,404,404,186,1000,den520d-random-13.scen
300,den520d.map,PIBT,1,62232,56029,404,404,211,0,den520d-random-13.scen
300,den520d.map,PIBTOLD,1,62232,56029,404,404,206,0,den520d-random-13.scen
300,den520d.map,PIBT,1,61923,56029,404,404,242,1,den520d-random-13.scen
300,den520d.map,PIBTOLD,1,62232,56029,404,404,204,1,den520d-random-13.scen
300,den520d.map,PIBT,1,62153,56029,404,404,246,10,den520d-random-13.scen
300,den520d.map,PIBTOLD,1,62232,56029,404,404,208,10,den520d-random-13.scen
300,den520d.map,PIBT,1,62153,56029,404,404,242,100,den520d-random-13.scen
300,den520d.map,PIBTOLD,1,62232,56029,404,404,207,100,den520d-random-13.scen
300,den520d.map,PIBT,1,62153,56029,404,404,239,1000,den520d-random-13.scen
300,den520d.map,PIBTOLD,1,62232,56029,404,404,207,1000,den520d-random-13.scen
340,den520d.map,PIBT,1,71562,62923,404,404,248,0,den520d-random-13.scen
340,den520d.map,PIBTOLD,1,71562,62923,404,404,232,0,den520d-random-13.scen
340,den520d.map,PIBT,1,70314,62923,404,404,278,1,den520d-random-13.scen
340,den520d.map,PIBTOLD,1,71562,62923,404,404,233,1,den520d-random-13.scen
340,den520d.map,PIBT,1,70601,62923,408,404,276,10,den520d-random-13.scen
340,den520d.map,PIBTOLD,1,71562,62923,404,404,241,10,den520d-random-13.scen
340,den520d.map,PIBT,1,70601,62923,408,404,279,100,den520d-random-13.scen
340,den520d.map,PIBTOLD,1,71562,62923,404,404,237,100,den520d-random-13.scen
340,den520d.map,PIBT,1,70601,62923,408,404,273,1000,den520d-random-13.scen
340,den520d.map,PIBTOLD,1,71562,62923,404,404,231,1000,den520d-random-13.scen
380,den520d.map,PIBT,1,80144,70039,404,404,302,0,den520d-random-13.scen
380,den520d.map,PIBTOLD,1,80144,70039,404,404,260,0,den520d-random-13.scen
380,den520d.map,PIBT,1,79019,70039,404,404,323,1,den520d-random-13.scen
380,den520d.map,PIBTOLD,1,80144,70039,404,404,270,1,den520d-random-13.scen
380,den520d.map,PIBT,1,78832,70039,404,404,330,10,den520d-random-13.scen
380,den520d.map,PIBTOLD,1,80144,70039,404,404,269,10,den520d-random-13.scen
380,den520d.map,PIBT,1,78848,70039,404,404,370,100,den520d-random-13.scen
380,den520d.map,PIBTOLD,1,80144,70039,404,404,269,100,den520d-random-13.scen
380,den520d.map,PIBT,1,78848,70039,404,404,335,1000,den520d-random-13.scen
380,den520d.map,PIBTOLD,1,80144,70039,404,404,261,1000,den520d-random-13.scen
420,den520d.map,PIBT,1,90429,78227,404,404,358,0,den520d-random-13.scen
420,den520d.map,PIBTOLD,1,90429,78227,404,404,286,0,den520d-random-13.scen
420,den520d.map,PIBT,1,89492,78227,404,404,369,1,den520d-random-13.scen
420,den520d.map,PIBTOLD,1,90429,78227,404,404,276,1,den520d-random-13.scen
420,den520d.map,PIBT,1,89494,78227,404,404,406,10,den520d-random-13.scen
420,den520d.map,PIBTOLD,1,90429,78227,404,404,291,10,den520d-random-13.scen
420,den520d.map,PIBT,1,89746,78227,404,404,1208,100,den520d-random-13.scen
420,den520d.map,PIBTOLD,1,90429,78227,404,404,295,100,den520d-random-13.scen
420,den520d.map,PIBT,1,89482,78227,404,404,1287,1000,den520d-random-13.scen
420,den520d.map,PIBTOLD,1,90429,78227,404,404,244,1000,den520d-random-13.scen
460,den520d.map,PIBT,1,99417,85840,404,404,391,0,den520d-random-13.scen
460,den520d.map,PIBTOLD,1,99417,85840,404,404,326,0,den520d-random-13.scen
460,den520d.map,PIBT,1,97917,85840,406,404,419,1,den520d-random-13.scen
460,den520d.map,PIBTOLD,1,99417,85840,404,404,317,1,den520d-random-13.scen
460,den520d.map,PIBT,1,98637,85840,404,404,536,10,den520d-random-13.scen
460,den520d.map,PIBTOLD,1,99417,85840,404,404,307,10,den520d-random-13.scen
460,den520d.map,PIBT,1,98065,85840,406,404,942,100,den520d-random-13.scen
460,den520d.map,PIBTOLD,1,99417,85840,404,404,298,100,den520d-random-13.scen
460,den520d.map,PIBT,1,98340,85840,408,404,970,1000,den520d-random-13.scen
460,den520d.map,PIBTOLD,1,99417,85840,404,404,312,1000,den520d-random-13.scen
500,den520d.map,PIBT,1,108455,92637,404,404,436,0,den520d-random-13.scen
500,den520d.map,PIBTOLD,1,108455,92637,404,404,339,0,den520d-random-13.scen
500,den520d.map,PIBT,1,106829,92637,410,404,468,1,den520d-random-13.scen
500,den520d.map,PIBTOLD,1,108455,92637,404,404,355,1,den520d-random-13.scen
500,den520d.map,PIBT,1,107432,92637,406,404,604,10,den520d-random-13.scen
500,den520d.map,PIBTOLD,1,108455,92637,404,404,347,10,den520d-random-13.scen
500,den520d.map,PIBT,1,107472,92637,406,404,1712,100,den520d-random-13.scen
500,den520d.map,PIBTOLD,1,108455,92637,404,404,352,100,den520d-random-13.scen
500,den520d.map,PIBT,1,107081,92637,404,404,4476,1000,den520d-random-13.scen
500,den520d.map,PIBTOLD,1,108455,92637,404,404,298,1000,den520d-random-13.scen
540,den520d.map,PIBT,1,116568,99003,406,405,445,0,den520d-random-13.scen
540,den520d.map,PIBTOLD,1,116568,99003,406,405,374,0,den520d-random-13.scen
540,den520d.map,PIBT,1,116481,99003,405,405,509,1,den520d-random-13.scen
540,den520d.map,PIBTOLD,1,116568,99003,406,405,379,1,den520d-random-13.scen
540,den520d.map,PIBT,1,116093,99003,407,405,715,10,den520d-random-13.scen
540,den520d.map,PIBTOLD,1,116568,99003,406,405,386,10,den520d-random-13.scen
540,den520d.map,PIBT,1,116449,99003,414,405,1669,100,den520d-random-13.scen
540,den520d.map,PIBTOLD,1,116568,99003,406,405,365,100,den520d-random-13.scen
540,den520d.map,PIBT,1,116083,99003,405,405,9892,1000,den520d-random-13.scen
540,den520d.map,PIBTOLD,1,116568,99003,406,405,375,1000,den520d-random-13.scen
580,den520d.map,PIBT,1,126425,105578,405,405,544,0,den520d-random-13.scen
580,den520d.map,PIBTOLD,1,126425,105578,405,405,397,0,den520d-random-13.scen
580,den520d.map,PIBT,1,124666,105578,409,405,577,1,den520d-random-13.scen
580,den520d.map,PIBTOLD,1,126425,105578,405,405,394,1,den520d-random-13.scen
580,den520d.map,PIBT,1,125223,105578,411,405,868,10,den520d-random-13.scen
580,den520d.map,PIBTOLD,1,126425,105578,405,405,401,10,den520d-random-13.scen
580,den520d.map,PIBT,1,125139,105578,411,405,3019,100,den520d-random-13.scen
580,den520d.map,PIBTOLD,1,126425,105578,405,405,406,100,den520d-random-13.scen
580,den520d.map,PIBT,1,124560,105578,411,405,14365,1000,den520d-random-13.scen
580,den520d.map,PIBTOLD,1,126425,105578,405,405,417,1000,den520d-random-13.scen
620,den520d.map,PIBT,1,134965,112829,405,405,581,0,den520d-random-13.scen
620,den520d.map,PIBTOLD,1,134965,112829,405,405,428,0,den520d-random-13.scen
620,den520d.map,PIBT,1,133326,112829,406,405,665,1,den520d-random-13.scen
620,den520d.map,PIBTOLD,1,134965,112829,405,405,434,1,den520d-random-13.scen
620,den520d.map,PIBT,1,133317,112829,407,405,955,10,den520d-random-13.scen
620,den520d.map,PIBTOLD,1,134965,112829,405,405,437,10,den520d-random-13.scen
620,den520d.map,PIBT,1,133998,112829,412,405,3349,100,den520d-random-13.scen
620,den520d.map,PIBTOLD,1,134965,112829,405,405,425,100,den520d-random-13.scen
620,den520d.map,PIBT,1,133834,112829,405,405,15920,1000,den520d-random-13.scen
620,den520d.map,PIBTOLD,1,134965,112829,405,405,455,1000,den520d-random-13.scen
660,den520d.map,PIBT,1,144580,119925,407,405,584,0,den520d-random-13.scen
660,den520d.map,PIBTOLD,1,144580,119925,407,405,463,0,den520d-random-13.scen
660,den520d.map,PIBT,1,143076,119925,405,405,691,1,den520d-random-13.scen
660,den520d.map,PIBTOLD,1,144580,119925,407,405,473,1,den520d-random-13.scen
660,den520d.map,PIBT,1,142948,119925,406,405,1091,10,den520d-random-13.scen
660,den520d.map,PIBTOLD,1,144580,119925,407,405,455,10,den520d-random-13.scen
660,den520d.map,PIBT,1,142975,119925,407,405,4056,100,den520d-random-13.scen
660,den520d.map,PIBTOLD,1,144580,119925,407,405,446,100,den520d-random-13.scen
660,den520d.map,PIBT,1,142711,119925,406,405,22424,1000,den520d-random-13.scen
660,den520d.map,PIBTOLD,1,144580,119925,407,405,475,1000,den520d-random-13.scen
700,den520d.map,PIBT,1,151850,126015,405,405,661,0,den520d-random-13.scen
700,den520d.map,PIBTOLD,1,151850,126015,405,405,455,0,den520d-random-13.scen
700,den520d.map,PIBT,1,150335,126015,409,405,735,1,den520d-random-13.scen
700,den520d.map,PIBTOLD,1,151850,126015,405,405,506,1,den520d-random-13.scen
700,den520d.map,PIBT,1,150191,126015,405,405,1074,10,den520d-random-13.scen
700,den520d.map,PIBTOLD,1,151850,126015,405,405,475,10,den520d-random-13.scen
700,den520d.map,PIBT,1,150687,126015,405,405,5092,100,den520d-random-13.scen
700,den520d.map,PIBTOLD,1,151850,126015,405,405,483,100,den520d-random-13.scen
700,den520d.map,PIBT,1,150872,126015,405,405,26663,1000,den520d-random-13.scen
700,den520d.map,PIBTOLD,1,151850,126015,405,405,480,1000,den520d-random-13.scen
740,den520d.map,PIBT,1,161627,133593,405,405,716,0,den520d-random-13.scen
740,den520d.map,PIBTOLD,1,161627,133593,405,405,485,0,den520d-random-13.scen
740,den520d.map,PIBT,1,161203,133593,413,405,800,1,den520d-random-13.scen
740,den520d.map,PIBTOLD,1,161627,133593,405,405,537,1,den520d-random-13.scen
740,den520d.map,PIBT,1,160907,133593,408,405,1326,10,den520d-random-13.scen
740,den520d.map,PIBTOLD,1,161627,133593,405,405,507,10,den520d-random-13.scen
740,den520d.map,PIBT,1,160336,133593,413,405,5546,100,den520d-random-13.scen
740,den520d.map,PIBTOLD,1,161627,133593,405,405,508,100,den520d-random-13.scen
740,den520d.map,PIBT,1,160184,133593,408,405,38714,1000,den520d-random-13.scen
740,den520d.map,PIBTOLD,1,161627,133593,405,405,534,1000,den520d-random-13.scen
780,den520d.map,PIBT,1,172588,141195,405,405,781,0,den520d-random-13.scen
780,den520d.map,PIBTOLD,1,172588,141195,405,405,550,0,den520d-random-13.scen
780,den520d.map,PIBT,1,171445,141195,410,405,869,1,den520d-random-13.scen
780,den520d.map,PIBTOLD,1,172588,141195,405,405,556,1,den520d-random-13.scen
780,den520d.map,PIBT,1,170127,141195,408,405,1438,10,den520d-random-13.scen
780,den520d.map,PIBTOLD,1,172588,141195,405,405,570,10,den520d-random-13.scen
780,den520d.map,PIBT,1,170487,141195,406,405,7461,100,den520d-random-13.scen
780,den520d.map,PIBTOLD,1,172588,141195,405,405,543,100,den520d-random-13.scen
780,den520d.map,PIBT,1,171098,141195,412,405,53490,1000,den520d-random-13.scen
780,den520d.map,PIBTOLD,1,172588,141195,405,405,548,1000,den520d-random-13.scen
820,den520d.map,PIBT,1,184106,147926,413,413,796,0,den520d-random-13.scen
820,den520d.map,PIBTOLD,1,184106,147926,413,413,544,0,den520d-random-13.scen
820,den520d.map,PIBT,1,181086,147926,416,413,917,1,den520d-random-13.scen
820,den520d.map,PIBTOLD,1,184106,147926,413,413,579,1,den520d-random-13.scen
820,den520d.map,PIBT,1,180973,147926,415,413,1493,10,den520d-random-13.scen
820,den520d.map,PIBTOLD,1,184106,147926,413,413,571,10,den520d-random-13.scen
820,den520d.map,PIBT,1,181038,147926,416,413,7138,100,den520d-random-13.scen
820,den520d.map,PIBTOLD,1,184106,147926,413,413,573,100,den520d-random-13.scen
820,den520d.map,PIBT,1,179362,147926,416,413,58978,1000,den520d-random-13.scen
820,den520d.map,PIBTOLD,1,184106,147926,413,413,567,1000,den520d-random-13.scen
20,den520d.map,PIBT,1,4336,4331,374,374,15,0,den520d-random-12.scen
20,den520d.map,PIBTOLD,1,4336,4331,374,374,12,0,den520d-random-12.scen
20,den520d.map,PIBT,1,4529,4331,374,374,16,1,den520d-random-12.scen
20,den520d.map,PIBTOLD,1,4336,4331,374,374,15,1,den520d-random-12.scen
20,den520d.map,PIBT,1,4529,4331,374,374,15,10,den520d-random-12.scen
20,den520d.map,PIBTOLD,1,4336,4331,374,374,14,10,den520d-random-12.scen
20,den520d.map,PIBT,1,4529,4331,374,374,14,100,den520d-random-12.scen
20,den520d.map,PIBTOLD,1,4336,4331,374,374,13,100,den520d-random-12.scen
20,den520d.map,PIBT,1,4529,4331,374,374,13,1000,den520d-random-12.scen
20,den520d.map,PIBTOLD,1,4336,4331,374,374,12,1000,den520d-random-12.scen
60,den520d.map,PIBT,1,11347,10836,374,374,44,0,den520d-random-12.scen
60,den520d.map,PIBTOLD,1,11347,10836,374,374,42,0,den520d-random-12.scen
60,den520d.map,PIBT,1,11591,10836,374,374,39,1,den520d-random-12.scen
60,den520d.map,PIBTOLD,1,11347,10836,374,374,42,1,den520d-random-12.scen
60,den520d.map,PIBT,1,11591,10836,374,374,43,10,den520d-random-12.scen
60,den520d.map,PIBTOLD,1,11347,10836,374,374,38,10,den520d-random-12.scen
60,den520d.map,PIBT,1,11591,10836,374,374,39,100,den520d-random-12.scen
60,den520d.map,PIBTOLD,1,11347,10836,374,374,42,100,den520d-random-12.scen
60,den520d.map,PIBT,1,11591,10836,374,374,46,1000,den520d-random-12.scen
60,den520d.map,PIBTOLD,1,11347,10836,374,374,37,1000,den520d-random-12.scen
100,den520d.map,PIBT,1,18713,17811,375,375,74,0,den520d-random-12.scen
100,den520d.map,PIBTOLD,1,18713,17811,375,375,61,0,den520d-random-12.scen
100,den520d.map,PIBT,1,18911,17811,375,375,73,1,den520d-random-12.scen
100,den520d.map,PIBTOLD,1,18713,17811,375,375,68,1,den520d-random-12.scen
100,den520d.map,PIBT,1,18911,17811,375,375,73,10,den520d-random-12.scen
100,den520d.map,PIBTOLD,1,18713,17811,375,375,58,10,den520d-random-12.scen
100,den520d.map,PIBT,1,18911,17811,375,375,71,100,den520d-random-12.scen
100,den520d.map,PIBTOLD,1,18713,17811,375,375,63,100,den520d-random-12.scen
100,den520d.map,PIBT,1,18911,17811,375,375,69,1000,den520d-random-12.scen
100,den520d.map,PIBTOLD,1,18713,17811,375,375,66,1000,den520d-random-12.scen
140,den520d.map,PIBT,1,26667,25347,394,394,97,0,den520d-random-12.scen
140,den520d.map,PIBTOLD,1,26667,25347,394,394,90,0,den520d-random-12.scen
140,den520d.map,PIBT,1,26900,25347,394,394,93,1,den520d-random-12.scen
140,den520d.map,PIBTOLD,1,26667,25347,394,394,92,1,den520d-random-12.scen
140,den520d.map,PIBT,1,26900,25347,394,394,102,10,den520d-random-12.scen
140,den520d.map,PIBTOLD,1,26667,25347,394,394,91,10,den520d-random-12.scen
140,den520d.map,PIBT,1,26900,25347,394,394,105,100,den520d-random-12.scen
140,den520d.map,PIBTOLD,1,26667,25347,394,394,91,100,den520d-random-12.scen
140,den520d.map,PIBT,1,26900,25347,394,394,91,1000,den520d-random-12.scen
140,den520d.map,PIBTOLD,1,26667,25347,394,394,84,1000,den520d-random-12.scen
180,den520d.map,PIBT,1,35887,33533,404,404,134,0,den520d-random-12.scen
180,den520d.map,PIBTOLD,1,35887,33533,404,404,127,0,den520d-random-12.scen
180,den520d.map,PIBT,1,35960,33533,404,404,135,1,den520d-random-12.scen
180,den520d.map,PIBTOLD,1,35887,33533,404,404,115,1,den520d-random-12.scen
180,den520d.map,PIBT,1,35960,33533,404,404,134,10,den520d-random-12.scen
180,den520d.map,PIBTOLD,1,35887,33533,404,404,128,10,den520d-random-12.scen
180,den520d.map,PIBT,1,35960,33533,404,404,139,100,den520d-random-12.scen
180,den520d.map,PIBTOLD,1,35887,33533,404,404,117,100,den520d-random-12.scen
180,den520d.map,PIBT,1,35960,33533,404,404,127,1000,den520d-random-12.scen
180,den520d.map,PIBTOLD,1,35887,33533,404,404,124,1000,den520d-random-12.scen
220,den520d.map,PIBT,1,44984,41079,404,404,168,0,den520d-random-12.scen
220,den520d.map,PIBTOLD,1,44984,41079,404,404,151,0,den520d-random-12.scen
220,den520d.map,PIBT,1,44378,41079,404,404,159,1,den520d-random-12.scen
220,den520d.map,PIBTOLD,1,44984,41079,404,404,156,1,den520d-random-12.scen
220,den520d.map,PIBT,1,44378,41079,404,404,162,10,den520d-random-12.scen
220,den520d.map,PIBTOLD,1,44984,41079,404,404,152,10,den520d-random-12.scen
220,den520d.map,PIBT,1,44378,41079,404,404,160,100,den520d-random-12.scen
220,den520d.map,PIBTOLD,1,44984,41079,404,404,145,100,den520d-random-12.scen
220,den520d.map,PIBT,1,44378,41079,404,404,172,1000,den520d-random-12.scen
220,den520d.map,PIBTOLD,1,44984,41079,404,404,148,1000,den520d-random-12.scen
260,den520d.map,PIBT,1,53957,48546,404,404,187,0,den520d-random-12.scen
260,den520d.map,PIBTOLD,1,53957,48546,404,404,173,0,den520d-random-12.scen
260,den520d.map,PIBT,1,53369,48546,404,404,208,1,den520d-random-12.scen
260,den520d.map,PIBTOLD,1,53957,48546,404,404,172,1,den520d-random-12.scen
260,den520d.map,PIBT,1,53369,48546,404,404,211,10,den520d-random-12.scen
260,den520d.map,PIBTOLD,1,53957,48546,404,404,176,10,den520d-random-12.scen
260,den520d.map,PIBT,1,53369,48546,404,404,203,100,den520d-random-12.scen
260,den520d.map,PIBTOLD,1,53957,48546,404,404,181,100,den520d-random-12.scen
260,den520d.map,PIBT,1,53369,48546,404,404,198,1000,den520d-random-12.scen
260,den520d.map,PIBTOLD,1,53957,48546,404,404,175,1000,den520d-random-12.scen
300,den520d.map,PIBT,1,62232,56029,404,404,250,0,den520d-random-12.scen
300,den520d.map,PIBTOLD,1,62232,56029,404,404,208,0,den520d-random-12.scen
300,den520d.map,PIBT,1,61792,56029,404,404,227,1,den520d-random-12.scen
300,den520d.map,PIBTOLD,1,62232,56029,404,404,195,1,den520d-random-12.scen
300,den520d.map,PIBT,1,62153,56029,404,404,240,10,den520d-random-12.scen
300,den520d.map,PIBTOLD,1,62232,56029,404,404,196,10,den520d-random-12.scen
300,den520d.map,PIBT,1,62153,56029,404,404,240,100,den520d-random-12.scen
300,den520d.map,PIBTOLD,1,62232,56029,404,404,182,100,den520d-random-12.scen
300,den520d.map,PIBT,1,62153,56029,404,404,240,1000,den520d-random-12.scen
300,den520d.map,PIBTOLD,1,62232,56029,404,404,201,1000,den520d-random-12.scen
340,den520d.map,PIBT,1,71562,62923,404,404,275,0,den520d-random-12.scen
340,den520d.map,PIBTOLD,1,71562,62923,404,404,223,0,den520d-random-12.scen
340,den520d.map,PIBT,1,70720,62923,404,404,288,1,den520d-random-12.scen
340,den520d.map,PIBTOLD,1,71562,62923,404,404,235,1,den520d-random-12.scen
340,den520d.map,PIBT,1,70601,62923,408,404,280,10,den520d-random-12.scen
340,den520d.map,PIBTOLD,1,71562,62923,404,404,230,10,den520d-random-12.scen
340,den520d.map,PIBT,1,70601,62923,408,404,275,100,den520d-random-12.scen
340,den520d.map,PIBTOLD,1,71562,62923,404,404,220,100,den520d-random-12.scen
340,den520d.map,PIBT,1,70601,62923,408,404,271,1000,den520d-random-12.scen
340,den520d.map,PIBTOLD,1,71562,62923,404,404,221,1000,den520d-random-12.scen
380,den520d.map,PIBT,1,80144,70039,404,404,290,0,den520d-random-12.scen
380,den520d.map,PIBTOLD,1,80144,70039,404,404,257,0,den520d-random-12.scen
380,den520d.map,PIBT,1,78789,70039,404,404,323,1,den520d-random-12.scen
380,den520d.map,PIBTOLD,1,80144,70039,404,404,267,1,den520d-random-12.scen
380,den520d.map,PIBT,1,79108,70039,404,404,335,10,den520d-random-12.scen
380,den520d.map,PIBTOLD,1,80144,70039,404,404,256,10,den520d-random-12.scen
380,den520d.map,PIBT,1,78848,70039,404,404,348,100,den520d-random-12.scen
380,den520d.map,PIBTOLD,1,80144,70039,404,404,265,100,den520d-random-12.scen
380,den520d.map,PIBT,1,78848,70039,404,404,336,1000,den520d-random-12.scen
380,den520d.map,PIBTOLD,1,80144,70039,404,404,266,1000,den520d-random-12.scen
420,den520d.map,PIBT,1,90429,78227,404,404,344,0,den520d-random-12.scen
420,den520d.map,PIBTOLD,1,90429,78227,404,404,293,0,den520d-random-12.scen
420,den520d.map,PIBT,1,89486,78227,405,404,361,1,den520d-random-12.scen
420,den520d.map,PIBTOLD,1,90429,78227,404,404,294,1,den520d-random-12.scen
420,den520d.map,PIBT,1,89559,78227,404,404,435,10,den520d-random-12.scen
420,den520d.map,PIBTOLD,1,90429,78227,404,404,291,10,den520d-random-12.scen
420,den520d.map,PIBT,1,89568,78227,404,404,1022,100,den520d-random-12.scen
420,den520d.map,PIBTOLD,1,90429,78227,404,404,291,100,den520d-random-12.scen
420,den520d.map,PIBT,1,89482,78227,404,404,1288,1000,den520d-random-12.scen
420,den520d.map,PIBTOLD,1,90429,78227,404,404,279,1000,den520d-random-12.scen
460,den520d.map,PIBT,1,99417,85840,404,404,404,0,den520d-random-12.scen
460,den520d.map,PIBTOLD,1,99417,85840,404,404,301,0,den520d-random-12.scen
460,den520d.map,PIBT,1,98358,85840,404,404,414,1,den520d-random-12.scen
460,den520d.map,PIBTOLD,1,99417,85840,404,404,316,1,den520d-random-12.scen
460,den520d.map,PIBT,1,98678,85840,407,404,649,10,den520d-random-12.scen
460,den520d.map,PIBTOLD,1,99417,85840,404,404,308,10,den520d-random-12.scen
460,den520d.map,PIBT,1,98433,85840,404,404,917,100,den520d-random-12.scen
460,den520d.map,PIBTOLD,1,99417,85840,404,404,312,100,den520d-random-12.scen
460,den520d.map,PIBT,1,98340,85840,408,404,965,1000,den520d-random-12.scen
460,den520d.map,PIBTOLD,1,99417,85840,404,404,315,1000,den520d-random-12.scen
500,den520d.map,PIBT,1,108455,92637,404,404,413,0,den520d-random-12.scen
500,den520d.map,PIBTOLD,1,108455,92637,404,404,344,0,den520d-random-12.scen
500,den520d.map,PIBT,1,106874,92637,406,404,467,1,den520d-random-12.scen
500,den520d.map,PIBTOLD,1,108455,92637,404,404,348,1,den520d-random-12.scen
500,den520d.map,PIBT,1,107511,92637,404,404,603,10,den520d-random-12.scen
500,den520d.map,PIBTOLD,1,108455,92637,404,404,322,10,den520d-random-12.scen
500,den520d.map,PIBT,1,107163,92637,405,404,1224,100,den520d-random-12.scen
500,den520d.map,PIBTOLD,1,108455,92637,404,404,351,100,den520d-random-12.scen
500,den520d.map,PIBT,1,106883,92637,404,404,5266,1000,den520d-random-12.scen
500,den520d.map,PIBTOLD,1,108455,92637,404,404,347,1000,den520d-random-12.scen
540,den520d.map,PIBT,1,116568,99003,406,405,477,0,den520d-random-12.scen
540,den520d.map,PIBTOLD,1,116568,99003,406,405,385,0,den520d-random-12.scen
540,den520d.map,PIBT,1,116432,99003,405,405,526,1,den520d-random-12.scen
540,den520d.map,PIBTOLD,1,116568,99003,406,405,376,1,den520d-random-12.scen
540,den520d.map,PIBT,1,116340,99003,405,405,873,10,den520d-random-12.scen
540,den520d.map,PIBTOLD,1,116568,99003,406,405,376,10,den520d-random-12.scen
540,den520d.map,PIBT,1,116786,99003,406,405,2793,100,den520d-random-12.scen
540,den520d.map,PIBTOLD,1,116568,99003,406,405,367,100,den520d-random-12.scen
540,den520d.map,PIBT,1,115358,99003,405,405,4014,1000,den520d-random-12.scen
540,den520d.map,PIBTOLD,1,116568,99003,406,405,366,1000,den520d-random-12.scen
580,den520d.map,PIBT,1,126425,105578,405,405,506,0,den520d-random-12.scen
580,den520d.map,PIBTOLD,1,126425,105578,405,405,404,0,den520d-random-12.scen
580,den520d.map,PIBT,1,124865,105578,405,405,561,1,den520d-random-12.scen
580,den520d.map,PIBTOLD,1,126425,105578,405,405,405,1,den520d-random-12.scen
580,den520d.map,PIBT,1,124523,105578,411,405,928,10,den520d-random-12.scen
580,den520d.map,PIBTOLD,1,126425,105578,405,405,412,10,den520d-random-12.scen
580,den520d.map,PIBT,1,124886,105578,412,405,2113,100,den520d-random-12.scen
580,den520d.map,PIBTOLD,1,126425,105578,405,405,396,100,den520d-random-12.scen
580,den520d.map,PIBT,1,124640,105578,412,405,8726,1000,den520d-random-12.scen
580,den520d.map,PIBTOLD,1,126425,105578,405,405,382,1000,den520d-random-12.scen
620,den520d.map,PIBT,1,134965,112829,405,405,568,0,den520d-random-12.scen
620,den520d.map,PIBTOLD,1,134965,112829,405,405,419,0,den520d-random-12.scen
620,den520d.map,PIBT,1,133704,112829,407,405,643,1,den520d-random-12.scen
620,den520d.map,PIBTOLD,1,134965,112829,405,405,439,1,den520d-random-12.scen
620,den520d.map,PIBT,1,133616,112829,405,405,909,10,den520d-random-12.scen
620,den520d.map,PIBTOLD,1,134965,112829,405,405,431,10,den520d-random-12.scen
620,den520d.map,PIBT,1,133692,112829,410,405,2901,100,den520d-random-12.scen
620,den520d.map,PIBTOLD,1,134965,112829,405,405,424,100,den520d-random-12.scen
620,den520d.map,PIBT,1,133935,112829,405,405,30523,1000,den520d-random-12.scen
620,den520d.map,PIBTOLD,1,134965,112829,405,405,431,1000,den520d-random-12.scen
660,den520d.map,PIBT,1,144580,119925,407,405,624,0,den520d-random-12.scen
660,den520d.map,PIBTOLD,1,144580,119925,407,405,460,0,den520d-random-12.scen
660,den520d.map,PIBT,1,143308,119925,410,405,699,1,den520d-random-12.scen
660,den520d.map,PIBTOLD,1,144580,119925,407,405,479,1,den520d-random-12.scen
660,den520d.map,PIBT,1,142754,119925,407,405,1034,10,den520d-random-12.scen
660,den520d.map,PIBTOLD,1,144580,119925,407,405,465,10,den520d-random-12.scen
660,den520d.map,PIBT,1,141992,119925,407,405,3816,100,den520d-random-12.scen
660,den520d.map,PIBTOLD,1,144580,119925,407,405,455,100,den520d-random-12.scen
660,den520d.map,PIBT,1,143279,119925,412,405,24282,1000,den520d-random-12.scen
660,den520d.map,PIBTOLD,1,144580,119925,407,405,481,1000,den520d-random-12.scen
700,den520d.map,PIBT,1,151850,126015,405,405,673,0,den520d-random-12.scen
700,den520d.map,PIBTOLD,1,151850,126015,405,405,473,0,den520d-random-12.scen
700,den520d.map,PIBT,1,150942,126015,406,405,761,1,den520d-random-12.scen
700,den520d.map,PIBTOLD,1,151850,126015,405,405,497,1,den520d-random-12.scen
700,den520d.map,PIBT,1,150539,126015,406,405,1197,10,den520d-random-12.scen
700,den520d.map,PIBTOLD,1,151850,126015,405,405,480,10,den520d-random-12.scen
700,den520d.map,PIBT,1,151508,126015,407,405,5096,100,den520d-random-12.scen
700,den520d.map,PIBTOLD,1,151850,126015,405,405,506,100,den520d-random-12.scen
700,den520d.map,PIBT,1,150755,126015,405,405,29154,1000,den520d-random-12.scen
700,den520d.map,PIBTOLD,1,151850,126015,405,405,499,1000,den520d-random-12.scen
740,den520d.map,PIBT,1,161627,133593,405,405,705,0,den520d-random-12.scen
740,den520d.map,PIBTOLD,1,161627,133593,405,405,523,0,den520d-random-12.scen
740,den520d.map,PIBT,1,160716,133593,406,405,788,1,den520d-random-12.scen
740,den520d.map,PIBTOLD,1,161627,133593,405,405,536,1,den520d-random-12.scen
740,den520d.map,PIBT,1,160445,133593,407,405,1361,10,den520d-random-12.scen
740,den520d.map,PIBTOLD,1,161627,133593,405,405,528,10,den520d-random-12.scen
740,den520d.map,PIBT,1,160135,133593,406,405,5733,100,den520d-random-12.scen
740,den520d.map,PIBTOLD,1,161627,133593,405,405,520,100,den520d-random-12.scen
740,den520d.map,PIBT,1,160741,133593,407,405,31979,1000,den520d-random-12.scen
740,den520d.map,PIBTOLD,1,161627,133593,405,405,537,1000,den520d-random-12.scen
780,den520d.map,PIBT,1,172588,141195,405,405,785,0,den520d-random-12.scen
780,den520d.map,PIBTOLD,1,172588,141195,405,405,558,0,den520d-random-12.scen
780,den520d.map,PIBT,1,170361,141195,407,405,868,1,den520d-random-12.scen
780,den520d.map,PIBTOLD,1,172588,141195,405,405,563,1,den520d-random-12.scen
780,den520d.map,PIBT,1,170490,141195,406,405,1462,10,den520d-random-12.scen
780,den520d.map,PIBTOLD,1,172588,141195,405,405,533,10,den520d-random-12.scen
780,den520d.map,PIBT,1,171929,141195,410,405,7024,100,den520d-random-12.scen
780,den520d.map,PIBTOLD,1,172588,141195,405,405,568,100,den520d-random-12.scen
20,den520d.map,PIBT,1,4336,4331,374,374,14,0,den520d-random-18.scen
20,den520d.map,PIBTOLD,1,4336,4331,374,374,15,0,den520d-random-18.scen
20,den520d.map,PIBT,1,4529,4331,374,374,15,1,den520d-random-18.scen
20,den520d.map,PIBTOLD,1,4336,4331,374,374,16,1,den520d-random-18.scen
20,den520d.map,PIBT,1,4529,4331,374,374,14,10,den520d-random-18.scen
20,den520d.map,PIBTOLD,1,4336,4331,374,374,14,10,den520d-random-18.scen
20,den520d.map,PIBT,1,4529,4331,374,374,14,100,den520d-random-18.scen
20,den520d.map,PIBTOLD,1,4336,4331,374,374,14,100,den520d-random-18.scen
20,den520d.map,PIBT,1,4529,4331,374,374,15,1000,den520d-random-18.scen
20,den520d.map,PIBTOLD,1,4336,4331,374,374,15,1000,den520d-random-18.scen
60,den520d.map,PIBT,1,11347,10836,374,374,46,0,den520d-random-18.scen
60,den520d.map,PIBTOLD,1,11347,10836,374,374,43,0,den520d-random-18.scen
60,den520d.map,PIBT,1,11591,10836,374,374,43,1,den520d-random-18.scen
60,den520d.map,PIBTOLD,1,11347,10836,374,374,43,1,den520d-random-18.scen
60,den520d.map,PIBT,1,11591,10836,374,374,44,10,den520d-random-18.scen
60,den520d.map,PIBTOLD,1,11347,10836,374,374,43,10,den520d-random-18.scen
60,den520d.map,PIBT,1,11591,10836,374,374,43,100,den520d-random-18.scen
60,den520d.map,PIBTOLD,1,11347,10836,374,374,43,100,den520d-random-18.scen
60,den520d.map,PIBT,1,11591,10836,374,374,38,1000,den520d-random-18.scen
60,den520d.map,PIBTOLD,1,11347,10836,374,374,38,1000,den520d-random-18.scen
100,den520d.map,PIBT,1,18713,17811,375,375,64,0,den520d-random-18.scen
100,den520d.map,PIBTOLD,1,18713,17811,375,375,65,0,den520d-random-18.scen
100,den520d.map,PIBT,1,18911,17811,375,375,69,1,den520d-random-18.scen
100,den520d.map,PIBTOLD,1,18713,17811,375,375,65,1,den520d-random-18.scen
100,den520d.map,PIBT,1,18911,17811,375,375,75,10,den520d-random-18.scen
100,den520d.map,PIBTOLD,1,18713,17811,375,375,68,10,den520d-random-18.scen
100,den520d.map,PIBT,1,18911,17811,375,375,68,100,den520d-random-18.scen
100,den520d.map,PIBTOLD,1,18713,17811,375,375,66,100,den520d-random-18.scen
100,den520d.map,PIBT,1,18911,17811,375,375,70,1000,den520d-random-18.scen
100,den520d.map,PIBTOLD,1,18713,17811,375,375,65,1000,den520d-random-18.scen
140,den520d.map,PIBT,1,26667,25347,394,394,98,0,den520d-random-18.scen
140,den520d.map,PIBTOLD,1,26667,25347,394,394,88,0,den520d-random-18.scen
140,den520d.map,PIBT,1,26900,25347,394,394,99,1,den520d-random-18.scen
140,den520d.map,PIBTOLD,1,26667,25347,394,394,89,1,den520d-random-18.scen
140,den520d.map,PIBT,1,26900,25347,394,394,106,10,den520d-random-18.scen
140,den520d.map,PIBTOLD,1,26667,25347,394,394,98,10,den520d-random-18.scen
140,den520d.map,PIBT,1,26900,25347,394,394,98,100,den520d-random-18.scen
140,den520d.map,PIBTOLD,1,26667,25347,394,394,92,100,den520d-random-18.scen
140,den520d.map,PIBT,1,26900,25347,394,394,93,1000,den520d-random-18.scen
140,den520d.map,PIBTOLD,1,26667,25347,394,394,98,1000,den520d-random-18.scen
180,den520d.map,PIBT,1,35887,33533,404,404,132,0,den520d-random-18.scen
180,den520d.map,PIBTOLD,1,35887,33533,404,404,125,0,den520d-random-18.scen
180,den520d.map,PIBT,1,35960,33533,404,404,138,1,den520d-random-18.scen
180,den520d.map,PIBTOLD,1,35887,33533,404,404,118,1,den520d-random-18.scen
180,den520d.map,PIBT,1,35960,33533,404,404,127,10,den520d-random-18.scen
180,den520d.map,PIBTOLD,1,35887,33533,404,404,117,10,den520d-random-18.scen
180,den520d.map,PIBT,1,35960,33533,404,404,130,100,den520d-random-18.scen
180,den520d.map,PIBTOLD,1,35887,33533,404,404,120,100,den520d-random-18.scen
180,den520d.map,PIBT,1,35960,33533,404,404,124,1000,den520d-random-18.scen
180,den520d.map,PIBTOLD,1,35887,33533,404,404,118,1000,den520d-random-18.scen
220,den520d.map,PIBT,1,44984,41079,404,404,162,0,den520d-random-18.scen
220,den520d.map,PIBTOLD,1,44984,41079,404,404,151,0,den520d-random-18.scen
220,den520d.map,PIBT,1,44378,41079,404,404,169,1,den520d-random-18.scen
220,den520d.map,PIBTOLD,1,44984,41079,404,404,155,1,den520d-random-18.scen
220,den520d.map,PIBT,1,44378,41079,404,404,159,10,den520d-random-18.scen
220,den520d.map,PIBTOLD,1,44984,41079,404,404,151,10,den520d-random-18.scen
220,den520d.map,PIBT,1,44378,41079,404,404,166,100,den520d-random-18.scen
220,den520d.map,PIBTOLD,1,44984,41079,404,404,145,100,den520d-random-18.scen
220,den520d.map,PIBT,1,44378,41079,404,404,166,1000,den520d-random-18.scen
220,den520d.map,PIBTOLD,1,44984,41079,404,404,148,1000,den520d-random-18.scen
260,den520d.map,PIBT,1,53957,48546,404,404,194,0,den520d-random-18.scen
260,den520d.map,PIBTOLD,1,53957,48546,404,404,175,0,den520d-random-18.scen
260,den520d.map,PIBT,1,53369,48546,404,404,201,1,den520d-random-18.scen
260,den520d.map,PIBTOLD,1,53957,48546,404,404,177,1,den520d-random-18.scen
260,den520d.map,PIBT,1,53369,48546,404,404,204,10,den520d-random-18.scen
260,den520d.map,PIBTOLD,1,53957,48546,404,404,180,10,den520d-random-18.scen
260,den520d.map,PIBT,1,53369,48546,404,404,204,100,den520d-random-18.scen
260,den520d.map,PIBTOLD,1,53957,48546,404,404,181,100,den520d-random-18.scen
260,den520d.map,PIBT,1,53369,48546,404,404,192,1000,den520d-random-18.scen
260,den520d.map,PIBTOLD,1,53957,48546,404,404,173,1000,den520d-random-18.scen
300,den520d.map,PIBT,1,62232,56029,404,404,241,0,den520d-random-18.scen
300,den520d.map,PIBTOLD,1,62232,56029,404,404,212,0,den520d-random-18.scen
300,den520d.map,PIBT,1,62367,56029,404,404,235,1,den520d-random-18.scen
300,den520d.map,PIBTOLD,1,62232,56029,404,404,209,1,den520d-random-18.scen
300,den520d.map,PIBT,1,62153,56029,404,404,232,10,den520d-random-18.scen
300,den520d.map,PIBTOLD,1,62232,56029,404,404,210,10,den520d-random-18.scen
300,den520d.map,PIBT,1,62153,56029,404,404,247,100,den520d-random-18.scen
300,den520d.map,PIBTOLD,1,62232,56029,404,404,200,100,den520d-random-18.scen
300,den520d.map,PIBT,1,62153,56029,404,404,232,1000,den520d-random-18.scen
300,den520d.map,PIBTOLD,1,62232,56029,404,404,203,1000,den520d-random-18.scen
340,den520d.map,PIBT,1,71562,62923,404,404,278,0,den520d-random-18.scen
340,den520d.map,PIBTOLD,1,71562,62923,404,404,239,0,den520d-random-18.scen
340,den520d.map,PIBT,1,70614,62923,404,404,260,1,den520d-random-18.scen
340,den520d.map,PIBTOLD,1,71562,62923,404,404,230,1,den520d-random-18.scen
340,den520d.map,PIBT,1,70601,62923,408,404,269,10,den520d-random-18.scen
340,den520d.map,PIBTOLD,1,71562,62923,404,404,242,10,den520d-random-18.scen
340,den520d.map,PIBT,1,70601,62923,408,404,276,100,den520d-random-18.scen
340,den520d.map,PIBTOLD,1,71562,62923,404,404,237,100,den520d-random-18.scen
340,den520d.map,PIBT,1,70601,62923,408,404,279,1000,den520d-random-18.scen
340,den520d.map,PIBTOLD,1,71562,62923,404,404,227,1000,den520d-random-18.scen
380,den520d.map,PIBT,1,80144,70039,404,404,311,0,den520d-random-18.scen
380,den520d.map,PIBTOLD,1,80144,70039,404,404,258,0,den520d-random-18.scen
380,den520d.map,PIBT,1,78943,70039,404,404,310,1,den520d-random-18.scen
380,den520d.map,PIBTOLD,1,80144,70039,404,404,252,1,den520d-random-18.scen
380,den520d.map,PIBT,1,79037,70039,404,404,316,10,den520d-random-18.scen
380,den520d.map,PIBTOLD,1,80144,70039,404,404,258,10,den520d-random-18.scen
380,den520d.map,PIBT,1,78848,70039,404,404,338,100,den520d-random-18.scen
380,den520d.map,PIBTOLD,1,80144,70039,404,404,266,100,den520d-random-18.scen
380,den520d.map,PIBT,1,78848,70039,404,404,415,1000,den520d-random-18.scen
380,den520d.map,PIBTOLD,1,80144,70039,404,404,259,1000,den520d-random-18.scen
420,den520d.map,PIBT,1,90429,78227,404,404,334,0,den520d-random-18.scen
420,den520d.map,PIBTOLD,1,90429,78227,404,404,295,0,den520d-random-18.scen
420,den520d.map,PIBT,1,89596,78227,404,404,368,1,den520d-random-18.scen
420,den520d.map,PIBTOLD,1,90429,78227,404,404,283,1,den520d-random-18.scen
420,den520d.map,PIBT,1,89566,78227,404,404,486,10,den520d-random-18.scen
420,den520d.map,PIBTOLD,1,90429,78227,404,404,287,10,den520d-random-18.scen
420,den520d.map,PIBT,1,89801,78227,404,404,1141,100,den520d-random-18.scen
420,den520d.map,PIBTOLD,1,90429,78227,404,404,293,100,den520d-random-18.scen
420,den520d.map,PIBT,1,89482,78227,404,404,1283,1000,den520d-random-18.scen
420,den520d.map,PIBTOLD,1,90429,78227,404,404,292,1000,den520d-random-18.scen
460,den520d.map,PIBT,1,99417,85840,404,404,396,0,den520d-random-18.scen
460,den520d.map,PIBTOLD,1,99417,85840,404,404,298,0,den520d-random-18.scen
460,den520d.map,PIBT,1,98284,85840,404,404,398,1,den520d-random-18.scen
460,den520d.map,PIBTOLD,1,99417,85840,404,404,290,1,den520d-random-18.scen
460,den520d.map,PIBT,1,98188,85840,404,404,526,10,den520d-random-18.scen
460,den520d.map,PIBTOLD,1,99417,85840,404,404,321,10,den520d-random-18.scen
460,den520d.map,PIBT,1,98164,85840,404,404,972,100,den520d-random-18.scen
460,den520d.map,PIBTOLD,1,99417,85840,404,404,325,100,den520d-random-18.scen
460,den520d.map,PIBT,1,98340,85840,408,404,962,1000,den520d-random-18.scen
460,den520d.map,PIBTOLD,1,99417,85840,404,404,312,1000,den520d-random-18.scen
500,den520d.map,PIBT,1,108455,92637,404,404,432,0,den520d-random-18.scen
500,den520d.map,PIBTOLD,1,108455,92637,404,404,339,0,den520d-random-18.scen
500,den520d.map,PIBT,1,106943,92637,404,404,480,1,den520d-random-18.scen
500,den520d.map,PIBTOLD,1,108455,92637,404,404,339,1,den520d-random-18.scen
500,den520d.map,PIBT,1,107963,92637,404,404,750,10,den520d-random-18.scen
500,den520d.map,PIBTOLD,1,108455,92637,404,404,355,10,den520d-random-18.scen
500,den520d.map,PIBT,1,107566,92637,404,404,1822,100,den520d-random-18.scen
500,den520d.map,PIBTOLD,1,108455,92637,404,404,349,100,den520d-random-18.scen
500,den520d.map,PIBT,1,107303,92637,409,404,5897,1000,den520d-random-18.scen
500,den520d.map,PIBTOLD,1,108455,92637,404,404,346,1000,den520d-random-18.scen
540,den520d.map,PIBT,1,116568,99003,406,405,472,0,den520d-random-18.scen
540,den520d.map,PIBTOLD,1,116568,99003,406,405,385,0,den520d-random-18.scen
540,den520d.map,PIBT,1,116005,99003,405,405,524,1,den520d-random-18.scen
540,den520d.map,PIBTOLD,1,116568,99003,406,405,391,1,den520d-random-18.scen
540,den520d.map,PIBT,1,116298,99003,407,405,688,10,den520d-random-18.scen
540,den520d.map,PIBTOLD,1,116568,99003,406,405,380,10,den520d-random-18.scen
540,den520d.map,PIBT,1,116620,99003,405,405,2645,100,den520d-random-18.scen
540,den520d.map,PIBTOLD,1,116568,99003,406,405,387,100,den520d-random-18.scen
540,den520d.map,PIBT,1,116563,99003,405,405,9964,1000,den520d-random-18.scen
540,den520d.map,PIBTOLD,1,116568,99003,406,405,380,1000,den520d-random-18.scen
580,den520d.map,PIBT,1,126425,105578,405,405,521,0,den520d-random-18.scen
580,den520d.map,PIBTOLD,1,126425,105578,405,405,405,0,den520d-random-18.scen
580,den520d.map,PIBT,1,125314,105578,410,405,579,1,den520d-random-18.scen
580,den520d.map,PIBTOLD,1,126425,105578,405,405,416,1,den520d-random-18.scen
580,den520d.map,PIBT,1,124828,105578,412,405,808,10,den520d-random-18.scen
580,den520d.map,PIBTOLD,1,126425,105578,405,405,402,10,den520d-random-18.scen
580,den520d.map,PIBT,1,124266,105578,412,405,2761,100,den520d-random-18.scen
580,den520d.map,PIBTOLD,1,126425,105578,405,405,401,100,den520d-random-18.scen
580,den520d.map,PIBT,1,124173,105578,411,405,11718,1000,den520d-random-18.scen
580,den520d.map,PIBTOLD,1,126425,105578,405,405,383,1000,den520d-random-18.scen
620,den520d.map,PIBT,1,134965,112829,405,405,563,0,den520d-random-18.scen
620,den520d.map,PIBTOLD,1,134965,112829,405,405,420,0,den520d-random-18.scen
620,den520d.map,PIBT,1,134656,112829,408,405,611,1,den520d-random-18.scen
620,den520d.map,PIBTOLD,1,134965,112829,405,405,438,1,den520d-random-18.scen
620,den520d.map,PIBT,1,132799,112829,406,405,869,10,den520d-random-18.scen
620,den520d.map,PIBTOLD,1,134965,112829,405,405,441,10,den520d-random-18.scen
620,den520d.map,PIBT,1,134096,112829,409,405,3017,100,den520d-random-18.scen
620,den520d.map,PIBTOLD,1,134965,112829,405,405,438,100,den520d-random-18.scen
620,den520d.map,PIBT,1,133369,112829,406,405,24533,1000,den520d-random-18.scen
620,den520d.map,PIBTOLD,1,134965,112829,405,405,418,1000,den520d-random-18.scen
660,den520d.map,PIBT,1,144580,119925,407,405,612,0,den520d-random-18.scen
660,den520d.map,PIBTOLD,1,144580,119925,407,405,468,0,den520d-random-18.scen
660,den520d.map,PIBT,1,142989,119925,406,405,692,1,den520d-random-18.scen
660,den520d.map,PIBTOLD,1,144580,119925,407,405,432,1,den520d-random-18.scen
660,den520d.map,PIBT,1,142522,119925,408,405,1022,10,den520d-random-18.scen
660,den520d.map,PIBTOLD,1,144580,119925,407,405,440,10,den520d-random-18.scen
660,den520d.map,PIBT,1,142403,119925,406,405,4613,100,den520d-random-18.scen
660,den520d.map,PIBTOLD,1,144580,119925,407,405,467,100,den520d-random-18.scen
660,den520d.map,PIBT,1,142730,119925,406,405,29575,1000,den520d-random-18.scen
660,den520d.map,PIBTOLD,1,144580,119925,407,405,482,1000,den520d-random-18.scen
700,den520d.map,PIBT,1,151850,126015,405,405,633,0,den520d-random-18.scen
700,den520d.map,PIBTOLD,1,151850,126015,405,405,510,0,den520d-random-18.scen
700,den520d.map,PIBT,1,151169,126015,408,405,752,1,den520d-random-18.scen
700,den520d.map,PIBTOLD,1,151850,126015,405,405,498,1,den520d-random-18.scen
700,den520d.map,PIBT,1,151160,126015,405,405,1206,10,den520d-random-18.scen
700,den520d.map,PIBTOLD,1,151850,126015,405,405,466,10,den520d-random-18.scen
700,den520d.map,PIBT,1,150516,126015,405,405,4784,100,den520d-random-18.scen
700,den520d.map,PIBTOLD,1,151850,126015,405,405,495,100,den520d-random-18.scen
700,den520d.map,PIBT,1,150172,126015,410,405,34888,1000,den520d-random-18.scen
700,den520d.map,PIBTOLD,1,151850,126015,405,405,488,1000,den520d-random-18.scen
740,den520d.map,PIBT,1,161627,133593,405,405,705,0,den520d-random-18.scen
740,den520d.map,PIBTOLD,1,161627,133593,405,405,526,0,den520d-random-18.scen
740,den520d.map,PIBT,1,161250,133593,405,405,834,1,den520d-random-18.scen
740,den520d.map,PIBTOLD,1,161627,133593,405,405,506,1,den520d-random-18.scen
740,den520d.map,PIBT,1,159858,133593,410,405,1275,10,den520d-random-18.scen
740,den520d.map,PIBTOLD,1,161627,133593,405,405,513,10,den520d-random-18.scen
740,den520d.map,PIBT,1,160042,133593,407,405,6426,100,den520d-random-18.scen
740,den520d.map,PIBTOLD,1,161627,133593,405,405,541,100,den520d-random-18.scen
740,den520d.map,PIBT,1,160109,133593,408,405,47046,1000,den520d-random-18.scen
740,den520d.map,PIBTOLD,1,161627,133593,405,405,544,1000,den520d-random-18.scen
780,den520d.map,PIBT,1,172588,141195,405,405,764,0,den520d-random-18.scen
780,den520d.map,PIBTOLD,1,172588,141195,405,405,531,0,den520d-random-18.scen
780,den520d.map,PIBT,1,171058,141195,409,405,880,1,den520d-random-18.scen
780,den520d.map,PIBTOLD,1,172588,141195,405,405,554,1,den520d-random-18.scen
780,den520d.map,PIBT,1,171331,141195,408,405,1456,10,den520d-random-18.scen
780,den520d.map,PIBTOLD,1,172588,141195,405,405,554,10,den520d-random-18.scen
780,den520d.map,PIBT,1,170993,141195,407,405,6279,100,den520d-random-18.scen
780,den520d.map,PIBTOLD,1,172588,141195,405,405,557,100,den520d-random-18.scen
780,den520d.map,PIBT,1,171446,141195,412,405,59720,1000,den520d-random-18.scen
780,den520d.map,PIBTOLD,1,172588,141195,405,405,568,1000,den520d-random-18.scen
20,den520d.map,PIBT,1,4336,4331,374,374,13,0,den520d-random-21.scen
20,den520d.map,PIBTOLD,1,4336,4331,374,374,13,0,den520d-random-21.scen
20,den520d.map,PIBT,1,4529,4331,374,374,16,1,den520d-random-21.scen
20,den520d.map,PIBTOLD,1,4336,4331,374,374,14,1,den520d-random-21.scen
20,den520d.map,PIBT,1,4529,4331,374,374,13,10,den520d-random-21.scen
20,den520d.map,PIBTOLD,1,4336,4331,374,374,15,10,den520d-random-21.scen
20,den520d.map,PIBT,1,4529,4331,374,374,15,100,den520d-random-21.scen
20,den520d.map,PIBTOLD,1,4336,4331,374,374,15,100,den520d-random-21.scen
20,den520d.map,PIBT,1,4529,4331,374,374,14,1000,den520d-random-21.scen
20,den520d.map,PIBTOLD,1,4336,4331,374,374,15,1000,den520d-random-21.scen
60,den520d.map,PIBT,1,11347,10836,374,374,44,0,den520d-random-21.scen
60,den520d.map,PIBTOLD,1,11347,10836,374,374,40,0,den520d-random-21.scen
60,den520d.map,PIBT,1,11591,10836,374,374,43,1,den520d-random-21.scen
60,den520d.map,PIBTOLD,1,11347,10836,374,374,35,1,den520d-random-21.scen
60,den520d.map,PIBT,1,11591,10836,374,374,43,10,den520d-random-21.scen
60,den520d.map,PIBTOLD,1,11347,10836,374,374,38,10,den520d-random-21.scen
60,den520d.map,PIBT,1,11591,10836,374,374,42,100,den520d-random-21.scen
60,den520d.map,PIBTOLD,1,11347,10836,374,374,42,100,den520d-random-21.scen
60,den520d.map,PIBT,1,11591,10836,374,374,39,1000,den520d-random-21.scen
60,den520d.map,PIBTOLD,1,11347,10836,374,374,41,1000,den520d-random-21.scen
100,den520d.map,PIBT,1,18713,17811,375,375,74,0,den520d-random-21.scen
100,den520d.map,PIBTOLD,1,18713,17811,375,375,67,0,den520d-random-21.scen
100,den520d.map,PIBT,1,18911,17811,375,375,74,1,den520d-random-21.scen
100,den520d.map,PIBTOLD,1,18713,17811,375,375,64,1,den520d-random-21.scen
100,den520d.map,PIBT,1,18911,17811,375,375,73,10,den520d-random-21.scen
100,den520d.map,PIBTOLD,1,18713,17811,375,375,68,10,den520d-random-21.scen
100,den520d.map,PIBT,1,18911,17811,375,375,71,100,den520d-random-21.scen
100,den520d.map,PIBTOLD,1,18713,17811,375,375,66,100,den520d-random-21.scen
100,den520d.map,PIBT,1,18911,17811,375,375,68,1000,den520d-random-21.scen
100,den520d.map,PIBTOLD,1,18713,17811,375,375,64,1000,den520d-random-21.scen
140,den520d.map,PIBT,1,26667,25347,394,394,110,0,den520d-random-21.scen
140,den520d.map,PIBTOLD,1,26667,25347,394,394,96,0,den520d-random-21.scen
140,den520d.map,PIBT,1,26900,25347,394,394,106,1,den520d-random-21.scen
140,den520d.map,PIBTOLD,1,26667,25347,394,394,93,1,den520d-random-21.scen
140,den520d.map,PIBT,1,26900,25347,394,394,101,10,den520d-random-21.scen
140,den520d.map,PIBTOLD,1,26667,25347,394,394,97,10,den520d-random-21.scen
140,den520d.map,PIBT,1,26900,25347,394,394,105,100,den520d-random-21.scen
140,den520d.map,PIBTOLD,1,26667,25347,394,394,94,100,den520d-random-21.scen
140,den520d.map,PIBT,1,26900,25347,394,394,104,1000,den520d-random-21.scen
140,den520d.map,PIBTOLD,1,26667,25347,394,394,94,1000,den520d-random-21.scen
180,den520d.map,PIBT,1,35887,33533,404,404,122,0,den520d-random-21.scen
180,den520d.map,PIBTOLD,1,35887,33533,404,404,126,0,den520d-random-21.scen
180,den520d.map,PIBT,1,35960,33533,404,404,143,1,den520d-random-21.scen
180,den520d.map,PIBTOLD,1,35887,33533,404,404,121,1,den520d-random-21.scen
180,den520d.map,PIBT,1,35960,33533,404,404,131,10,den520d-random-21.scen
180,den520d.map,PIBTOLD,1,35887,33533,404,404,118,10,den520d-random-21.scen
180,den520d.map,PIBT,1,35960,33533,404,404,136,100,den520d-random-21.scen
180,den520d.map,PIBTOLD,1,35887,33533,404,404,115,100,den520d-random-21.scen
180,den520d.map,PIBT,1,35960,33533,404,404,128,1000,den520d-random-21.scen
180,den520d.map,PIBTOLD,1,35887,33533,404,404,122,1000,den520d-random-21.scen
220,den520d.map,PIBT,1,44984,41079,404,404,153,0,den520d-random-21.scen
220,den520d.map,PIBTOLD,1,44984,41079,404,404,159,0,den520d-random-21.scen
220,den520d.map,PIBT,1,44378,41079,404,404,165,1,den520d-random-21.scen
220,den520d.map,PIBTOLD,1,44984,41079,404,404,151,1,den520d-random-21.scen
220,den520d.map,PIBT,1,44378,41079,404,404,164,10,den520d-random-21.scen
220,den520d.map,PIBTOLD,1,44984,41079,404,404,152,10,den520d-random-21.scen
220,den520d.map,PIBT,1,44378,41079,404,404,165,100,den520d-random-21.scen
220,den520d.map,PIBTOLD,1,44984,41079,404,404,149,100,den520d-random-21.scen
220,den520d.map,PIBT,1,44378,41079,404,404,170,1000,den520d-random-21.scen
220,den520d.map,PIBTOLD,1,44984,41079,404,404,158,1000,den520d-random-21.scen
260,den520d.map,PIBT,1,53957,48546,404,404,206,0,den520d-random-21.scen
260,den520d.map,PIBTOLD,1,53957,48546,404,404,172,0,den520d-random-21.scen
260,den520d.map,PIBT,1,53369,48546,404,404,203,1,den520d-random-21.scen
260,den520d.map,PIBTOLD,1,53957,48546,404,404,184,1,den520d-random-21.scen
260,den520d.map,PIBT,1,53369,48546,404,404,202,10,den520d-random-21.scen
260,den520d.map,PIBTOLD,1,53957,48546,404,404,183,10,den520d-random-21.scen
260,den520d.map,PIBT,1,53369,48546,404,404,192,100,den520d-random-21.scen
260,den520d.map,PIBTOLD,1,53957,48546,404,404,184,100,den520d-random-21.scen
260,den520d.map,PIBT,1,53369,48546,404,404,199,1000,den520d-random-21.scen
260,den520d.map,PIBTOLD,1,53957,48546,404,404,171,1000,den520d-random-21.scen
300,den520d.map,PIBT,1,62232,56029,404,404,239,0,den520d-random-21.scen
300,den520d.map,PIBTOLD,1,62232,56029,404,404,207,0,den520d-random-21.scen
300,den520d.map,PIBT,1,61899,56029,404,404,230,1,den520d-random-21.scen
300,den520d.map,PIBTOLD,1,62232,56029,404,404,201,1,den520d-random-21.scen
300,den520d.map,PIBT,1,62153,56029,404,404,249,10,den520d-random-21.scen
300,den520d.map,PIBTOLD,1,62232,56029,404,404,199,10,den520d-random-21.scen
300,den520d.map,PIBT,1,62153,56029,404,404,234,100,den520d-random-21.scen
300,den520d.map,PIBTOLD,1,62232,56029,404,404,211,100,den520d-random-21.scen
300,den520d.map,PIBT,1,62153,56029,404,404,249,1000,den520d-random-21.scen
300,den520d.map,PIBTOLD,1,62232,56029,404,404,199,1000,den520d-random-21.scen
340,den520d.map,PIBT,1,71562,62923,404,404,261,0,den520d-random-21.scen
340,den520d.map,PIBTOLD,1,71562,62923,404,404,230,0,den520d-random-21.scen
340,den520d.map,PIBT,1,71271,62923,406,404,274,1,den520d-random-21.scen
340,den520d.map,PIBTOLD,1,71562,62923,404,404,231,1,den520d-random-21.scen
340,den520d.map,PIBT,1,70601,62923,408,404,281,10,den520d-random-21.scen
340,den520d.map,PIBTOLD,1,71562,62923,404,404,234,10,den520d-random-21.scen
340,den520d.map,PIBT,1,70601,62923,408,404,271,100,den520d-random-21.scen
340,den520d.map,PIBTOLD,1,71562,62923,404,404,217,100,den520d-random-21.scen
340,den520d.map,PIBT,1,70601,62923,408,404,280,1000,den520d-random-21.scen
340,den520d.map,PIBTOLD,1,71562,62923,404,404,242,1000,den520d-random-21.scen
380,den520d.map,PIBT,1,80144,70039,404,404,305,0,den520d-random-21.scen
380,den520d.map,PIBTOLD,1,80144,70039,404,404,259,0,den520d-random-21.scen
380,den520d.map,PIBT,1,79445,70039,404,404,309,1,den520d-random-21.scen
380,den520d.map,PIBTOLD,1,80144,70039,404,404,256,1,den520d-random-21.scen
380,den520d.map,PIBT,1,78881,70039,404,404,335,10,den520d-random-21.scen
380,den520d.map,PIBTOLD,1,80144,70039,404,404,259,10,den520d-random-21.scen
380,den520d.map,PIBT,1,78848,70039,404,404,344,100,den520d-random-21.scen
380,den520d.map,PIBTOLD,1,80144,70039,404,404,266,100,den520d-random-21.scen
380,den520d.map,PIBT,1,78848,70039,404,404,349,1000,den520d-random-21.scen
380,den520d.map,PIBTOLD,1,80144,70039,404,404,267,1000,den520d-random-21.scen
420,den520d.map,PIBT,1,90429,78227,404,404,355,0,den520d-random-21.scen
420,den520d.map,PIBTOLD,1,90429,78227,404,404,284,0,den520d-random-21.scen
420,den520d.map,PIBT,1,89518,78227,404,404,367,1,den520d-random-21.scen
420,den520d.map,PIBTOLD,1,90429,78227,404,404,279,1,den520d-random-21.scen
420,den520d.map,PIBT,1,89335,78227,404,404,436,10,den520d-random-21.scen
420,den520d.map,PIBTOLD,1,90429,78227,404,404,283,10,den520d-random-21.scen
420,den520d.map,PIBT,1,89523,78227,404,404,1033,100,den520d-random-21.scen
420,den520d.map,PIBTOLD,1,90429,78227,404,404,281,100,den520d-random-21.scen
420,den520d.map,PIBT,1,89482,78227,404,404,1342,1000,den520d-random-21.scen
420,den520d.map,PIBTOLD,1,90429,78227,404,404,301,1000,den520d-random-21.scen
460,den520d.map,PIBT,1,99417,85840,404,404,398,0,den520d-random-21.scen
460,den520d.map,PIBTOLD,1,99417,85840,404,404,329,0,den520d-random-21.scen
460,den520d.map,PIBT,1,98509,85840,404,404,414,1,den520d-random-21.scen
460,den520d.map,PIBTOLD,1,99417,85840,404,404,330,1,den520d-random-21.scen
460,den520d.map,PIBT,1,98458,85840,405,404,511,10,den520d-random-21.scen
460,den520d.map,PIBTOLD,1,99417,85840,404,404,302,10,den520d-random-21.scen
460,den520d.map,PIBT,1,98250,85840,405,404,714,100,den520d-random-21.scen
460,den520d.map,PIBTOLD,1,99417,85840,404,404,302,100,den520d-random-21.scen
460,den520d.map,PIBT,1,98340,85840,408,404,1008,1000,den520d-random-21.scen
460,den520d.map,PIBTOLD,1,99417,85840,404,404,325,1000,den520d-random-21.scen
500,den520d.map,PIBT,1,108455,92637,404,404,447,0,den520d-random-21.scen
500,den520d.map,PIBTOLD,1,108455,92637,404,404,351,0,den520d-random-21.scen
500,den520d.map,PIBT,1,107790,92637,404,404,472,1,den520d-random-21.scen
500,den520d.map,PIBTOLD,1,108455,92637,404,404,364,1,den520d-random-21.scen
500,den520d.map,PIBT,1,106880,92637,404,404,644,10,den520d-random-21.scen
500,den520d.map,PIBTOLD,1,108455,92637,404,404,353,10,den520d-random-21.scen
500,den520d.map,PIBT,1,107436,92637,406,404,1988,100,den520d-random-21.scen
500,den520d.map,PIBTOLD,1,108455,92637,404,404,338,100,den520d-random-21.scen
500,den520d.map,PIBT,1,107311,92637,405,404,5231,1000,den520d-random-21.scen
500,den520d.map,PIBTOLD,1,108455,92637,404,404,349,1000,den520d-random-21.scen
540,den520d.map,PIBT,1,116568,99003,406,405,472,0,den520d-random-21.scen
540,den520d.map,PIBTOLD,1,116568,99003,406,405,376,0,den520d-random-21.scen
540,den520d.map,PIBT,1,116328,99003,406,405,556,1,den520d-random-21.scen
540,den520d.map,PIBTOLD,1,116568,99003,406,405,382,1,den520d-random-21.scen
540,den520d.map,PIBT,1,115899,99003,407,405,862,10,den520d-random-21.scen
540,den520d.map,PIBTOLD,1,116568,99003,406,405,381,10,den520d-random-21.scen
540,den520d.map,PIBT,1,116600,99003,406,405,2129,100,den520d-random-21.scen
540,den520d.map,PIBTOLD,1,116568,99003,406,405,371,100,den520d-random-21.scen
540,den520d.map,PIBT,1,116479,99003,405,405,9694,1000,den520d-random-21.scen
540,den520d.map,PIBTOLD,1,116568,99003,406,405,350,1000,den520d-random-21.scen
580,den520d.map,PIBT,1,126425,105578,405,405,516,0,den520d-random-21.scen
580,den520d.map,PIBTOLD,1,126425,105578,405,405,421,0,den520d-random-21.scen
580,den520d.map,PIBT,1,124402,105578,410,405,577,1,den520d-random-21.scen
580,den520d.map,PIBTOLD,1,126425,105578,405,405,399,1,den520d-random-21.scen
580,den520d.map,PIBT,1,124798,105578,414,405,952,10,den520d-random-21.scen
580,den520d.map,PIBTOLD,1,126425,105578,405,405,418,10,den520d-random-21.scen
580,den520d.map,PIBT,1,125332,105578,411,405,2241,100,den520d-random-21.scen
580,den520d.map,PIBTOLD,1,126425,105578,405,405,399,100,den520d-random-21.scen
580,den520d.map,PIBT,1,124353,105578,413,405,11836,1000,den520d-random-21.scen
580,den520d.map,PIBTOLD,1,126425,105578,405,405,401,1000,den520d-random-21.scen
620,den520d.map,PIBT,1,134965,112829,405,405,585,0,den520d-random-21.scen
620,den520d.map,PIBTOLD,1,134965,112829,405,405,434,0,den520d-random-21.scen
620,den520d.map,PIBT,1,133705,112829,408,405,644,1,den520d-random-21.scen
620,den520d.map,PIBTOLD,1,134965,112829,405,405,440,1,den520d-random-21.scen
620,den520d.map,PIBT,1,134142,112829,409,405,824,10,den520d-random-21.scen
620,den520d.map,PIBTOLD,1,134965,112829,405,405,424,10,den520d-random-21.scen
620,den520d.map,PIBT,1,134123,112829,410,405,3822,100,den520d-random-21.scen
620,den520d.map,PIBTOLD,1,134965,112829,405,405,432,100,den520d-random-21.scen
620,den520d.map,PIBT,1,133652,112829,405,405,20298,1000,den520d-random-21.scen
620,den520d.map,PIBTOLD,1,134965,112829,405,405,432,1000,den520d-random-21.scen
660,den520d.map,PIBT,1,144580,119925,407,405,636,0,den520d-random-21.scen
660,den520d.map,PIBTOLD,1,144580,119925,407,405,478,0,den520d-random-21.scen
660,den520d.map,PIBT,1,143230,119925,406,405,694,1,den520d-random-21.scen
660,den520d.map,PIBTOLD,1,144580,119925,407,405,468,1,den520d-random-21.scen
660,den520d.map,PIBT,1,143495,119925,407,405,1017,10,den520d-random-21.scen
660,den520d.map,PIBTOLD,1,144580,119925,407,405,451,10,den520d-random-21.scen
660,den520d.map,PIBT,1,143452,119925,408,405,3589,100,den520d-random-21.scen
660,den520d.map,PIBTOLD,1,144580,119925,407,405,460,100,den520d-random-21.scen
660,den520d.map,PIBT,1,143005,119925,406,405,35917,1000,den520d-random-21.scen
660,den520d.map,PIBTOLD,1,144580,119925,407,405,453,1000,den520d-random-21.scen
700,den520d.map,PIBT,1,151850,126015,405,405,671,0,den520d-random-21.scen
700,den520d.map,PIBTOLD,1,151850,126015,405,405,504,0,den520d-random-21.scen
700,den520d.map,PIBT,1,151652,126015,418,405,763,1,den520d-random-21.scen
700,den520d.map,PIBTOLD,1,151850,126015,405,405,456,1,den520d-random-21.scen
700,den520d.map,PIBT,1,150258,126015,405,405,1205,10,den520d-random-21.scen
700,den520d.map,PIBTOLD,1,151850,126015,405,405,470,10,den520d-random-21.scen
700,den520d.map,PIBT,1,149677,126015,406,405,3895,100,den520d-random-21.scen
700,den520d.map,PIBTOLD,1,151850,126015,405,405,497,100,den520d-random-21.scen
700,den520d.map,PIBT,1,150453,126015,405,405,22504,1000,den520d-random-21.scen
700,den520d.map,PIBTOLD,1,151850,126015,405,405,499,1000,den520d-random-21.scen
740,den520d.map,PIBT,1,161627,133593,405,405,704,0,den520d-random-21.scen
740,den520d.map,PIBTOLD,1,161627,133593,405,405,513,0,den520d-random-21.scen
740,den520d.map,PIBT,1,161729,133593,405,405,804,1,den520d-random-21.scen
740,den520d.map,PIBTOLD,1,161627,133593,405,405,513,1,den520d-random-21.scen
740,den520d.map,PIBT,1,160541,133593,411,405,1251,10,den520d-random-21.scen
740,den520d.map,PIBTOLD,1,161627,133593,405,405,509,10,den520d-random-21.scen
740,den520d.map,PIBT,1,160442,133593,408,405,5434,100,den520d-random-21.scen
740,den520d.map,PIBTOLD,1,161627,133593,405,405,522,100,den520d-random-21.scen
740,den520d.map,PIBT,1,159641,133593,406,405,38873,1000,den520d-random-21.scen
740,den520d.map,PIBTOLD,1,161627,133593,405,405,519,1000,den520d-random-21.scen
780,den520d.map,PIBT,1,172588,141195,405,405,783,0,den520d-random-21.scen
780,den520d.map,PIBTOLD,1,172588,141195,405,405,509,0,den520d-random-21.scen
780,den520d.map,PIBT,1,171680,141195,408,405,857,1,den520d-random-21.scen
780,den520d.map,PIBTOLD,1,172588,141195,405,405,534,1,den520d-random-21.scen
780,den520d.map,PIBT,1,170212,141195,415,405,1610,10,den520d-random-21.scen
780,den520d.map,PIBTOLD,1,172588,141195,405,405,538,10,den520d-random-21.scen
780,den520d.map,PIBT,1,170681,141195,408,405,6262,100,den520d-random-21.scen
780,den520d.map,PIBTOLD,1,172588,141195,405,405,529,100,den520d-random-21.scen
780,den520d.map,PIBT,1,171199,141195,413,405,58733,1000,den520d-random-21.scen
780,den520d.map,PIBTOLD,1,172588,141195,405,405,557,1000,den520d-random-21.scen
20,den520d.map,PIBT,1,4336,4331,374,374,16,0,den520d-random-20.scen
20,den520d.map,PIBTOLD,1,4336,4331,374,374,13,0,den520d-random-20.scen
20,den520d.map,PIBT,1,4529,4331,374,374,13,1,den520d-random-20.scen
20,den520d.map,PIBTOLD,1,4336,4331,374,374,14,1,den520d-random-20.scen
20,den520d.map,PIBT,1,4529,4331,374,374,15,10,den520d-random-20.scen
20,den520d.map,PIBTOLD,1,4336,4331,374,374,15,10,den520d-random-20.scen
20,den520d.map,PIBT,1,4529,4331,374,374,15,100,den520d-random-20.scen
20,den520d.map,PIBTOLD,1,4336,4331,374,374,13,100,den520d-random-20.scen
20,den520d.map,PIBT,1,4529,4331,374,374,15,1000,den520d-random-20.scen
20,den520d.map,PIBTOLD,1,4336,4331,374,374,15,1000,den520d-random-20.scen
60,den520d.map,PIBT,1,11347,10836,374,374,45,0,den520d-random-20.scen
60,den520d.map,PIBTOLD,1,11347,10836,374,374,38,0,den520d-random-20.scen
60,den520d.map,PIBT,1,11591,10836,374,374,46,1,den520d-random-20.scen
60,den520d.map,PIBTOLD,1,11347,10836,374,374,42,1,den520d-random-20.scen
60,den520d.map,PIBT,1,11591,10836,374,374,46,10,den520d-random-20.scen
60,den520d.map,PIBTOLD,1,11347,10836,374,374,41,10,den520d-random-20.scen
60,den520d.map,PIBT,1,11591,10836,374,374,38,100,den520d-random-20.scen
60,den520d.map,PIBTOLD,1,11347,10836,374,374,39,100,den520d-random-20.scen
60,den520d.map,PIBT,1,11591,10836,374,374,40,1000,den520d-random-20.scen
60,den520d.map,PIBTOLD,1,11347,10836,374,374,35,1000,den520d-random-20.scen
100,den520d.map,PIBT,1,18713,17811,375,375,70,0,den520d-random-20.scen
100,den520d.map,PIBTOLD,1,18713,17811,375,375,74,0,den520d-random-20.scen
100,den520d.map,PIBT,1,18911,17811,375,375,68,1,den520d-random-20.scen
100,den520d.map,PIBTOLD,1,18713,17811,375,375,70,1,den520d-random-20.scen
100,den520d.map,PIBT,1,18911,17811,375,375,67,10,den520d-random-20.scen
100,den520d.map,PIBTOLD,1,18713,17811,375,375,56,10,den520d-random-20.scen
100,den520d.map,PIBT,1,18911,17811,375,375,72,100,den520d-random-20.scen
100,den520d.map,PIBTOLD,1,18713,17811,375,375,70,100,den520d-random-20.scen
100,den520d.map,PIBT,1,18911,17811,375,375,71,1000,den520d-random-20.scen
100,den520d.map,PIBTOLD,1,18713,17811,375,375,69,1000,den520d-random-20.scen
140,den520d.map,PIBT,1,26667,25347,394,394,98,0,den520d-random-20.scen
140,den520d.map,PIBTOLD,1,26667,25347,394,394,94,0,den520d-random-20.scen
140,den520d.map,PIBT,1,26900,25347,394,394,97,1,den520d-random-20.scen
140,den520d.map,PIBTOLD,1,26667,25347,394,394,99,1,den520d-random-20.scen
140,den520d.map,PIBT,1,26900,25347,394,394,99,10,den520d-random-20.scen
140,den520d.map,PIBTOLD,1,26667,25347,394,394,98,10,den520d-random-20.scen
140,den520d.map,PIBT,1,26900,25347,394,394,103,100,den520d-random-20.scen
140,den520d.map,PIBTOLD,1,26667,25347,394,394,91,100,den520d-random-20.scen
140,den520d.map,PIBT,1,26900,25347,394,394,104,1000,den520d-random-20.scen
140,den520d.map,PIBTOLD,1,26667,25347,394,394,98,1000,den520d-random-20.scen
180,den520d.map,PIBT,1,35887,33533,404,404,135,0,den520d-random-20.scen
180,den520d.map,PIBTOLD,1,35887,33533,404,404,126,0,den520d-random-20.scen
180,den520d.map,PIBT,1,35960,33533,404,404,129,1,den520d-random-20.scen
180,den520d.map,PIBTOLD,1,35887,33533,404,404,114,1,den520d-random-20.scen
180,den520d.map,PIBT,1,35960,33533,404,404,138,10,den520d-random-20.scen
180,den520d.map,PIBTOLD,1,35887,33533,404,404,129,10,den520d-random-20.scen
180,den520d.map,PIBT,1,35960,33533,404,404,133,100,den520d-random-20.scen
180,den520d.map,PIBTOLD,1,35887,33533,404,404,122,100,den520d-random-20.scen
180,den520d.map,PIBT,1,35960,33533,404,404,131,1000,den520d-random-20.scen
180,den520d.map,PIBTOLD,1,35887,33533,404,404,120,1000,den520d-random-20.scen
220,den520d.map,PIBT,1,44984,41079,404,404,167,0,den520d-random-20.scen
220,den520d.map,PIBTOLD,1,44984,41079,404,404,152,0,den520d-random-20.scen
220,den520d.map,PIBT,1,44378,41079,404,404,166,1,den520d-random-20.scen
220,den520d.map,PIBTOLD,1,44984,41079,404,404,154,1,den520d-random-20.scen
220,den520d.map,PIBT,1,44378,41079,404,404,164,10,den520d-random-20.scen
220,den520d.map,PIBTOLD,1,44984,41079,404,404,151,10,den520d-random-20.scen
220,den520d.map,PIBT,1,44378,41079,404,404,162,100,den520d-random-20.scen
220,den520d.map,PIBTOLD,1,44984,41079,404,404,146,100,den520d-random-20.scen
220,den520d.map,PIBT,1,44378,41079,404,404,168,1000,den520d-random-20.scen
220,den520d.map,PIBTOLD,1,44984,41079,404,404,153,1000,den520d-random-20.scen
260,den520d.map,PIBT,1,53957,48546,404,404,208,0,den520d-random-20.scen
260,den520d.map,PIBTOLD,1,53957,48546,404,404,180,0,den520d-random-20.scen
260,den520d.map,PIBT,1,53369,48546,404,404,203,1,den520d-random-20.scen
260,den520d.map,PIBTOLD,1,53957,48546,404,404,186,1,den520d-random-20.scen
260,den520d.map,PIBT,1,53369,48546,404,404,204,10,den520d-random-20.scen
260,den520d.map,PIBTOLD,1,53957,48546,404,404,179,10,den520d-random-20.scen
260,den520d.map,PIBT,1,53369,48546,404,404,202,100,den520d-random-20.scen
260,den520d.map,PIBTOLD,1,53957,48546,404,404,170,100,den520d-random-20.scen
260,den520d.map,PIBT,1,53369,48546,404,404,201,1000,den520d-random-20.scen
260,den520d.map,PIBTOLD,1,53957,48546,404,404,177,1000,den520d-random-20.scen
300,den520d.map,PIBT,1,62232,56029,404,404,237,0,den520d-random-20.scen
300,den520d.map,PIBTOLD,1,62232,56029,404,404,212,0,den520d-random-20.scen
300,den520d.map,PIBT,1,62246,56029,404,404,239,1,den520d-random-20.scen
300,den520d.map,PIBTOLD,1,62232,56029,404,404,187,1,den520d-random-20.scen
300,den520d.map,PIBT,1,62153,56029,404,404,234,10,den520d-random-20.scen
300,den520d.map,PIBTOLD,1,62232,56029,404,404,191,10,den520d-random-20.scen
300,den520d.map,PIBT,1,62153,56029,404,404,246,100,den520d-random-20.scen
300,den520d.map,PIBTOLD,1,62232,56029,404,404,202,100,den520d-random-20.scen
300,den520d.map,PIBT,1,62153,56029,404,404,247,1000,den520d-random-20.scen
300,den520d.map,PIBTOLD,1,62232,56029,404,404,209,1000,den520d-random-20.scen
340,den520d.map,PIBT,1,71562,62923,404,404,274,0,den520d-random-20.scen
340,den520d.map,PIBTOLD,1,71562,62923,404,404,236,0,den520d-random-20.scen
340,den520d.map,PIBT,1,70829,62923,404,404,281,1,den520d-random-20.scen
340,den520d.map,PIBTOLD,1,71562,62923,404,404,231,1,den520d-random-20.scen
340,den520d.map,PIBT,1,70601,62923,408,404,261,10,den520d-random-20.scen
340,den520d.map,PIBTOLD,1,71562,62923,404,404,245,10,den520d-random-20.scen
340,den520d.map,PIBT,1,70601,62923,408,404,259,100,den520d-random-20.scen
340,den520d.map,PIBTOLD,1,71562,62923,404,404,236,100,den520d-random-20.scen
340,den520d.map,PIBT,1,70601,62923,408,404,274,1000,den520d-random-20.scen
340,den520d.map,PIBTOLD,1,71562,62923,404,404,233,1000,den520d-random-20.scen
380,den520d.map,PIBT,1,80144,70039,404,404,319,0,den520d-random-20.scen
380,den520d.map,PIBTOLD,1,80144,70039,404,404,257,0,den520d-random-20.scen
380,den520d.map,PIBT,1,78966,70039,404,404,316,1,den520d-random-20.scen
380,den520d.map,PIBTOLD,1,80144,70039,404,404,264,1,den520d-random-20.scen
380,den520d.map,PIBT,1,79392,70039,404,404,338,10,den520d-random-20.scen
380,den520d.map,PIBTOLD,1,80144,70039,404,404,259,10,den520d-random-20.scen
380,den520d.map,PIBT,1,78848,70039,404,404,358,100,den520d-random-20.scen
380,den520d.map,PIBTOLD,1,80144,70039,404,404,258,100,den520d-random-20.scen
380,den520d.map,PIBT,1,78848,70039,404,404,340,1000,den520d-random-20.scen
380,den520d.map,PIBTOLD,1,80144,70039,404,404,255,1000,den520d-random-20.scen
420,den520d.map,PIBT,1,90429,78227,404,404,330,0,den520d-random-20.scen
420,den520d.map,PIBTOLD,1,90429,78227,404,404,264,0,den520d-random-20.scen
420,den520d.map,PIBT,1,89477,78227,404,404,347,1,den520d-random-20.scen
420,den520d.map,PIBTOLD,1,90429,78227,404,404,294,1,den520d-random-20.scen
420,den520d.map,PIBT,1,89537,78227,404,404,424,10,den520d-random-20.scen
420,den520d.map,PIBTOLD,1,90429,78227,404,404,278,10,den520d-random-20.scen
420,den520d.map,PIBT,1,89538,78227,404,404,996,100,den520d-random-20.scen
420,den520d.map,PIBTOLD,1,90429,78227,404,404,294,100,den520d-random-20.scen
420,den520d.map,PIBT,1,89482,78227,404,404,1333,1000,den520d-random-20.scen
420,den520d.map,PIBTOLD,1,90429,78227,404,404,288,1000,den520d-random-20.scen
460,den520d.map,PIBT,1,99417,85840,404,404,395,0,den520d-random-20.scen
460,den520d.map,PIBTOLD,1,99417,85840,404,404,319,0,den520d-random-20.scen
460,den520d.map,PIBT,1,98756,85840,408,404,420,1,den520d-random-20.scen
460,den520d.map,PIBTOLD,1,99417,85840,404,404,321,1,den520d-random-20.scen
460,den520d.map,PIBT,1,98174,85840,416,404,548,10,den520d-random-20.scen
460,den520d.map,PIBTOLD,1,99417,85840,404,404,302,10,den520d-random-20.scen
460,den520d.map,PIBT,1,98481,85840,404,404,1200,100,den520d-random-20.scen
460,den520d.map,PIBTOLD,1,99417,85840,404,404,318,100,den520d-random-20.scen
460,den520d.map,PIBT,1,98340,85840,408,404,1063,1000,den520d-random-20.scen
460,den520d.map,PIBTOLD,1,99417,85840,404,404,323,1000,den520d-random-20.scen
500,den520d.map,PIBT,1,108455,92637,404,404,417,0,den520d-random-20.scen
500,den520d.map,PIBTOLD,1,108455,92637,404,404,350,0,den520d-random-20.scen
500,den520d.map,PIBT,1,107475,92637,404,404,468,1,den520d-random-20.scen
500,den520d.map,PIBTOLD,1,108455,92637,404,404,351,1,den520d-random-20.scen
500,den520d.map,PIBT,1,106998,92637,404,404,642,10,den520d-random-20.scen
500,den520d.map,PIBTOLD,1,108455,92637,404,404,355,10,den520d-random-20.scen
500,den520d.map,PIBT,1,107028,92637,408,404,1904,100,den520d-random-20.scen
500,den520d.map,PIBTOLD,1,108455,92637,404,404,359,100,den520d-random-20.scen
500,den520d.map,PIBT,1,107808,92637,404,404,4774,1000,den520d-random-20.scen
500,den520d.map,PIBTOLD,1,108455,92637,404,404,362,1000,den520d-random-20.scen
540,den520d.map,PIBT,1,116568,99003,406,405,477,0,den520d-random-20.scen
540,den520d.map,PIBTOLD,1,116568,99003,406,405,383,0,den520d-random-20.scen
540,den520d.map,PIBT,1,116180,99003,418,405,525,1,den520d-random-20.scen
540,den520d.map,PIBTOLD,1,116568,99003,406,405,385,1,den520d-random-20.scen
540,den520d.map,PIBT,1,115582,99003,409,405,717,10,den520d-random-20.scen
540,den520d.map,PIBTOLD,1,116568,99003,406,405,378,10,den520d-random-20.scen
540,den520d.map,PIBT,1,116224,99003,405,405,2229,100,den520d-random-20.scen
540,den520d.map,PIBTOLD,1,116568,99003,406,405,395,100,den520d-random-20.scen
540,den520d.map,PIBT,1,116092,99003,407,405,6286,1000,den520d-random-20.scen
540,den520d.map,PIBTOLD,1,116568,99003,406,405,367,1000,den520d-random-20.scen
580,den520d.map,PIBT,1,126425,105578,405,405,529,0,den520d-random-20.scen
580,den520d.map,PIBTOLD,1,126425,105578,405,405,408,0,den520d-random-20.scen
580,den520d.map,PIBT,1,124644,105578,407,405,534,1,den520d-random-20.scen
580,den520d.map,PIBTOLD,1,126425,105578,405,405,403,1,den520d-random-20.scen
580,den520d.map,PIBT,1,124986,105578,411,405,885,10,den520d-random-20.scen
580,den520d.map,PIBTOLD,1,126425,105578,405,405,405,10,den520d-random-20.scen
580,den520d.map,PIBT,1,124763,105578,411,405,2044,100,den520d-random-20.scen
580,den520d.map,PIBTOLD,1,126425,105578,405,405,409,100,den520d-random-20.scen
580,den520d.map,PIBT,1,125026,105578,411,405,11590,1000,den520d-random-20.scen
580,den520d.map,PIBTOLD,1,126425,105578,405,405,402,1000,den520d-random-20.scen
620,den520d.map,PIBT,1,134965,112829,405,405,566,0,den520d-random-20.scen
620,den520d.map,PIBTOLD,1,134965,112829,405,405,446,0,den520d-random-20.scen
620,den520d.map,PIBT,1,134489,112829,410,405,629,1,den520d-random-20.scen
620,den520d.map,PIBTOLD,1,134965,112829,405,405,438,1,den520d-random-20.scen
620,den520d.map,PIBT,1,133880,112829,406,405,913,10,den520d-random-20.scen
620,den520d.map,PIBTOLD,1,134965,112829,405,405,426,10,den520d-random-20.scen
620,den520d.map,PIBT,1,134216,112829,407,405,3523,100,den520d-random-20.scen
620,den520d.map,PIBTOLD,1,134965,112829,405,405,424,100,den520d-random-20.scen
620,den520d.map,PIBT,1,133966,112829,408,405,22223,1000,den520d-random-20.scen
620,den520d.map,PIBTOLD,1,134965,112829,405,405,438,1000,den520d-random-20.scen
660,den520d.map,PIBT,1,144580,119925,407,405,611,0,den520d-random-20.scen
660,den520d.map,PIBTOLD,1,144580,119925,407,405,458,0,den520d-random-20.scen
660,den520d.map,PIBT,1,143316,119925,408,405,678,1,den520d-random-20.scen
660,den520d.map,PIBTOLD,1,144580,119925,407,405,470,1,den520d-random-20.scen
660,den520d.map,PIBT,1,141983,119925,407,405,1097,10,den520d-random-20.scen
660,den520d.map,PIBTOLD,1,144580,119925,407,405,452,10,den520d-random-20.scen
660,den520d.map,PIBT,1,142712,119925,407,405,3513,100,den520d-random-20.scen
660,den520d.map,PIBTOLD,1,144580,119925,407,405,468,100,den520d-random-20.scen
660,den520d.map,PIBT,1,143356,119925,424,405,23612,1000,den520d-random-20.scen
660,den520d.map,PIBTOLD,1,144580,119925,407,405,488,1000,den520d-random-20.scen
700,den520d.map,PIBT,1,151850,126015,405,405,671,0,den520d-random-20.scen
700,den520d.map,PIBTOLD,1,151850,126015,405,405,506,0,den520d-random-20.scen
700,den520d.map,PIBT,1,151042,126015,408,405,787,1,den520d-random-20.scen
700,den520d.map,PIBTOLD,1,151850,126015,405,405,502,1,den520d-random-20.scen
700,den520d.map,PIBT,1,150356,126015,405,405,1108,10,den520d-random-20.scen
700,den520d.map,PIBTOLD,1,151850,126015,405,405,490,10,den520d-random-20.scen
700,den520d.map,PIBT,1,150687,126015,406,405,4665,100,den520d-random-20.scen
700,den520d.map,PIBTOLD,1,151850,126015,405,405,490,100,den520d-random-20.scen
700,den520d.map,PIBT,1,150154,126015,407,405,27336,1000,den520d-random-20.scen
700,den520d.map,PIBTOLD,1,151850,126015,405,405,495,1000,den520d-random-20.scen
740,den520d.map,PIBT,1,161627,133593,405,405,723,0,den520d-random-20.scen
740,den520d.map,PIBTOLD,1,161627,133593,405,405,521,0,den520d-random-20.scen
740,den520d.map,PIBT,1,161530,133593,417,405,834,1,den520d-random-20.scen
740,den520d.map,PIBTOLD,1,161627,133593,405,405,532,1,den520d-random-20.scen
740,den520d.map,PIBT,1,160187,133593,408,405,1275,10,den520d-random-20.scen
740,den520d.map,PIBTOLD,1,161627,133593,405,405,531,10,den520d-random-20.scen
740,den520d.map,PIBT,1,159875,133593,405,405,5675,100,den520d-random-20.scen
740,den520d.map,PIBTOLD,1,161627,133593,405,405,515,100,den520d-random-20.scen
740,den520d.map,PIBT,1,160817,133593,408,405,36905,1000,den520d-random-20.scen
740,den520d.map,PIBTOLD,1,161627,133593,405,405,529,1000,den520d-random-20.scen
780,den520d.map,PIBT,1,172588,141195,405,405,772,0,den520d-random-20.scen
780,den520d.map,PIBTOLD,1,172588,141195,405,405,568,0,den520d-random-20.scen
780,den520d.map,PIBT,1,170782,141195,408,405,838,1,den520d-random-20.scen
780,den520d.map,PIBTOLD,1,172588,141195,405,405,501,1,den520d-random-20.scen
780,den520d.map,PIBT,1,170365,141195,406,405,1409,10,den520d-random-20.scen
780,den520d.map,PIBTOLD,1,172588,141195,405,405,550,10,den520d-random-20.scen
780,den520d.map,PIBT,1,171201,141195,407,405,6654,100,den520d-random-20.scen
780,den520d.map,PIBTOLD,1,172588,141195,405,405,531,100,den520d-random-20.scen
780,den520d.map,PIBT,1,170446,141195,412,405,59186,1000,den520d-random-20.scen
780,den520d.map,PIBTOLD,1,172588,141195,405,405,560,1000,den520d-random-20.scen
20,den520d.map,PIBT,1,4336,4331,374,374,13,0,den520d-random-23.scen
20,den520d.map,PIBTOLD,1,4336,4331,374,374,13,0,den520d-random-23.scen
20,den520d.map,PIBT,1,4529,4331,374,374,13,1,den520d-random-23.scen
20,den520d.map,PIBTOLD,1,4336,4331,374,374,14,1,den520d-random-23.scen
20,den520d.map,PIBT,1,4529,4331,374,374,14,10,den520d-random-23.scen
20,den520d.map,PIBTOLD,1,4336,4331,374,374,16,10,den520d-random-23.scen
20,den520d.map,PIBT,1,4529,4331,374,374,15,100,den520d-random-23.scen
20,den520d.map,PIBTOLD,1,4336,4331,374,374,17,100,den520d-random-23.scen
20,den520d.map,PIBT,1,4529,4331,374,374,12,1000,den520d-random-23.scen
20,den520d.map,PIBTOLD,1,4336,4331,374,374,13,1000,den520d-random-23.scen
60,den520d.map,PIBT,1,11347,10836,374,374,42,0,den520d-random-23.scen
60,den520d.map,PIBTOLD,1,11347,10836,374,374,40,0,den520d-random-23.scen
60,den520d.map,PIBT,1,11591,10836,374,374,42,1,den520d-random-23.scen
60,den520d.map,PIBTOLD,1,11347,10836,374,374,38,1,den520d-random-23.scen
60,den520d.map,PIBT,1,11591,10836,374,374,42,10,den520d-random-23.scen
60,den520d.map,PIBTOLD,1,11347,10836,374,374,37,10,den520d-random-23.scen
60,den520d.map,PIBT,1,11591,10836,374,374,43,100,den520d-random-23.scen
60,den520d.map,PIBTOLD,1,11347,10836,374,374,39,100,den520d-random-23.scen
60,den520d.map,PIBT,1,11591,10836,374,374,39,1000,den520d-random-23.scen
60,den520d.map,PIBTOLD,1,11347,10836,374,374,42,1000,den520d-random-23.scen
100,den520d.map,PIBT,1,18713,17811,375,375,68,0,den520d-random-23.scen
100,den520d.map,PIBTOLD,1,18713,17811,375,375,69,0,den520d-random-23.scen
100,den520d.map,PIBT,1,18911,17811,375,375,70,1,den520d-random-23.scen
100,den520d.map,PIBTOLD,1,18713,17811,375,375,65,1,den520d-random-23.scen
100,den520d.map,PIBT,1,18911,17811,375,375,70,10,den520d-random-23.scen
100,den520d.map,PIBTOLD,1,18713,17811,375,375,65,10,den520d-random-23.scen
100,den520d.map,PIBT,1,18911,17811,375,375,71,100,den520d-random-23.scen
100,den520d.map,PIBTOLD,1,18713,17811,375,375,71,100,den520d-random-23.scen
100,den520d.map,PIBT,1,18911,17811,375,375,69,1000,den520d-random-23.scen
100,den520d.map,PIBTOLD,1,18713,17811,375,375,66,1000,den520d-random-23.scen
140,den520d.map,PIBT,1,26667,25347,394,394,99,0,den520d-random-23.scen
140,den520d.map,PIBTOLD,1,26667,25347,394,394,94,0,den520d-random-23.scen
140,den520d.map,PIBT,1,26900,25347,394,394,99,1,den520d-random-23.scen
140,den520d.map,PIBTOLD,1,26667,25347,394,394,92,1,den520d-random-23.scen
140,den520d.map,PIBT,1,26900,25347,394,394,102,10,den520d-random-23.scen
140,den520d.map,PIBTOLD,1,26667,25347,394,394,92,10,den520d-random-23.scen
140,den520d.map,PIBT,1,26900,25347,394,394,105,100,den520d-random-23.scen
140,den520d.map,PIBTOLD,1,26667,25347,394,394,92,100,den520d-random-23.scen
140,den520d.map,PIBT,1,26900,25347,394,394,101,1000,den520d-random-23.scen
140,den520d.map,PIBTOLD,1,26667,25347,394,394,91,1000,den520d-random-23.scen
180,den520d.map,PIBT,1,35887,33533,404,404,134,0,den520d-random-23.scen
180,den520d.map,PIBTOLD,1,35887,33533,404,404,125,0,den520d-random-23.scen
180,den520d.map,PIBT,1,35960,33533,404,404,134,1,den520d-random-23.scen
180,den520d.map,PIBTOLD,1,35887,33533,404,404,121,1,den520d-random-23.scen
180,den520d.map,PIBT,1,35960,33533,404,404,139,10,den520d-random-23.scen
180,den520d.map,PIBTOLD,1,35887,33533,404,404,121,10,den520d-random-23.scen
180,den520d.map,PIBT,1,35960,33533,404,404,136,100,den520d-random-23.scen
180,den520d.map,PIBTOLD,1,35887,33533,404,404,125,100,den520d-random-23.scen
180,den520d.map,PIBT,1,35960,33533,404,404,134,1000,den520d-random-23.scen
180,den520d.map,PIBTOLD,1,35887,33533,404,404,127,1000,den520d-random-23.scen
220,den520d.map,PIBT,1,44984,41079,404,404,169,0,den520d-random-23.scen
220,den520d.map,PIBTOLD,1,44984,41079,404,404,148,0,den520d-random-23.scen
220,den520d.map,PIBT,1,44378,41079,404,404,160,1,den520d-random-23.scen
220,den520d.map,PIBTOLD,1,44984,41079,404,404,154,1,den520d-random-23.scen
220,den520d.map,PIBT,1,44378,41079,404,404,172,10,den520d-random-23.scen
220,den520d.map,PIBTOLD,1,44984,41079,404,404,152,10,den520d-random-23.scen
220,den520d.map,PIBT,1,44378,41079,404,404,169,100,den520d-random-23.scen
220,den520d.map,PIBTOLD,1,44984,41079,404,404,152,100,den520d-random-23.scen
220,den520d.map,PIBT,1,44378,41079,404,404,170,1000,den520d-random-23.scen
220,den520d.map,PIBTOLD,1,44984,41079,404,404,154,1000,den520d-random-23.scen
260,den520d.map,PIBT,1,53957,48546,404,404,189,0,den520d-random-23.scen
260,den520d.map,PIBTOLD,1,53957,48546,404,404,182,0,den520d-random-23.scen
260,den520d.map,PIBT,1,53369,48546,404,404,193,1,den520d-random-23.scen
260,den520d.map,PIBTOLD,1,53957,48546,404,404,160,1,den520d-random-23.scen
260,den520d.map,PIBT,1,53369,48546,404,404,197,10,den520d-random-23.scen
260,den520d.map,PIBTOLD,1,53957,48546,404,404,175,10,den520d-random-23.scen
260,den520d.map,PIBT,1,53369,48546,404,404,205,100,den520d-random-23.scen
260,den520d.map,PIBTOLD,1,53957,48546,404,404,166,100,den520d-random-23.scen
260,den520d.map,PIBT,1,53369,48546,404,404,202,1000,den520d-random-23.scen
260,den520d.map,PIBTOLD,1,53957,48546,404,404,187,1000,den520d-random-23.scen
300,den520d.map,PIBT,1,62232,56029,404,404,234,0,den520d-random-23.scen
300,den520d.map,PIBTOLD,1,62232,56029,404,404,207,0,den520d-random-23.scen
300,den520d.map,PIBT,1,62246,56029,404,404,237,1,den520d-random-23.scen
300,den520d.map,PIBTOLD,1,62232,56029,404,404,204,1,den520d-random-23.scen
300,den520d.map,PIBT,1,62153,56029,404,404,232,10,den520d-random-23.scen
300,den520d.map,PIBTOLD,1,62232,56029,404,404,210,10,den520d-random-23.scen
300,den520d.map,PIBT,1,62153,56029,404,404,236,100,den520d-random-23.scen
300,den520d.map,PIBTOLD,1,62232,56029,404,404,200,100,den520d-random-23.scen
300,den520d.map,PIBT,1,62153,56029,404,404,220,1000,den520d-random-23.scen
300,den520d.map,PIBTOLD,1,62232,56029,404,404,209,1000,den520d-random-23.scen
340,den520d.map,PIBT,1,71562,62923,404,404,276,0,den520d-random-23.scen
340,den520d.map,PIBTOLD,1,71562,62923,404,404,230,0,den520d-random-23.scen
340,den520d.map,PIBT,1,71157,62923,406,404,286,1,den520d-random-23.scen
340,den520d.map,PIBTOLD,1,71562,62923,404,404,238,1,den520d-random-23.scen
340,den520d.map,PIBT,1,70601,62923,408,404,269,10,den520d-random-23.scen
340,den520d.map,PIBTOLD,1,71562,62923,404,404,242,10,den520d-random-23.scen
340,den520d.map,PIBT,1,70601,62923,408,404,264,100,den520d-random-23.scen
340,den520d.map,PIBTOLD,1,71562,62923,404,404,227,100,den520d-random-23.scen
340,den520d.map,PIBT,1,70601,62923,408,404,266,1000,den520d-random-23.scen
340,den520d.map,PIBTOLD,1,71562,62923,404,404,232,1000,den520d-random-23.scen
380,den520d.map,PIBT,1,80144,70039,404,404,315,0,den520d-random-23.scen
380,den520d.map,PIBTOLD,1,80144,70039,404,404,250,0,den520d-random-23.scen
380,den520d.map,PIBT,1,78487,70039,404,404,309,1,den520d-random-23.scen
380,den520d.map,PIBTOLD,1,80144,70039,404,404,262,1,den520d-random-23.scen
380,den520d.map,PIBT,1,78874,70039,404,404,330,10,den520d-random-23.scen
380,den520d.map,PIBTOLD,1,80144,70039,404,404,260,10,den520d-random-23.scen
380,den520d.map,PIBT,1,78848,70039,404,404,314,100,den520d-random-23.scen
380,den520d.map,PIBTOLD,1,80144,70039,404,404,271,100,den520d-random-23.scen
380,den520d.map,PIBT,1,78848,70039,404,404,356,1000,den520d-random-23.scen
380,den520d.map,PIBTOLD,1,80144,70039,404,404,258,1000,den520d-random-23.scen
420,den520d.map,PIBT,1,90429,78227,404,404,356,0,den520d-random-23.scen
420,den520d.map,PIBTOLD,1,90429,78227,404,404,303,0,den520d-random-23.scen
420,den520d.map,PIBT,1,89580,78227,404,404,360,1,den520d-random-23.scen
420,den520d.map,PIBTOLD,1,90429,78227,404,404,299,1,den520d-random-23.scen
420,den520d.map,PIBT,1,89815,78227,404,404,404,10,den520d-random-23.scen
420,den520d.map,PIBTOLD,1,90429,78227,404,404,276,10,den520d-random-23.scen
420,den520d.map,PIBT,1,89166,78227,404,404,1078,100,den520d-random-23.scen
420,den520d.map,PIBTOLD,1,90429,78227,404,404,286,100,den520d-random-23.scen
420,den520d.map,PIBT,1,89482,78227,404,404,1286,1000,den520d-random-23.scen
420,den520d.map,PIBTOLD,1,90429,78227,404,404,288,1000,den520d-random-23.scen
460,den520d.map,PIBT,1,99417,85840,404,404,400,0,den520d-random-23.scen
460,den520d.map,PIBTOLD,1,99417,85840,404,404,320,0,den520d-random-23.scen
460,den520d.map,PIBT,1,98086,85840,412,404,430,1,den520d-random-23.scen
460,den520d.map,PIBTOLD,1,99417,85840,404,404,354,1,den520d-random-23.scen
460,den520d.map,PIBT,1,98178,85840,404,404,542,10,den520d-random-23.scen
460,den520d.map,PIBTOLD,1,99417,85840,404,404,314,10,den520d-random-23.scen
460,den520d.map,PIBT,1,98252,85840,408,404,692,100,den520d-random-23.scen
460,den520d.map,PIBTOLD,1,99417,85840,404,404,309,100,den520d-random-23.scen
460,den520d.map,PIBT,1,98340,85840,408,404,972,1000,den520d-random-23.scen
460,den520d.map,PIBTOLD,1,99417,85840,404,404,323,1000,den520d-random-23.scen
500,den520d.map,PIBT,1,108455,92637,404,404,463,0,den520d-random-23.scen
500,den520d.map,PIBTOLD,1,108455,92637,404,404,348,0,den520d-random-23.scen
500,den520d.map,PIBT,1,108011,92637,404,404,480,1,den520d-random-23.scen
500,den520d.map,PIBTOLD,1,108455,92637,404,404,331,1,den520d-random-23.scen
500,den520d.map,PIBT,1,106756,92637,404,404,630,10,den520d-random-23.scen
500,den520d.map,PIBTOLD,1,108455,92637,404,404,333,10,den520d-random-23.scen
500,den520d.map,PIBT,1,107448,92637,404,404,1951,100,den520d-random-23.scen
500,den520d.map,PIBTOLD,1,108455,92637,404,404,338,100,den520d-random-23.scen
500,den520d.map,PIBT,1,107178,92637,404,404,3819,1000,den520d-random-23.scen
500,den520d.map,PIBTOLD,1,108455,92637,404,404,338,1000,den520d-random-23.scen
540,den520d.map,PIBT,1,116568,99003,406,405,471,0,den520d-random-23.scen
540,den520d.map,PIBTOLD,1,116568,99003,406,405,375,0,den520d-random-23.scen
540,den520d.map,PIBT,1,115812,99003,406,405,504,1,den520d-random-23.scen
540,den520d.map,PIBTOLD,1,116568,99003,406,405,373,1,den520d-random-23.scen
540,den520d.map,PIBT,1,116312,99003,407,405,758,10,den520d-random-23.scen
540,den520d.map,PIBTOLD,1,116568,99003,406,405,383,10,den520d-random-23.scen
540,den520d.map,PIBT,1,116091,99003,405,405,2027,100,den520d-random-23.scen
540,den520d.map,PIBTOLD,1,116568,99003,406,405,397,100,den520d-random-23.scen
540,den520d.map,PIBT,1,115860,99003,405,405,8151,1000,den520d-random-23.scen
540,den520d.map,PIBTOLD,1,116568,99003,406,405,378,1000,den520d-random-23.scen
580,den520d.map,PIBT,1,126425,105578,405,405,522,0,den520d-random-23.scen
580,den520d.map,PIBTOLD,1,126425,105578,405,405,394,0,den520d-random-23.scen
580,den520d.map,PIBT,1,125522,105578,407,405,574,1,den520d-random-23.scen
580,den520d.map,PIBTOLD,1,126425,105578,405,405,411,1,den520d-random-23.scen
580,den520d.map,PIBT,1,124499,105578,411,405,842,10,den520d-random-23.scen
580,den520d.map,PIBTOLD,1,126425,105578,405,405,399,10,den520d-random-23.scen
580,den520d.map,PIBT,1,125070,105578,412,405,3084,100,den520d-random-23.scen
580,den520d.map,PIBTOLD,1,126425,105578,405,405,398,100,den520d-random-23.scen
580,den520d.map,PIBT,1,125248,105578,412,405,11282,1000,den520d-random-23.scen
580,den520d.map,PIBTOLD,1,126425,105578,405,405,406,1000,den520d-random-23.scen
620,den520d.map,PIBT,1,134965,112829,405,405,577,0,den520d-random-23.scen
620,den520d.map,PIBTOLD,1,134965,112829,405,405,446,0,den520d-random-23.scen
620,den520d.map,PIBT,1,133950,112829,408,405,621,1,den520d-random-23.scen
620,den520d.map,PIBTOLD,1,134965,112829,405,405,433,1,den520d-random-23.scen
620,den520d.map,PIBT,1,133748,112829,405,405,898,10,den520d-random-23.scen
620,den520d.map,PIBTOLD,1,134965,112829,405,405,441,10,den520d-random-23.scen
620,den520d.map,PIBT,1,134652,112829,407,405,3789,100,den520d-random-23.scen
620,den520d.map,PIBTOLD,1,134965,112829,405,405,441,100,den520d-random-23.scen
620,den520d.map,PIBT,1,133773,112829,405,405,14955,1000,den520d-random-23.scen
620,den520d.map,PIBTOLD,1,134965,112829,405,405,443,1000,den520d-random-23.scen
660,den520d.map,PIBT,1,144580,119925,407,405,596,0,den520d-random-23.scen
660,den520d.map,PIBTOLD,1,144580,119925,407,405,474,0,den520d-random-23.scen
660,den520d.map,PIBT,1,143066,119925,412,405,712,1,den520d-random-23.scen
660,den520d.map,PIBTOLD,1,144580,119925,407,405,463,1,den520d-random-23.scen
660,den520d.map,PIBT,1,142124,119925,406,405,1092,10,den520d-random-23.scen
660,den520d.map,PIBTOLD,1,144580,119925,407,405,480,10,den520d-random-23.scen
660,den520d.map,PIBT,1,142993,119925,408,405,3930,100,den520d-random-23.scen
660,den520d.map,PIBTOLD,1,144580,119925,407,405,467,100,den520d-random-23.scen
660,den520d.map,PIBT,1,142540,119925,406,405,23649,1000,den520d-random-23.scen
660,den520d.map,PIBTOLD,1,144580,119925,407,405,451,1000,den520d-random-23.scen
700,den520d.map,PIBT,1,151850,126015,405,405,644,0,den520d-random-23.scen
700,den520d.map,PIBTOLD,1,151850,126015,405,405,519,0,den520d-random-23.scen
700,den520d.map,PIBT,1,151949,126015,405,405,748,1,den520d-random-23.scen
700,den520d.map,PIBTOLD,1,151850,126015,405,405,475,1,den520d-random-23.scen
700,den520d.map,PIBT,1,151248,126015,406,405,1189,10,den520d-random-23.scen
700,den520d.map,PIBTOLD,1,151850,126015,405,405,504,10,den520d-random-23.scen
700,den520d.map,PIBT,1,149794,126015,405,405,4038,100,den520d-random-23.scen
700,den520d.map,PIBTOLD,1,151850,126015,405,405,505,100,den520d-random-23.scen
700,den520d.map,PIBT,1,150394,126015,405,405,31435,1000,den520d-random-23.scen
700,den520d.map,PIBTOLD,1,151850,126015,405,405,492,1000,den520d-random-23.scen
740,den520d.map,PIBT,1,161627,133593,405,405,719,0,den520d-random-23.scen
740,den520d.map,PIBTOLD,1,161627,133593,405,405,517,0,den520d-random-23.scen
740,den520d.map,PIBT,1,161166,133593,408,405,758,1,den520d-random-23.scen
740,den520d.map,PIBTOLD,1,161627,133593,405,405,488,1,den520d-random-23.scen
740,den520d.map,PIBT,1,161362,133593,406,405,1285,10,den520d-random-23.scen
740,den520d.map,PIBTOLD,1,161627,133593,405,405,505,10,den520d-random-23.scen
740,den520d.map,PIBT,1,160064,133593,407,405,5928,100,den520d-random-23.scen
740,den520d.map,PIBTOLD,1,161627,133593,405,405,501,100,den520d-random-23.scen
740,den520d.map,PIBT,1,160393,133593,410,405,43593,1000,den520d-random-23.scen
740,den520d.map,PIBTOLD,1,161627,133593,405,405,515,1000,den520d-random-23.scen
780,den520d.map,PIBT,1,172588,141195,405,405,753,0,den520d-random-23.scen
780,den520d.map,PIBTOLD,1,172588,141195,405,405,549,0,den520d-random-23.scen
780,den520d.map,PIBT,1,170936,141195,407,405,848,1,den520d-random-23.scen
780,den520d.map,PIBTOLD,1,172588,141195,405,405,514,1,den520d-random-23.scen
780,den520d.map,PIBT,1,170461,141195,408,405,1520,10,den520d-random-23.scen
780,den520d.map,PIBTOLD,1,172588,141195,405,405,574,10,den520d-random-23.scen
780,den520d.map,PIBT,1,171485,141195,410,405,6013,100,den520d-random-23.scen
780,den520d.map,PIBTOLD,1,172588,141195,405,405,542,100,den520d-random-23.scen
780,den520d.map,PIBT,1,171337,141195,415,405,50680,1000,den520d-random-23.scen
780,den520d.map,PIBTOLD,1,172588,141195,405,405,529,1000,den520d-random-23.scen
20,den520d.map,PIBT,1,4336,4331,374,374,12,0,den520d-random-7.scen
20,den520d.map,PIBTOLD,1,4336,4331,374,374,16,0,den520d-random-7.scen
20,den520d.map,PIBT,1,4529,4331,374,374,14,1,den520d-random-7.scen
20,den520d.map,PIBTOLD,1,4336,4331,374,374,13,1,den520d-random-7.scen
20,den520d.map,PIBT,1,4529,4331,374,374,15,10,den520d-random-7.scen
20,den520d.map,PIBTOLD,1,4336,4331,374,374,13,10,den520d-random-7.scen
20,den520d.map,PIBT,1,4529,4331,374,374,14,100,den520d-random-7.scen
20,den520d.map,PIBTOLD,1,4336,4331,374,374,12,100,den520d-random-7.scen
20,den520d.map,PIBT,1,4529,4331,374,374,14,1000,den520d-random-7.scen
20,den520d.map,PIBTOLD,1,4336,4331,374,374,12,1000,den520d-random-7.scen
60,den520d.map,PIBT,1,11347,10836,374,374,39,0,den520d-random-7.scen
60,den520d.map,PIBTOLD,1,11347,10836,374,374,38,0,den520d-random-7.scen
60,den520d.map,PIBT,1,11591,10836,374,374,44,1,den520d-random-7.scen
60,den520d.map,PIBTOLD,1,11347,10836,374,374,40,1,den520d-random-7.scen
60,den520d.map,PIBT,1,11591,10836,374,374,40,10,den520d-random-7.scen
60,den520d.map,PIBTOLD,1,11347,10836,374,374,43,10,den520d-random-7.scen
60,den520d.map,PIBT,1,11591,10836,374,374,40,100,den520d-random-7.scen
60,den520d.map,PIBTOLD,1,11347,10836,374,374,40,100,den520d-random-7.scen
60,den520d.map,PIBT,1,11591,10836,374,374,36,1000,den520d-random-7.scen
60,den520d.map,PIBTOLD,1,11347,10836,374,374,38,1000,den520d-random-7.scen
100,den520d.map,PIBT,1,18713,17811,375,375,67,0,den520d-random-7.scen
100,den520d.map,PIBTOLD,1,18713,17811,375,375,62,0,den520d-random-7.scen
100,den520d.map,PIBT,1,18911,17811,375,375,71,1,den520d-random-7.scen
100,den520d.map,PIBTOLD,1,18713,17811,375,375,63,1,den520d-random-7.scen
100,den520d.map,PIBT,1,18911,17811,375,375,70,10,den520d-random-7.scen
100,den520d.map,PIBTOLD,1,18713,17811,375,375,70,10,den520d-random-7.scen
100,den520d.map,PIBT,1,18911,17811,375,375,72,100,den520d-random-7.scen
100,den520d.map,PIBTOLD,1,18713,17811,375,375,61,100,den520d-random-7.scen
100,den520d.map,PIBT,1,18911,17811,375,375,75,1000,den520d-random-7.scen
100,den520d.map,PIBTOLD,1,18713,17811,375,375,69,1000,den520d-random-7.scen
140,den520d.map,PIBT,1,26667,25347,394,394,97,0,den520d-random-7.scen
140,den520d.map,PIBTOLD,1,26667,25347,394,394,94,0,den520d-random-7.scen
140,den520d.map,PIBT,1,26900,25347,394,394,101,1,den520d-random-7.scen
140,den520d.map,PIBTOLD,1,26667,25347,394,394,87,1,den520d-random-7.scen
140,den520d.map,PIBT,1,26900,25347,394,394,98,10,den520d-random-7.scen
140,den520d.map,PIBTOLD,1,26667,25347,394,394,96,10,den520d-random-7.scen
140,den520d.map,PIBT,1,26900,25347,394,394,102,100,den520d-random-7.scen
140,den520d.map,PIBTOLD,1,26667,25347,394,394,97,100,den520d-random-7.scen
140,den520d.map,PIBT,1,26900,25347,394,394,99,1000,den520d-random-7.scen
140,den520d.map,PIBTOLD,1,26667,25347,394,394,97,1000,den520d-random-7.scen
180,den520d.map,PIBT,1,35887,33533,404,404,131,0,den520d-random-7.scen
180,den520d.map,PIBTOLD,1,35887,33533,404,404,116,0,den520d-random-7.scen
180,den520d.map,PIBT,1,35960,33533,404,404,132,1,den520d-random-7.scen
180,den520d.map,PIBTOLD,1,35887,33533,404,404,116,1,den520d-random-7.scen
180,den520d.map,PIBT,1,35960,33533,404,404,136,10,den520d-random-7.scen
180,den520d.map,PIBTOLD,1,35887,33533,404,404,129,10,den520d-random-7.scen
180,den520d.map,PIBT,1,35960,33533,404,404,136,100,den520d-random-7.scen
180,den520d.map,PIBTOLD,1,35887,33533,404,404,125,100,den520d-random-7.scen
180,den520d.map,PIBT,1,35960,33533,404,404,141,1000,den520d-random-7.scen
180,den520d.map,PIBTOLD,1,35887,33533,404,404,127,1000,den520d-random-7.scen
220,den520d.map,PIBT,1,44984,41079,404,404,164,0,den520d-random-7.scen
220,den520d.map,PIBTOLD,1,44984,41079,404,404,153,0,den520d-random-7.scen
220,den520d.map,PIBT,1,44378,41079,404,404,157,1,den520d-random-7.scen
220,den520d.map,PIBTOLD,1,44984,41079,404,404,154,1,den520d-random-7.scen
220,den520d.map,PIBT,1,44378,41079,404,404,168,10,den520d-random-7.scen
220,den520d.map,PIBTOLD,1,44984,41079,404,404,152,10,den520d-random-7.scen
220,den520d.map,PIBT,1,44378,41079,404,404,169,100,den520d-random-7.scen
220,den520d.map,PIBTOLD,1,44984,41079,404,404,153,100,den520d-random-7.scen
220,den520d.map,PIBT,1,44378,41079,404,404,165,1000,den520d-random-7.scen
220,den520d.map,PIBTOLD,1,44984,41079,404,404,149,1000,den520d-random-7.scen
260,den520d.map,PIBT,1,53957,48546,404,404,197,0,den520d-random-7.scen
260,den520d.map,PIBTOLD,1,53957,48546,404,404,180,0,den520d-random-7.scen
260,den520d.map,PIBT,1,53369,48546,404,404,204,1,den520d-random-7.scen
260,den520d.map,PIBTOLD,1,53957,48546,404,404,179,1,den520d-random-7.scen
260,den520d.map,PIBT,1,53369,48546,404,404,196,10,den520d-random-7.scen
260,den520d.map,PIBTOLD,1,53957,48546,404,404,175,10,den520d-random-7.scen
260,den520d.map,PIBT,1,53369,48546,404,404,201,100,den520d-random-7.scen
260,den520d.map,PIBTOLD,1,53957,48546,404,404,186,100,den520d-random-7.scen
260,den520d.map,PIBT,1,53369,48546,404,404,191,1000,den520d-random-7.scen
260,den520d.map,PIBTOLD,1,53957,48546,404,404,165,1000,den520d-random-7.scen
300,den520d.map,PIBT,1,62232,56029,404,404,229,0,den520d-random-7.scen
300,den520d.map,PIBTOLD,1,62232,56029,404,404,201,0,den520d-random-7.scen
300,den520d.map,PIBT,1,62246,56029,404,404,237,1,den520d-random-7.scen
300,den520d.map,PIBTOLD,1,62232,56029,404,404,193,1,den520d-random-7.scen
300,den520d.map,PIBT,1,62153,56029,404,404,244,10,den520d-random-7.scen
300,den520d.map,PIBTOLD,1,62232,56029,404,404,202,10,den520d-random-7.scen
300,den520d.map,PIBT,1,62153,56029,404,404,219,100,den520d-random-7.scen
300,den520d.map,PIBTOLD,1,62232,56029,404,404,204,100,den520d-random-7.scen
300,den520d.map,PIBT,1,62153,56029,404,404,238,1000,den520d-random-7.scen
300,den520d.map,PIBTOLD,1,62232,56029,404,404,209,1000,den520d-random-7.scen
340,den520d.map,PIBT,1,71562,62923,404,404,263,0,den520d-random-7.scen
340,den520d.map,PIBTOLD,1,71562,62923,404,404,243,0,den520d-random-7.scen
340,den520d.map,PIBT,1,70370,62923,404,404,280,1,den520d-random-7.scen
340,den520d.map,PIBTOLD,1,71562,62923,404,404,215,1,den520d-random-7.scen
340,den520d.map,PIBT,1,70601,62923,408,404,265,10,den520d-random-7.scen
340,den520d.map,PIBTOLD,1,71562,62923,404,404,235,10,den520d-random-7.scen
340,den520d.map,PIBT,1,70601,62923,408,404,277,100,den520d-random-7.scen
340,den520d.map,PIBTOLD,1,71562,62923,404,404,225,100,den520d-random-7.scen
340,den520d.map,PIBT,1,70601,62923,408,404,279,1000,den520d-random-7.scen
340,den520d.map,PIBTOLD,1,71562,62923,404,404,232,1000,den520d-random-7.scen
380,den520d.map,PIBT,1,80144,70039,404,404,308,0,den520d-random-7.scen
380,den520d.map,PIBTOLD,1,80144,70039,404,404,253,0,den520d-random-7.scen
380,den520d.map,PIBT,1,78997,70039,404,404,321,1,den520d-random-7.scen
380,den520d.map,PIBTOLD,1,80144,70039,404,404,237,1,den520d-random-7.scen
380,den520d.map,PIBT,1,79124,70039,404,404,326,10,den520d-random-7.scen
380,den520d.map,PIBTOLD,1,80144,70039,404,404,243,10,den520d-random-7.scen
380,den520d.map,PIBT,1,78848,70039,404,404,329,100,den520d-random-7.scen
380,den520d.map,PIBTOLD,1,80144,70039,404,404,256,100,den520d-random-7.scen
380,den520d.map,PIBT,1,78848,70039,404,404,346,1000,den520d-random-7.scen
380,den520d.map,PIBTOLD,1,80144,70039,404,404,257,1000,den520d-random-7.scen
420,den520d.map,PIBT,1,90429,78227,404,404,350,0,den520d-random-7.scen
420,den520d.map,PIBTOLD,1,90429,78227,404,404,292,0,den520d-random-7.scen
420,den520d.map,PIBT,1,89397,78227,404,404,369,1,den520d-random-7.scen
420,den520d.map,PIBTOLD,1,90429,78227,404,404,299,1,den520d-random-7.scen
420,den520d.map,PIBT,1,89579,78227,404,404,437,10,den520d-random-7.scen
420,den520d.map,PIBTOLD,1,90429,78227,404,404,286,10,den520d-random-7.scen
420,den520d.map,PIBT,1,89494,78227,405,404,1000,100,den520d-random-7.scen
420,den520d.map,PIBTOLD,1,90429,78227,404,404,294,100,den520d-random-7.scen
420,den520d.map,PIBT,1,89482,78227,404,404,1287,1000,den520d-random-7.scen
420,den520d.map,PIBTOLD,1,90429,78227,404,404,277,1000,den520d-random-7.scen
460,den520d.map,PIBT,1,99417,85840,404,404,371,0,den520d-random-7.scen
460,den520d.map,PIBTOLD,1,99417,85840,404,404,325,0,den520d-random-7.scen
460,den520d.map,PIBT,1,98080,85840,408,404,425,1,den520d-random-7.scen
460,den520d.map,PIBTOLD,1,99417,85840,404,404,329,1,den520d-random-7.scen
460,den520d.map,PIBT,1,97992,85840,406,404,535,10,den520d-random-7.scen
460,den520d.map,PIBTOLD,1,99417,85840,404,404,307,10,den520d-random-7.scen
460,den520d.map,PIBT,1,98468,85840,406,404,931,100,den520d-random-7.scen
460,den520d.map,PIBTOLD,1,99417,85840,404,404,304,100,den520d-random-7.scen
460,den520d.map,PIBT,1,98340,85840,408,404,970,1000,den520d-random-7.scen
460,den520d.map,PIBTOLD,1,99417,85840,404,404,321,1000,den520d-random-7.scen
500,den520d.map,PIBT,1,108455,92637,404,404,423,0,den520d-random-7.scen
500,den520d.map,PIBTOLD,1,108455,92637,404,404,351,0,den520d-random-7.scen
500,den520d.map,PIBT,1,107173,92637,406,404,471,1,den520d-random-7.scen
500,den520d.map,PIBTOLD,1,108455,92637,404,404,358,1,den520d-random-7.scen
500,den520d.map,PIBT,1,107218,92637,405,404,742,10,den520d-random-7.scen
500,den520d.map,PIBTOLD,1,108455,92637,404,404,339,10,den520d-random-7.scen
500,den520d.map,PIBT,1,107840,92637,404,404,1818,100,den520d-random-7.scen
500,den520d.map,PIBTOLD,1,108455,92637,404,404,336,100,den520d-random-7.scen
500,den520d.map,PIBT,1,107475,92637,406,404,3715,1000,den520d-random-7.scen
500,den520d.map,PIBTOLD,1,108455,92637,404,404,343,1000,den520d-random-7.scen
540,den520d.map,PIBT,1,116568,99003,406,405,472,0,den520d-random-7.scen
540,den520d.map,PIBTOLD,1,116568,99003,406,405,373,0,den520d-random-7.scen
540,den520d.map,PIBT,1,116142,99003,405,405,538,1,den520d-random-7.scen
540,den520d.map,PIBTOLD,1,116568,99003,406,405,383,1,den520d-random-7.scen
540,den520d.map,PIBT,1,116277,99003,407,405,692,10,den520d-random-7.scen
540,den520d.map,PIBTOLD,1,116568,99003,406,405,376,10,den520d-random-7.scen
540,den520d.map,PIBT,1,116430,99003,405,405,2493,100,den520d-random-7.scen
540,den520d.map,PIBTOLD,1,116568,99003,406,405,383,100,den520d-random-7.scen
540,den520d.map,PIBT,1,116944,99003,407,405,23840,1000,den520d-random-7.scen
540,den520d.map,PIBTOLD,1,116568,99003,406,405,376,1000,den520d-random-7.scen
580,den520d.map,PIBT,1,126425,105578,405,405,527,0,den520d-random-7.scen
580,den520d.map,PIBTOLD,1,126425,105578,405,405,403,0,den520d-random-7.scen
580,den520d.map,PIBT,1,125086,105578,414,405,597,1,den520d-random-7.scen
580,den520d.map,PIBTOLD,1,126425,105578,405,405,400,1,den520d-random-7.scen
580,den520d.map,PIBT,1,123974,105578,411,405,822,10,den520d-random-7.scen
580,den520d.map,PIBTOLD,1,126425,105578,405,405,425,10,den520d-random-7.scen
580,den520d.map,PIBT,1,125217,105578,411,405,2729,100,den520d-random-7.scen
580,den520d.map,PIBTOLD,1,126425,105578,405,405,401,100,den520d-random-7.scen
580,den520d.map,PIBT,1,124942,105578,411,405,14441,1000,den520d-random-7.scen
580,den520d.map,PIBTOLD,1,126425,105578,405,405,412,1000,den520d-random-7.scen
620,den520d.map,PIBT,1,134965,112829,405,405,567,0,den520d-random-7.scen
620,den520d.map,PIBTOLD,1,134965,112829,405,405,423,0,den520d-random-7.scen
620,den520d.map,PIBT,1,133498,112829,408,405,610,1,den520d-random-7.scen
620,den520d.map,PIBTOLD,1,134965,112829,405,405,444,1,den520d-random-7.scen
620,den520d.map,PIBT,1,133528,112829,406,405,931,10,den520d-random-7.scen
620,den520d.map,PIBTOLD,1,134965,112829,405,405,419,10,den520d-random-7.scen
620,den520d.map,PIBT,1,133482,112829,407,405,3510,100,den520d-random-7.scen
620,den520d.map,PIBTOLD,1,134965,112829,405,405,441,100,den520d-random-7.scen
620,den520d.map,PIBT,1,134149,112829,405,405,25625,1000,den520d-random-7.scen
620,den520d.map,PIBTOLD,1,134965,112829,405,405,410,1000,den520d-random-7.scen
660,den520d.map,PIBT,1,144580,119925,407,405,625,0,den520d-random-7.scen
660,den520d.map,PIBTOLD,1,144580,119925,407,405,456,0,den520d-random-7.scen
660,den520d.map,PIBT,1,141840,119925,406,405,668,1,den520d-random-7.scen
660,den520d.map,PIBTOLD,1,144580,119925,407,405,422,1,den520d-random-7.scen
660,den520d.map,PIBT,1,142625,119925,407,405,1068,10,den520d-random-7.scen
660,den520d.map,PIBTOLD,1,144580,119925,407,405,428,10,den520d-random-7.scen
660,den520d.map,PIBT,1,143212,119925,407,405,4153,100,den520d-random-7.scen
660,den520d.map,PIBTOLD,1,144580,119925,407,405,475,100,den520d-random-7.scen
660,den520d.map,PIBT,1,142723,119925,406,405,27072,1000,den520d-random-7.scen
660,den520d.map,PIBTOLD,1,144580,119925,407,405,468,1000,den520d-random-7.scen
700,den520d.map,PIBT,1,151850,126015,405,405,631,0,den520d-random-7.scen
700,den520d.map,PIBTOLD,1,151850,126015,405,405,495,0,den520d-random-7.scen
700,den520d.map,PIBT,1,149948,126015,408,405,725,1,den520d-random-7.scen
700,den520d.map,PIBTOLD,1,151850,126015,405,405,497,1,den520d-random-7.scen
700,den520d.map,PIBT,1,151087,126015,405,405,1150,10,den520d-random-7.scen
700,den520d.map,PIBTOLD,1,151850,126015,405,405,506,10,den520d-random-7.scen
700,den520d.map,PIBT,1,150303,126015,408,405,4533,100,den520d-random-7.scen
700,den520d.map,PIBTOLD,1,151850,126015,405,405,505,100,den520d-random-7.scen
700,den520d.map,PIBT,1,150236,126015,405,405,33005,1000,den520d-random-7.scen
700,den520d.map,PIBTOLD,1,151850,126015,405,405,501,1000,den520d-random-7.scen
740,den520d.map,PIBT,1,161627,133593,405,405,718,0,den520d-random-7.scen
740,den520d.map,PIBTOLD,1,161627,133593,405,405,532,0,den520d-random-7.scen
740,den520d.map,PIBT,1,160897,133593,412,405,809,1,den520d-random-7.scen
740,den520d.map,PIBTOLD,1,161627,133593,405,405,517,1,den520d-random-7.scen
740,den520d.map,PIBT,1,160999,133593,408,405,1296,10,den520d-random-7.scen
740,den520d.map,PIBTOLD,1,161627,133593,405,405,512,10,den520d-random-7.scen
740,den520d.map,PIBT,1,159969,133593,405,405,5616,100,den520d-random-7.scen
740,den520d.map,PIBTOLD,1,161627,133593,405,405,532,100,den520d-random-7.scen
740,den520d.map,PIBT,1,161219,133593,413,405,50433,1000,den520d-random-7.scen
740,den520d.map,PIBTOLD,1,161627,133593,405,405,518,1000,den520d-random-7.scen
780,den520d.map,PIBT,1,172588,141195,405,405,760,0,den520d-random-7.scen
780,den520d.map,PIBTOLD,1,172588,141195,405,405,557,0,den520d-random-7.scen
780,den520d.map,PIBT,1,171656,141195,408,405,872,1,den520d-random-7.scen
780,den520d.map,PIBTOLD,1,172588,141195,405,405,553,1,den520d-random-7.scen
780,den520d.map,PIBT,1,170612,141195,407,405,1485,10,den520d-random-7.scen
780,den520d.map,PIBTOLD,1,172588,141195,405,405,546,10,den520d-random-7.scen
780,den520d.map,PIBT,1,170233,141195,409,405,5791,100,den520d-random-7.scen
780,den520d.map,PIBTOLD,1,172588,141195,405,405,563,100,den520d-random-7.scen
780,den520d.map,PIBT,1,170962,141195,412,405,50403,1000,den520d-random-7.scen
780,den520d.map,PIBTOLD,1,172588,141195,405,405,562,1000,den520d-random-7.scen
20,den520d.map,PIBT,1,4336,4331,374,374,14,0,den520d-random-9.scen
20,den520d.map,PIBTOLD,1,4336,4331,374,374,13,0,den520d-random-9.scen
20,den520d.map,PIBT,1,4529,4331,374,374,12,1,den520d-random-9.scen
20,den520d.map,PIBTOLD,1,4336,4331,374,374,15,1,den520d-random-9.scen
20,den520d.map,PIBT,1,4529,4331,374,374,14,10,den520d-random-9.scen
20,den520d.map,PIBTOLD,1,4336,4331,374,374,14,10,den520d-random-9.scen
20,den520d.map,PIBT,1,4529,4331,374,374,13,100,den520d-random-9.scen
20,den520d.map,PIBTOLD,1,4336,4331,374,374,15,100,den520d-random-9.scen
20,den520d.map,PIBT,1,4529,4331,374,374,18,1000,den520d-random-9.scen
20,den520d.map,PIBTOLD,1,4336,4331,374,374,15,1000,den520d-random-9.scen
60,den520d.map,PIBT,1,11347,10836,374,374,45,0,den520d-random-9.scen
60,den520d.map,PIBTOLD,1,11347,10836,374,374,39,0,den520d-random-9.scen
60,den520d.map,PIBT,1,11591,10836,374,374,38,1,den520d-random-9.scen
60,den520d.map,PIBTOLD,1,11347,10836,374,374,40,1,den520d-random-9.scen
60,den520d.map,PIBT,1,11591,10836,374,374,43,10,den520d-random-9.scen
60,den520d.map,PIBTOLD,1,11347,10836,374,374,41,10,den520d-random-9.scen
60,den520d.map,PIBT,1,11591,10836,374,374,42,100,den520d-random-9.scen
60,den520d.map,PIBTOLD,1,11347,10836,374,374,39,100,den520d-random-9.scen
60,den520d.map,PIBT,1,11591,10836,374,374,42,1000,den520d-random-9.scen
60,den520d.map,PIBTOLD,1,11347,10836,374,374,39,1000,den520d-random-9.scen
100,den520d.map,PIBT,1,18713,17811,375,375,73,0,den520d-random-9.scen
100,den520d.map,PIBTOLD,1,18713,17811,375,375,64,0,den520d-random-9.scen
100,den520d.map,PIBT,1,18911,17811,375,375,72,1,den520d-random-9.scen
100,den520d.map,PIBTOLD,1,18713,17811,375,375,70,1,den520d-random-9.scen
100,den520d.map,PIBT,1,18911,17811,375,375,69,10,den520d-random-9.scen
100,den520d.map,PIBTOLD,1,18713,17811,375,375,62,10,den520d-random-9.scen
100,den520d.map,PIBT,1,18911,17811,375,375,75,100,den520d-random-9.scen
100,den520d.map,PIBTOLD,1,18713,17811,375,375,66,100,den520d-random-9.scen
100,den520d.map,PIBT,1,18911,17811,375,375,70,1000,den520d-random-9.scen
100,den520d.map,PIBTOLD,1,18713,17811,375,375,63,1000,den520d-random-9.scen
140,den520d.map,PIBT,1,26667,25347,394,394,100,0,den520d-random-9.scen
140,den520d.map,PIBTOLD,1,26667,25347,394,394,98,0,den520d-random-9.scen
140,den520d.map,PIBT,1,26900,25347,394,394,103,1,den520d-random-9.scen
140,den520d.map,PIBTOLD,1,26667,25347,394,394,90,1,den520d-random-9.scen
140,den520d.map,PIBT,1,26900,25347,394,394,108,10,den520d-random-9.scen
140,den520d.map,PIBTOLD,1,26667,25347,394,394,91,10,den520d-random-9.scen
140,den520d.map,PIBT,1,26900,25347,394,394,106,100,den520d-random-9.scen
140,den520d.map,PIBTOLD,1,26667,25347,394,394,89,100,den520d-random-9.scen
140,den520d.map,PIBT,1,26900,25347,394,394,107,1000,den520d-random-9.scen
140,den520d.map,PIBTOLD,1,26667,25347,394,394,88,1000,den520d-random-9.scen
180,den520d.map,PIBT,1,35887,33533,404,404,139,0,den520d-random-9.scen
180,den520d.map,PIBTOLD,1,35887,33533,404,404,123,0,den520d-random-9.scen
180,den520d.map,PIBT,1,35960,33533,404,404,136,1,den520d-random-9.scen
180,den520d.map,PIBTOLD,1,35887,33533,404,404,126,1,den520d-random-9.scen
180,den520d.map,PIBT,1,35960,33533,404,404,119,10,den520d-random-9.scen
180,den520d.map,PIBTOLD,1,35887,33533,404,404,128,10,den520d-random-9.scen
180,den520d.map,PIBT,1,35960,33533,404,404,133,100,den520d-random-9.scen
180,den520d.map,PIBTOLD,1,35887,33533,404,404,124,100,den520d-random-9.scen
180,den520d.map,PIBT,1,35960,33533,404,404,135,1000,den520d-random-9.scen
180,den520d.map,PIBTOLD,1,35887,33533,404,404,123,1000,den520d-random-9.scen
220,den520d.map,PIBT,1,44984,41079,404,404,169,0,den520d-random-9.scen
220,den520d.map,PIBTOLD,1,44984,41079,404,404,146,0,den520d-random-9.scen
220,den520d.map,PIBT,1,44378,41079,404,404,163,1,den520d-random-9.scen
220,den520d.map,PIBTOLD,1,44984,41079,404,404,152,1,den520d-random-9.scen
220,den520d.map,PIBT,1,44378,41079,404,404,168,10,den520d-random-9.scen
220,den520d.map,PIBTOLD,1,44984,41079,404,404,152,10,den520d-random-9.scen
220,den520d.map,PIBT,1,44378,41079,404,404,170,100,den520d-random-9.scen
220,den520d.map,PIBTOLD,1,44984,41079,404,404,156,100,den520d-random-9.scen
220,den520d.map,PIBT,1,44378,41079,404,404,167,1000,den520d-random-9.scen
220,den520d.map,PIBTOLD,1,44984,41079,404,404,156,1000,den520d-random-9.scen
260,den520d.map,PIBT,1,53957,48546,404,404,186,0,den520d-random-9.scen
260,den520d.map,PIBTOLD,1,53957,48546,404,404,171,0,den520d-random-9.scen
260,den520d.map,PIBT,1,53369,48546,404,404,188,1,den520d-random-9.scen
260,den520d.map,PIBTOLD,1,53957,48546,404,404,176,1,den520d-random-9.scen
260,den520d.map,PIBT,1,53369,48546,404,404,206,10,den520d-random-9.scen
260,den520d.map,PIBTOLD,1,53957,48546,404,404,169,10,den520d-random-9.scen
260,den520d.map,PIBT,1,53369,48546,404,404,207,100,den520d-random-9.scen
260,den520d.map,PIBTOLD,1,53957,48546,404,404,171,100,den520d-random-9.scen
260,den520d.map,PIBT,1,53369,48546,404,404,204,1000,den520d-random-9.scen
260,den520d.map,PIBTOLD,1,53957,48546,404,404,183,1000,den520d-random-9.scen
300,den520d.map,PIBT,1,62232,56029,404,404,245,0,den520d-random-9.scen
300,den520d.map,PIBTOLD,1,62232,56029,404,404,198,0,den520d-random-9.scen
300,den520d.map,PIBT,1,61792,56029,404,404,221,1,den520d-random-9.scen
300,den520d.map,PIBTOLD,1,62232,56029,404,404,197,1,den520d-random-9.scen
300,den520d.map,PIBT,1,62153,56029,404,404,243,10,den520d-random-9.scen
300,den520d.map,PIBTOLD,1,62232,56029,404,404,212,10,den520d-random-9.scen
300,den520d.map,PIBT,1,62153,56029,404,404,240,100,den520d-random-9.scen
300,den520d.map,PIBTOLD,1,62232,56029,404,404,203,100,den520d-random-9.scen
300,den520d.map,PIBT,1,62153,56029,404,404,248,1000,den520d-random-9.scen
300,den520d.map,PIBTOLD,1,62232,56029,404,404,206,1000,den520d-random-9.scen
340,den520d.map,PIBT,1,71562,62923,404,404,263,0,den520d-random-9.scen
340,den520d.map,PIBTOLD,1,71562,62923,404,404,219,0,den520d-random-9.scen
340,den520d.map,PIBT,1,70762,62923,404,404,289,1,den520d-random-9.scen
340,den520d.map,PIBTOLD,1,71562,62923,404,404,234,1,den520d-random-9.scen
340,den520d.map,PIBT,1,70601,62923,408,404,286,10,den520d-random-9.scen
340,den520d.map,PIBTOLD,1,71562,62923,404,404,239,10,den520d-random-9.scen
340,den520d.map,PIBT,1,70601,62923,408,404,275,100,den520d-random-9.scen
340,den520d.map,PIBTOLD,1,71562,62923,404,404,232,100,den520d-random-9.scen
340,den520d.map,PIBT,1,70601,62923,408,404,275,1000,den520d-random-9.scen
340,den520d.map,PIBTOLD,1,71562,62923,404,404,226,1000,den520d-random-9.scen
380,den520d.map,PIBT,1,80144,70039,404,404,306,0,den520d-random-9.scen
380,den520d.map,PIBTOLD,1,80144,70039,404,404,261,0,den520d-random-9.scen
380,den520d.map,PIBT,1,79091,70039,404,404,307,1,den520d-random-9.scen
380,den520d.map,PIBTOLD,1,80144,70039,404,404,268,1,den520d-random-9.scen
380,den520d.map,PIBT,1,78850,70039,404,404,338,10,den520d-random-9.scen
380,den520d.map,PIBTOLD,1,80144,70039,404,404,254,10,den520d-random-9.scen
380,den520d.map,PIBT,1,78848,70039,404,404,343,100,den520d-random-9.scen
380,den520d.map,PIBTOLD,1,80144,70039,404,404,257,100,den520d-random-9.scen
380,den520d.map,PIBT,1,78848,70039,404,404,334,1000,den520d-random-9.scen
380,den520d.map,PIBTOLD,1,80144,70039,404,404,263,1000,den520d-random-9.scen
420,den520d.map,PIBT,1,90429,78227,404,404,346,0,den520d-random-9.scen
420,den520d.map,PIBTOLD,1,90429,78227,404,404,298,0,den520d-random-9.scen
420,den520d.map,PIBT,1,89121,78227,404,404,353,1,den520d-random-9.scen
420,den520d.map,PIBTOLD,1,90429,78227,404,404,294,1,den520d-random-9.scen
420,den520d.map,PIBT,1,89500,78227,404,404,501,10,den520d-random-9.scen
420,den520d.map,PIBTOLD,1,90429,78227,404,404,268,10,den520d-random-9.scen
420,den520d.map,PIBT,1,89724,78227,404,404,872,100,den520d-random-9.scen
420,den520d.map,PIBTOLD,1,90429,78227,404,404,298,100,den520d-random-9.scen
420,den520d.map,PIBT,1,89482,78227,404,404,1279,1000,den520d-random-9.scen
420,den520d.map,PIBTOLD,1,90429,78227,404,404,296,1000,den520d-random-9.scen
460,den520d.map,PIBT,1,99417,85840,404,404,402,0,den520d-random-9.scen
460,den520d.map,PIBTOLD,1,99417,85840,404,404,316,0,den520d-random-9.scen
460,den520d.map,PIBT,1,98635,85840,406,404,427,1,den520d-random-9.scen
460,den520d.map,PIBTOLD,1,99417,85840,404,404,319,1,den520d-random-9.scen
460,den520d.map,PIBT,1,97967,85840,404,404,578,10,den520d-random-9.scen
460,den520d.map,PIBTOLD,1,99417,85840,404,404,329,10,den520d-random-9.scen
460,den520d.map,PIBT,1,98437,85840,408,404,950,100,den520d-random-9.scen
460,den520d.map,PIBTOLD,1,99417,85840,404,404,329,100,den520d-random-9.scen
460,den520d.map,PIBT,1,98340,85840,408,404,969,1000,den520d-random-9.scen
460,den520d.map,PIBTOLD,1,99417,85840,404,404,326,1000,den520d-random-9.scen
500,den520d.map,PIBT,1,108455,92637,404,404,420,0,den520d-random-9.scen
500,den520d.map,PIBTOLD,1,108455,92637,404,404,355,0,den520d-random-9.scen
500,den520d.map,PIBT,1,107455,92637,409,404,464,1,den520d-random-9.scen
500,den520d.map,PIBTOLD,1,108455,92637,404,404,354,1,den520d-random-9.scen
500,den520d.map,PIBT,1,107849,92637,404,404,614,10,den520d-random-9.scen
500,den520d.map,PIBTOLD,1,108455,92637,404,404,354,10,den520d-random-9.scen
500,den520d.map,PIBT,1,107371,92637,406,404,1978,100,den520d-random-9.scen
500,den520d.map,PIBTOLD,1,108455,92637,404,404,350,100,den520d-random-9.scen
500,den520d.map,PIBT,1,107378,92637,404,404,4182,1000,den520d-random-9.scen
500,den520d.map,PIBTOLD,1,108455,92637,404,404,362,1000,den520d-random-9.scen
540,den520d.map,PIBT,1,116568,99003,406,405,481,0,den520d-random-9.scen
540,den520d.map,PIBTOLD,1,116568,99003,406,405,358,0,den520d-random-9.scen
540,den520d.map,PIBT,1,116695,99003,408,405,501,1,den520d-random-9.scen
540,den520d.map,PIBTOLD,1,116568,99003,406,405,367,1,den520d-random-9.scen
540,den520d.map,PIBT,1,116598,99003,406,405,833,10,den520d-random-9.scen
540,den520d.map,PIBTOLD,1,116568,99003,406,405,345,10,den520d-random-9.scen
540,den520d.map,PIBT,1,115832,99003,406,405,2793,100,den520d-random-9.scen
540,den520d.map,PIBTOLD,1,116568,99003,406,405,369,100,den520d-random-9.scen
540,den520d.map,PIBT,1,115935,99003,405,405,10059,1000,den520d-random-9.scen
540,den520d.map,PIBTOLD,1,116568,99003,406,405,389,1000,den520d-random-9.scen
580,den520d.map,PIBT,1,126425,105578,405,405,534,0,den520d-random-9.scen
580,den520d.map,PIBTOLD,1,126425,105578,405,405,397,0,den520d-random-9.scen
580,den520d.map,PIBT,1,125120,105578,408,405,615,1,den520d-random-9.scen
580,den520d.map,PIBTOLD,1,126425,105578,405,405,379,1,den520d-random-9.scen
580,den520d.map,PIBT,1,124981,105578,411,405,864,10,den520d-random-9.scen
580,den520d.map,PIBTOLD,1,126425,105578,405,405,392,10,den520d-random-9.scen
580,den520d.map,PIBT,1,125437,105578,411,405,2851,100,den520d-random-9.scen
580,den520d.map,PIBTOLD,1,126425,105578,405,405,394,100,den520d-random-9.scen
580,den520d.map,PIBT,1,124529,105578,411,405,16004,1000,den520d-random-9.scen
580,den520d.map,PIBTOLD,1,126425,105578,405,405,395,1000,den520d-random-9.scen
620,den520d.map,PIBT,1,134965,112829,405,405,579,0,den520d-random-9.scen
620,den520d.map,PIBTOLD,1,134965,112829,405,405,434,0,den520d-random-9.scen
620,den520d.map,PIBT,1,133623,112829,410,405,598,1,den520d-random-9.scen
620,den520d.map,PIBTOLD,1,134965,112829,405,405,409,1,den520d-random-9.scen
620,den520d.map,PIBT,1,134784,112829,405,405,899,10,den520d-random-9.scen
620,den520d.map,PIBTOLD,1,134965,112829,405,405,417,10,den520d-random-9.scen
620,den520d.map,PIBT,1,133892,112829,405,405,3688,100,den520d-random-9.scen
620,den520d.map,PIBTOLD,1,134965,112829,405,405,437,100,den520d-random-9.scen
620,den520d.map,PIBT,1,134008,112829,406,405,22895,1000,den520d-random-9.scen
620,den520d.map,PIBTOLD,1,134965,112829,405,405,404,1000,den520d-random-9.scen
660,den520d.map,PIBT,1,144580,119925,407,405,622,0,den520d-random-9.scen
660,den520d.map,PIBTOLD,1,144580,119925,407,405,476,0,den520d-random-9.scen
660,den520d.map,PIBT,1,142944,119925,406,405,693,1,den520d-random-9.scen
660,den520d.map,PIBTOLD,1,144580,119925,407,405,443,1,den520d-random-9.scen
660,den520d.map,PIBT,1,142511,119925,406,405,951,10,den520d-random-9.scen
660,den520d.map,PIBTOLD,1,144580,119925,407,405,430,10,den520d-random-9.scen
660,den520d.map,PIBT,1,143068,119925,408,405,4818,100,den520d-random-9.scen
660,den520d.map,PIBTOLD,1,144580,119925,407,405,479,100,den520d-random-9.scen
660,den520d.map,PIBT,1,142568,119925,408,405,20394,1000,den520d-random-9.scen
660,den520d.map,PIBTOLD,1,144580,119925,407,405,471,1000,den520d-random-9.scen
700,den520d.map,PIBT,1,151850,126015,405,405,594,0,den520d-random-9.scen
700,den520d.map,PIBTOLD,1,151850,126015,405,405,483,0,den520d-random-9.scen
700,den520d.map,PIBT,1,150727,126015,407,405,726,1,den520d-random-9.scen
700,den520d.map,PIBTOLD,1,151850,126015,405,405,505,1,den520d-random-9.scen
700,den520d.map,PIBT,1,150011,126015,408,405,1215,10,den520d-random-9.scen
700,den520d.map,PIBTOLD,1,151850,126015,405,405,461,10,den520d-random-9.scen
700,den520d.map,PIBT,1,150805,126015,405,405,3234,100,den520d-random-9.scen
700,den520d.map,PIBTOLD,1,151850,126015,405,405,495,100,den520d-random-9.scen
700,den520d.map,PIBT,1,150864,126015,406,405,23198,1000,den520d-random-9.scen
700,den520d.map,PIBTOLD,1,151850,126015,405,405,502,1000,den520d-random-9.scen
740,den520d.map,PIBT,1,161627,133593,405,405,712,0,den520d-random-9.scen
740,den520d.map,PIBTOLD,1,161627,133593,405,405,533,0,den520d-random-9.scen
740,den520d.map,PIBT,1,161214,133593,410,405,771,1,den520d-random-9.scen
740,den520d.map,PIBTOLD,1,161627,133593,405,405,510,1,den520d-random-9.scen
740,den520d.map,PIBT,1,160764,133593,415,405,1310,10,den520d-random-9.scen
740,den520d.map,PIBTOLD,1,161627,133593,405,405,537,10,den520d-random-9.scen
740,den520d.map,PIBT,1,161499,133593,406,405,6377,100,den520d-random-9.scen
740,den520d.map,PIBTOLD,1,161627,133593,405,405,544,100,den520d-random-9.scen
740,den520d.map,PIBT,1,160149,133593,406,405,46061,1000,den520d-random-9.scen
740,den520d.map,PIBTOLD,1,161627,133593,405,405,484,1000,den520d-random-9.scen
780,den520d.map,PIBT,1,172588,141195,405,405,762,0,den520d-random-9.scen
780,den520d.map,PIBTOLD,1,172588,141195,405,405,544,0,den520d-random-9.scen
780,den520d.map,PIBT,1,171475,141195,408,405,873,1,den520d-random-9.scen
780,den520d.map,PIBTOLD,1,172588,141195,405,405,546,1,den520d-random-9.scen
780,den520d.map,PIBT,1,170955,141195,408,405,1447,10,den520d-random-9.scen
780,den520d.map,PIBTOLD,1,172588,141195,405,405,507,10,den520d-random-9.scen
780,den520d.map,PIBT,1,171998,141195,409,405,7094,100,den520d-random-9.scen
780,den520d.map,PIBTOLD,1,172588,141195,405,405,515,100,den520d-random-9.scen
20,den520d.map,PIBT,1,4336,4331,374,374,13,0,den520d-random-4.scen
20,den520d.map,PIBTOLD,1,4336,4331,374,374,12,0,den520d-random-4.scen
20,den520d.map,PIBT,1,4529,4331,374,374,14,1,den520d-random-4.scen
20,den520d.map,PIBTOLD,1,4336,4331,374,374,14,1,den520d-random-4.scen
20,den520d.map,PIBT,1,4529,4331,374,374,15,10,den520d-random-4.scen
20,den520d.map,PIBTOLD,1,4336,4331,374,374,16,10,den520d-random-4.scen
20,den520d.map,PIBT,1,4529,4331,374,374,16,100,den520d-random-4.scen
20,den520d.map,PIBTOLD,1,4336,4331,374,374,14,100,den520d-random-4.scen
20,den520d.map,PIBT,1,4529,4331,374,374,13,1000,den520d-random-4.scen
20,den520d.map,PIBTOLD,1,4336,4331,374,374,14,1000,den520d-random-4.scen
60,den520d.map,PIBT,1,11347,10836,374,374,37,0,den520d-random-4.scen
60,den520d.map,PIBTOLD,1,11347,10836,374,374,43,0,den520d-random-4.scen
60,den520d.map,PIBT,1,11591,10836,374,374,43,1,den520d-random-4.scen
60,den520d.map,PIBTOLD,1,11347,10836,374,374,38,1,den520d-random-4.scen
60,den520d.map,PIBT,1,11591,10836,374,374,41,10,den520d-random-4.scen
60,den520d.map,PIBTOLD,1,11347,10836,374,374,41,10,den520d-random-4.scen
60,den520d.map,PIBT,1,11591,10836,374,374,43,100,den520d-random-4.scen
60,den520d.map,PIBTOLD,1,11347,10836,374,374,42,100,den520d-random-4.scen
60,den520d.map,PIBT,1,11591,10836,374,374,45,1000,den520d-random-4.scen
60,den520d.map,PIBTOLD,1,11347,10836,374,374,39,1000,den520d-random-4.scen
100,den520d.map,PIBT,1,18713,17811,375,375,72,0,den520d-random-4.scen
100,den520d.map,PIBTOLD,1,18713,17811,375,375,69,0,den520d-random-4.scen
100,den520d.map,PIBT,1,18911,17811,375,375,69,1,den520d-random-4.scen
100,den520d.map,PIBTOLD,1,18713,17811,375,375,65,1,den520d-random-4.scen
100,den520d.map,PIBT,1,18911,17811,375,375,74,10,den520d-random-4.scen
100,den520d.map,PIBTOLD,1,18713,17811,375,375,68,10,den520d-random-4.scen
100,den520d.map,PIBT,1,18911,17811,375,375,75,100,den520d-random-4.scen
100,den520d.map,PIBTOLD,1,18713,17811,375,375,73,100,den520d-random-4.scen
100,den520d.map,PIBT,1,18911,17811,375,375,72,1000,den520d-random-4.scen
100,den520d.map,PIBTOLD,1,18713,17811,375,375,66,1000,den520d-random-4.scen
140,den520d.map,PIBT,1,26667,25347,394,394,99,0,den520d-random-4.scen
140,den520d.map,PIBTOLD,1,26667,25347,394,394,102,0,den520d-random-4.scen
140,den520d.map,PIBT,1,26900,25347,394,394,95,1,den520d-random-4.scen
140,den520d.map,PIBTOLD,1,26667,25347,394,394,96,1,den520d-random-4.scen
140,den520d.map,PIBT,1,26900,25347,394,394,105,10,den520d-random-4.scen
140,den520d.map,PIBTOLD,1,26667,25347,394,394,92,10,den520d-random-4.scen
140,den520d.map,PIBT,1,26900,25347,394,394,101,100,den520d-random-4.scen
140,den520d.map,PIBTOLD,1,26667,25347,394,394,95,100,den520d-random-4.scen
140,den520d.map,PIBT,1,26900,25347,394,394,102,1000,den520d-random-4.scen
140,den520d.map,PIBTOLD,1,26667,25347,394,394,93,1000,den520d-random-4.scen
180,den520d.map,PIBT,1,35887,33533,404,404,137,0,den520d-random-4.scen
180,den520d.map,PIBTOLD,1,35887,33533,404,404,122,0,den520d-random-4.scen
180,den520d.map,PIBT,1,35960,33533,404,404,134,1,den520d-random-4.scen
180,den520d.map,PIBTOLD,1,35887,33533,404,404,126,1,den520d-random-4.scen
180,den520d.map,PIBT,1,35960,33533,404,404,133,10,den520d-random-4.scen
180,den520d.map,PIBTOLD,1,35887,33533,404,404,121,10,den520d-random-4.scen
180,den520d.map,PIBT,1,35960,33533,404,404,133,100,den520d-random-4.scen
180,den520d.map,PIBTOLD,1,35887,33533,404,404,128,100,den520d-random-4.scen
180,den520d.map,PIBT,1,35960,33533,404,404,130,1000,den520d-random-4.scen
180,den520d.map,PIBTOLD,1,35887,33533,404,404,132,1000,den520d-random-4.scen
220,den520d.map,PIBT,1,44984,41079,404,404,171,0,den520d-random-4.scen
220,den520d.map,PIBTOLD,1,44984,41079,404,404,149,0,den520d-random-4.scen
220,den520d.map,PIBT,1,44378,41079,404,404,168,1,den520d-random-4.scen
220,den520d.map,PIBTOLD,1,44984,41079,404,404,149,1,den520d-random-4.scen
220,den520d.map,PIBT,1,44378,41079,404,404,173,10,den520d-random-4.scen
220,den520d.map,PIBTOLD,1,44984,41079,404,404,141,10,den520d-random-4.scen
220,den520d.map,PIBT,1,44378,41079,404,404,160,100,den520d-random-4.scen
220,den520d.map,PIBTOLD,1,44984,41079,404,404,142,100,den520d-random-4.scen
220,den520d.map,PIBT,1,44378,41079,404,404,163,1000,den520d-random-4.scen
220,den520d.map,PIBTOLD,1,44984,41079,404,404,140,1000,den520d-random-4.scen
260,den520d.map,PIBT,1,53957,48546,404,404,197,0,den520d-random-4.scen
260,den520d.map,PIBTOLD,1,53957,48546,404,404,179,0,den520d-random-4.scen
260,den520d.map,PIBT,1,53369,48546,404,404,202,1,den520d-random-4.scen
260,den520d.map,PIBTOLD,1,53957,48546,404,404,174,1,den520d-random-4.scen
260,den520d.map,PIBT,1,53369,48546,404,404,199,10,den520d-random-4.scen
260,den520d.map,PIBTOLD,1,53957,48546,404,404,176,10,den520d-random-4.scen
260,den520d.map,PIBT,1,53369,48546,404,404,202,100,den520d-random-4.scen
260,den520d.map,PIBTOLD,1,53957,48546,404,404,177,100,den520d-random-4.scen
260,den520d.map,PIBT,1,53369,48546,404,404,201,1000,den520d-random-4.scen
260,den520d.map,PIBTOLD,1,53957,48546,404,404,179,1000,den520d-random-4.scen
300,den520d.map,PIBT,1,62232,56029,404,404,238,0,den520d-random-4.scen
300,den520d.map,PIBTOLD,1,62232,56029,404,404,199,0,den520d-random-4.scen
300,den520d.map,PIBT,1,62006,56029,404,404,235,1,den520d-random-4.scen
300,den520d.map,PIBTOLD,1,62232,56029,404,404,207,1,den520d-random-4.scen
300,den520d.map,PIBT,1,62153,56029,404,404,239,10,den520d-random-4.scen
300,den520d.map,PIBTOLD,1,62232,56029,404,404,208,10,den520d-random-4.scen
300,den520d.map,PIBT,1,62153,56029,404,404,249,100,den520d-random-4.scen
300,den520d.map,PIBTOLD,1,62232,56029,404,404,206,100,den520d-random-4.scen
300,den520d.map,PIBT,1,62153,56029,404,404,244,1000,den520d-random-4.scen
300,den520d.map,PIBTOLD,1,62232,56029,404,404,197,1000,den520d-random-4.scen
340,den520d.map,PIBT,1,71562,62923,404,404,270,0,den520d-random-4.scen
340,den520d.map,PIBTOLD,1,71562,62923,404,404,237,0,den520d-random-4.scen
340,den520d.map,PIBT,1,70968,62923,404,404,286,1,den520d-random-4.scen
340,den520d.map,PIBTOLD,1,71562,62923,404,404,228,1,den520d-random-4.scen
340,den520d.map,PIBT,1,70601,62923,408,404,279,10,den520d-random-4.scen
340,den520d.map,PIBTOLD,1,71562,62923,404,404,239,10,den520d-random-4.scen
340,den520d.map,PIBT,1,70601,62923,408,404,273,100,den520d-random-4.scen
340,den520d.map,PIBTOLD,1,71562,62923,404,404,237,100,den520d-random-4.scen
340,den520d.map,PIBT,1,70601,62923,408,404,266,1000,den520d-random-4.scen
340,den520d.map,PIBTOLD,1,71562,62923,404,404,232,1000,den520d-random-4.scen
380,den520d.map,PIBT,1,80144,70039,404,404,312,0,den520d-random-4.scen
380,den520d.map,PIBTOLD,1,80144,70039,404,404,266,0,den520d-random-4.scen
380,den520d.map,PIBT,1,79148,70039,404,404,308,1,den520d-random-4.scen
380,den520d.map,PIBTOLD,1,80144,70039,404,404,262,1,den520d-random-4.scen
380,den520d.map,PIBT,1,78951,70039,404,404,324,10,den520d-random-4.scen
380,den520d.map,PIBTOLD,1,80144,70039,404,404,246,10,den520d-random-4.scen
380,den520d.map,PIBT,1,78848,70039,404,404,333,100,den520d-random-4.scen
380,den520d.map,PIBTOLD,1,80144,70039,404,404,263,100,den520d-random-4.scen
380,den520d.map,PIBT,1,78848,70039,404,404,347,1000,den520d-random-4.scen
380,den520d.map,PIBTOLD,1,80144,70039,404,404,270,1000,den520d-random-4.scen
420,den520d.map,PIBT,1,90429,78227,404,404,358,0,den520d-random-4.scen
420,den520d.map,PIBTOLD,1,90429,78227,404,404,294,0,den520d-random-4.scen
420,den520d.map,PIBT,1,88998,78227,405,404,367,1,den520d-random-4.scen
420,den520d.map,PIBTOLD,1,90429,78227,404,404,300,1,den520d-random-4.scen
420,den520d.map,PIBT,1,89569,78227,404,404,396,10,den520d-random-4.scen
420,den520d.map,PIBTOLD,1,90429,78227,404,404,280,10,den520d-random-4.scen
420,den520d.map,PIBT,1,89232,78227,404,404,845,100,den520d-random-4.scen
420,den520d.map,PIBTOLD,1,90429,78227,404,404,295,100,den520d-random-4.scen
420,den520d.map,PIBT,1,89482,78227,404,404,1306,1000,den520d-random-4.scen
420,den520d.map,PIBTOLD,1,90429,78227,404,404,285,1000,den520d-random-4.scen
460,den520d.map,PIBT,1,99417,85840,404,404,405,0,den520d-random-4.scen
460,den520d.map,PIBTOLD,1,99417,85840,404,404,308,0,den520d-random-4.scen
460,den520d.map,PIBT,1,99217,85840,417,404,423,1,den520d-random-4.scen
460,den520d.map,PIBTOLD,1,99417,85840,404,404,330,1,den520d-random-4.scen
460,den520d.map,PIBT,1,98657,85840,406,404,472,10,den520d-random-4.scen
460,den520d.map,PIBTOLD,1,99417,85840,404,404,294,10,den520d-random-4.scen
460,den520d.map,PIBT,1,98283,85840,412,404,1185,100,den520d-random-4.scen
460,den520d.map,PIBTOLD,1,99417,85840,404,404,333,100,den520d-random-4.scen
460,den520d.map,PIBT,1,98340,85840,408,404,960,1000,den520d-random-4.scen
460,den520d.map,PIBTOLD,1,99417,85840,404,404,321,1000,den520d-random-4.scen
500,den520d.map,PIBT,1,108455,92637,404,404,398,0,den520d-random-4.scen
500,den520d.map,PIBTOLD,1,108455,92637,404,404,354,0,den520d-random-4.scen
500,den520d.map,PIBT,1,107017,92637,405,404,461,1,den520d-random-4.scen
500,den520d.map,PIBTOLD,1,108455,92637,404,404,353,1,den520d-random-4.scen
500,den520d.map,PIBT,1,106772,92637,408,404,633,10,den520d-random-4.scen
500,den520d.map,PIBTOLD,1,108455,92637,404,404,339,10,den520d-random-4.scen
500,den520d.map,PIBT,1,107413,92637,404,404,2004,100,den520d-random-4.scen
500,den520d.map,PIBTOLD,1,108455,92637,404,404,347,100,den520d-random-4.scen
500,den520d.map,PIBT,1,107584,92637,404,404,4473,1000,den520d-random-4.scen
500,den520d.map,PIBTOLD,1,108455,92637,404,404,363,1000,den520d-random-4.scen
540,den520d.map,PIBT,1,116568,99003,406,405,495,0,den520d-random-4.scen
540,den520d.map,PIBTOLD,1,116568,99003,406,405,385,0,den520d-random-4.scen
540,den520d.map,PIBT,1,116337,99003,406,405,495,1,den520d-random-4.scen
540,den520d.map,PIBTOLD,1,116568,99003,406,405,348,1,den520d-random-4.scen
540,den520d.map,PIBT,1,116706,99003,407,405,933,10,den520d-random-4.scen
540,den520d.map,PIBTOLD,1,116568,99003,406,405,386,10,den520d-random-4.scen
540,den520d.map,PIBT,1,116574,99003,405,405,1536,100,den520d-random-4.scen
540,den520d.map,PIBTOLD,1,116568,99003,406,405,385,100,den520d-random-4.scen
540,den520d.map,PIBT,1,116772,99003,405,405,7609,1000,den520d-random-4.scen
540,den520d.map,PIBTOLD,1,116568,99003,406,405,386,1000,den520d-random-4.scen
580,den520d.map,PIBT,1,126425,105578,405,405,533,0,den520d-random-4.scen
580,den520d.map,PIBTOLD,1,126425,105578,405,405,405,0,den520d-random-4.scen
580,den520d.map,PIBT,1,124858,105578,408,405,581,1,den520d-random-4.scen
580,den520d.map,PIBTOLD,1,126425,105578,405,405,406,1,den520d-random-4.scen
580,den520d.map,PIBT,1,124723,105578,413,405,749,10,den520d-random-4.scen
580,den520d.map,PIBTOLD,1,126425,105578,405,405,399,10,den520d-random-4.scen
580,den520d.map,PIBT,1,124928,105578,411,405,3240,100,den520d-random-4.scen
580,den520d.map,PIBTOLD,1,126425,105578,405,405,384,100,den520d-random-4.scen
580,den520d.map,PIBT,1,124881,105578,412,405,9752,1000,den520d-random-4.scen
580,den520d.map,PIBTOLD,1,126425,105578,405,405,412,1000,den520d-random-4.scen
620,den520d.map,PIBT,1,134965,112829,405,405,579,0,den520d-random-4.scen
620,den520d.map,PIBTOLD,1,134965,112829,405,405,443,0,den520d-random-4.scen
620,den520d.map,PIBT,1,134544,112829,413,405,655,1,den520d-random-4.scen
620,den520d.map,PIBTOLD,1,134965,112829,405,405,445,1,den520d-random-4.scen
620,den520d.map,PIBT,1,133725,112829,407,405,846,10,den520d-random-4.scen
620,den520d.map,PIBTOLD,1,134965,112829,405,405,429,10,den520d-random-4.scen
620,den520d.map,PIBT,1,133700,112829,406,405,2704,100,den520d-random-4.scen
620,den520d.map,PIBTOLD,1,134965,112829,405,405,445,100,den520d-random-4.scen
620,den520d.map,PIBT,1,134616,112829,405,405,17158,1000,den520d-random-4.scen
620,den520d.map,PIBTOLD,1,134965,112829,405,405,432,1000,den520d-random-4.scen
660,den520d.map,PIBT,1,144580,119925,407,405,629,0,den520d-random-4.scen
660,den520d.map,PIBTOLD,1,144580,119925,407,405,469,0,den520d-random-4.scen
660,den520d.map,PIBT,1,142721,119925,407,405,697,1,den520d-random-4.scen
660,den520d.map,PIBTOLD,1,144580,119925,407,405,477,1,den520d-random-4.scen
660,den520d.map,PIBT,1,142760,119925,407,405,1105,10,den520d-random-4.scen
660,den520d.map,PIBTOLD,1,144580,119925,407,405,473,10,den520d-random-4.scen
660,den520d.map,PIBT,1,142846,119925,407,405,4367,100,den520d-random-4.scen
660,den520d.map,PIBTOLD,1,144580,119925,407,405,457,100,den520d-random-4.scen
660,den520d.map,PIBT,1,141742,119925,408,405,19979,1000,den520d-random-4.scen
660,den520d.map,PIBTOLD,1,144580,119925,407,405,482,1000,den520d-random-4.scen
700,den520d.map,PIBT,1,151850,126015,405,405,669,0,den520d-random-4.scen
700,den520d.map,PIBTOLD,1,151850,126015,405,405,474,0,den520d-random-4.scen
700,den520d.map,PIBT,1,151675,126015,407,405,752,1,den520d-random-4.scen
700,den520d.map,PIBTOLD,1,151850,126015,405,405,501,1,den520d-random-4.scen
700,den520d.map,PIBT,1,150170,126015,406,405,1112,10,den520d-random-4.scen
700,den520d.map,PIBTOLD,1,151850,126015,405,405,499,10,den520d-random-4.scen
700,den520d.map,PIBT,1,151144,126015,405,405,5422,100,den520d-random-4.scen
700,den520d.map,PIBTOLD,1,151850,126015,405,405,512,100,den520d-random-4.scen
700,den520d.map,PIBT,1,150878,126015,407,405,33947,1000,den520d-random-4.scen
700,den520d.map,PIBTOLD,1,151850,126015,405,405,490,1000,den520d-random-4.scen
740,den520d.map,PIBT,1,161627,133593,405,405,725,0,den520d-random-4.scen
740,den520d.map,PIBTOLD,1,161627,133593,405,405,471,0,den520d-random-4.scen
740,den520d.map,PIBT,1,160959,133593,409,405,800,1,den520d-random-4.scen
740,den520d.map,PIBTOLD,1,161627,133593,405,405,539,1,den520d-random-4.scen
740,den520d.map,PIBT,1,161037,133593,407,405,1319,10,den520d-random-4.scen
740,den520d.map,PIBTOLD,1,161627,133593,405,405,525,10,den520d-random-4.scen
740,den520d.map,PIBT,1,160911,133593,407,405,6411,100,den520d-random-4.scen
740,den520d.map,PIBTOLD,1,161627,133593,405,405,524,100,den520d-random-4.scen
740,den520d.map,PIBT,1,160180,133593,408,405,41342,1000,den520d-random-4.scen
740,den520d.map,PIBTOLD,1,161627,133593,405,405,522,1000,den520d-random-4.scen
780,den520d.map,PIBT,1,172588,141195,405,405,788,0,den520d-random-4.scen
780,den520d.map,PIBTOLD,1,172588,141195,405,405,564,0,den520d-random-4.scen
780,den520d.map,PIBT,1,171360,141195,410,405,834,1,den520d-random-4.scen
780,den520d.map,PIBTOLD,1,172588,141195,405,405,568,1,den520d-random-4.scen
780,den520d.map,PIBT,1,171613,141195,410,405,1515,10,den520d-random-4.scen
780,den520d.map,PIBTOLD,1,172588,141195,405,405,529,10,den520d-random-4.scen
780,den520d.map,PIBT,1,170529,141195,408,405,7276,100,den520d-random-4.scen
780,den520d.map,PIBTOLD,1,172588,141195,405,405,552,100,den520d-random-4.scen
780,den520d.map,PIBT,1,170977,141195,412,405,55073,1000,den520d-random-4.scen
780,den520d.map,PIBTOLD,1,172588,141195,405,405,554,1000,den520d-random-4.scen
20,den520d.map,PIBT,1,4336,4331,374,374,14,0,den520d-random-5.scen
20,den520d.map,PIBTOLD,1,4336,4331,374,374,14,0,den520d-random-5.scen
20,den520d.map,PIBT,1,4529,4331,374,374,15,1,den520d-random-5.scen
20,den520d.map,PIBTOLD,1,4336,4331,374,374,11,1,den520d-random-5.scen
20,den520d.map,PIBT,1,4529,4331,374,374,15,10,den520d-random-5.scen
20,den520d.map,PIBTOLD,1,4336,4331,374,374,15,10,den520d-random-5.scen
20,den520d.map,PIBT,1,4529,4331,374,374,16,100,den520d-random-5.scen
20,den520d.map,PIBTOLD,1,4336,4331,374,374,13,100,den520d-random-5.scen
20,den520d.map,PIBT,1,4529,4331,374,374,14,1000,den520d-random-5.scen
20,den520d.map,PIBTOLD,1,4336,4331,374,374,15,1000,den520d-random-5.scen
60,den520d.map,PIBT,1,11347,10836,374,374,39,0,den520d-random-5.scen
60,den520d.map,PIBTOLD,1,11347,10836,374,374,43,0,den520d-random-5.scen
60,den520d.map,PIBT,1,11591,10836,374,374,42,1,den520d-random-5.scen
60,den520d.map,PIBTOLD,1,11347,10836,374,374,42,1,den520d-random-5.scen
60,den520d.map,PIBT,1,11591,10836,374,374,45,10,den520d-random-5.scen
60,den520d.map,PIBTOLD,1,11347,10836,374,374,42,10,den520d-random-5.scen
60,den520d.map,PIBT,1,11591,10836,374,374,43,100,den520d-random-5.scen
60,den520d.map,PIBTOLD,1,11347,10836,374,374,40,100,den520d-random-5.scen
60,den520d.map,PIBT,1,11591,10836,374,374,43,1000,den520d-random-5.scen
60,den520d.map,PIBTOLD,1,11347,10836,374,374,44,1000,den520d-random-5.scen
100,den520d.map,PIBT,1,18713,17811,375,375,69,0,den520d-random-5.scen
100,den520d.map,PIBTOLD,1,18713,17811,375,375,63,0,den520d-random-5.scen
100,den520d.map,PIBT,1,18911,17811,375,375,76,1,den520d-random-5.scen
100,den520d.map,PIBTOLD,1,18713,17811,375,375,67,1,den520d-random-5.scen
100,den520d.map,PIBT,1,18911,17811,375,375,73,10,den520d-random-5.scen
100,den520d.map,PIBTOLD,1,18713,17811,375,375,64,10,den520d-random-5.scen
100,den520d.map,PIBT,1,18911,17811,375,375,75,100,den520d-random-5.scen
100,den520d.map,PIBTOLD,1,18713,17811,375,375,67,100,den520d-random-5.scen
100,den520d.map,PIBT,1,18911,17811,375,375,75,1000,den520d-random-5.scen
100,den520d.map,PIBTOLD,1,18713,17811,375,375,68,1000,den520d-random-5.scen
140,den520d.map,PIBT,1,26667,25347,394,394,104,0,den520d-random-5.scen
140,den520d.map,PIBTOLD,1,26667,25347,394,394,96,0,den520d-random-5.scen
140,den520d.map,PIBT,1,26900,25347,394,394,105,1,den520d-random-5.scen
140,den520d.map,PIBTOLD,1,26667,25347,394,394,94,1,den520d-random-5.scen
140,den520d.map,PIBT,1,26900,25347,394,394,105,10,den520d-random-5.scen
140,den520d.map,PIBTOLD,1,26667,25347,394,394,100,10,den520d-random-5.scen
140,den520d.map,PIBT,1,26900,25347,394,394,107,100,den520d-random-5.scen
140,den520d.map,PIBTOLD,1,26667,25347,394,394,92,100,den520d-random-5.scen
140,den520d.map,PIBT,1,26900,25347,394,394,107,1000,den520d-random-5.scen
140,den520d.map,PIBTOLD,1,26667,25347,394,394,95,1000,den520d-random-5.scen
180,den520d.map,PIBT,1,35887,33533,404,404,134,0,den520d-random-5.scen
180,den520d.map,PIBTOLD,1,35887,33533,404,404,125,0,den520d-random-5.scen
180,den520d.map,PIBT,1,35960,33533,404,404,131,1,den520d-random-5.scen
180,den520d.map,PIBTOLD,1,35887,33533,404,404,122,1,den520d-random-5.scen
180,den520d.map,PIBT,1,35960,33533,404,404,140,10,den520d-random-5.scen
180,den520d.map,PIBTOLD,1,35887,33533,404,404,122,10,den520d-random-5.scen
180,den520d.map,PIBT,1,35960,33533,404,404,128,100,den520d-random-5.scen
180,den520d.map,PIBTOLD,1,35887,33533,404,404,110,100,den520d-random-5.scen
180,den520d.map,PIBT,1,35960,33533,404,404,137,1000,den520d-random-5.scen
180,den520d.map,PIBTOLD,1,35887,33533,404,404,123,1000,den520d-random-5.scen
220,den520d.map,PIBT,1,44984,41079,404,404,153,0,den520d-random-5.scen
220,den520d.map,PIBTOLD,1,44984,41079,404,404,146,0,den520d-random-5.scen
220,den520d.map,PIBT,1,44378,41079,404,404,168,1,den520d-random-5.scen
220,den520d.map,PIBTOLD,1,44984,41079,404,404,144,1,den520d-random-5.scen
220,den520d.map,PIBT,1,44378,41079,404,404,176,10,den520d-random-5.scen
220,den520d.map,PIBTOLD,1,44984,41079,404,404,131,10,den520d-random-5.scen
220,den520d.map,PIBT,1,44378,41079,404,404,166,100,den520d-random-5.scen
220,den520d.map,PIBTOLD,1,44984,41079,404,404,148,100,den520d-random-5.scen
220,den520d.map,PIBT,1,44378,41079,404,404,170,1000,den520d-random-5.scen
220,den520d.map,PIBTOLD,1,44984,41079,404,404,151,1000,den520d-random-5.scen
260,den520d.map,PIBT,1,53957,48546,404,404,202,0,den520d-random-5.scen
260,den520d.map,PIBTOLD,1,53957,48546,404,404,175,0,den520d-random-5.scen
260,den520d.map,PIBT,1,53369,48546,404,404,206,1,den520d-random-5.scen
260,den520d.map,PIBTOLD,1,53957,48546,404,404,174,1,den520d-random-5.scen
260,den520d.map,PIBT,1,53369,48546,404,404,201,10,den520d-random-5.scen
260,den520d.map,PIBTOLD,1,53957,48546,404,404,180,10,den520d-random-5.scen
260,den520d.map,PIBT,1,53369,48546,404,404,200,100,den520d-random-5.scen
260,den520d.map,PIBTOLD,1,53957,48546,404,404,176,100,den520d-random-5.scen
260,den520d.map,PIBT,1,53369,48546,404,404,199,1000,den520d-random-5.scen
260,den520d.map,PIBTOLD,1,53957,48546,404,404,183,1000,den520d-random-5.scen
300,den520d.map,PIBT,1,62232,56029,404,404,244,0,den520d-random-5.scen
300,den520d.map,PIBTOLD,1,62232,56029,404,404,206,0,den520d-random-5.scen
300,den520d.map,PIBT,1,61842,56029,404,404,242,1,den520d-random-5.scen
300,den520d.map,PIBTOLD,1,62232,56029,404,404,212,1,den520d-random-5.scen
300,den520d.map,PIBT,1,62153,56029,404,404,237,10,den520d-random-5.scen
300,den520d.map,PIBTOLD,1,62232,56029,404,404,202,10,den520d-random-5.scen
300,den520d.map,PIBT,1,62153,56029,404,404,217,100,den520d-random-5.scen
300,den520d.map,PIBTOLD,1,62232,56029,404,404,208,100,den520d-random-5.scen
300,den520d.map,PIBT,1,62153,56029,404,404,242,1000,den520d-random-5.scen
300,den520d.map,PIBTOLD,1,62232,56029,404,404,195,1000,den520d-random-5.scen
340,den520d.map,PIBT,1,71562,62923,404,404,273,0,den520d-random-5.scen
340,den520d.map,PIBTOLD,1,71562,62923,404,404,239,0,den520d-random-5.scen
340,den520d.map,PIBT,1,70698,62923,404,404,277,1,den520d-random-5.scen
340,den520d.map,PIBTOLD,1,71562,62923,404,404,215,1,den520d-random-5.scen
340,den520d.map,PIBT,1,70601,62923,408,404,283,10,den520d-random-5.scen
340,den520d.map,PIBTOLD,1,71562,62923,404,404,233,10,den520d-random-5.scen
340,den520d.map,PIBT,1,70601,62923,408,404,279,100,den520d-random-5.scen
340,den520d.map,PIBTOLD,1,71562,62923,404,404,231,100,den520d-random-5.scen
340,den520d.map,PIBT,1,70601,62923,408,404,277,1000,den520d-random-5.scen
340,den520d.map,PIBTOLD,1,71562,62923,404,404,239,1000,den520d-random-5.scen
380,den520d.map,PIBT,1,80144,70039,404,404,312,0,den520d-random-5.scen
380,den520d.map,PIBTOLD,1,80144,70039,404,404,277,0,den520d-random-5.scen
380,den520d.map,PIBT,1,79265,70039,404,404,331,1,den520d-random-5.scen
380,den520d.map,PIBTOLD,1,80144,70039,404,404,257,1,den520d-random-5.scen
380,den520d.map,PIBT,1,79194,70039,404,404,325,10,den520d-random-5.scen
380,den520d.map,PIBTOLD,1,80144,70039,404,404,255,10,den520d-random-5.scen
380,den520d.map,PIBT,1,78848,70039,404,404,339,100,den520d-random-5.scen
380,den520d.map,PIBTOLD,1,80144,70039,404,404,265,100,den520d-random-5.scen
380,den520d.map,PIBT,1,78848,70039,404,404,344,1000,den520d-random-5.scen
380,den520d.map,PIBTOLD,1,80144,70039,404,404,268,1000,den520d-random-5.scen
420,den520d.map,PIBT,1,90429,78227,404,404,349,0,den520d-random-5.scen
420,den520d.map,PIBTOLD,1,90429,78227,404,404,278,0,den520d-random-5.scen
420,den520d.map,PIBT,1,90034,78227,405,404,365,1,den520d-random-5.scen
420,den520d.map,PIBTOLD,1,90429,78227,404,404,294,1,den520d-random-5.scen
420,den520d.map,PIBT,1,89435,78227,404,404,394,10,den520d-random-5.scen
420,den520d.map,PIBTOLD,1,90429,78227,404,404,292,10,den520d-random-5.scen
420,den520d.map,PIBT,1,89245,78227,404,404,725,100,den520d-random-5.scen
420,den520d.map,PIBTOLD,1,90429,78227,404,404,287,100,den520d-random-5.scen
420,den520d.map,PIBT,1,89482,78227,404,404,1280,1000,den520d-random-5.scen
420,den520d.map,PIBTOLD,1,90429,78227,404,404,296,1000,den520d-random-5.scen
460,den520d.map,PIBT,1,99417,85840,404,404,392,0,den520d-random-5.scen
460,den520d.map,PIBTOLD,1,99417,85840,404,404,311,0,den520d-random-5.scen
460,den520d.map,PIBT,1,98174,85840,410,404,421,1,den520d-random-5.scen
460,den520d.map,PIBTOLD,1,99417,85840,404,404,324,1,den520d-random-5.scen
460,den520d.map,PIBT,1,98472,85840,410,404,531,10,den520d-random-5.scen
460,den520d.map,PIBTOLD,1,99417,85840,404,404,316,10,den520d-random-5.scen
460,den520d.map,PIBT,1,98470,85840,404,404,1081,100,den520d-random-5.scen
460,den520d.map,PIBTOLD,1,99417,85840,404,404,323,100,den520d-random-5.scen
460,den520d.map,PIBT,1,98340,85840,408,404,967,1000,den520d-random-5.scen
460,den520d.map,PIBTOLD,1,99417,85840,404,404,310,1000,den520d-random-5.scen
500,den520d.map,PIBT,1,108455,92637,404,404,443,0,den520d-random-5.scen
500,den520d.map,PIBTOLD,1,108455,92637,404,404,350,0,den520d-random-5.scen
500,den520d.map,PIBT,1,107356,92637,405,404,470,1,den520d-random-5.scen
500,den520d.map,PIBTOLD,1,108455,92637,404,404,355,1,den520d-random-5.scen
500,den520d.map,PIBT,1,107032,92637,404,404,654,10,den520d-random-5.scen
500,den520d.map,PIBTOLD,1,108455,92637,404,404,348,10,den520d-random-5.scen
500,den520d.map,PIBT,1,106929,92637,408,404,1393,100,den520d-random-5.scen
500,den520d.map,PIBTOLD,1,108455,92637,404,404,344,100,den520d-random-5.scen
500,den520d.map,PIBT,1,107288,92637,404,404,7111,1000,den520d-random-5.scen
500,den520d.map,PIBTOLD,1,108455,92637,404,404,358,1000,den520d-random-5.scen
540,den520d.map,PIBT,1,116568,99003,406,405,494,0,den520d-random-5.scen
540,den520d.map,PIBTOLD,1,116568,99003,406,405,387,0,den520d-random-5.scen
540,den520d.map,PIBT,1,116239,99003,407,405,542,1,den520d-random-5.scen
540,den520d.map,PIBTOLD,1,116568,99003,406,405,372,1,den520d-random-5.scen
540,den520d.map,PIBT,1,115812,99003,405,405,803,10,den520d-random-5.scen
540,den520d.map,PIBTOLD,1,116568,99003,406,405,375,10,den520d-random-5.scen
540,den520d.map,PIBT,1,116192,99003,405,405,2286,100,den520d-random-5.scen
540,den520d.map,PIBTOLD,1,116568,99003,406,405,381,100,den520d-random-5.scen
540,den520d.map,PIBT,1,116085,99003,405,405,15531,1000,den520d-random-5.scen
540,den520d.map,PIBTOLD,1,116568,99003,406,405,347,1000,den520d-random-5.scen
580,den520d.map,PIBT,1,126425,105578,405,405,526,0,den520d-random-5.scen
580,den520d.map,PIBTOLD,1,126425,105578,405,405,399,0,den520d-random-5.scen
580,den520d.map,PIBT,1,124564,105578,412,405,551,1,den520d-random-5.scen
580,den520d.map,PIBTOLD,1,126425,105578,405,405,426,1,den520d-random-5.scen
580,den520d.map,PIBT,1,124930,105578,411,405,782,10,den520d-random-5.scen
580,den520d.map,PIBTOLD,1,126425,105578,405,405,416,10,den520d-random-5.scen
580,den520d.map,PIBT,1,124845,105578,411,405,2339,100,den520d-random-5.scen
580,den520d.map,PIBTOLD,1,126425,105578,405,405,422,100,den520d-random-5.scen
580,den520d.map,PIBT,1,124732,105578,411,405,5572,1000,den520d-random-5.scen
580,den520d.map,PIBTOLD,1,126425,105578,405,405,415,1000,den520d-random-5.scen
620,den520d.map,PIBT,1,134965,112829,405,405,570,0,den520d-random-5.scen
620,den520d.map,PIBTOLD,1,134965,112829,405,405,451,0,den520d-random-5.scen
620,den520d.map,PIBT,1,133824,112829,409,405,607,1,den520d-random-5.scen
620,den520d.map,PIBTOLD,1,134965,112829,405,405,450,1,den520d-random-5.scen
620,den520d.map,PIBT,1,133587,112829,405,405,925,10,den520d-random-5.scen
620,den520d.map,PIBTOLD,1,134965,112829,405,405,434,10,den520d-random-5.scen
620,den520d.map,PIBT,1,133541,112829,405,405,3631,100,den520d-random-5.scen
620,den520d.map,PIBTOLD,1,134965,112829,405,405,408,100,den520d-random-5.scen
620,den520d.map,PIBT,1,133677,112829,407,405,19745,1000,den520d-random-5.scen
620,den520d.map,PIBTOLD,1,134965,112829,405,405,439,1000,den520d-random-5.scen
660,den520d.map,PIBT,1,144580,119925,407,405,587,0,den520d-random-5.scen
660,den520d.map,PIBTOLD,1,144580,119925,407,405,441,0,den520d-random-5.scen
660,den520d.map,PIBT,1,143154,119925,408,405,689,1,den520d-random-5.scen
660,den520d.map,PIBTOLD,1,144580,119925,407,405,452,1,den520d-random-5.scen
660,den520d.map,PIBT,1,142627,119925,412,405,1126,10,den520d-random-5.scen
660,den520d.map,PIBTOLD,1,144580,119925,407,405,464,10,den520d-random-5.scen
660,den520d.map,PIBT,1,142974,119925,407,405,3209,100,den520d-random-5.scen
660,den520d.map,PIBTOLD,1,144580,119925,407,405,483,100,den520d-random-5.scen
660,den520d.map,PIBT,1,142777,119925,413,405,32544,1000,den520d-random-5.scen
660,den520d.map,PIBTOLD,1,144580,119925,407,405,470,1000,den520d-random-5.scen
700,den520d.map,PIBT,1,151850,126015,405,405,678,0,den520d-random-5.scen
700,den520d.map,PIBTOLD,1,151850,126015,405,405,495,0,den520d-random-5.scen
700,den520d.map,PIBT,1,150784,126015,407,405,731,1,den520d-random-5.scen
700,den520d.map,PIBTOLD,1,151850,126015,405,405,485,1,den520d-random-5.scen
700,den520d.map,PIBT,1,150844,126015,405,405,1151,10,den520d-random-5.scen
700,den520d.map,PIBTOLD,1,151850,126015,405,405,485,10,den520d-random-5.scen
700,den520d.map,PIBT,1,150742,126015,405,405,5221,100,den520d-random-5.scen
700,den520d.map,PIBTOLD,1,151850,126015,405,405,491,100,den520d-random-5.scen
700,den520d.map,PIBT,1,150884,126015,409,405,30700,1000,den520d-random-5.scen
700,den520d.map,PIBTOLD,1,151850,126015,405,405,490,1000,den520d-random-5.scen
740,den520d.map,PIBT,1,161627,133593,405,405,715,0,den520d-random-5.scen
740,den520d.map,PIBTOLD,1,161627,133593,405,405,522,0,den520d-random-5.scen
740,den520d.map,PIBT,1,161057,133593,405,405,787,1,den520d-random-5.scen
740,den520d.map,PIBTOLD,1,161627,133593,405,405,490,1,den520d-random-5.scen
740,den520d.map,PIBT,1,160711,133593,412,405,1358,10,den520d-random-5.scen
740,den520d.map,PIBTOLD,1,161627,133593,405,405,496,10,den520d-random-5.scen
740,den520d.map,PIBT,1,160776,133593,406,405,6006,100,den520d-random-5.scen
740,den520d.map,PIBTOLD,1,161627,133593,405,405,508,100,den520d-random-5.scen
740,den520d.map,PIBT,1,159839,133593,405,405,39035,1000,den520d-random-5.scen
740,den520d.map,PIBTOLD,1,161627,133593,405,405,513,1000,den520d-random-5.scen
780,den520d.map,PIBT,1,172588,141195,405,405,765,0,den520d-random-5.scen
780,den520d.map,PIBTOLD,1,172588,141195,405,405,556,0,den520d-random-5.scen
780,den520d.map,PIBT,1,171840,141195,410,405,873,1,den520d-random-5.scen
780,den520d.map,PIBTOLD,1,172588,141195,405,405,573,1,den520d-random-5.scen
780,den520d.map,PIBT,1,171577,141195,405,405,1568,10,den520d-random-5.scen
780,den520d.map,PIBTOLD,1,172588,141195,405,405,517,10,den520d-random-5.scen
780,den520d.map,PIBT,1,170401,141195,408,405,5056,100,den520d-random-5.scen
780,den520d.map,PIBTOLD,1,172588,141195,405,405,505,100,den520d-random-5.scen
780,den520d.map,PIBT,1,171504,141195,413,405,57556,1000,den520d-random-5.scen
780,den520d.map,PIBTOLD,1,172588,141195,405,405,536,1000,den520d-random-5.scen
20,den520d.map,PIBT,1,4336,4331,374,374,16,0,den520d-random-16.scen
20,den520d.map,PIBTOLD,1,4336,4331,374,374,13,0,den520d-random-16.scen
20,den520d.map,PIBT,1,4529,4331,374,374,15,1,den520d-random-16.scen
20,den520d.map,PIBTOLD,1,4336,4331,374,374,14,1,den520d-random-16.scen
20,den520d.map,PIBT,1,4529,4331,374,374,17,10,den520d-random-16.scen
20,den520d.map,PIBTOLD,1,4336,4331,374,374,13,10,den520d-random-16.scen
20,den520d.map,PIBT,1,4529,4331,374,374,15,100,den520d-random-16.scen
20,den520d.map,PIBTOLD,1,4336,4331,374,374,14,100,den520d-random-16.scen
20,den520d.map,PIBT,1,4529,4331,374,374,12,1000,den520d-random-16.scen
20,den520d.map,PIBTOLD,1,4336,4331,374,374,14,1000,den520d-random-16.scen
60,den520d.map,PIBT,1,11347,10836,374,374,42,0,den520d-random-16.scen
60,den520d.map,PIBTOLD,1,11347,10836,374,374,43,0,den520d-random-16.scen
60,den520d.map,PIBT,1,11591,10836,374,374,41,1,den520d-random-16.scen
60,den520d.map,PIBTOLD,1,11347,10836,374,374,41,1,den520d-random-16.scen
60,den520d.map,PIBT,1,11591,10836,374,374,43,10,den520d-random-16.scen
60,den520d.map,PIBTOLD,1,11347,10836,374,374,38,10,den520d-random-16.scen
60,den520d.map,PIBT,1,11591,10836,374,374,38,100,den520d-random-16.scen
60,den520d.map,PIBTOLD,1,11347,10836,374,374,38,100,den520d-random-16.scen
60,den520d.map,PIBT,1,11591,10836,374,374,41,1000,den520d-random-16.scen
60,den520d.map,PIBTOLD,1,11347,10836,374,374,43,1000,den520d-random-16.scen
100,den520d.map,PIBT,1,18713,17811,375,375,74,0,den520d-random-16.scen
100,den520d.map,PIBTOLD,1,18713,17811,375,375,61,0,den520d-random-16.scen
100,den520d.map,PIBT,1,18911,17811,375,375,68,1,den520d-random-16.scen
100,den520d.map,PIBTOLD,1,18713,17811,375,375,68,1,den520d-random-16.scen
100,den520d.map,PIBT,1,18911,17811,375,375,67,10,den520d-random-16.scen
100,den520d.map,PIBTOLD,1,18713,17811,375,375,63,10,den520d-random-16.scen
100,den520d.map,PIBT,1,18911,17811,375,375,70,100,den520d-random-16.scen
100,den520d.map,PIBTOLD,1,18713,17811,375,375,65,100,den520d-random-16.scen
100,den520d.map,PIBT,1,18911,17811,375,375,62,1000,den520d-random-16.scen
100,den520d.map,PIBTOLD,1,18713,17811,375,375,68,1000,den520d-random-16.scen
140,den520d.map,PIBT,1,26667,25347,394,394,100,0,den520d-random-16.scen
140,den520d.map,PIBTOLD,1,26667,25347,394,394,88,0,den520d-random-16.scen
140,den520d.map,PIBT,1,26900,25347,394,394,100,1,den520d-random-16.scen
140,den520d.map,PIBTOLD,1,26667,25347,394,394,98,1,den520d-random-16.scen
140,den520d.map,PIBT,1,26900,25347,394,394,103,10,den520d-random-16.scen
140,den520d.map,PIBTOLD,1,26667,25347,394,394,94,10,den520d-random-16.scen
140,den520d.map,PIBT,1,26900,25347,394,394,105,100,den520d-random-16.scen
140,den520d.map,PIBTOLD,1,26667,25347,394,394,100,100,den520d-random-16.scen
140,den520d.map,PIBT,1,26900,25347,394,394,106,1000,den520d-random-16.scen
140,den520d.map,PIBTOLD,1,26667,25347,394,394,99,1000,den520d-random-16.scen
180,den520d.map,PIBT,1,35887,33533,404,404,139,0,den520d-random-16.scen
180,den520d.map,PIBTOLD,1,35887,33533,404,404,122,0,den520d-random-16.scen
180,den520d.map,PIBT,1,35960,33533,404,404,129,1,den520d-random-16.scen
180,den520d.map,PIBTOLD,1,35887,33533,404,404,123,1,den520d-random-16.scen
180,den520d.map,PIBT,1,35960,33533,404,404,136,10,den520d-random-16.scen
180,den520d.map,PIBTOLD,1,35887,33533,404,404,127,10,den520d-random-16.scen
180,den520d.map,PIBT,1,35960,33533,404,404,135,100,den520d-random-16.scen
180,den520d.map,PIBTOLD,1,35887,33533,404,404,120,100,den520d-random-16.scen
180,den520d.map,PIBT,1,35960,33533,404,404,135,1000,den520d-random-16.scen
180,den520d.map,PIBTOLD,1,35887,33533,404,404,116,1000,den520d-random-16.scen
220,den520d.map,PIBT,1,44984,41079,404,404,162,0,den520d-random-16.scen
220,den520d.map,PIBTOLD,1,44984,41079,404,404,138,0,den520d-random-16.scen
220,den520d.map,PIBT,1,44378,41079,404,404,170,1,den520d-random-16.scen
220,den520d.map,PIBTOLD,1,44984,41079,404,404,155,1,den520d-random-16.scen
220,den520d.map,PIBT,1,44378,41079,404,404,155,10,den520d-random-16.scen
220,den520d.map,PIBTOLD,1,44984,41079,404,404,147,10,den520d-random-16.scen
220,den520d.map,PIBT,1,44378,41079,404,404,168,100,den520d-random-16.scen
220,den520d.map,PIBTOLD,1,44984,41079,404,404,150,100,den520d-random-16.scen
220,den520d.map,PIBT,1,44378,41079,404,404,163,1000,den520d-random-16.scen
220,den520d.map,PIBTOLD,1,44984,41079,404,404,149,1000,den520d-random-16.scen
260,den520d.map,PIBT,1,53957,48546,404,404,201,0,den520d-random-16.scen
260,den520d.map,PIBTOLD,1,53957,48546,404,404,188,0,den520d-random-16.scen
260,den520d.map,PIBT,1,53369,48546,404,404,210,1,den520d-random-16.scen
260,den520d.map,PIBTOLD,1,53957,48546,404,404,178,1,den520d-random-16.scen
260,den520d.map,PIBT,1,53369,48546,404,404,207,10,den520d-random-16.scen
260,den520d.map,PIBTOLD,1,53957,48546,404,404,181,10,den520d-random-16.scen
260,den520d.map,PIBT,1,53369,48546,404,404,201,100,den520d-random-16.scen
260,den520d.map,PIBTOLD,1,53957,48546,404,404,182,100,den520d-random-16.scen
260,den520d.map,PIBT,1,53369,48546,404,404,201,1000,den520d-random-16.scen
260,den520d.map,PIBTOLD,1,53957,48546,404,404,180,1000,den520d-random-16.scen
300,den520d.map,PIBT,1,62232,56029,404,404,240,0,den520d-random-16.scen
300,den520d.map,PIBTOLD,1,62232,56029,404,404,197,0,den520d-random-16.scen
300,den520d.map,PIBT,1,61866,56029,404,404,244,1,den520d-random-16.scen
300,den520d.map,PIBTOLD,1,62232,56029,404,404,204,1,den520d-random-16.scen
300,den520d.map,PIBT,1,62153,56029,404,404,250,10,den520d-random-16.scen
300,den520d.map,PIBTOLD,1,62232,56029,404,404,207,10,den520d-random-16.scen
300,den520d.map,PIBT,1,62153,56029,404,404,240,100,den520d-random-16.scen
300,den520d.map,PIBTOLD,1,62232,56029,404,404,204,100,den520d-random-16.scen
300,den520d.map,PIBT,1,62153,56029,404,404,243,1000,den520d-random-16.scen
300,den520d.map,PIBTOLD,1,62232,56029,404,404,207,1000,den520d-random-16.scen
340,den520d.map,PIBT,1,71562,62923,404,404,271,0,den520d-random-16.scen
340,den520d.map,PIBTOLD,1,71562,62923,404,404,226,0,den520d-random-16.scen
340,den520d.map,PIBT,1,70575,62923,404,404,278,1,den520d-random-16.scen
340,den520d.map,PIBTOLD,1,71562,62923,404,404,230,1,den520d-random-16.scen
340,den520d.map,PIBT,1,70601,62923,408,404,276,10,den520d-random-16.scen
340,den520d.map,PIBTOLD,1,71562,62923,404,404,239,10,den520d-random-16.scen
340,den520d.map,PIBT,1,70601,62923,408,404,278,100,den520d-random-16.scen
340,den520d.map,PIBTOLD,1,71562,62923,404,404,226,100,den520d-random-16.scen
340,den520d.map,PIBT,1,70601,62923,408,404,277,1000,den520d-random-16.scen
340,den520d.map,PIBTOLD,1,71562,62923,404,404,238,1000,den520d-random-16.scen
380,den520d.map,PIBT,1,80144,70039,404,404,297,0,den520d-random-16.scen
380,den520d.map,PIBTOLD,1,80144,70039,404,404,257,0,den520d-random-16.scen
380,den520d.map,PIBT,1,79235,70039,404,404,317,1,den520d-random-16.scen
380,den520d.map,PIBTOLD,1,80144,70039,404,404,243,1,den520d-random-16.scen
380,den520d.map,PIBT,1,78635,70039,404,404,326,10,den520d-random-16.scen
380,den520d.map,PIBTOLD,1,80144,70039,404,404,274,10,den520d-random-16.scen
380,den520d.map,PIBT,1,78848,70039,404,404,329,100,den520d-random-16.scen
380,den520d.map,PIBTOLD,1,80144,70039,404,404,244,100,den520d-random-16.scen
380,den520d.map,PIBT,1,78848,70039,404,404,336,1000,den520d-random-16.scen
380,den520d.map,PIBTOLD,1,80144,70039,404,404,261,1000,den520d-random-16.scen
420,den520d.map,PIBT,1,90429,78227,404,404,355,0,den520d-random-16.scen
420,den520d.map,PIBTOLD,1,90429,78227,404,404,293,0,den520d-random-16.scen
420,den520d.map,PIBT,1,89702,78227,405,404,352,1,den520d-random-16.scen
420,den520d.map,PIBTOLD,1,90429,78227,404,404,282,1,den520d-random-16.scen
420,den520d.map,PIBT,1,89650,78227,404,404,379,10,den520d-random-16.scen
420,den520d.map,PIBTOLD,1,90429,78227,404,404,262,10,den520d-random-16.scen
420,den520d.map,PIBT,1,89800,78227,404,404,831,100,den520d-random-16.scen
420,den520d.map,PIBTOLD,1,90429,78227,404,404,285,100,den520d-random-16.scen
420,den520d.map,PIBT,1,89482,78227,404,404,1290,1000,den520d-random-16.scen
420,den520d.map,PIBTOLD,1,90429,78227,404,404,282,1000,den520d-random-16.scen
460,den520d.map,PIBT,1,99417,85840,404,404,389,0,den520d-random-16.scen
460,den520d.map,PIBTOLD,1,99417,85840,404,404,331,0,den520d-random-16.scen
460,den520d.map,PIBT,1,98336,85840,404,404,428,1,den520d-random-16.scen
460,den520d.map,PIBTOLD,1,99417,85840,404,404,322,1,den520d-random-16.scen
460,den520d.map,PIBT,1,98206,85840,404,404,548,10,den520d-random-16.scen
460,den520d.map,PIBTOLD,1,99417,85840,404,404,312,10,den520d-random-16.scen
460,den520d.map,PIBT,1,98470,85840,408,404,765,100,den520d-random-16.scen
460,den520d.map,PIBTOLD,1,99417,85840,404,404,317,100,den520d-random-16.scen
460,den520d.map,PIBT,1,98340,85840,408,404,975,1000,den520d-random-16.scen
460,den520d.map,PIBTOLD,1,99417,85840,404,404,335,1000,den520d-random-16.scen
500,den520d.map,PIBT,1,108455,92637,404,404,425,0,den520d-random-16.scen
500,den520d.map,PIBTOLD,1,108455,92637,404,404,347,0,den520d-random-16.scen
500,den520d.map,PIBT,1,107372,92637,411,404,441,1,den520d-random-16.scen
500,den520d.map,PIBTOLD,1,108455,92637,404,404,344,1,den520d-random-16.scen
500,den520d.map,PIBT,1,107576,92637,405,404,613,10,den520d-random-16.scen
500,den520d.map,PIBTOLD,1,108455,92637,404,404,344,10,den520d-random-16.scen
500,den520d.map,PIBT,1,107596,92637,404,404,1560,100,den520d-random-16.scen
500,den520d.map,PIBTOLD,1,108455,92637,404,404,344,100,den520d-random-16.scen
500,den520d.map,PIBT,1,106848,92637,406,404,8633,1000,den520d-random-16.scen
500,den520d.map,PIBTOLD,1,108455,92637,404,404,329,1000,den520d-random-16.scen
540,den520d.map,PIBT,1,116568,99003,406,405,483,0,den520d-random-16.scen
540,den520d.map,PIBTOLD,1,116568,99003,406,405,392,0,den520d-random-16.scen
540,den520d.map,PIBT,1,116044,99003,407,405,521,1,den520d-random-16.scen
540,den520d.map,PIBTOLD,1,116568,99003,406,405,381,1,den520d-random-16.scen
540,den520d.map,PIBT,1,116219,99003,406,405,835,10,den520d-random-16.scen
540,den520d.map,PIBTOLD,1,116568,99003,406,405,367,10,den520d-random-16.scen
540,den520d.map,PIBT,1,116131,99003,407,405,1889,100,den520d-random-16.scen
540,den520d.map,PIBTOLD,1,116568,99003,406,405,393,100,den520d-random-16.scen
540,den520d.map,PIBT,1,116056,99003,406,405,7733,1000,den520d-random-16.scen
540,den520d.map,PIBTOLD,1,116568,99003,406,405,385,1000,den520d-random-16.scen
580,den520d.map,PIBT,1,126425,105578,405,405,515,0,den520d-random-16.scen
580,den520d.map,PIBTOLD,1,126425,105578,405,405,377,0,den520d-random-16.scen
580,den520d.map,PIBT,1,124973,105578,409,405,567,1,den520d-random-16.scen
580,den520d.map,PIBTOLD,1,126425,105578,405,405,396,1,den520d-random-16.scen
580,den520d.map,PIBT,1,124233,105578,411,405,836,10,den520d-random-16.scen
580,den520d.map,PIBTOLD,1,126425,105578,405,405,418,10,den520d-random-16.scen
580,den520d.map,PIBT,1,124416,105578,411,405,2685,100,den520d-random-16.scen
580,den520d.map,PIBTOLD,1,126425,105578,405,405,408,100,den520d-random-16.scen
580,den520d.map,PIBT,1,124584,105578,412,405,13107,1000,den520d-random-16.scen
580,den520d.map,PIBTOLD,1,126425,105578,405,405,384,1000,den520d-random-16.scen
620,den520d.map,PIBT,1,134965,112829,405,405,549,0,den520d-random-16.scen
620,den520d.map,PIBTOLD,1,134965,112829,405,405,449,0,den520d-random-16.scen
620,den520d.map,PIBT,1,133645,112829,408,405,636,1,den520d-random-16.scen
620,den520d.map,PIBTOLD,1,134965,112829,405,405,435,1,den520d-random-16.scen
620,den520d.map,PIBT,1,133791,112829,409,405,923,10,den520d-random-16.scen
620,den520d.map,PIBTOLD,1,134965,112829,405,405,439,10,den520d-random-16.scen
620,den520d.map,PIBT,1,133704,112829,405,405,3626,100,den520d-random-16.scen
620,den520d.map,PIBTOLD,1,134965,112829,405,405,434,100,den520d-random-16.scen
620,den520d.map,PIBT,1,134436,112829,406,405,20036,1000,den520d-random-16.scen
620,den520d.map,PIBTOLD,1,134965,112829,405,405,441,1000,den520d-random-16.scen
660,den520d.map,PIBT,1,144580,119925,407,405,616,0,den520d-random-16.scen
660,den520d.map,PIBTOLD,1,144580,119925,407,405,472,0,den520d-random-16.scen
660,den520d.map,PIBT,1,143029,119925,412,405,692,1,den520d-random-16.scen
660,den520d.map,PIBTOLD,1,144580,119925,407,405,459,1,den520d-random-16.scen
660,den520d.map,PIBT,1,144065,119925,416,405,1166,10,den520d-random-16.scen
660,den520d.map,PIBTOLD,1,144580,119925,407,405,460,10,den520d-random-16.scen
660,den520d.map,PIBT,1,142240,119925,407,405,3421,100,den520d-random-16.scen
660,den520d.map,PIBTOLD,1,144580,119925,407,405,454,100,den520d-random-16.scen
660,den520d.map,PIBT,1,142343,119925,406,405,34499,1000,den520d-random-16.scen
660,den520d.map,PIBTOLD,1,144580,119925,407,405,472,1000,den520d-random-16.scen
700,den520d.map,PIBT,1,151850,126015,405,405,663,0,den520d-random-16.scen
700,den520d.map,PIBTOLD,1,151850,126015,405,405,497,0,den520d-random-16.scen
700,den520d.map,PIBT,1,150119,126015,408,405,748,1,den520d-random-16.scen
700,den520d.map,PIBTOLD,1,151850,126015,405,405,495,1,den520d-random-16.scen
700,den520d.map,PIBT,1,150209,126015,407,405,1200,10,den520d-random-16.scen
700,den520d.map,PIBTOLD,1,151850,126015,405,405,478,10,den520d-random-16.scen
700,den520d.map,PIBT,1,151137,126015,406,405,5326,100,den520d-random-16.scen
700,den520d.map,PIBTOLD,1,151850,126015,405,405,488,100,den520d-random-16.scen
700,den520d.map,PIBT,1,150499,126015,405,405,28666,1000,den520d-random-16.scen
700,den520d.map,PIBTOLD,1,151850,126015,405,405,499,1000,den520d-random-16.scen
740,den520d.map,PIBT,1,161627,133593,405,405,708,0,den520d-random-16.scen
740,den520d.map,PIBTOLD,1,161627,133593,405,405,534,0,den520d-random-16.scen
740,den520d.map,PIBT,1,160916,133593,417,405,845,1,den520d-random-16.scen
740,den520d.map,PIBTOLD,1,161627,133593,405,405,541,1,den520d-random-16.scen
740,den520d.map,PIBT,1,160035,133593,406,405,1235,10,den520d-random-16.scen
740,den520d.map,PIBTOLD,1,161627,133593,405,405,504,10,den520d-random-16.scen
740,den520d.map,PIBT,1,160681,133593,408,405,5898,100,den520d-random-16.scen
740,den520d.map,PIBTOLD,1,161627,133593,405,405,538,100,den520d-random-16.scen
740,den520d.map,PIBT,1,161646,133593,406,405,50125,1000,den520d-random-16.scen
740,den520d.map,PIBTOLD,1,161627,133593,405,405,521,1000,den520d-random-16.scen
780,den520d.map,PIBT,1,172588,141195,405,405,776,0,den520d-random-16.scen
780,den520d.map,PIBTOLD,1,172588,141195,405,405,555,0,den520d-random-16.scen
780,den520d.map,PIBT,1,171434,141195,411,405,875,1,den520d-random-16.scen
780,den520d.map,PIBTOLD,1,172588,141195,405,405,559,1,den520d-random-16.scen
780,den520d.map,PIBT,1,171426,141195,409,405,1491,10,den520d-random-16.scen
780,den520d.map,PIBTOLD,1,172588,141195,405,405,538,10,den520d-random-16.scen
780,den520d.map,PIBT,1,170788,141195,407,405,6498,100,den520d-random-16.scen
780,den520d.map,PIBTOLD,1,172588,141195,405,405,561,100,den520d-random-16.scen
20,den520d.map,PIBT,1,4336,4331,374,374,16,0,den520d-random-14.scen
20,den520d.map,PIBTOLD,1,4336,4331,374,374,16,0,den520d-random-14.scen
20,den520d.map,PIBT,1,4529,4331,374,374,14,1,den520d-random-14.scen
20,den520d.map,PIBTOLD,1,4336,4331,374,374,15,1,den520d-random-14.scen
20,den520d.map,PIBT,1,4529,4331,374,374,16,10,den520d-random-14.scen
20,den520d.map,PIBTOLD,1,4336,4331,374,374,13,10,den520d-random-14.scen
20,den520d.map,PIBT,1,4529,4331,374,374,17,100,den520d-random-14.scen
20,den520d.map,PIBTOLD,1,4336,4331,374,374,14,100,den520d-random-14.scen
20,den520d.map,PIBT,1,4529,4331,374,374,16,1000,den520d-random-14.scen
20,den520d.map,PIBTOLD,1,4336,4331,374,374,16,1000,den520d-random-14.scen
60,den520d.map,PIBT,1,11347,10836,374,374,41,0,den520d-random-14.scen
60,den520d.map,PIBTOLD,1,11347,10836,374,374,38,0,den520d-random-14.scen
60,den520d.map,PIBT,1,11591,10836,374,374,39,1,den520d-random-14.scen
60,den520d.map,PIBTOLD,1,11347,10836,374,374,41,1,den520d-random-14.scen
60,den520d.map,PIBT,1,11591,10836,374,374,40,10,den520d-random-14.scen
60,den520d.map,PIBTOLD,1,11347,10836,374,374,44,10,den520d-random-14.scen
60,den520d.map,PIBT,1,11591,10836,374,374,47,100,den520d-random-14.scen
60,den520d.map,PIBTOLD,1,11347,10836,374,374,42,100,den520d-random-14.scen
60,den520d.map,PIBT,1,11591,10836,374,374,43,1000,den520d-random-14.scen
60,den520d.map,PIBTOLD,1,11347,10836,374,374,42,1000,den520d-random-14.scen
100,den520d.map,PIBT,1,18713,17811,375,375,69,0,den520d-random-14.scen
100,den520d.map,PIBTOLD,1,18713,17811,375,375,69,0,den520d-random-14.scen
100,den520d.map,PIBT,1,18911,17811,375,375,74,1,den520d-random-14.scen
100,den520d.map,PIBTOLD,1,18713,17811,375,375,69,1,den520d-random-14.scen
100,den520d.map,PIBT,1,18911,17811,375,375,72,10,den520d-random-14.scen
100,den520d.map,PIBTOLD,1,18713,17811,375,375,69,10,den520d-random-14.scen
100,den520d.map,PIBT,1,18911,17811,375,375,67,100,den520d-random-14.scen
100,den520d.map,PIBTOLD,1,18713,17811,375,375,64,100,den520d-random-14.scen
100,den520d.map,PIBT,1,18911,17811,375,375,68,1000,den520d-random-14.scen
100,den520d.map,PIBTOLD,1,18713,17811,375,375,68,1000,den520d-random-14.scen
140,den520d.map,PIBT,1,26667,25347,394,394,101,0,den520d-random-14.scen
140,den520d.map,PIBTOLD,1,26667,25347,394,394,101,0,den520d-random-14.scen
140,den520d.map,PIBT,1,26900,25347,394,394,103,1,den520d-random-14.scen
140,den520d.map,PIBTOLD,1,26667,25347,394,394,102,1,den520d-random-14.scen
140,den520d.map,PIBT,1,26900,25347,394,394,103,10,den520d-random-14.scen
140,den520d.map,PIBTOLD,1,26667,25347,394,394,97,10,den520d-random-14.scen
140,den520d.map,PIBT,1,26900,25347,394,394,116,100,den520d-random-14.scen
140,den520d.map,PIBTOLD,1,26667,25347,394,394,86,100,den520d-random-14.scen
140,den520d.map,PIBT,1,26900,25347,394,394,106,1000,den520d-random-14.scen
140,den520d.map,PIBTOLD,1,26667,25347,394,394,94,1000,den520d-random-14.scen
180,den520d.map,PIBT,1,35887,33533,404,404,134,0,den520d-random-14.scen
180,den520d.map,PIBTOLD,1,35887,33533,404,404,130,0,den520d-random-14.scen
180,den520d.map,PIBT,1,35960,33533,404,404,131,1,den520d-random-14.scen
180,den520d.map,PIBTOLD,1,35887,33533,404,404,120,1,den520d-random-14.scen
180,den520d.map,PIBT,1,35960,33533,404,404,133,10,den520d-random-14.scen
180,den520d.map,PIBTOLD,1,35887,33533,404,404,112,10,den520d-random-14.scen
180,den520d.map,PIBT,1,35960,33533,404,404,136,100,den520d-random-14.scen
180,den520d.map,PIBTOLD,1,35887,33533,404,404,117,100,den520d-random-14.scen
180,den520d.map,PIBT,1,35960,33533,404,404,134,1000,den520d-random-14.scen
180,den520d.map,PIBTOLD,1,35887,33533,404,404,124,1000,den520d-random-14.scen
220,den520d.map,PIBT,1,44984,41079,404,404,164,0,den520d-random-14.scen
220,den520d.map,PIBTOLD,1,44984,41079,404,404,151,0,den520d-random-14.scen
220,den520d.map,PIBT,1,44378,41079,404,404,170,1,den520d-random-14.scen
220,den520d.map,PIBTOLD,1,44984,41079,404,404,143,1,den520d-random-14.scen
220,den520d.map,PIBT,1,44378,41079,404,404,166,10,den520d-random-14.scen
220,den520d.map,PIBTOLD,1,44984,41079,404,404,155,10,den520d-random-14.scen
220,den520d.map,PIBT,1,44378,41079,404,404,173,100,den520d-random-14.scen
220,den520d.map,PIBTOLD,1,44984,41079,404,404,137,100,den520d-random-14.scen
220,den520d.map,PIBT,1,44378,41079,404,404,173,1000,den520d-random-14.scen
220,den520d.map,PIBTOLD,1,44984,41079,404,404,140,1000,den520d-random-14.scen
260,den520d.map,PIBT,1,53957,48546,404,404,199,0,den520d-random-14.scen
260,den520d.map,PIBTOLD,1,53957,48546,404,404,184,0,den520d-random-14.scen
260,den520d.map,PIBT,1,53369,48546,404,404,203,1,den520d-random-14.scen
260,den520d.map,PIBTOLD,1,53957,48546,404,404,179,1,den520d-random-14.scen
260,den520d.map,PIBT,1,53369,48546,404,404,205,10,den520d-random-14.scen
260,den520d.map,PIBTOLD,1,53957,48546,404,404,168,10,den520d-random-14.scen
260,den520d.map,PIBT,1,53369,48546,404,404,194,100,den520d-random-14.scen
260,den520d.map,PIBTOLD,1,53957,48546,404,404,181,100,den520d-random-14.scen
260,den520d.map,PIBT,1,53369,48546,404,404,204,1000,den520d-random-14.scen
260,den520d.map,PIBTOLD,1,53957,48546,404,404,182,1000,den520d-random-14.scen
300,den520d.map,PIBT,1,62232,56029,404,404,240,0,den520d-random-14.scen
300,den520d.map,PIBTOLD,1,62232,56029,404,404,211,0,den520d-random-14.scen
300,den520d.map,PIBT,1,61745,56029,404,404,226,1,den520d-random-14.scen
300,den520d.map,PIBTOLD,1,62232,56029,404,404,193,1,den520d-random-14.scen
300,den520d.map,PIBT,1,62153,56029,404,404,245,10,den520d-random-14.scen
300,den520d.map,PIBTOLD,1,62232,56029,404,404,206,10,den520d-random-14.scen
300,den520d.map,PIBT,1,62153,56029,404,404,235,100,den520d-random-14.scen
300,den520d.map,PIBTOLD,1,62232,56029,404,404,217,100,den520d-random-14.scen
300,den520d.map,PIBT,1,62153,56029,404,404,226,1000,den520d-random-14.scen
300,den520d.map,PIBTOLD,1,62232,56029,404,404,204,1000,den520d-random-14.scen
340,den520d.map,PIBT,1,71562,62923,404,404,264,0,den520d-random-14.scen
340,den520d.map,PIBTOLD,1,71562,62923,404,404,233,0,den520d-random-14.scen
340,den520d.map,PIBT,1,70858,62923,404,404,276,1,den520d-random-14.scen
340,den520d.map,PIBTOLD,1,71562,62923,404,404,240,1,den520d-random-14.scen
340,den520d.map,PIBT,1,70601,62923,408,404,259,10,den520d-random-14.scen
340,den520d.map,PIBTOLD,1,71562,62923,404,404,215,10,den520d-random-14.scen
340,den520d.map,PIBT,1,70601,62923,408,404,268,100,den520d-random-14.scen
340,den520d.map,PIBTOLD,1,71562,62923,404,404,229,100,den520d-random-14.scen
340,den520d.map,PIBT,1,70601,62923,408,404,284,1000,den520d-random-14.scen
340,den520d.map,PIBTOLD,1,71562,62923,404,404,238,1000,den520d-random-14.scen
380,den520d.map,PIBT,1,80144,70039,404,404,310,0,den520d-random-14.scen
380,den520d.map,PIBTOLD,1,80144,70039,404,404,254,0,den520d-random-14.scen
380,den520d.map,PIBT,1,78568,70039,404,404,320,1,den520d-random-14.scen
380,den520d.map,PIBTOLD,1,80144,70039,404,404,263,1,den520d-random-14.scen
380,den520d.map,PIBT,1,78431,70039,404,404,334,10,den520d-random-14.scen
380,den520d.map,PIBTOLD,1,80144,70039,404,404,256,10,den520d-random-14.scen
380,den520d.map,PIBT,1,78848,70039,404,404,349,100,den520d-random-14.scen
380,den520d.map,PIBTOLD,1,80144,70039,404,404,264,100,den520d-random-14.scen
380,den520d.map,PIBT,1,78848,70039,404,404,347,1000,den520d-random-14.scen
380,den520d.map,PIBTOLD,1,80144,70039,404,404,263,1000,den520d-random-14.scen
420,den520d.map,PIBT,1,90429,78227,404,404,353,0,den520d-random-14.scen
420,den520d.map,PIBTOLD,1,90429,78227,404,404,263,0,den520d-random-14.scen
420,den520d.map,PIBT,1,89144,78227,404,404,358,1,den520d-random-14.scen
420,den520d.map,PIBTOLD,1,90429,78227,404,404,291,1,den520d-random-14.scen
420,den520d.map,PIBT,1,89741,78227,406,404,393,10,den520d-random-14.scen
420,den520d.map,PIBTOLD,1,90429,78227,404,404,279,10,den520d-random-14.scen
420,den520d.map,PIBT,1,89582,78227,404,404,871,100,den520d-random-14.scen
420,den520d.map,PIBTOLD,1,90429,78227,404,404,281,100,den520d-random-14.scen
420,den520d.map,PIBT,1,89482,78227,404,404,1291,1000,den520d-random-14.scen
420,den520d.map,PIBTOLD,1,90429,78227,404,404,272,1000,den520d-random-14.scen
460,den520d.map,PIBT,1,99417,85840,404,404,397,0,den520d-random-14.scen
460,den520d.map,PIBTOLD,1,99417,85840,404,404,297,0,den520d-random-14.scen
460,den520d.map,PIBT,1,97869,85840,406,404,385,1,den520d-random-14.scen
460,den520d.map,PIBTOLD,1,99417,85840,404,404,314,1,den520d-random-14.scen
460,den520d.map,PIBT,1,98301,85840,408,404,573,10,den520d-random-14.scen
460,den520d.map,PIBTOLD,1,99417,85840,404,404,296,10,den520d-random-14.scen
460,den520d.map,PIBT,1,98127,85840,410,404,825,100,den520d-random-14.scen
460,den520d.map,PIBTOLD,1,99417,85840,404,404,317,100,den520d-random-14.scen
460,den520d.map,PIBT,1,98340,85840,408,404,969,1000,den520d-random-14.scen
460,den520d.map,PIBTOLD,1,99417,85840,404,404,308,1000,den520d-random-14.scen
500,den520d.map,PIBT,1,108455,92637,404,404,434,0,den520d-random-14.scen
500,den520d.map,PIBTOLD,1,108455,92637,404,404,338,0,den520d-random-14.scen
500,den520d.map,PIBT,1,107382,92637,404,404,470,1,den520d-random-14.scen
500,den520d.map,PIBTOLD,1,108455,92637,404,404,327,1,den520d-random-14.scen
500,den520d.map,PIBT,1,107750,92637,404,404,671,10,den520d-random-14.scen
500,den520d.map,PIBTOLD,1,108455,92637,404,404,367,10,den520d-random-14.scen
500,den520d.map,PIBT,1,107210,92637,404,404,1258,100,den520d-random-14.scen
500,den520d.map,PIBTOLD,1,108455,92637,404,404,352,100,den520d-random-14.scen
500,den520d.map,PIBT,1,107426,92637,404,404,7681,1000,den520d-random-14.scen
500,den520d.map,PIBTOLD,1,108455,92637,404,404,340,1000,den520d-random-14.scen
540,den520d.map,PIBT,1,116568,99003,406,405,477,0,den520d-random-14.scen
540,den520d.map,PIBTOLD,1,116568,99003,406,405,374,0,den520d-random-14.scen
540,den520d.map,PIBT,1,115923,99003,407,405,528,1,den520d-random-14.scen
540,den520d.map,PIBTOLD,1,116568,99003,406,405,375,1,den520d-random-14.scen
540,den520d.map,PIBT,1,116056,99003,405,405,705,10,den520d-random-14.scen
540,den520d.map,PIBTOLD,1,116568,99003,406,405,367,10,den520d-random-14.scen
540,den520d.map,PIBT,1,116714,99003,405,405,3153,100,den520d-random-14.scen
540,den520d.map,PIBTOLD,1,116568,99003,406,405,385,100,den520d-random-14.scen
540,den520d.map,PIBT,1,116057,99003,405,405,11364,1000,den520d-random-14.scen
540,den520d.map,PIBTOLD,1,116568,99003,406,405,345,1000,den520d-random-14.scen
580,den520d.map,PIBT,1,126425,105578,405,405,525,0,den520d-random-14.scen
580,den520d.map,PIBTOLD,1,126425,105578,405,405,421,0,den520d-random-14.scen
580,den520d.map,PIBT,1,124373,105578,414,405,551,1,den520d-random-14.scen
580,den520d.map,PIBTOLD,1,126425,105578,405,405,423,1,den520d-random-14.scen
580,den520d.map,PIBT,1,125439,105578,416,405,889,10,den520d-random-14.scen
580,den520d.map,PIBTOLD,1,126425,105578,405,405,377,10,den520d-random-14.scen
580,den520d.map,PIBT,1,124947,105578,411,405,2335,100,den520d-random-14.scen
580,den520d.map,PIBTOLD,1,126425,105578,405,405,387,100,den520d-random-14.scen
580,den520d.map,PIBT,1,124694,105578,411,405,13544,1000,den520d-random-14.scen
580,den520d.map,PIBTOLD,1,126425,105578,405,405,403,1000,den520d-random-14.scen
620,den520d.map,PIBT,1,134965,112829,405,405,568,0,den520d-random-14.scen
620,den520d.map,PIBTOLD,1,134965,112829,405,405,434,0,den520d-random-14.scen
620,den520d.map,PIBT,1,133875,112829,405,405,618,1,den520d-random-14.scen
620,den520d.map,PIBTOLD,1,134965,112829,405,405,417,1,den520d-random-14.scen
620,den520d.map,PIBT,1,134596,112829,405,405,1010,10,den520d-random-14.scen
620,den520d.map,PIBTOLD,1,134965,112829,405,405,428,10,den520d-random-14.scen
620,den520d.map,PIBT,1,133498,112829,405,405,2773,100,den520d-random-14.scen
620,den520d.map,PIBTOLD,1,134965,112829,405,405,438,100,den520d-random-14.scen
620,den520d.map,PIBT,1,133525,112829,407,405,17814,1000,den520d-random-14.scen
620,den520d.map,PIBTOLD,1,134965,112829,405,405,447,1000,den520d-random-14.scen
660,den520d.map,PIBT,1,144580,119925,407,405,628,0,den520d-random-14.scen
660,den520d.map,PIBTOLD,1,144580,119925,407,405,457,0,den520d-random-14.scen
660,den520d.map,PIBT,1,142581,119925,406,405,662,1,den520d-random-14.scen
660,den520d.map,PIBTOLD,1,144580,119925,407,405,470,1,den520d-random-14.scen
660,den520d.map,PIBT,1,142855,119925,406,405,1208,10,den520d-random-14.scen
660,den520d.map,PIBTOLD,1,144580,119925,407,405,475,10,den520d-random-14.scen
660,den520d.map,PIBT,1,142936,119925,407,405,4549,100,den520d-random-14.scen
660,den520d.map,PIBTOLD,1,144580,119925,407,405,461,100,den520d-random-14.scen
660,den520d.map,PIBT,1,142510,119925,406,405,24926,1000,den520d-random-14.scen
660,den520d.map,PIBTOLD,1,144580,119925,407,405,462,1000,den520d-random-14.scen
700,den520d.map,PIBT,1,151850,126015,405,405,657,0,den520d-random-14.scen
700,den520d.map,PIBTOLD,1,151850,126015,405,405,465,0,den520d-random-14.scen
700,den520d.map,PIBT,1,149677,126015,416,405,698,1,den520d-random-14.scen
700,den520d.map,PIBTOLD,1,151850,126015,405,405,504,1,den520d-random-14.scen
700,den520d.map,PIBT,1,150825,126015,406,405,1216,10,den520d-random-14.scen
700,den520d.map,PIBTOLD,1,151850,126015,405,405,486,10,den520d-random-14.scen
700,den520d.map,PIBT,1,150366,126015,405,405,3692,100,den520d-random-14.scen
700,den520d.map,PIBTOLD,1,151850,126015,405,405,504,100,den520d-random-14.scen
700,den520d.map,PIBT,1,150882,126015,405,405,35566,1000,den520d-random-14.scen
700,den520d.map,PIBTOLD,1,151850,126015,405,405,470,1000,den520d-random-14.scen
740,den520d.map,PIBT,1,161627,133593,405,405,707,0,den520d-random-14.scen
740,den520d.map,PIBTOLD,1,161627,133593,405,405,521,0,den520d-random-14.scen
740,den520d.map,PIBT,1,160527,133593,411,405,775,1,den520d-random-14.scen
740,den520d.map,PIBTOLD,1,161627,133593,405,405,527,1,den520d-random-14.scen
740,den520d.map,PIBT,1,161345,133593,407,405,1309,10,den520d-random-14.scen
740,den520d.map,PIBTOLD,1,161627,133593,405,405,519,10,den520d-random-14.scen
740,den520d.map,PIBT,1,161241,133593,410,405,5366,100,den520d-random-14.scen
740,den520d.map,PIBTOLD,1,161627,133593,405,405,514,100,den520d-random-14.scen
740,den520d.map,PIBT,1,160397,133593,405,405,39150,1000,den520d-random-14.scen
740,den520d.map,PIBTOLD,1,161627,133593,405,405,531,1000,den520d-random-14.scen
780,den520d.map,PIBT,1,172588,141195,405,405,786,0,den520d-random-14.scen
780,den520d.map,PIBTOLD,1,172588,141195,405,405,553,0,den520d-random-14.scen
780,den520d.map,PIBT,1,171509,141195,407,405,868,1,den520d-random-14.scen
780,den520d.map,PIBTOLD,1,172588,141195,405,405,548,1,den520d-random-14.scen
780,den520d.map,PIBT,1,171151,141195,406,405,1476,10,den520d-random-14.scen
780,den520d.map,PIBTOLD,1,172588,141195,405,405,558,10,den520d-random-14.scen
780,den520d.map,PIBT,1,171379,141195,410,405,6211,100,den520d-random-14.scen
780,den520d.map,PIBTOLD,1,172588,141195,405,405,550,100,den520d-random-14.scen
780,den520d.map,PIBT,1,171405,141195,412,405,59677,1000,den520d-random-14.scen
780,den520d.map,PIBTOLD,1,172588,141195,405,405,554,1000,den520d-random-14.scen
20,den520d.map,PIBT,1,4336,4331,374,374,12,0,den520d-random-25.scen
20,den520d.map,PIBTOLD,1,4336,4331,374,374,13,0,den520d-random-25.scen
20,den520d.map,PIBT,1,4529,4331,374,374,15,1,den520d-random-25.scen
20,den520d.map,PIBTOLD,1,4336,4331,374,374,13,1,den520d-random-25.scen
20,den520d.map,PIBT,1,4529,4331,374,374,14,10,den520d-random-25.scen
20,den520d.map,PIBTOLD,1,4336,4331,374,374,15,10,den520d-random-25.scen
20,den520d.map,PIBT,1,4529,4331,374,374,16,100,den520d-random-25.scen
20,den520d.map,PIBTOLD,1,4336,4331,374,374,13,100,den520d-random-25.scen
20,den520d.map,PIBT,1,4529,4331,374,374,14,1000,den520d-random-25.scen
20,den520d.map,PIBTOLD,1,4336,4331,374,374,14,1000,den520d-random-25.scen
60,den520d.map,PIBT,1,11347,10836,374,374,42,0,den520d-random-25.scen
60,den520d.map,PIBTOLD,1,11347,10836,374,374,42,0,den520d-random-25.scen
60,den520d.map,PIBT,1,11591,10836,374,374,40,1,den520d-random-25.scen
60,den520d.map,PIBTOLD,1,11347,10836,374,374,42,1,den520d-random-25.scen
60,den520d.map,PIBT,1,11591,10836,374,374,44,10,den520d-random-25.scen
60,den520d.map,PIBTOLD,1,11347,10836,374,374,36,10,den520d-random-25.scen
60,den520d.map,PIBT,1,11591,10836,374,374,43,100,den520d-random-25.scen
60,den520d.map,PIBTOLD,1,11347,10836,374,374,42,100,den520d-random-25.scen
60,den520d.map,PIBT,1,11591,10836,374,374,40,1000,den520d-random-25.scen
60,den520d.map,PIBTOLD,1,11347,10836,374,374,38,1000,den520d-random-25.scen
100,den520d.map,PIBT,1,18713,17811,375,375,75,0,den520d-random-25.scen
100,den520d.map,PIBTOLD,1,18713,17811,375,375,71,0,den520d-random-25.scen
100,den520d.map,PIBT,1,18911,17811,375,375,67,1,den520d-random-25.scen
100,den520d.map,PIBTOLD,1,18713,17811,375,375,68,1,den520d-random-25.scen
100,den520d.map,PIBT,1,18911,17811,375,375,69,10,den520d-random-25.scen
100,den520d.map,PIBTOLD,1,18713,17811,375,375,67,10,den520d-random-25.scen
100,den520d.map,PIBT,1,18911,17811,375,375,75,100,den520d-random-25.scen
100,den520d.map,PIBTOLD,1,18713,17811,375,375,67,100,den520d-random-25.scen
100,den520d.map,PIBT,1,18911,17811,375,375,72,1000,den520d-random-25.scen
100,den520d.map,PIBTOLD,1,18713,17811,375,375,65,1000,den520d-random-25.scen
140,den520d.map,PIBT,1,26667,25347,394,394,94,0,den520d-random-25.scen
140,den520d.map,PIBTOLD,1,26667,25347,394,394,95,0,den520d-random-25.scen
140,den520d.map,PIBT,1,26900,25347,394,394,105,1,den520d-random-25.scen
140,den520d.map,PIBTOLD,1,26667,25347,394,394,101,1,den520d-random-25.scen
140,den520d.map,PIBT,1,26900,25347,394,394,104,10,den520d-random-25.scen
140,den520d.map,PIBTOLD,1,26667,25347,394,394,100,10,den520d-random-25.scen
140,den520d.map,PIBT,1,26900,25347,394,394,102,100,den520d-random-25.scen
140,den520d.map,PIBTOLD,1,26667,25347,394,394,85,100,den520d-random-25.scen
140,den520d.map,PIBT,1,26900,25347,394,394,101,1000,den520d-random-25.scen
140,den520d.map,PIBTOLD,1,26667,25347,394,394,96,1000,den520d-random-25.scen
180,den520d.map,PIBT,1,35887,33533,404,404,134,0,den520d-random-25.scen
180,den520d.map,PIBTOLD,1,35887,33533,404,404,122,0,den520d-random-25.scen
180,den520d.map,PIBT,1,35960,33533,404,404,128,1,den520d-random-25.scen
180,den520d.map,PIBTOLD,1,35887,33533,404,404,122,1,den520d-random-25.scen
180,den520d.map,PIBT,1,35960,33533,404,404,128,10,den520d-random-25.scen
180,den520d.map,PIBTOLD,1,35887,33533,404,404,110,10,den520d-random-25.scen
180,den520d.map,PIBT,1,35960,33533,404,404,124,100,den520d-random-25.scen
180,den520d.map,PIBTOLD,1,35887,33533,404,404,112,100,den520d-random-25.scen
180,den520d.map,PIBT,1,35960,33533,404,404,131,1000,den520d-random-25.scen
180,den520d.map,PIBTOLD,1,35887,33533,404,404,121,1000,den520d-random-25.scen
220,den520d.map,PIBT,1,44984,41079,404,404,167,0,den520d-random-25.scen
220,den520d.map,PIBTOLD,1,44984,41079,404,404,134,0,den520d-random-25.scen
220,den520d.map,PIBT,1,44378,41079,404,404,166,1,den520d-random-25.scen
220,den520d.map,PIBTOLD,1,44984,41079,404,404,153,1,den520d-random-25.scen
220,den520d.map,PIBT,1,44378,41079,404,404,164,10,den520d-random-25.scen
220,den520d.map,PIBTOLD,1,44984,41079,404,404,150,10,den520d-random-25.scen
220,den520d.map,PIBT,1,44378,41079,404,404,168,100,den520d-random-25.scen
220,den520d.map,PIBTOLD,1,44984,41079,404,404,147,100,den520d-random-25.scen
220,den520d.map,PIBT,1,44378,41079,404,404,163,1000,den520d-random-25.scen
220,den520d.map,PIBTOLD,1,44984,41079,404,404,146,1000,den520d-random-25.scen
260,den520d.map,PIBT,1,53957,48546,404,404,208,0,den520d-random-25.scen
260,den520d.map,PIBTOLD,1,53957,48546,404,404,181,0,den520d-random-25.scen
260,den520d.map,PIBT,1,53369,48546,404,404,192,1,den520d-random-25.scen
260,den520d.map,PIBTOLD,1,53957,48546,404,404,179,1,den520d-random-25.scen
260,den520d.map,PIBT,1,53369,48546,404,404,201,10,den520d-random-25.scen
260,den520d.map,PIBTOLD,1,53957,48546,404,404,174,10,den520d-random-25.scen
260,den520d.map,PIBT,1,53369,48546,404,404,194,100,den520d-random-25.scen
260,den520d.map,PIBTOLD,1,53957,48546,404,404,173,100,den520d-random-25.scen
260,den520d.map,PIBT,1,53369,48546,404,404,200,1000,den520d-random-25.scen
260,den520d.map,PIBTOLD,1,53957,48546,404,404,173,1000,den520d-random-25.scen
300,den520d.map,PIBT,1,62232,56029,404,404,213,0,den520d-random-25.scen
300,den520d.map,PIBTOLD,1,62232,56029,404,404,219,0,den520d-random-25.scen
300,den520d.map,PIBT,1,61866,56029,404,404,213,1,den520d-random-25.scen
300,den520d.map,PIBTOLD,1,62232,56029,404,404,195,1,den520d-random-25.scen
300,den520d.map,PIBT,1,62153,56029,404,404,241,10,den520d-random-25.scen
300,den520d.map,PIBTOLD,1,62232,56029,404,404,207,10,den520d-random-25.scen
300,den520d.map,PIBT,1,62153,56029,404,404,230,100,den520d-random-25.scen
300,den520d.map,PIBTOLD,1,62232,56029,404,404,205,100,den520d-random-25.scen
300,den520d.map,PIBT,1,62153,56029,404,404,248,1000,den520d-random-25.scen
300,den520d.map,PIBTOLD,1,62232,56029,404,404,192,1000,den520d-random-25.scen
340,den520d.map,PIBT,1,71562,62923,404,404,278,0,den520d-random-25.scen
340,den520d.map,PIBTOLD,1,71562,62923,404,404,233,0,den520d-random-25.scen
340,den520d.map,PIBT,1,70727,62923,404,404,286,1,den520d-random-25.scen
340,den520d.map,PIBTOLD,1,71562,62923,404,404,234,1,den520d-random-25.scen
340,den520d.map,PIBT,1,70601,62923,408,404,260,10,den520d-random-25.scen
340,den520d.map,PIBTOLD,1,71562,62923,404,404,234,10,den520d-random-25.scen
340,den520d.map,PIBT,1,70601,62923,408,404,291,100,den520d-random-25.scen
340,den520d.map,PIBTOLD,1,71562,62923,404,404,211,100,den520d-random-25.scen
340,den520d.map,PIBT,1,70601,62923,408,404,254,1000,den520d-random-25.scen
340,den520d.map,PIBTOLD,1,71562,62923,404,404,227,1000,den520d-random-25.scen
380,den520d.map,PIBT,1,80144,70039,404,404,304,0,den520d-random-25.scen
380,den520d.map,PIBTOLD,1,80144,70039,404,404,263,0,den520d-random-25.scen
380,den520d.map,PIBT,1,78965,70039,404,404,322,1,den520d-random-25.scen
380,den520d.map,PIBTOLD,1,80144,70039,404,404,271,1,den520d-random-25.scen
380,den520d.map,PIBT,1,79344,70039,404,404,347,10,den520d-random-25.scen
380,den520d.map,PIBTOLD,1,80144,70039,404,404,266,10,den520d-random-25.scen
380,den520d.map,PIBT,1,78848,70039,404,404,352,100,den520d-random-25.scen
380,den520d.map,PIBTOLD,1,80144,70039,404,404,257,100,den520d-random-25.scen
380,den520d.map,PIBT,1,78848,70039,404,404,338,1000,den520d-random-25.scen
380,den520d.map,PIBTOLD,1,80144,70039,404,404,256,1000,den520d-random-25.scen
420,den520d.map,PIBT,1,90429,78227,404,404,351,0,den520d-random-25.scen
420,den520d.map,PIBTOLD,1,90429,78227,404,404,286,0,den520d-random-25.scen
420,den520d.map,PIBT,1,89525,78227,404,404,362,1,den520d-random-25.scen
420,den520d.map,PIBTOLD,1,90429,78227,404,404,293,1,den520d-random-25.scen
420,den520d.map,PIBT,1,89537,78227,404,404,413,10,den520d-random-25.scen
420,den520d.map,PIBTOLD,1,90429,78227,404,404,274,10,den520d-random-25.scen
420,den520d.map,PIBT,1,89751,78227,404,404,1218,100,den520d-random-25.scen
420,den520d.map,PIBTOLD,1,90429,78227,404,404,280,100,den520d-random-25.scen
420,den520d.map,PIBT,1,89482,78227,404,404,1293,1000,den520d-random-25.scen
420,den520d.map,PIBTOLD,1,90429,78227,404,404,289,1000,den520d-random-25.scen
460,den520d.map,PIBT,1,99417,85840,404,404,378,0,den520d-random-25.scen
460,den520d.map,PIBTOLD,1,99417,85840,404,404,322,0,den520d-random-25.scen
460,den520d.map,PIBT,1,98769,85840,404,404,417,1,den520d-random-25.scen
460,den520d.map,PIBTOLD,1,99417,85840,404,404,309,1,den520d-random-25.scen
460,den520d.map,PIBT,1,98548,85840,406,404,534,10,den520d-random-25.scen
460,den520d.map,PIBTOLD,1,99417,85840,404,404,312,10,den520d-random-25.scen
460,den520d.map,PIBT,1,98211,85840,405,404,819,100,den520d-random-25.scen
460,den520d.map,PIBTOLD,1,99417,85840,404,404,311,100,den520d-random-25.scen
460,den520d.map,PIBT,1,98340,85840,408,404,967,1000,den520d-random-25.scen
460,den520d.map,PIBTOLD,1,99417,85840,404,404,314,1000,den520d-random-25.scen
500,den520d.map,PIBT,1,108455,92637,404,404,397,0,den520d-random-25.scen
500,den520d.map,PIBTOLD,1,108455,92637,404,404,368,0,den520d-random-25.scen
500,den520d.map,PIBT,1,107125,92637,408,404,481,1,den520d-random-25.scen
500,den520d.map,PIBTOLD,1,108455,92637,404,404,359,1,den520d-random-25.scen
500,den520d.map,PIBT,1,106961,92637,406,404,551,10,den520d-random-25.scen
500,den520d.map,PIBTOLD,1,108455,92637,404,404,345,10,den520d-random-25.scen
500,den520d.map,PIBT,1,107578,92637,404,404,1606,100,den520d-random-25.scen
500,den520d.map,PIBTOLD,1,108455,92637,404,404,344,100,den520d-random-25.scen
500,den520d.map,PIBT,1,107427,92637,404,404,9405,1000,den520d-random-25.scen
500,den520d.map,PIBTOLD,1,108455,92637,404,404,333,1000,den520d-random-25.scen
540,den520d.map,PIBT,1,116568,99003,406,405,471,0,den520d-random-25.scen
540,den520d.map,PIBTOLD,1,116568,99003,406,405,379,0,den520d-random-25.scen
540,den520d.map,PIBT,1,115985,99003,406,405,545,1,den520d-random-25.scen
540,den520d.map,PIBTOLD,1,116568,99003,406,405,378,1,den520d-random-25.scen
540,den520d.map,PIBT,1,116405,99003,405,405,834,10,den520d-random-25.scen
540,den520d.map,PIBTOLD,1,116568,99003,406,405,375,10,den520d-random-25.scen
540,den520d.map,PIBT,1,115624,99003,405,405,1935,100,den520d-random-25.scen
540,den520d.map,PIBTOLD,1,116568,99003,406,405,380,100,den520d-random-25.scen
540,den520d.map,PIBT,1,116510,99003,405,405,14181,1000,den520d-random-25.scen
540,den520d.map,PIBTOLD,1,116568,99003,406,405,387,1000,den520d-random-25.scen
580,den520d.map,PIBT,1,126425,105578,405,405,504,0,den520d-random-25.scen
580,den520d.map,PIBTOLD,1,126425,105578,405,405,403,0,den520d-random-25.scen
580,den520d.map,PIBT,1,124478,105578,406,405,562,1,den520d-random-25.scen
580,den520d.map,PIBTOLD,1,126425,105578,405,405,402,1,den520d-random-25.scen
580,den520d.map,PIBT,1,124102,105578,411,405,819,10,den520d-random-25.scen
580,den520d.map,PIBTOLD,1,126425,105578,405,405,397,10,den520d-random-25.scen
580,den520d.map,PIBT,1,124864,105578,412,405,3665,100,den520d-random-25.scen
580,den520d.map,PIBTOLD,1,126425,105578,405,405,402,100,den520d-random-25.scen
580,den520d.map,PIBT,1,125315,105578,411,405,13859,1000,den520d-random-25.scen
580,den520d.map,PIBTOLD,1,126425,105578,405,405,400,1000,den520d-random-25.scen
620,den520d.map,PIBT,1,134965,112829,405,405,591,0,den520d-random-25.scen
620,den520d.map,PIBTOLD,1,134965,112829,405,405,431,0,den520d-random-25.scen
620,den520d.map,PIBT,1,134121,112829,407,405,652,1,den520d-random-25.scen
620,den520d.map,PIBTOLD,1,134965,112829,405,405,429,1,den520d-random-25.scen
620,den520d.map,PIBT,1,134163,112829,406,405,933,10,den520d-random-25.scen
620,den520d.map,PIBTOLD,1,134965,112829,405,405,440,10,den520d-random-25.scen
620,den520d.map,PIBT,1,133417,112829,405,405,3184,100,den520d-random-25.scen
620,den520d.map,PIBTOLD,1,134965,112829,405,405,437,100,den520d-random-25.scen
620,den520d.map,PIBT,1,133745,112829,405,405,20682,1000,den520d-random-25.scen
620,den520d.map,PIBTOLD,1,134965,112829,405,405,422,1000,den520d-random-25.scen
660,den520d.map,PIBT,1,144580,119925,407,405,637,0,den520d-random-25.scen
660,den520d.map,PIBTOLD,1,144580,119925,407,405,470,0,den520d-random-25.scen
660,den520d.map,PIBT,1,143653,119925,407,405,686,1,den520d-random-25.scen
660,den520d.map,PIBTOLD,1,144580,119925,407,405,440,1,den520d-random-25.scen
660,den520d.map,PIBT,1,142539,119925,408,405,1026,10,den520d-random-25.scen
660,den520d.map,PIBTOLD,1,144580,119925,407,405,475,10,den520d-random-25.scen
660,den520d.map,PIBT,1,142727,119925,415,405,5519,100,den520d-random-25.scen
660,den520d.map,PIBTOLD,1,144580,119925,407,405,471,100,den520d-random-25.scen
660,den520d.map,PIBT,1,142896,119925,418,405,25294,1000,den520d-random-25.scen
660,den520d.map,PIBTOLD,1,144580,119925,407,405,467,1000,den520d-random-25.scen
700,den520d.map,PIBT,1,151850,126015,405,405,662,0,den520d-random-25.scen
700,den520d.map,PIBTOLD,1,151850,126015,405,405,502,0,den520d-random-25.scen
700,den520d.map,PIBT,1,151432,126015,406,405,735,1,den520d-random-25.scen
700,den520d.map,PIBTOLD,1,151850,126015,405,405,456,1,den520d-random-25.scen
700,den520d.map,PIBT,1,150450,126015,406,405,1109,10,den520d-random-25.scen
700,den520d.map,PIBTOLD,1,151850,126015,405,405,490,10,den520d-random-25.scen
700,den520d.map,PIBT,1,150689,126015,406,405,5023,100,den520d-random-25.scen
700,den520d.map,PIBTOLD,1,151850,126015,405,405,500,100,den520d-random-25.scen
700,den520d.map,PIBT,1,150446,126015,407,405,26197,1000,den520d-random-25.scen
700,den520d.map,PIBTOLD,1,151850,126015,405,405,500,1000,den520d-random-25.scen
740,den520d.map,PIBT,1,161627,133593,405,405,715,0,den520d-random-25.scen
740,den520d.map,PIBTOLD,1,161627,133593,405,405,497,0,den520d-random-25.scen
740,den520d.map,PIBT,1,161142,133593,408,405,819,1,den520d-random-25.scen
740,den520d.map,PIBTOLD,1,161627,133593,405,405,519,1,den520d-random-25.scen
740,den520d.map,PIBT,1,161376,133593,408,405,1353,10,den520d-random-25.scen
740,den520d.map,PIBTOLD,1,161627,133593,405,405,480,10,den520d-random-25.scen
740,den520d.map,PIBT,1,160543,133593,406,405,5074,100,den520d-random-25.scen
740,den520d.map,PIBTOLD,1,161627,133593,405,405,469,100,den520d-random-25.scen
740,den520d.map,PIBT,1,159628,133593,406,405,41972,1000,den520d-random-25.scen
740,den520d.map,PIBTOLD,1,161627,133593,405,405,525,1000,den520d-random-25.scen
780,den520d.map,PIBT,1,172588,141195,405,405,763,0,den520d-random-25.scen
780,den520d.map,PIBTOLD,1,172588,141195,405,405,564,0,den520d-random-25.scen
780,den520d.map,PIBT,1,170705,141195,408,405,815,1,den520d-random-25.scen
780,den520d.map,PIBTOLD,1,172588,141195,405,405,544,1,den520d-random-25.scen
780,den520d.map,PIBT,1,169908,141195,408,405,1507,10,den520d-random-25.scen
780,den520d.map,PIBTOLD,1,172588,141195,405,405,529,10,den520d-random-25.scen
780,den520d.map,PIBT,1,170571,141195,408,405,6713,100,den520d-random-25.scen
780,den520d.map,PIBTOLD,1,172588,141195,405,405,550,100,den520d-random-25.scen
780,den520d.map,PIBT,1,171113,141195,412,405,54891,1000,den520d-random-25.scen
780,den520d.map,PIBTOLD,1,172588,141195,405,405,549,1000,den520d-random-25.scen
20,den520d.map,PIBT,1,4336,4331,374,374,13,0,den520d-random-6.scen
20,den520d.map,PIBTOLD,1,4336,4331,374,374,13,0,den520d-random-6.scen
20,den520d.map,PIBT,1,4529,4331,374,374,15,1,den520d-random-6.scen
20,den520d.map,PIBTOLD,1,4336,4331,374,374,16,1,den520d-random-6.scen
20,den520d.map,PIBT,1,4529,4331,374,374,15,10,den520d-random-6.scen
20,den520d.map,PIBTOLD,1,4336,4331,374,374,15,10,den520d-random-6.scen
20,den520d.map,PIBT,1,4529,4331,374,374,14,100,den520d-random-6.scen
20,den520d.map,PIBTOLD,1,4336,4331,374,374,15,100,den520d-random-6.scen
20,den520d.map,PIBT,1,4529,4331,374,374,14,1000,den520d-random-6.scen
20,den520d.map,PIBTOLD,1,4336,4331,374,374,13,1000,den520d-random-6.scen
60,den520d.map,PIBT,1,11347,10836,374,374,39,0,den520d-random-6.scen
60,den520d.map,PIBTOLD,1,11347,10836,374,374,42,0,den520d-random-6.scen
60,den520d.map,PIBT,1,11591,10836,374,374,46,1,den520d-random-6.scen
60,den520d.map,PIBTOLD,1,11347,10836,374,374,39,1,den520d-random-6.scen
60,den520d.map,PIBT,1,11591,10836,374,374,43,10,den520d-random-6.scen
60,den520d.map,PIBTOLD,1,11347,10836,374,374,42,10,den520d-random-6.scen
60,den520d.map,PIBT,1,11591,10836,374,374,45,100,den520d-random-6.scen
60,den520d.map,PIBTOLD,1,11347,10836,374,374,45,100,den520d-random-6.scen
60,den520d.map,PIBT,1,11591,10836,374,374,44,1000,den520d-random-6.scen
60,den520d.map,PIBTOLD,1,11347,10836,374,374,43,1000,den520d-random-6.scen
100,den520d.map,PIBT,1,18713,17811,375,375,68,0,den520d-random-6.scen
100,den520d.map,PIBTOLD,1,18713,17811,375,375,70,0,den520d-random-6.scen
100,den520d.map,PIBT,1,18911,17811,375,375,72,1,den520d-random-6.scen
100,den520d.map,PIBTOLD,1,18713,17811,375,375,63,1,den520d-random-6.scen
100,den520d.map,PIBT,1,18911,17811,375,375,65,10,den520d-random-6.scen
100,den520d.map,PIBTOLD,1,18713,17811,375,375,67,10,den520d-random-6.scen
100,den520d.map,PIBT,1,18911,17811,375,375,70,100,den520d-random-6.scen
100,den520d.map,PIBTOLD,1,18713,17811,375,375,69,100,den520d-random-6.scen
100,den520d.map,PIBT,1,18911,17811,375,375,65,1000,den520d-random-6.scen
100,den520d.map,PIBTOLD,1,18713,17811,375,375,71,1000,den520d-random-6.scen
140,den520d.map,PIBT,1,26667,25347,394,394,100,0,den520d-random-6.scen
140,den520d.map,PIBTOLD,1,26667,25347,394,394,101,0,den520d-random-6.scen
140,den520d.map,PIBT,1,26900,25347,394,394,100,1,den520d-random-6.scen
140,den520d.map,PIBTOLD,1,26667,25347,394,394,97,1,den520d-random-6.scen
140,den520d.map,PIBT,1,26900,25347,394,394,106,10,den520d-random-6.scen
140,den520d.map,PIBTOLD,1,26667,25347,394,394,96,10,den520d-random-6.scen
140,den520d.map,PIBT,1,26900,25347,394,394,109,100,den520d-random-6.scen
140,den520d.map,PIBTOLD,1,26667,25347,394,394,97,100,den520d-random-6.scen
140,den520d.map,PIBT,1,26900,25347,394,394,106,1000,den520d-random-6.scen
140,den520d.map,PIBTOLD,1,26667,25347,394,394,90,1000,den520d-random-6.scen
180,den520d.map,PIBT,1,35887,33533,404,404,131,0,den520d-random-6.scen
180,den520d.map,PIBTOLD,1,35887,33533,404,404,128,0,den520d-random-6.scen
180,den520d.map,PIBT,1,35960,33533,404,404,141,1,den520d-random-6.scen
180,den520d.map,PIBTOLD,1,35887,33533,404,404,128,1,den520d-random-6.scen
180,den520d.map,PIBT,1,35960,33533,404,404,136,10,den520d-random-6.scen
180,den520d.map,PIBTOLD,1,35887,33533,404,404,114,10,den520d-random-6.scen
180,den520d.map,PIBT,1,35960,33533,404,404,139,100,den520d-random-6.scen
180,den520d.map,PIBTOLD,1,35887,33533,404,404,125,100,den520d-random-6.scen
180,den520d.map,PIBT,1,35960,33533,404,404,140,1000,den520d-random-6.scen
180,den520d.map,PIBTOLD,1,35887,33533,404,404,125,1000,den520d-random-6.scen
220,den520d.map,PIBT,1,44984,41079,404,404,173,0,den520d-random-6.scen
220,den520d.map,PIBTOLD,1,44984,41079,404,404,145,0,den520d-random-6.scen
220,den520d.map,PIBT,1,44378,41079,404,404,169,1,den520d-random-6.scen
220,den520d.map,PIBTOLD,1,44984,41079,404,404,148,1,den520d-random-6.scen
220,den520d.map,PIBT,1,44378,41079,404,404,173,10,den520d-random-6.scen
220,den520d.map,PIBTOLD,1,44984,41079,404,404,154,10,den520d-random-6.scen
220,den520d.map,PIBT,1,44378,41079,404,404,160,100,den520d-random-6.scen
220,den520d.map,PIBTOLD,1,44984,41079,404,404,148,100,den520d-random-6.scen
220,den520d.map,PIBT,1,44378,41079,404,404,167,1000,den520d-random-6.scen
220,den520d.map,PIBTOLD,1,44984,41079,404,404,128,1000,den520d-random-6.scen
260,den520d.map,PIBT,1,53957,48546,404,404,210,0,den520d-random-6.scen
260,den520d.map,PIBTOLD,1,53957,48546,404,404,177,0,den520d-random-6.scen
260,den520d.map,PIBT,1,53369,48546,404,404,204,1,den520d-random-6.scen
260,den520d.map,PIBTOLD,1,53957,48546,404,404,181,1,den520d-random-6.scen
260,den520d.map,PIBT,1,53369,48546,404,404,202,10,den520d-random-6.scen
260,den520d.map,PIBTOLD,1,53957,48546,404,404,177,10,den520d-random-6.scen
260,den520d.map,PIBT,1,53369,48546,404,404,198,100,den520d-random-6.scen
260,den520d.map,PIBTOLD,1,53957,48546,404,404,178,100,den520d-random-6.scen
260,den520d.map,PIBT,1,53369,48546,404,404,200,1000,den520d-random-6.scen
260,den520d.map,PIBTOLD,1,53957,48546,404,404,185,1000,den520d-random-6.scen
300,den520d.map,PIBT,1,62232,56029,404,404,243,0,den520d-random-6.scen
300,den520d.map,PIBTOLD,1,62232,56029,404,404,205,0,den520d-random-6.scen
300,den520d.map,PIBT,1,61934,56029,404,404,227,1,den520d-random-6.scen
300,den520d.map,PIBTOLD,1,62232,56029,404,404,203,1,den520d-random-6.scen
300,den520d.map,PIBT,1,62153,56029,404,404,254,10,den520d-random-6.scen
300,den520d.map,PIBTOLD,1,62232,56029,404,404,216,10,den520d-random-6.scen
300,den520d.map,PIBT,1,62153,56029,404,404,247,100,den520d-random-6.scen
300,den520d.map,PIBTOLD,1,62232,56029,404,404,213,100,den520d-random-6.scen
300,den520d.map,PIBT,1,62153,56029,404,404,246,1000,den520d-random-6.scen
300,den520d.map,PIBTOLD,1,62232,56029,404,404,210,1000,den520d-random-6.scen
340,den520d.map,PIBT,1,71562,62923,404,404,280,0,den520d-random-6.scen
340,den520d.map,PIBTOLD,1,71562,62923,404,404,242,0,den520d-random-6.scen
340,den520d.map,PIBT,1,70480,62923,404,404,287,1,den520d-random-6.scen
340,den520d.map,PIBTOLD,1,71562,62923,404,404,220,1,den520d-random-6.scen
340,den520d.map,PIBT,1,70601,62923,408,404,270,10,den520d-random-6.scen
340,den520d.map,PIBTOLD,1,71562,62923,404,404,238,10,den520d-random-6.scen
340,den520d.map,PIBT,1,70601,62923,408,404,265,100,den520d-random-6.scen
340,den520d.map,PIBTOLD,1,71562,62923,404,404,227,100,den520d-random-6.scen
340,den520d.map,PIBT,1,70601,62923,408,404,267,1000,den520d-random-6.scen
340,den520d.map,PIBTOLD,1,71562,62923,404,404,229,1000,den520d-random-6.scen
380,den520d.map,PIBT,1,80144,70039,404,404,305,0,den520d-random-6.scen
380,den520d.map,PIBTOLD,1,80144,70039,404,404,270,0,den520d-random-6.scen
380,den520d.map,PIBT,1,78943,70039,404,404,324,1,den520d-random-6.scen
380,den520d.map,PIBTOLD,1,80144,70039,404,404,264,1,den520d-random-6.scen
380,den520d.map,PIBT,1,79039,70039,404,404,339,10,den520d-random-6.scen
380,den520d.map,PIBTOLD,1,80144,70039,404,404,268,10,den520d-random-6.scen
380,den520d.map,PIBT,1,78848,70039,404,404,342,100,den520d-random-6.scen
380,den520d.map,PIBTOLD,1,80144,70039,404,404,274,100,den520d-random-6.scen
380,den520d.map,PIBT,1,78848,70039,404,404,344,1000,den520d-random-6.scen
380,den520d.map,PIBTOLD,1,80144,70039,404,404,258,1000,den520d-random-6.scen
420,den520d.map,PIBT,1,90429,78227,404,404,347,0,den520d-random-6.scen
420,den520d.map,PIBTOLD,1,90429,78227,404,404,283,0,den520d-random-6.scen
420,den520d.map,PIBT,1,89848,78227,404,404,359,1,den520d-random-6.scen
420,den520d.map,PIBTOLD,1,90429,78227,404,404,290,1,den520d-random-6.scen
420,den520d.map,PIBT,1,89489,78227,404,404,483,10,den520d-random-6.scen
420,den520d.map,PIBTOLD,1,90429,78227,404,404,291,10,den520d-random-6.scen
420,den520d.map,PIBT,1,89780,78227,404,404,868,100,den520d-random-6.scen
420,den520d.map,PIBTOLD,1,90429,78227,404,404,295,100,den520d-random-6.scen
420,den520d.map,PIBT,1,89482,78227,404,404,1280,1000,den520d-random-6.scen
420,den520d.map,PIBTOLD,1,90429,78227,404,404,270,1000,den520d-random-6.scen
460,den520d.map,PIBT,1,99417,85840,404,404,394,0,den520d-random-6.scen
460,den520d.map,PIBTOLD,1,99417,85840,404,404,327,0,den520d-random-6.scen
460,den520d.map,PIBT,1,98059,85840,406,404,413,1,den520d-random-6.scen
460,den520d.map,PIBTOLD,1,99417,85840,404,404,308,1,den520d-random-6.scen
460,den520d.map,PIBT,1,98185,85840,404,404,547,10,den520d-random-6.scen
460,den520d.map,PIBTOLD,1,99417,85840,404,404,308,10,den520d-random-6.scen
460,den520d.map,PIBT,1,98418,85840,410,404,1033,100,den520d-random-6.scen
460,den520d.map,PIBTOLD,1,99417,85840,404,404,326,100,den520d-random-6.scen
460,den520d.map,PIBT,1,98340,85840,408,404,979,1000,den520d-random-6.scen
460,den520d.map,PIBTOLD,1,99417,85840,404,404,310,1000,den520d-random-6.scen
500,den520d.map,PIBT,1,108455,92637,404,404,397,0,den520d-random-6.scen
500,den520d.map,PIBTOLD,1,108455,92637,404,404,343,0,den520d-random-6.scen
500,den520d.map,PIBT,1,107274,92637,406,404,464,1,den520d-random-6.scen
500,den520d.map,PIBTOLD,1,108455,92637,404,404,355,1,den520d-random-6.scen
500,den520d.map,PIBT,1,107657,92637,406,404,596,10,den520d-random-6.scen
500,den520d.map,PIBTOLD,1,108455,92637,404,404,329,10,den520d-random-6.scen
500,den520d.map,PIBT,1,107379,92637,406,404,1420,100,den520d-random-6.scen
500,den520d.map,PIBTOLD,1,108455,92637,404,404,350,100,den520d-random-6.scen
500,den520d.map,PIBT,1,107033,92637,406,404,3990,1000,den520d-random-6.scen
500,den520d.map,PIBTOLD,1,108455,92637,404,404,361,1000,den520d-random-6.scen
540,den520d.map,PIBT,1,116568,99003,406,405,484,0,den520d-random-6.scen
540,den520d.map,PIBTOLD,1,116568,99003,406,405,376,0,den520d-random-6.scen
540,den520d.map,PIBT,1,116432,99003,407,405,524,1,den520d-random-6.scen
540,den520d.map,PIBTOLD,1,116568,99003,406,405,379,1,den520d-random-6.scen
540,den520d.map,PIBT,1,116587,99003,408,405,799,10,den520d-random-6.scen
540,den520d.map,PIBTOLD,1,116568,99003,406,405,384,10,den520d-random-6.scen
540,den520d.map,PIBT,1,116466,99003,405,405,2510,100,den520d-random-6.scen
540,den520d.map,PIBTOLD,1,116568,99003,406,405,351,100,den520d-random-6.scen
540,den520d.map,PIBT,1,116154,99003,405,405,8992,1000,den520d-random-6.scen
540,den520d.map,PIBTOLD,1,116568,99003,406,405,334,1000,den520d-random-6.scen
580,den520d.map,PIBT,1,126425,105578,405,405,518,0,den520d-random-6.scen
580,den520d.map,PIBTOLD,1,126425,105578,405,405,416,0,den520d-random-6.scen
580,den520d.map,PIBT,1,125419,105578,405,405,568,1,den520d-random-6.scen
580,den520d.map,PIBTOLD,1,126425,105578,405,405,416,1,den520d-random-6.scen
580,den520d.map,PIBT,1,124437,105578,411,405,910,10,den520d-random-6.scen
580,den520d.map,PIBTOLD,1,126425,105578,405,405,408,10,den520d-random-6.scen
580,den520d.map,PIBT,1,125386,105578,411,405,3394,100,den520d-random-6.scen
580,den520d.map,PIBTOLD,1,126425,105578,405,405,391,100,den520d-random-6.scen
580,den520d.map,PIBT,1,125388,105578,411,405,17122,1000,den520d-random-6.scen
580,den520d.map,PIBTOLD,1,126425,105578,405,405,408,1000,den520d-random-6.scen
620,den520d.map,PIBT,1,134965,112829,405,405,565,0,den520d-random-6.scen
620,den520d.map,PIBTOLD,1,134965,112829,405,405,439,0,den520d-random-6.scen
620,den520d.map,PIBT,1,133201,112829,405,405,633,1,den520d-random-6.scen
620,den520d.map,PIBTOLD,1,134965,112829,405,405,437,1,den520d-random-6.scen
620,den520d.map,PIBT,1,133776,112829,407,405,879,10,den520d-random-6.scen
620,den520d.map,PIBTOLD,1,134965,112829,405,405,436,10,den520d-random-6.scen
620,den520d.map,PIBT,1,134085,112829,407,405,4175,100,den520d-random-6.scen
620,den520d.map,PIBTOLD,1,134965,112829,405,405,445,100,den520d-random-6.scen
620,den520d.map,PIBT,1,133764,112829,405,405,17053,1000,den520d-random-6.scen
620,den520d.map,PIBTOLD,1,134965,112829,405,405,438,1000,den520d-random-6.scen
660,den520d.map,PIBT,1,144580,119925,407,405,609,0,den520d-random-6.scen
660,den520d.map,PIBTOLD,1,144580,119925,407,405,485,0,den520d-random-6.scen
660,den520d.map,PIBT,1,142491,119925,408,405,693,1,den520d-random-6.scen
660,den520d.map,PIBTOLD,1,144580,119925,407,405,424,1,den520d-random-6.scen
660,den520d.map,PIBT,1,142352,119925,407,405,1018,10,den520d-random-6.scen
660,den520d.map,PIBTOLD,1,144580,119925,407,405,463,10,den520d-random-6.scen
660,den520d.map,PIBT,1,142733,119925,414,405,4951,100,den520d-random-6.scen
660,den520d.map,PIBTOLD,1,144580,119925,407,405,442,100,den520d-random-6.scen
660,den520d.map,PIBT,1,142779,119925,409,405,25554,1000,den520d-random-6.scen
660,den520d.map,PIBTOLD,1,144580,119925,407,405,460,1000,den520d-random-6.scen
700,den520d.map,PIBT,1,151850,126015,405,405,679,0,den520d-random-6.scen
700,den520d.map,PIBTOLD,1,151850,126015,405,405,480,0,den520d-random-6.scen
700,den520d.map,PIBT,1,151308,126015,405,405,737,1,den520d-random-6.scen
700,den520d.map,PIBTOLD,1,151850,126015,405,405,488,1,den520d-random-6.scen
700,den520d.map,PIBT,1,151295,126015,418,405,1246,10,den520d-random-6.scen
700,den520d.map,PIBTOLD,1,151850,126015,405,405,465,10,den520d-random-6.scen
700,den520d.map,PIBT,1,150513,126015,405,405,4958,100,den520d-random-6.scen
700,den520d.map,PIBTOLD,1,151850,126015,405,405,499,100,den520d-random-6.scen
700,den520d.map,PIBT,1,150438,126015,405,405,35726,1000,den520d-random-6.scen
700,den520d.map,PIBTOLD,1,151850,126015,405,405,499,1000,den520d-random-6.scen
740,den520d.map,PIBT,1,161627,133593,405,405,725,0,den520d-random-6.scen
740,den520d.map,PIBTOLD,1,161627,133593,405,405,533,0,den520d-random-6.scen
740,den520d.map,PIBT,1,160654,133593,408,405,796,1,den520d-random-6.scen
740,den520d.map,PIBTOLD,1,161627,133593,405,405,521,1,den520d-random-6.scen
740,den520d.map,PIBT,1,161126,133593,412,405,1360,10,den520d-random-6.scen
740,den520d.map,PIBTOLD,1,161627,133593,405,405,533,10,den520d-random-6.scen
740,den520d.map,PIBT,1,161090,133593,406,405,6862,100,den520d-random-6.scen
740,den520d.map,PIBTOLD,1,161627,133593,405,405,535,100,den520d-random-6.scen
740,den520d.map,PIBT,1,160602,133593,406,405,53262,1000,den520d-random-6.scen
740,den520d.map,PIBTOLD,1,161627,133593,405,405,511,1000,den520d-random-6.scen
780,den520d.map,PIBT,1,172588,141195,405,405,751,0,den520d-random-6.scen
780,den520d.map,PIBTOLD,1,172588,141195,405,405,553,0,den520d-random-6.scen
780,den520d.map,PIBT,1,171478,141195,412,405,879,1,den520d-random-6.scen
780,den520d.map,PIBTOLD,1,172588,141195,405,405,562,1,den520d-random-6.scen
780,den520d.map,PIBT,1,170896,141195,408,405,1476,10,den520d-random-6.scen
780,den520d.map,PIBTOLD,1,172588,141195,405,405,562,10,den520d-random-6.scen
780,den520d.map,PIBT,1,171945,141195,411,405,6679,100,den520d-random-6.scen
780,den520d.map,PIBTOLD,1,172588,141195,405,405,543,100,den520d-random-6.scen
780,den520d.map,PIBT,1,171992,141195,412,405,53467,1000,den520d-random-6.scen
780,den520d.map,PIBTOLD,1,172588,141195,405,405,566,1000,den520d-random-6.scen
20,den520d.map,PIBT,1,4336,4331,374,374,14,0,den520d-random-8.scen
20,den520d.map,PIBTOLD,1,4336,4331,374,374,12,0,den520d-random-8.scen
20,den520d.map,PIBT,1,4529,4331,374,374,14,1,den520d-random-8.scen
20,den520d.map,PIBTOLD,1,4336,4331,374,374,13,1,den520d-random-8.scen
20,den520d.map,PIBT,1,4529,4331,374,374,15,10,den520d-random-8.scen
20,den520d.map,PIBTOLD,1,4336,4331,374,374,13,10,den520d-random-8.scen
20,den520d.map,PIBT,1,4529,4331,374,374,13,100,den520d-random-8.scen
20,den520d.map,PIBTOLD,1,4336,4331,374,374,12,100,den520d-random-8.scen
20,den520d.map,PIBT,1,4529,4331,374,374,12,1000,den520d-random-8.scen
20,den520d.map,PIBTOLD,1,4336,4331,374,374,13,1000,den520d-random-8.scen
60,den520d.map,PIBT,1,11347,10836,374,374,38,0,den520d-random-8.scen
60,den520d.map,PIBTOLD,1,11347,10836,374,374,41,0,den520d-random-8.scen
60,den520d.map,PIBT,1,11591,10836,374,374,41,1,den520d-random-8.scen
60,den520d.map,PIBTOLD,1,11347,10836,374,374,42,1,den520d-random-8.scen
60,den520d.map,PIBT,1,11591,10836,374,374,39,10,den520d-random-8.scen
60,den520d.map,PIBTOLD,1,11347,10836,374,374,35,10,den520d-random-8.scen
60,den520d.map,PIBT,1,11591,10836,374,374,42,100,den520d-random-8.scen
60,den520d.map,PIBTOLD,1,11347,10836,374,374,37,100,den520d-random-8.scen
60,den520d.map,PIBT,1,11591,10836,374,374,37,1000,den520d-random-8.scen
60,den520d.map,PIBTOLD,1,11347,10836,374,374,43,1000,den520d-random-8.scen
100,den520d.map,PIBT,1,18713,17811,375,375,75,0,den520d-random-8.scen
100,den520d.map,PIBTOLD,1,18713,17811,375,375,69,0,den520d-random-8.scen
100,den520d.map,PIBT,1,18911,17811,375,375,67,1,den520d-random-8.scen
100,den520d.map,PIBTOLD,1,18713,17811,375,375,67,1,den520d-random-8.scen
100,den520d.map,PIBT,1,18911,17811,375,375,70,10,den520d-random-8.scen
100,den520d.map,PIBTOLD,1,18713,17811,375,375,67,10,den520d-random-8.scen
100,den520d.map,PIBT,1,18911,17811,375,375,64,100,den520d-random-8.scen
100,den520d.map,PIBTOLD,1,18713,17811,375,375,66,100,den520d-random-8.scen
100,den520d.map,PIBT,1,18911,17811,375,375,69,1000,den520d-random-8.scen
100,den520d.map,PIBTOLD,1,18713,17811,375,375,62,1000,den520d-random-8.scen
140,den520d.map,PIBT,1,26667,25347,394,394,97,0,den520d-random-8.scen
140,den520d.map,PIBTOLD,1,26667,25347,394,394,102,0,den520d-random-8.scen
140,den520d.map,PIBT,1,26900,25347,394,394,98,1,den520d-random-8.scen
140,den520d.map,PIBTOLD,1,26667,25347,394,394,93,1,den520d-random-8.scen
140,den520d.map,PIBT,1,26900,25347,394,394,103,10,den520d-random-8.scen
140,den520d.map,PIBTOLD,1,26667,25347,394,394,89,10,den520d-random-8.scen
140,den520d.map,PIBT,1,26900,25347,394,394,108,100,den520d-random-8.scen
140,den520d.map,PIBTOLD,1,26667,25347,394,394,91,100,den520d-random-8.scen
140,den520d.map,PIBT,1,26900,25347,394,394,106,1000,den520d-random-8.scen
140,den520d.map,PIBTOLD,1,26667,25347,394,394,95,1000,den520d-random-8.scen
180,den520d.map,PIBT,1,35887,33533,404,404,132,0,den520d-random-8.scen
180,den520d.map,PIBTOLD,1,35887,33533,404,404,126,0,den520d-random-8.scen
180,den520d.map,PIBT,1,35960,33533,404,404,136,1,den520d-random-8.scen
180,den520d.map,PIBTOLD,1,35887,33533,404,404,126,1,den520d-random-8.scen
180,den520d.map,PIBT,1,35960,33533,404,404,138,10,den520d-random-8.scen
180,den520d.map,PIBTOLD,1,35887,33533,404,404,113,10,den520d-random-8.scen
180,den520d.map,PIBT,1,35960,33533,404,404,133,100,den520d-random-8.scen
180,den520d.map,PIBTOLD,1,35887,33533,404,404,111,100,den520d-random-8.scen
180,den520d.map,PIBT,1,35960,33533,404,404,143,1000,den520d-random-8.scen
180,den520d.map,PIBTOLD,1,35887,33533,404,404,121,1000,den520d-random-8.scen
220,den520d.map,PIBT,1,44984,41079,404,404,168,0,den520d-random-8.scen
220,den520d.map,PIBTOLD,1,44984,41079,404,404,146,0,den520d-random-8.scen
220,den520d.map,PIBT,1,44378,41079,404,404,161,1,den520d-random-8.scen
220,den520d.map,PIBTOLD,1,44984,41079,404,404,125,1,den520d-random-8.scen
220,den520d.map,PIBT,1,44378,41079,404,404,160,10,den520d-random-8.scen
220,den520d.map,PIBTOLD,1,44984,41079,404,404,148,10,den520d-random-8.scen
220,den520d.map,PIBT,1,44378,41079,404,404,160,100,den520d-random-8.scen
220,den520d.map,PIBTOLD,1,44984,41079,404,404,156,100,den520d-random-8.scen
220,den520d.map,PIBT,1,44378,41079,404,404,168,1000,den520d-random-8.scen
220,den520d.map,PIBTOLD,1,44984,41079,404,404,142,1000,den520d-random-8.scen
260,den520d.map,PIBT,1,53957,48546,404,404,203,0,den520d-random-8.scen
260,den520d.map,PIBTOLD,1,53957,48546,404,404,177,0,den520d-random-8.scen
260,den520d.map,PIBT,1,53369,48546,404,404,194,1,den520d-random-8.scen
260,den520d.map,PIBTOLD,1,53957,48546,404,404,174,1,den520d-random-8.scen
260,den520d.map,PIBT,1,53369,48546,404,404,204,10,den520d-random-8.scen
260,den520d.map,PIBTOLD,1,53957,48546,404,404,165,10,den520d-random-8.scen
260,den520d.map,PIBT,1,53369,48546,404,404,210,100,den520d-random-8.scen
260,den520d.map,PIBTOLD,1,53957,48546,404,404,174,100,den520d-random-8.scen
260,den520d.map,PIBT,1,53369,48546,404,404,204,1000,den520d-random-8.scen
260,den520d.map,PIBTOLD,1,53957,48546,404,404,180,1000,den520d-random-8.scen
300,den520d.map,PIBT,1,62232,56029,404,404,228,0,den520d-random-8.scen
300,den520d.map,PIBTOLD,1,62232,56029,404,404,208,0,den520d-random-8.scen
300,den520d.map,PIBT,1,61866,56029,404,404,247,1,den520d-random-8.scen
300,den520d.map,PIBTOLD,1,62232,56029,404,404,211,1,den520d-random-8.scen
300,den520d.map,PIBT,1,62153,56029,404,404,238,10,den520d-random-8.scen
300,den520d.map,PIBTOLD,1,62232,56029,404,404,203,10,den520d-random-8.scen
300,den520d.map,PIBT,1,62153,56029,404,404,245,100,den520d-random-8.scen
300,den520d.map,PIBTOLD,1,62232,56029,404,404,190,100,den520d-random-8.scen
300,den520d.map,PIBT,1,62153,56029,404,404,235,1000,den520d-random-8.scen
300,den520d.map,PIBTOLD,1,62232,56029,404,404,214,1000,den520d-random-8.scen
340,den520d.map,PIBT,1,71562,62923,404,404,266,0,den520d-random-8.scen
340,den520d.map,PIBTOLD,1,71562,62923,404,404,230,0,den520d-random-8.scen
340,den520d.map,PIBT,1,70396,62923,404,404,287,1,den520d-random-8.scen
340,den520d.map,PIBTOLD,1,71562,62923,404,404,237,1,den520d-random-8.scen
340,den520d.map,PIBT,1,70601,62923,408,404,270,10,den520d-random-8.scen
340,den520d.map,PIBTOLD,1,71562,62923,404,404,230,10,den520d-random-8.scen
340,den520d.map,PIBT,1,70601,62923,408,404,270,100,den520d-random-8.scen
340,den520d.map,PIBTOLD,1,71562,62923,404,404,237,100,den520d-random-8.scen
340,den520d.map,PIBT,1,70601,62923,408,404,280,1000,den520d-random-8.scen
340,den520d.map,PIBTOLD,1,71562,62923,404,404,225,1000,den520d-random-8.scen
380,den520d.map,PIBT,1,80144,70039,404,404,307,0,den520d-random-8.scen
380,den520d.map,PIBTOLD,1,80144,70039,404,404,263,0,den520d-random-8.scen
380,den520d.map,PIBT,1,79164,70039,404,404,321,1,den520d-random-8.scen
380,den520d.map,PIBTOLD,1,80144,70039,404,404,267,1,den520d-random-8.scen
380,den520d.map,PIBT,1,78635,70039,404,404,343,10,den520d-random-8.scen
380,den520d.map,PIBTOLD,1,80144,70039,404,404,268,10,den520d-random-8.scen
380,den520d.map,PIBT,1,78848,70039,404,404,340,100,den520d-random-8.scen
380,den520d.map,PIBTOLD,1,80144,70039,404,404,262,100,den520d-random-8.scen
380,den520d.map,PIBT,1,78848,70039,404,404,342,1000,den520d-random-8.scen
380,den520d.map,PIBTOLD,1,80144,70039,404,404,260,1000,den520d-random-8.scen
420,den520d.map,PIBT,1,90429,78227,404,404,347,0,den520d-random-8.scen
420,den520d.map,PIBTOLD,1,90429,78227,404,404,277,0,den520d-random-8.scen
420,den520d.map,PIBT,1,89457,78227,404,404,375,1,den520d-random-8.scen
420,den520d.map,PIBTOLD,1,90429,78227,404,404,289,1,den520d-random-8.scen
420,den520d.map,PIBT,1,89854,78227,404,404,448,10,den520d-random-8.scen
420,den520d.map,PIBTOLD,1,90429,78227,404,404,288,10,den520d-random-8.scen
420,den520d.map,PIBT,1,89704,78227,404,404,1027,100,den520d-random-8.scen
420,den520d.map,PIBTOLD,1,90429,78227,404,404,298,100,den520d-random-8.scen
420,den520d.map,PIBT,1,89482,78227,404,404,1289,1000,den520d-random-8.scen
420,den520d.map,PIBTOLD,1,90429,78227,404,404,281,1000,den520d-random-8.scen
460,den520d.map,PIBT,1,99417,85840,404,404,384,0,den520d-random-8.scen
460,den520d.map,PIBTOLD,1,99417,85840,404,404,307,0,den520d-random-8.scen
460,den520d.map,PIBT,1,98408,85840,406,404,417,1,den520d-random-8.scen
460,den520d.map,PIBTOLD,1,99417,85840,404,404,313,1,den520d-random-8.scen
460,den520d.map,PIBT,1,97798,85840,412,404,538,10,den520d-random-8.scen
460,den520d.map,PIBTOLD,1,99417,85840,404,404,323,10,den520d-random-8.scen
460,den520d.map,PIBT,1,98226,85840,404,404,980,100,den520d-random-8.scen
460,den520d.map,PIBTOLD,1,99417,85840,404,404,332,100,den520d-random-8.scen
460,den520d.map,PIBT,1,98340,85840,408,404,971,1000,den520d-random-8.scen
460,den520d.map,PIBTOLD,1,99417,85840,404,404,310,1000,den520d-random-8.scen
500,den520d.map,PIBT,1,108455,92637,404,404,455,0,den520d-random-8.scen
500,den520d.map,PIBTOLD,1,108455,92637,404,404,349,0,den520d-random-8.scen
500,den520d.map,PIBT,1,107345,92637,406,404,464,1,den520d-random-8.scen
500,den520d.map,PIBTOLD,1,108455,92637,404,404,354,1,den520d-random-8.scen
500,den520d.map,PIBT,1,107294,92637,406,404,663,10,den520d-random-8.scen
500,den520d.map,PIBTOLD,1,108455,92637,404,404,342,10,den520d-random-8.scen
500,den520d.map,PIBT,1,107052,92637,404,404,1527,100,den520d-random-8.scen
500,den520d.map,PIBTOLD,1,108455,92637,404,404,351,100,den520d-random-8.scen
500,den520d.map,PIBT,1,107298,92637,404,404,5157,1000,den520d-random-8.scen
500,den520d.map,PIBTOLD,1,108455,92637,404,404,331,1000,den520d-random-8.scen
540,den520d.map,PIBT,1,116568,99003,406,405,471,0,den520d-random-8.scen
540,den520d.map,PIBTOLD,1,116568,99003,406,405,358,0,den520d-random-8.scen
540,den520d.map,PIBT,1,116399,99003,406,405,529,1,den520d-random-8.scen
540,den520d.map,PIBTOLD,1,116568,99003,406,405,375,1,den520d-random-8.scen
540,den520d.map,PIBT,1,115927,99003,405,405,780,10,den520d-random-8.scen
540,den520d.map,PIBTOLD,1,116568,99003,406,405,358,10,den520d-random-8.scen
540,den520d.map,PIBT,1,116098,99003,409,405,2315,100,den520d-random-8.scen
540,den520d.map,PIBTOLD,1,116568,99003,406,405,387,100,den520d-random-8.scen
540,den520d.map,PIBT,1,115818,99003,406,405,9901,1000,den520d-random-8.scen
540,den520d.map,PIBTOLD,1,116568,99003,406,405,388,1000,den520d-random-8.scen
580,den520d.map,PIBT,1,126425,105578,405,405,509,0,den520d-random-8.scen
580,den520d.map,PIBTOLD,1,126425,105578,405,405,400,0,den520d-random-8.scen
580,den520d.map,PIBT,1,124508,105578,414,405,567,1,den520d-random-8.scen
580,den520d.map,PIBTOLD,1,126425,105578,405,405,405,1,den520d-random-8.scen
580,den520d.map,PIBT,1,125137,105578,411,405,904,10,den520d-random-8.scen
580,den520d.map,PIBTOLD,1,126425,105578,405,405,394,10,den520d-random-8.scen
580,den520d.map,PIBT,1,125317,105578,411,405,2236,100,den520d-random-8.scen
580,den520d.map,PIBTOLD,1,126425,105578,405,405,399,100,den520d-random-8.scen
580,den520d.map,PIBT,1,124141,105578,411,405,7172,1000,den520d-random-8.scen
580,den520d.map,PIBTOLD,1,126425,105578,405,405,403,1000,den520d-random-8.scen
620,den520d.map,PIBT,1,134965,112829,405,405,582,0,den520d-random-8.scen
620,den520d.map,PIBTOLD,1,134965,112829,405,405,445,0,den520d-random-8.scen
620,den520d.map,PIBT,1,134456,112829,405,405,628,1,den520d-random-8.scen
620,den520d.map,PIBTOLD,1,134965,112829,405,405,429,1,den520d-random-8.scen
620,den520d.map,PIBT,1,133722,112829,405,405,873,10,den520d-random-8.scen
620,den520d.map,PIBTOLD,1,134965,112829,405,405,433,10,den520d-random-8.scen
620,den520d.map,PIBT,1,134423,112829,405,405,3404,100,den520d-random-8.scen
620,den520d.map,PIBTOLD,1,134965,112829,405,405,449,100,den520d-random-8.scen
620,den520d.map,PIBT,1,134168,112829,405,405,11384,1000,den520d-random-8.scen
620,den520d.map,PIBTOLD,1,134965,112829,405,405,434,1000,den520d-random-8.scen
660,den520d.map,PIBT,1,144580,119925,407,405,631,0,den520d-random-8.scen
660,den520d.map,PIBTOLD,1,144580,119925,407,405,436,0,den520d-random-8.scen
660,den520d.map,PIBT,1,142509,119925,405,405,698,1,den520d-random-8.scen
660,den520d.map,PIBTOLD,1,144580,119925,407,405,458,1,den520d-random-8.scen
660,den520d.map,PIBT,1,142382,119925,410,405,1089,10,den520d-random-8.scen
660,den520d.map,PIBTOLD,1,144580,119925,407,405,457,10,den520d-random-8.scen
660,den520d.map,PIBT,1,142858,119925,407,405,5180,100,den520d-random-8.scen
660,den520d.map,PIBTOLD,1,144580,119925,407,405,441,100,den520d-random-8.scen
660,den520d.map,PIBT,1,141370,119925,408,405,20199,1000,den520d-random-8.scen
660,den520d.map,PIBTOLD,1,144580,119925,407,405,465,1000,den520d-random-8.scen
700,den520d.map,PIBT,1,151850,126015,405,405,669,0,den520d-random-8.scen
700,den520d.map,PIBTOLD,1,151850,126015,405,405,495,0,den520d-random-8.scen
700,den520d.map,PIBT,1,151003,126015,407,405,748,1,den520d-random-8.scen
700,den520d.map,PIBTOLD,1,151850,126015,405,405,491,1,den520d-random-8.scen
700,den520d.map,PIBT,1,151486,126015,405,405,1176,10,den520d-random-8.scen
700,den520d.map,PIBTOLD,1,151850,126015,405,405,497,10,den520d-random-8.scen
700,den520d.map,PIBT,1,150104,126015,405,405,5085,100,den520d-random-8.scen
700,den520d.map,PIBTOLD,1,151850,126015,405,405,490,100,den520d-random-8.scen
700,den520d.map,PIBT,1,151193,126015,405,405,40876,1000,den520d-random-8.scen
700,den520d.map,PIBTOLD,1,151850,126015,405,405,495,1000,den520d-random-8.scen
740,den520d.map,PIBT,1,161627,133593,405,405,713,0,den520d-random-8.scen
740,den520d.map,PIBTOLD,1,161627,133593,405,405,531,0,den520d-random-8.scen
740,den520d.map,PIBT,1,160543,133593,414,405,796,1,den520d-random-8.scen
740,den520d.map,PIBTOLD,1,161627,133593,405,405,525,1,den520d-random-8.scen
740,den520d.map,PIBT,1,161025,133593,412,405,1328,10,den520d-random-8.scen
740,den520d.map,PIBTOLD,1,161627,133593,405,405,529,10,den520d-random-8.scen
740,den520d.map,PIBT,1,160141,133593,405,405,5960,100,den520d-random-8.scen
740,den520d.map,PIBTOLD,1,161627,133593,405,405,532,100,den520d-random-8.scen
740,den520d.map,PIBT,1,161173,133593,405,405,56491,1000,den520d-random-8.scen
740,den520d.map,PIBTOLD,1,161627,133593,405,405,526,1000,den520d-random-8.scen
780,den520d.map,PIBT,1,172588,141195,405,405,761,0,den520d-random-8.scen
780,den520d.map,PIBTOLD,1,172588,141195,405,405,552,0,den520d-random-8.scen
780,den520d.map,PIBT,1,171393,141195,417,405,847,1,den520d-random-8.scen
780,den520d.map,PIBTOLD,1,172588,141195,405,405,554,1,den520d-random-8.scen
780,den520d.map,PIBT,1,171605,141195,407,405,1455,10,den520d-random-8.scen
780,den520d.map,PIBTOLD,1,172588,141195,405,405,555,10,den520d-random-8.scen
780,den520d.map,PIBT,1,171217,141195,408,405,5091,100,den520d-random-8.scen
780,den520d.map,PIBTOLD,1,172588,141195,405,405,511,100,den520d-random-8.scen
780,den520d.map,PIBT,1,172057,141195,412,405,52579,1000,den520d-random-8.scen
780,den520d.map,PIBTOLD,1,172588,141195,405,405,549,1000,den520d-random-8.scen
20,den520d.map,PIBT,1,4336,4331,374,374,12,0,den520d-random-11.scen
20,den520d.map,PIBTOLD,1,4336,4331,374,374,13,0,den520d-random-11.scen
20,den520d.map,PIBT,1,4529,4331,374,374,12,1,den520d-random-11.scen
20,den520d.map,PIBTOLD,1,4336,4331,374,374,12,1,den520d-random-11.scen
20,den520d.map,PIBT,1,4529,4331,374,374,15,10,den520d-random-11.scen
20,den520d.map,PIBTOLD,1,4336,4331,374,374,14,10,den520d-random-11.scen
20,den520d.map,PIBT,1,4529,4331,374,374,16,100,den520d-random-11.scen
20,den520d.map,PIBTOLD,1,4336,4331,374,374,12,100,den520d-random-11.scen
20,den520d.map,PIBT,1,4529,4331,374,374,16,1000,den520d-random-11.scen
20,den520d.map,PIBTOLD,1,4336,4331,374,374,15,1000,den520d-random-11.scen
60,den520d.map,PIBT,1,11347,10836,374,374,44,0,den520d-random-11.scen
60,den520d.map,PIBTOLD,1,11347,10836,374,374,39,0,den520d-random-11.scen
60,den520d.map,PIBT,1,11591,10836,374,374,45,1,den520d-random-11.scen
60,den520d.map,PIBTOLD,1,11347,10836,374,374,38,1,den520d-random-11.scen
60,den520d.map,PIBT,1,11591,10836,374,374,42,10,den520d-random-11.scen
60,den520d.map,PIBTOLD,1,11347,10836,374,374,40,10,den520d-random-11.scen
60,den520d.map,PIBT,1,11591,10836,374,374,41,100,den520d-random-11.scen
60,den520d.map,PIBTOLD,1,11347,10836,374,374,39,100,den520d-random-11.scen
60,den520d.map,PIBT,1,11591,10836,374,374,45,1000,den520d-random-11.scen
60,den520d.map,PIBTOLD,1,11347,10836,374,374,37,1000,den520d-random-11.scen
100,den520d.map,PIBT,1,18713,17811,375,375,71,0,den520d-random-11.scen
100,den520d.map,PIBTOLD,1,18713,17811,375,375,65,0,den520d-random-11.scen
100,den520d.map,PIBT,1,18911,17811,375,375,72,1,den520d-random-11.scen
100,den520d.map,PIBTOLD,1,18713,17811,375,375,70,1,den520d-random-11.scen
100,den520d.map,PIBT,1,18911,17811,375,375,71,10,den520d-random-11.scen
100,den520d.map,PIBTOLD,1,18713,17811,375,375,69,10,den520d-random-11.scen
100,den520d.map,PIBT,1,18911,17811,375,375,70,100,den520d-random-11.scen
100,den520d.map,PIBTOLD,1,18713,17811,375,375,65,100,den520d-random-11.scen
100,den520d.map,PIBT,1,18911,17811,375,375,68,1000,den520d-random-11.scen
100,den520d.map,PIBTOLD,1,18713,17811,375,375,63,1000,den520d-random-11.scen
140,den520d.map,PIBT,1,26667,25347,394,394,104,0,den520d-random-11.scen
140,den520d.map,PIBTOLD,1,26667,25347,394,394,92,0,den520d-random-11.scen
140,den520d.map,PIBT,1,26900,25347,394,394,114,1,den520d-random-11.scen
140,den520d.map,PIBTOLD,1,26667,25347,394,394,95,1,den520d-random-11.scen
140,den520d.map,PIBT,1,26900,25347,394,394,102,10,den520d-random-11.scen
140,den520d.map,PIBTOLD,1,26667,25347,394,394,96,10,den520d-random-11.scen
140,den520d.map,PIBT,1,26900,25347,394,394,101,100,den520d-random-11.scen
140,den520d.map,PIBTOLD,1,26667,25347,394,394,90,100,den520d-random-11.scen
140,den520d.map,PIBT,1,26900,25347,394,394,96,1000,den520d-random-11.scen
140,den520d.map,PIBTOLD,1,26667,25347,394,394,95,1000,den520d-random-11.scen
180,den520d.map,PIBT,1,35887,33533,404,404,120,0,den520d-random-11.scen
180,den520d.map,PIBTOLD,1,35887,33533,404,404,149,0,den520d-random-11.scen
180,den520d.map,PIBT,1,35960,33533,404,404,136,1,den520d-random-11.scen
180,den520d.map,PIBTOLD,1,35887,33533,404,404,113,1,den520d-random-11.scen
180,den520d.map,PIBT,1,35960,33533,404,404,131,10,den520d-random-11.scen
180,den520d.map,PIBTOLD,1,35887,33533,404,404,124,10,den520d-random-11.scen
180,den520d.map,PIBT,1,35960,33533,404,404,138,100,den520d-random-11.scen
180,den520d.map,PIBTOLD,1,35887,33533,404,404,115,100,den520d-random-11.scen
180,den520d.map,PIBT,1,35960,33533,404,404,131,1000,den520d-random-11.scen
180,den520d.map,PIBTOLD,1,35887,33533,404,404,124,1000,den520d-random-11.scen
220,den520d.map,PIBT,1,44984,41079,404,404,165,0,den520d-random-11.scen
220,den520d.map,PIBTOLD,1,44984,41079,404,404,143,0,den520d-random-11.scen
220,den520d.map,PIBT,1,44378,41079,404,404,160,1,den520d-random-11.scen
220,den520d.map,PIBTOLD,1,44984,41079,404,404,153,1,den520d-random-11.scen
220,den520d.map,PIBT,1,44378,41079,404,404,164,10,den520d-random-11.scen
220,den520d.map,PIBTOLD,1,44984,41079,404,404,151,10,den520d-random-11.scen
220,den520d.map,PIBT,1,44378,41079,404,404,171,100,den520d-random-11.scen
220,den520d.map,PIBTOLD,1,44984,41079,404,404,150,100,den520d-random-11.scen
220,den520d.map,PIBT,1,44378,41079,404,404,166,1000,den520d-random-11.scen
220,den520d.map,PIBTOLD,1,44984,41079,404,404,150,1000,den520d-random-11.scen
260,den520d.map,PIBT,1,53957,48546,404,404,205,0,den520d-random-11.scen
260,den520d.map,PIBTOLD,1,53957,48546,404,404,184,0,den520d-random-11.scen
260,den520d.map,PIBT,1,53369,48546,404,404,209,1,den520d-random-11.scen
260,den520d.map,PIBTOLD,1,53957,48546,404,404,174,1,den520d-random-11.scen
260,den520d.map,PIBT,1,53369,48546,404,404,201,10,den520d-random-11.scen
260,den520d.map,PIBTOLD,1,53957,48546,404,404,181,10,den520d-random-11.scen
260,den520d.map,PIBT,1,53369,48546,404,404,197,100,den520d-random-11.scen
260,den520d.map,PIBTOLD,1,53957,48546,404,404,181,100,den520d-random-11.scen
260,den520d.map,PIBT,1,53369,48546,404,404,201,1000,den520d-random-11.scen
260,den520d.map,PIBTOLD,1,53957,48546,404,404,179,1000,den520d-random-11.scen
300,den520d.map,PIBT,1,62232,56029,404,404,242,0,den520d-random-11.scen
300,den520d.map,PIBTOLD,1,62232,56029,404,404,188,0,den520d-random-11.scen
300,den520d.map,PIBT,1,62202,56029,404,404,230,1,den520d-random-11.scen
300,den520d.map,PIBTOLD,1,62232,56029,404,404,208,1,den520d-random-11.scen
300,den520d.map,PIBT,1,62153,56029,404,404,245,10,den520d-random-11.scen
300,den520d.map,PIBTOLD,1,62232,56029,404,404,201,10,den520d-random-11.scen
300,den520d.map,PIBT,1,62153,56029,404,404,239,100,den520d-random-11.scen
300,den520d.map,PIBTOLD,1,62232,56029,404,404,210,100,den520d-random-11.scen
300,den520d.map,PIBT,1,62153,56029,404,404,233,1000,den520d-random-11.scen
300,den520d.map,PIBTOLD,1,62232,56029,404,404,201,1000,den520d-random-11.scen
340,den520d.map,PIBT,1,71562,62923,404,404,262,0,den520d-random-11.scen
340,den520d.map,PIBTOLD,1,71562,62923,404,404,217,0,den520d-random-11.scen
340,den520d.map,PIBT,1,70793,62923,404,404,275,1,den520d-random-11.scen
340,den520d.map,PIBTOLD,1,71562,62923,404,404,239,1,den520d-random-11.scen
340,den520d.map,PIBT,1,70601,62923,408,404,279,10,den520d-random-11.scen
340,den520d.map,PIBTOLD,1,71562,62923,404,404,241,10,den520d-random-11.scen
340,den520d.map,PIBT,1,70601,62923,408,404,265,100,den520d-random-11.scen
340,den520d.map,PIBTOLD,1,71562,62923,404,404,234,100,den520d-random-11.scen
340,den520d.map,PIBT,1,70601,62923,408,404,281,1000,den520d-random-11.scen
340,den520d.map,PIBTOLD,1,71562,62923,404,404,208,1000,den520d-random-11.scen
380,den520d.map,PIBT,1,80144,70039,404,404,304,0,den520d-random-11.scen
380,den520d.map,PIBTOLD,1,80144,70039,404,404,264,0,den520d-random-11.scen
380,den520d.map,PIBT,1,78942,70039,404,404,306,1,den520d-random-11.scen
380,den520d.map,PIBTOLD,1,80144,70039,404,404,251,1,den520d-random-11.scen
380,den520d.map,PIBT,1,78669,70039,404,404,345,10,den520d-random-11.scen
380,den520d.map,PIBTOLD,1,80144,70039,404,404,257,10,den520d-random-11.scen
380,den520d.map,PIBT,1,78848,70039,404,404,330,100,den520d-random-11.scen
380,den520d.map,PIBTOLD,1,80144,70039,404,404,246,100,den520d-random-11.scen
380,den520d.map,PIBT,1,78848,70039,404,404,354,1000,den520d-random-11.scen
380,den520d.map,PIBTOLD,1,80144,70039,404,404,259,1000,den520d-random-11.scen
420,den520d.map,PIBT,1,90429,78227,404,404,347,0,den520d-random-11.scen
420,den520d.map,PIBTOLD,1,90429,78227,404,404,292,0,den520d-random-11.scen
420,den520d.map,PIBT,1,89284,78227,404,404,377,1,den520d-random-11.scen
420,den520d.map,PIBTOLD,1,90429,78227,404,404,278,1,den520d-random-11.scen
420,den520d.map,PIBT,1,89744,78227,404,404,401,10,den520d-random-11.scen
420,den520d.map,PIBTOLD,1,90429,78227,404,404,293,10,den520d-random-11.scen
420,den520d.map,PIBT,1,89883,78227,404,404,1136,100,den520d-random-11.scen
420,den520d.map,PIBTOLD,1,90429,78227,404,404,289,100,den520d-random-11.scen
420,den520d.map,PIBT,1,89482,78227,404,404,1278,1000,den520d-random-11.scen
420,den520d.map,PIBTOLD,1,90429,78227,404,404,287,1000,den520d-random-11.scen
460,den520d.map,PIBT,1,99417,85840,404,404,397,0,den520d-random-11.scen
460,den520d.map,PIBTOLD,1,99417,85840,404,404,315,0,den520d-random-11.scen
460,den520d.map,PIBT,1,98168,85840,406,404,417,1,den520d-random-11.scen
460,den520d.map,PIBTOLD,1,99417,85840,404,404,311,1,den520d-random-11.scen
460,den520d.map,PIBT,1,98374,85840,404,404,498,10,den520d-random-11.scen
460,den520d.map,PIBTOLD,1,99417,85840,404,404,322,10,den520d-random-11.scen
460,den520d.map,PIBT,1,98097,85840,408,404,982,100,den520d-random-11.scen
460,den520d.map,PIBTOLD,1,99417,85840,404,404,324,100,den520d-random-11.scen
460,den520d.map,PIBT,1,98340,85840,408,404,969,1000,den520d-random-11.scen
460,den520d.map,PIBTOLD,1,99417,85840,404,404,310,1000,den520d-random-11.scen
500,den520d.map,PIBT,1,108455,92637,404,404,435,0,den520d-random-11.scen
500,den520d.map,PIBTOLD,1,108455,92637,404,404,339,0,den520d-random-11.scen
500,den520d.map,PIBT,1,106854,92637,404,404,459,1,den520d-random-11.scen
500,den520d.map,PIBTOLD,1,108455,92637,404,404,335,1,den520d-random-11.scen
500,den520d.map,PIBT,1,107855,92637,407,404,636,10,den520d-random-11.scen
500,den520d.map,PIBTOLD,1,108455,92637,404,404,349,10,den520d-random-11.scen
500,den520d.map,PIBT,1,107553,92637,408,404,1720,100,den520d-random-11.scen
500,den520d.map,PIBTOLD,1,108455,92637,404,404,354,100,den520d-random-11.scen
500,den520d.map,PIBT,1,107203,92637,406,404,9103,1000,den520d-random-11.scen
500,den520d.map,PIBTOLD,1,108455,92637,404,404,351,1000,den520d-random-11.scen
540,den520d.map,PIBT,1,116568,99003,406,405,478,0,den520d-random-11.scen
540,den520d.map,PIBTOLD,1,116568,99003,406,405,356,0,den520d-random-11.scen
540,den520d.map,PIBT,1,116148,99003,406,405,507,1,den520d-random-11.scen
540,den520d.map,PIBTOLD,1,116568,99003,406,405,375,1,den520d-random-11.scen
540,den520d.map,PIBT,1,116096,99003,408,405,768,10,den520d-random-11.scen
540,den520d.map,PIBTOLD,1,116568,99003,406,405,374,10,den520d-random-11.scen
540,den520d.map,PIBT,1,115755,99003,405,405,3110,100,den520d-random-11.scen
540,den520d.map,PIBTOLD,1,116568,99003,406,405,370,100,den520d-random-11.scen
540,den520d.map,PIBT,1,116042,99003,405,405,8244,1000,den520d-random-11.scen
540,den520d.map,PIBTOLD,1,116568,99003,406,405,388,1000,den520d-random-11.scen
580,den520d.map,PIBT,1,126425,105578,405,405,545,0,den520d-random-11.scen
580,den520d.map,PIBTOLD,1,126425,105578,405,405,409,0,den520d-random-11.scen
580,den520d.map,PIBT,1,124890,105578,408,405,568,1,den520d-random-11.scen
580,den520d.map,PIBTOLD,1,126425,105578,405,405,400,1,den520d-random-11.scen
580,den520d.map,PIBT,1,124779,105578,412,405,936,10,den520d-random-11.scen
580,den520d.map,PIBTOLD,1,126425,105578,405,405,401,10,den520d-random-11.scen
580,den520d.map,PIBT,1,124381,105578,412,405,2102,100,den520d-random-11.scen
580,den520d.map,PIBTOLD,1,126425,105578,405,405,398,100,den520d-random-11.scen
580,den520d.map,PIBT,1,124577,105578,412,405,8684,1000,den520d-random-11.scen
580,den520d.map,PIBTOLD,1,126425,105578,405,405,395,1000,den520d-random-11.scen
620,den520d.map,PIBT,1,134965,112829,405,405,536,0,den520d-random-11.scen
620,den520d.map,PIBTOLD,1,134965,112829,405,405,421,0,den520d-random-11.scen
620,den520d.map,PIBT,1,133754,112829,414,405,627,1,den520d-random-11.scen
620,den520d.map,PIBTOLD,1,134965,112829,405,405,421,1,den520d-random-11.scen
620,den520d.map,PIBT,1,133869,112829,410,405,1064,10,den520d-random-11.scen
620,den520d.map,PIBTOLD,1,134965,112829,405,405,431,10,den520d-random-11.scen
620,den520d.map,PIBT,1,133459,112829,405,405,3130,100,den520d-random-11.scen
620,den520d.map,PIBTOLD,1,134965,112829,405,405,433,100,den520d-random-11.scen
620,den520d.map,PIBT,1,133801,112829,405,405,22428,1000,den520d-random-11.scen
620,den520d.map,PIBTOLD,1,134965,112829,405,405,429,1000,den520d-random-11.scen
660,den520d.map,PIBT,1,144580,119925,407,405,609,0,den520d-random-11.scen
660,den520d.map,PIBTOLD,1,144580,119925,407,405,476,0,den520d-random-11.scen
660,den520d.map,PIBT,1,143715,119925,407,405,680,1,den520d-random-11.scen
660,den520d.map,PIBTOLD,1,144580,119925,407,405,458,1,den520d-random-11.scen
660,den520d.map,PIBT,1,142701,119925,414,405,1076,10,den520d-random-11.scen
660,den520d.map,PIBTOLD,1,144580,119925,407,405,464,10,den520d-random-11.scen
660,den520d.map,PIBT,1,143402,119925,408,405,5080,100,den520d-random-11.scen
660,den520d.map,PIBTOLD,1,144580,119925,407,405,463,100,den520d-random-11.scen
660,den520d.map,PIBT,1,143369,119925,414,405,33000,1000,den520d-random-11.scen
660,den520d.map,PIBTOLD,1,144580,119925,407,405,460,1000,den520d-random-11.scen
700,den520d.map,PIBT,1,151850,126015,405,405,679,0,den520d-random-11.scen
700,den520d.map,PIBTOLD,1,151850,126015,405,405,497,0,den520d-random-11.scen
700,den520d.map,PIBT,1,151813,126015,405,405,723,1,den520d-random-11.scen
700,den520d.map,PIBTOLD,1,151850,126015,405,405,497,1,den520d-random-11.scen
700,den520d.map,PIBT,1,150940,126015,406,405,1245,10,den520d-random-11.scen
700,den520d.map,PIBTOLD,1,151850,126015,405,405,501,10,den520d-random-11.scen
700,den520d.map,PIBT,1,149779,126015,405,405,3079,100,den520d-random-11.scen
700,den520d.map,PIBTOLD,1,151850,126015,405,405,500,100,den520d-random-11.scen
700,den520d.map,PIBT,1,150709,126015,405,405,35609,1000,den520d-random-11.scen
700,den520d.map,PIBTOLD,1,151850,126015,405,405,494,1000,den520d-random-11.scen
740,den520d.map,PIBT,1,161627,133593,405,405,718,0,den520d-random-11.scen
740,den520d.map,PIBTOLD,1,161627,133593,405,405,533,0,den520d-random-11.scen
740,den520d.map,PIBT,1,160793,133593,408,405,810,1,den520d-random-11.scen
740,den520d.map,PIBTOLD,1,161627,133593,405,405,526,1,den520d-random-11.scen
740,den520d.map,PIBT,1,161684,133593,407,405,1410,10,den520d-random-11.scen
740,den520d.map,PIBTOLD,1,161627,133593,405,405,525,10,den520d-random-11.scen
740,den520d.map,PIBT,1,160429,133593,405,405,5779,100,den520d-random-11.scen
740,den520d.map,PIBTOLD,1,161627,133593,405,405,520,100,den520d-random-11.scen
740,den520d.map,PIBT,1,160205,133593,408,405,47590,1000,den520d-random-11.scen
740,den520d.map,PIBTOLD,1,161627,133593,405,405,525,1000,den520d-random-11.scen
780,den520d.map,PIBT,1,172588,141195,405,405,760,0,den520d-random-11.scen
780,den520d.map,PIBTOLD,1,172588,141195,405,405,559,0,den520d-random-11.scen
780,den520d.map,PIBT,1,169484,141195,408,405,852,1,den520d-random-11.scen
780,den520d.map,PIBTOLD,1,172588,141195,405,405,564,1,den520d-random-11.scen
780,den520d.map,PIBT,1,170678,141195,409,405,1600,10,den520d-random-11.scen
780,den520d.map,PIBTOLD,1,172588,141195,405,405,556,10,den520d-random-11.scen
780,den520d.map,PIBT,1,170572,141195,438,405,7634,100,den520d-random-11.scen
780,den520d.map,PIBTOLD,1,172588,141195,405,405,533,100,den520d-random-11.scen
780,den520d.map,PIBT,1,171674,141195,412,405,58686,1000,den520d-random-11.scen
780,den520d.map,PIBTOLD,1,172588,141195,405,405,555,1000,den520d-random-11.scen
20,den520d.map,PIBT,1,4336,4331,374,374,14,0,den520d-random-19.scen
20,den520d.map,PIBTOLD,1,4336,4331,374,374,15,0,den520d-random-19.scen
20,den520d.map,PIBT,1,4529,4331,374,374,13,1,den520d-random-19.scen
20,den520d.map,PIBTOLD,1,4336,4331,374,374,16,1,den520d-random-19.scen
20,den520d.map,PIBT,1,4529,4331,374,374,13,10,den520d-random-19.scen
20,den520d.map,PIBTOLD,1,4336,4331,374,374,16,10,den520d-random-19.scen
20,den520d.map,PIBT,1,4529,4331,374,374,15,100,den520d-random-19.scen
20,den520d.map,PIBTOLD,1,4336,4331,374,374,17,100,den520d-random-19.scen
20,den520d.map,PIBT,1,4529,4331,374,374,13,1000,den520d-random-19.scen
20,den520d.map,PIBTOLD,1,4336,4331,374,374,13,1000,den520d-random-19.scen
60,den520d.map,PIBT,1,11347,10836,374,374,42,0,den520d-random-19.scen
60,den520d.map,PIBTOLD,1,11347,10836,374,374,42,0,den520d-random-19.scen
60,den520d.map,PIBT,1,11591,10836,374,374,40,1,den520d-random-19.scen
60,den520d.map,PIBTOLD,1,11347,10836,374,374,44,1,den520d-random-19.scen
60,den520d.map,PIBT,1,11591,10836,374,374,43,10,den520d-random-19.scen
60,den520d.map,PIBTOLD,1,11347,10836,374,374,41,10,den520d-random-19.scen
60,den520d.map,PIBT,1,11591,10836,374,374,45,100,den520d-random-19.scen
60,den520d.map,PIBTOLD,1,11347,10836,374,374,35,100,den520d-random-19.scen
60,den520d.map,PIBT,1,11591,10836,374,374,38,1000,den520d-random-19.scen
60,den520d.map,PIBTOLD,1,11347,10836,374,374,34,1000,den520d-random-19.scen
100,den520d.map,PIBT,1,18713,17811,375,375,69,0,den520d-random-19.scen
100,den520d.map,PIBTOLD,1,18713,17811,375,375,62,0,den520d-random-19.scen
100,den520d.map,PIBT,1,18911,17811,375,375,70,1,den520d-random-19.scen
100,den520d.map,PIBTOLD,1,18713,17811,375,375,68,1,den520d-random-19.scen
100,den520d.map,PIBT,1,18911,17811,375,375,76,10,den520d-random-19.scen
100,den520d.map,PIBTOLD,1,18713,17811,375,375,70,10,den520d-random-19.scen
100,den520d.map,PIBT,1,18911,17811,375,375,68,100,den520d-random-19.scen
100,den520d.map,PIBTOLD,1,18713,17811,375,375,63,100,den520d-random-19.scen
100,den520d.map,PIBT,1,18911,17811,375,375,74,1000,den520d-random-19.scen
100,den520d.map,PIBTOLD,1,18713,17811,375,375,66,1000,den520d-random-19.scen
140,den520d.map,PIBT,1,26667,25347,394,394,103,0,den520d-random-19.scen
140,den520d.map,PIBTOLD,1,26667,25347,394,394,92,0,den520d-random-19.scen
140,den520d.map,PIBT,1,26900,25347,394,394,104,1,den520d-random-19.scen
140,den520d.map,PIBTOLD,1,26667,25347,394,394,98,1,den520d-random-19.scen
140,den520d.map,PIBT,1,26900,25347,394,394,106,10,den520d-random-19.scen
140,den520d.map,PIBTOLD,1,26667,25347,394,394,111,10,den520d-random-19.scen
140,den520d.map,PIBT,1,26900,25347,394,394,119,100,den520d-random-19.scen
140,den520d.map,PIBTOLD,1,26667,25347,394,394,93,100,den520d-random-19.scen
140,den520d.map,PIBT,1,26900,25347,394,394,103,1000,den520d-random-19.scen
140,den520d.map,PIBTOLD,1,26667,25347,394,394,99,1000,den520d-random-19.scen
180,den520d.map,PIBT,1,35887,33533,404,404,135,0,den520d-random-19.scen
180,den520d.map,PIBTOLD,1,35887,33533,404,404,123,0,den520d-random-19.scen
180,den520d.map,PIBT,1,35960,33533,404,404,141,1,den520d-random-19.scen
180,den520d.map,PIBTOLD,1,35887,33533,404,404,126,1,den520d-random-19.scen
180,den520d.map,PIBT,1,35960,33533,404,404,142,10,den520d-random-19.scen
180,den520d.map,PIBTOLD,1,35887,33533,404,404,126,10,den520d-random-19.scen
180,den520d.map,PIBT,1,35960,33533,404,404,131,100,den520d-random-19.scen
180,den520d.map,PIBTOLD,1,35887,33533,404,404,129,100,den520d-random-19.scen
180,den520d.map,PIBT,1,35960,33533,404,404,131,1000,den520d-random-19.scen
180,den520d.map,PIBTOLD,1,35887,33533,404,404,120,1000,den520d-random-19.scen
220,den520d.map,PIBT,1,44984,41079,404,404,164,0,den520d-random-19.scen
220,den520d.map,PIBTOLD,1,44984,41079,404,404,153,0,den520d-random-19.scen
220,den520d.map,PIBT,1,44378,41079,404,404,176,1,den520d-random-19.scen
220,den520d.map,PIBTOLD,1,44984,41079,404,404,148,1,den520d-random-19.scen
220,den520d.map,PIBT,1,44378,41079,404,404,163,10,den520d-random-19.scen
220,den520d.map,PIBTOLD,1,44984,41079,404,404,149,10,den520d-random-19.scen
220,den520d.map,PIBT,1,44378,41079,404,404,158,100,den520d-random-19.scen
220,den520d.map,PIBTOLD,1,44984,41079,404,404,150,100,den520d-random-19.scen
220,den520d.map,PIBT,1,44378,41079,404,404,168,1000,den520d-random-19.scen
220,den520d.map,PIBTOLD,1,44984,41079,404,404,147,1000,den520d-random-19.scen
260,den520d.map,PIBT,1,53957,48546,404,404,205,0,den520d-random-19.scen
260,den520d.map,PIBTOLD,1,53957,48546,404,404,186,0,den520d-random-19.scen
260,den520d.map,PIBT,1,53416,48546,404,404,216,1,den520d-random-19.scen
260,den520d.map,PIBTOLD,1,53957,48546,404,404,182,1,den520d-random-19.scen
260,den520d.map,PIBT,1,53369,48546,404,404,213,10,den520d-random-19.scen
260,den520d.map,PIBTOLD,1,53957,48546,404,404,182,10,den520d-random-19.scen
260,den520d.map,PIBT,1,53369,48546,404,404,215,100,den520d-random-19.scen
260,den520d.map,PIBTOLD,1,53957,48546,404,404,182,100,den520d-random-19.scen
260,den520d.map,PIBT,1,53369,48546,404,404,211,1000,den520d-random-19.scen
260,den520d.map,PIBTOLD,1,53957,48546,404,404,178,1000,den520d-random-19.scen
300,den520d.map,PIBT,1,62232,56029,404,404,246,0,den520d-random-19.scen
300,den520d.map,PIBTOLD,1,62232,56029,404,404,206,0,den520d-random-19.scen
300,den520d.map,PIBT,1,62074,56029,404,404,253,1,den520d-random-19.scen
300,den520d.map,PIBTOLD,1,62232,56029,404,404,204,1,den520d-random-19.scen
300,den520d.map,PIBT,1,62153,56029,404,404,225,10,den520d-random-19.scen
300,den520d.map,PIBTOLD,1,62232,56029,404,404,203,10,den520d-random-19.scen
300,den520d.map,PIBT,1,62153,56029,404,404,240,100,den520d-random-19.scen
300,den520d.map,PIBTOLD,1,62232,56029,404,404,202,100,den520d-random-19.scen
300,den520d.map,PIBT,1,62153,56029,404,404,245,1000,den520d-random-19.scen
300,den520d.map,PIBTOLD,1,62232,56029,404,404,205,1000,den520d-random-19.scen
340,den520d.map,PIBT,1,71562,62923,404,404,276,0,den520d-random-19.scen
340,den520d.map,PIBTOLD,1,71562,62923,404,404,240,0,den520d-random-19.scen
340,den520d.map,PIBT,1,70441,62923,406,404,268,1,den520d-random-19.scen
340,den520d.map,PIBTOLD,1,71562,62923,404,404,228,1,den520d-random-19.scen
340,den520d.map,PIBT,1,70601,62923,408,404,253,10,den520d-random-19.scen
340,den520d.map,PIBTOLD,1,71562,62923,404,404,244,10,den520d-random-19.scen
340,den520d.map,PIBT,1,70601,62923,408,404,279,100,den520d-random-19.scen
340,den520d.map,PIBTOLD,1,71562,62923,404,404,232,100,den520d-random-19.scen
340,den520d.map,PIBT,1,70601,62923,408,404,286,1000,den520d-random-19.scen
340,den520d.map,PIBTOLD,1,71562,62923,404,404,238,1000,den520d-random-19.scen
380,den520d.map,PIBT,1,80144,70039,404,404,326,0,den520d-random-19.scen
380,den520d.map,PIBTOLD,1,80144,70039,404,404,264,0,den520d-random-19.scen
380,den520d.map,PIBT,1,78888,70039,404,404,328,1,den520d-random-19.scen
380,den520d.map,PIBTOLD,1,80144,70039,404,404,258,1,den520d-random-19.scen
380,den520d.map,PIBT,1,79013,70039,404,404,380,10,den520d-random-19.scen
380,den520d.map,PIBTOLD,1,80144,70039,404,404,264,10,den520d-random-19.scen
380,den520d.map,PIBT,1,78848,70039,404,404,353,100,den520d-random-19.scen
380,den520d.map,PIBTOLD,1,80144,70039,404,404,274,100,den520d-random-19.scen
380,den520d.map,PIBT,1,78848,70039,404,404,350,1000,den520d-random-19.scen
380,den520d.map,PIBTOLD,1,80144,70039,404,404,269,1000,den520d-random-19.scen
420,den520d.map,PIBT,1,90429,78227,404,404,346,0,den520d-random-19.scen
420,den520d.map,PIBTOLD,1,90429,78227,404,404,301,0,den520d-random-19.scen
420,den520d.map,PIBT,1,89611,78227,409,404,371,1,den520d-random-19.scen
420,den520d.map,PIBTOLD,1,90429,78227,404,404,286,1,den520d-random-19.scen
420,den520d.map,PIBT,1,89862,78227,404,404,442,10,den520d-random-19.scen
420,den520d.map,PIBTOLD,1,90429,78227,404,404,300,10,den520d-random-19.scen
420,den520d.map,PIBT,1,90163,78227,404,404,1083,100,den520d-random-19.scen
420,den520d.map,PIBTOLD,1,90429,78227,404,404,300,100,den520d-random-19.scen
420,den520d.map,PIBT,1,89482,78227,404,404,1427,1000,den520d-random-19.scen
420,den520d.map,PIBTOLD,1,90429,78227,404,404,292,1000,den520d-random-19.scen
460,den520d.map,PIBT,1,99417,85840,404,404,389,0,den520d-random-19.scen
460,den520d.map,PIBTOLD,1,99417,85840,404,404,322,0,den520d-random-19.scen
460,den520d.map,PIBT,1,98789,85840,405,404,427,1,den520d-random-19.scen
460,den520d.map,PIBTOLD,1,99417,85840,404,404,318,1,den520d-random-19.scen
460,den520d.map,PIBT,1,98491,85840,408,404,546,10,den520d-random-19.scen
460,den520d.map,PIBTOLD,1,99417,85840,404,404,335,10,den520d-random-19.scen
460,den520d.map,PIBT,1,97891,85840,406,404,1138,100,den520d-random-19.scen
460,den520d.map,PIBTOLD,1,99417,85840,404,404,308,100,den520d-random-19.scen
460,den520d.map,PIBT,1,98340,85840,408,404,996,1000,den520d-random-19.scen
460,den520d.map,PIBTOLD,1,99417,85840,404,404,313,1000,den520d-random-19.scen
500,den520d.map,PIBT,1,108455,92637,404,404,415,0,den520d-random-19.scen
500,den520d.map,PIBTOLD,1,108455,92637,404,404,335,0,den520d-random-19.scen
500,den520d.map,PIBT,1,107326,92637,406,404,477,1,den520d-random-19.scen
500,den520d.map,PIBTOLD,1,108455,92637,404,404,339,1,den520d-random-19.scen
500,den520d.map,PIBT,1,107632,92637,404,404,653,10,den520d-random-19.scen
500,den520d.map,PIBTOLD,1,108455,92637,404,404,366,10,den520d-random-19.scen
500,den520d.map,PIBT,1,106828,92637,406,404,1760,100,den520d-random-19.scen
500,den520d.map,PIBTOLD,1,108455,92637,404,404,339,100,den520d-random-19.scen
500,den520d.map,PIBT,1,106989,92637,404,404,6855,1000,den520d-random-19.scen
500,den520d.map,PIBTOLD,1,108455,92637,404,404,359,1000,den520d-random-19.scen
540,den520d.map,PIBT,1,116568,99003,406,405,462,0,den520d-random-19.scen
540,den520d.map,PIBTOLD,1,116568,99003,406,405,346,0,den520d-random-19.scen
540,den520d.map,PIBT,1,115615,99003,409,405,485,1,den520d-random-19.scen
540,den520d.map,PIBTOLD,1,116568,99003,406,405,388,1,den520d-random-19.scen
540,den520d.map,PIBT,1,116731,99003,422,405,762,10,den520d-random-19.scen
540,den520d.map,PIBTOLD,1,116568,99003,406,405,371,10,den520d-random-19.scen
540,den520d.map,PIBT,1,115701,99003,405,405,2064,100,den520d-random-19.scen
540,den520d.map,PIBTOLD,1,116568,99003,406,405,378,100,den520d-random-19.scen
540,den520d.map,PIBT,1,116238,99003,405,405,7774,1000,den520d-random-19.scen
540,den520d.map,PIBTOLD,1,116568,99003,406,405,385,1000,den520d-random-19.scen
580,den520d.map,PIBT,1,126425,105578,405,405,502,0,den520d-random-19.scen
580,den520d.map,PIBTOLD,1,126425,105578,405,405,413,0,den520d-random-19.scen
580,den520d.map,PIBT,1,124984,105578,405,405,567,1,den520d-random-19.scen
580,den520d.map,PIBTOLD,1,126425,105578,405,405,411,1,den520d-random-19.scen
580,den520d.map,PIBT,1,124782,105578,411,405,894,10,den520d-random-19.scen
580,den520d.map,PIBTOLD,1,126425,105578,405,405,406,10,den520d-random-19.scen
580,den520d.map,PIBT,1,124965,105578,412,405,1965,100,den520d-random-19.scen
580,den520d.map,PIBTOLD,1,126425,105578,405,405,402,100,den520d-random-19.scen
580,den520d.map,PIBT,1,124645,105578,411,405,9188,1000,den520d-random-19.scen
580,den520d.map,PIBTOLD,1,126425,105578,405,405,411,1000,den520d-random-19.scen
620,den520d.map,PIBT,1,134965,112829,405,405,587,0,den520d-random-19.scen
620,den520d.map,PIBTOLD,1,134965,112829,405,405,429,0,den520d-random-19.scen
620,den520d.map,PIBT,1,134287,112829,407,405,635,1,den520d-random-19.scen
620,den520d.map,PIBTOLD,1,134965,112829,405,405,404,1,den520d-random-19.scen
620,den520d.map,PIBT,1,134419,112829,408,405,975,10,den520d-random-19.scen
620,den520d.map,PIBTOLD,1,134965,112829,405,405,423,10,den520d-random-19.scen
620,den520d.map,PIBT,1,134285,112829,405,405,2968,100,den520d-random-19.scen
620,den520d.map,PIBTOLD,1,134965,112829,405,405,386,100,den520d-random-19.scen
620,den520d.map,PIBT,1,133763,112829,406,405,17741,1000,den520d-random-19.scen
620,den520d.map,PIBTOLD,1,134965,112829,405,405,403,1000,den520d-random-19.scen
660,den520d.map,PIBT,1,144580,119925,407,405,634,0,den520d-random-19.scen
660,den520d.map,PIBTOLD,1,144580,119925,407,405,448,0,den520d-random-19.scen
660,den520d.map,PIBT,1,142275,119925,406,405,670,1,den520d-random-19.scen
660,den520d.map,PIBTOLD,1,144580,119925,407,405,464,1,den520d-random-19.scen
660,den520d.map,PIBT,1,143481,119925,414,405,1114,10,den520d-random-19.scen
660,den520d.map,PIBTOLD,1,144580,119925,407,405,482,10,den520d-random-19.scen
660,den520d.map,PIBT,1,142764,119925,406,405,4554,100,den520d-random-19.scen
660,den520d.map,PIBTOLD,1,144580,119925,407,405,477,100,den520d-random-19.scen
660,den520d.map,PIBT,1,141917,119925,409,405,29012,1000,den520d-random-19.scen
660,den520d.map,PIBTOLD,1,144580,119925,407,405,435,1000,den520d-random-19.scen
700,den520d.map,PIBT,1,151850,126015,405,405,658,0,den520d-random-19.scen
700,den520d.map,PIBTOLD,1,151850,126015,405,405,499,0,den520d-random-19.scen
700,den520d.map,PIBT,1,151686,126015,407,405,744,1,den520d-random-19.scen
700,den520d.map,PIBTOLD,1,151850,126015,405,405,485,1,den520d-random-19.scen
700,den520d.map,PIBT,1,150745,126015,405,405,1089,10,den520d-random-19.scen
700,den520d.map,PIBTOLD,1,151850,126015,405,405,493,10,den520d-random-19.scen
700,den520d.map,PIBT,1,149902,126015,405,405,4766,100,den520d-random-19.scen
700,den520d.map,PIBTOLD,1,151850,126015,405,405,487,100,den520d-random-19.scen
700,den520d.map,PIBT,1,150946,126015,405,405,29142,1000,den520d-random-19.scen
700,den520d.map,PIBTOLD,1,151850,126015,405,405,481,1000,den520d-random-19.scen
740,den520d.map,PIBT,1,161627,133593,405,405,727,0,den520d-random-19.scen
740,den520d.map,PIBTOLD,1,161627,133593,405,405,531,0,den520d-random-19.scen
740,den520d.map,PIBT,1,161077,133593,409,405,810,1,den520d-random-19.scen
740,den520d.map,PIBTOLD,1,161627,133593,405,405,499,1,den520d-random-19.scen
740,den520d.map,PIBT,1,161389,133593,408,405,1435,10,den520d-random-19.scen
740,den520d.map,PIBTOLD,1,161627,133593,405,405,524,10,den520d-random-19.scen
740,den520d.map,PIBT,1,161731,133593,408,405,4311,100,den520d-random-19.scen
740,den520d.map,PIBTOLD,1,161627,133593,405,405,506,100,den520d-random-19.scen
740,den520d.map,PIBT,1,160112,133593,406,405,40463,1000,den520d-random-19.scen
740,den520d.map,PIBTOLD,1,161627,133593,405,405,525,1000,den520d-random-19.scen
780,den520d.map,PIBT,1,172588,141195,405,405,774,0,den520d-random-19.scen
780,den520d.map,PIBTOLD,1,172588,141195,405,405,563,0,den520d-random-19.scen
780,den520d.map,PIBT,1,170699,141195,407,405,855,1,den520d-random-19.scen
780,den520d.map,PIBTOLD,1,172588,141195,405,405,532,1,den520d-random-19.scen
780,den520d.map,PIBT,1,171651,141195,516,405,1558,10,den520d-random-19.scen
780,den520d.map,PIBTOLD,1,172588,141195,405,405,550,10,den520d-random-19.scen
780,den520d.map,PIBT,1,171777,141195,411,405,6979,100,den520d-random-19.scen
780,den520d.map,PIBTOLD,1,172588,141195,405,405,547,100,den520d-random-19.scen
780,den520d.map,PIBT,1,171583,141195,412,405,54108,1000,den520d-random-19.scen
780,den520d.map,PIBTOLD,1,172588,141195,405,405,552,1000,den520d-random-19.scen
20,den520d.map,PIBT,1,4336,4331,374,374,14,0,den520d-random-1.scen
20,den520d.map,PIBTOLD,1,4336,4331,374,374,13,0,den520d-random-1.scen
20,den520d.map,PIBT,1,4529,4331,374,374,14,1,den520d-random-1.scen
20,den520d.map,PIBTOLD,1,4336,4331,374,374,14,1,den520d-random-1.scen
20,den520d.map,PIBT,1,4529,4331,374,374,12,10,den520d-random-1.scen
20,den520d.map,PIBTOLD,1,4336,4331,374,374,15,10,den520d-random-1.scen
20,den520d.map,PIBT,1,4529,4331,374,374,17,100,den520d-random-1.scen
20,den520d.map,PIBTOLD,1,4336,4331,374,374,12,100,den520d-random-1.scen
20,den520d.map,PIBT,1,4529,4331,374,374,14,1000,den520d-random-1.scen
20,den520d.map,PIBTOLD,1,4336,4331,374,374,14,1000,den520d-random-1.scen
60,den520d.map,PIBT,1,11347,10836,374,374,42,0,den520d-random-1.scen
60,den520d.map,PIBTOLD,1,11347,10836,374,374,40,0,den520d-random-1.scen
60,den520d.map,PIBT,1,11591,10836,374,374,41,1,den520d-random-1.scen
60,den520d.map,PIBTOLD,1,11347,10836,374,374,42,1,den520d-random-1.scen
60,den520d.map,PIBT,1,11591,10836,374,374,45,10,den520d-random-1.scen
60,den520d.map,PIBTOLD,1,11347,10836,374,374,38,10,den520d-random-1.scen
60,den520d.map,PIBT,1,11591,10836,374,374,42,100,den520d-random-1.scen
60,den520d.map,PIBTOLD,1,11347,10836,374,374,41,100,den520d-random-1.scen
60,den520d.map,PIBT,1,11591,10836,374,374,42,1000,den520d-random-1.scen
60,den520d.map,PIBTOLD,1,11347,10836,374,374,39,1000,den520d-random-1.scen
100,den520d.map,PIBT,1,18713,17811,375,375,74,0,den520d-random-1.scen
100,den520d.map,PIBTOLD,1,18713,17811,375,375,64,0,den520d-random-1.scen
100,den520d.map,PIBT,1,18911,17811,375,375,69,1,den520d-random-1.scen
100,den520d.map,PIBTOLD,1,18713,17811,375,375,61,1,den520d-random-1.scen
100,den520d.map,PIBT,1,18911,17811,375,375,69,10,den520d-random-1.scen
100,den520d.map,PIBTOLD,1,18713,17811,375,375,71,10,den520d-random-1.scen
100,den520d.map,PIBT,1,18911,17811,375,375,75,100,den520d-random-1.scen
100,den520d.map,PIBTOLD,1,18713,17811,375,375,66,100,den520d-random-1.scen
100,den520d.map,PIBT,1,18911,17811,375,375,71,1000,den520d-random-1.scen
100,den520d.map,PIBTOLD,1,18713,17811,375,375,66,1000,den520d-random-1.scen
140,den520d.map,PIBT,1,26667,25347,394,394,96,0,den520d-random-1.scen
140,den520d.map,PIBTOLD,1,26667,25347,394,394,86,0,den520d-random-1.scen
140,den520d.map,PIBT,1,26900,25347,394,394,103,1,den520d-random-1.scen
140,den520d.map,PIBTOLD,1,26667,25347,394,394,88,1,den520d-random-1.scen
140,den520d.map,PIBT,1,26900,25347,394,394,95,10,den520d-random-1.scen
140,den520d.map,PIBTOLD,1,26667,25347,394,394,96,10,den520d-random-1.scen
140,den520d.map,PIBT,1,26900,25347,394,394,106,100,den520d-random-1.scen
140,den520d.map,PIBTOLD,1,26667,25347,394,394,95,100,den520d-random-1.scen
140,den520d.map,PIBT,1,26900,25347,394,394,101,1000,den520d-random-1.scen
140,den520d.map,PIBTOLD,1,26667,25347,394,394,99,1000,den520d-random-1.scen
180,den520d.map,PIBT,1,35887,33533,404,404,124,0,den520d-random-1.scen
180,den520d.map,PIBTOLD,1,35887,33533,404,404,111,0,den520d-random-1.scen
180,den520d.map,PIBT,1,35960,33533,404,404,130,1,den520d-random-1.scen
180,den520d.map,PIBTOLD,1,35887,33533,404,404,122,1,den520d-random-1.scen
180,den520d.map,PIBT,1,35960,33533,404,404,136,10,den520d-random-1.scen
180,den520d.map,PIBTOLD,1,35887,33533,404,404,124,10,den520d-random-1.scen
180,den520d.map,PIBT,1,35960,33533,404,404,132,100,den520d-random-1.scen
180,den520d.map,PIBTOLD,1,35887,33533,404,404,115,100,den520d-random-1.scen
180,den520d.map,PIBT,1,35960,33533,404,404,136,1000,den520d-random-1.scen
180,den520d.map,PIBTOLD,1,35887,33533,404,404,121,1000,den520d-random-1.scen
220,den520d.map,PIBT,1,44984,41079,404,404,169,0,den520d-random-1.scen
220,den520d.map,PIBTOLD,1,44984,41079,404,404,131,0,den520d-random-1.scen
220,den520d.map,PIBT,1,44378,41079,404,404,167,1,den520d-random-1.scen
220,den520d.map,PIBTOLD,1,44984,41079,404,404,149,1,den520d-random-1.scen
220,den520d.map,PIBT,1,44378,41079,404,404,163,10,den520d-random-1.scen
220,den520d.map,PIBTOLD,1,44984,41079,404,404,146,10,den520d-random-1.scen
220,den520d.map,PIBT,1,44378,41079,404,404,174,100,den520d-random-1.scen
220,den520d.map,PIBTOLD,1,44984,41079,404,404,149,100,den520d-random-1.scen
220,den520d.map,PIBT,1,44378,41079,404,404,166,1000,den520d-random-1.scen
220,den520d.map,PIBTOLD,1,44984,41079,404,404,142,1000,den520d-random-1.scen
260,den520d.map,PIBT,1,53957,48546,404,404,194,0,den520d-random-1.scen
260,den520d.map,PIBTOLD,1,53957,48546,404,404,177,0,den520d-random-1.scen
260,den520d.map,PIBT,1,53369,48546,404,404,177,1,den520d-random-1.scen
260,den520d.map,PIBTOLD,1,53957,48546,404,404,186,1,den520d-random-1.scen
260,den520d.map,PIBT,1,53369,48546,404,404,203,10,den520d-random-1.scen
260,den520d.map,PIBTOLD,1,53957,48546,404,404,177,10,den520d-random-1.scen
260,den520d.map,PIBT,1,53369,48546,404,404,202,100,den520d-random-1.scen
260,den520d.map,PIBTOLD,1,53957,48546,404,404,172,100,den520d-random-1.scen
260,den520d.map,PIBT,1,53369,48546,404,404,203,1000,den520d-random-1.scen
260,den520d.map,PIBTOLD,1,53957,48546,404,404,168,1000,den520d-random-1.scen
300,den520d.map,PIBT,1,62232,56029,404,404,236,0,den520d-random-1.scen
300,den520d.map,PIBTOLD,1,62232,56029,404,404,205,0,den520d-random-1.scen
300,den520d.map,PIBT,1,62035,56029,404,404,220,1,den520d-random-1.scen
300,den520d.map,PIBTOLD,1,62232,56029,404,404,207,1,den520d-random-1.scen
300,den520d.map,PIBT,1,62153,56029,404,404,244,10,den520d-random-1.scen
300,den520d.map,PIBTOLD,1,62232,56029,404,404,211,10,den520d-random-1.scen
300,den520d.map,PIBT,1,62153,56029,404,404,226,100,den520d-random-1.scen
300,den520d.map,PIBTOLD,1,62232,56029,404,404,197,100,den520d-random-1.scen
300,den520d.map,PIBT,1,62153,56029,404,404,224,1000,den520d-random-1.scen
300,den520d.map,PIBTOLD,1,62232,56029,404,404,212,1000,den520d-random-1.scen
340,den520d.map,PIBT,1,71562,62923,404,404,268,0,den520d-random-1.scen
340,den520d.map,PIBTOLD,1,71562,62923,404,404,232,0,den520d-random-1.scen
340,den520d.map,PIBT,1,70845,62923,404,404,276,1,den520d-random-1.scen
340,den520d.map,PIBTOLD,1,71562,62923,404,404,234,1,den520d-random-1.scen
340,den520d.map,PIBT,1,70601,62923,408,404,262,10,den520d-random-1.scen
340,den520d.map,PIBTOLD,1,71562,62923,404,404,235,10,den520d-random-1.scen
340,den520d.map,PIBT,1,70601,62923,408,404,266,100,den520d-random-1.scen
340,den520d.map,PIBTOLD,1,71562,62923,404,404,220,100,den520d-random-1.scen
340,den520d.map,PIBT,1,70601,62923,408,404,274,1000,den520d-random-1.scen
340,den520d.map,PIBTOLD,1,71562,62923,404,404,239,1000,den520d-random-1.scen
380,den520d.map,PIBT,1,80144,70039,404,404,286,0,den520d-random-1.scen
380,den520d.map,PIBTOLD,1,80144,70039,404,404,260,0,den520d-random-1.scen
380,den520d.map,PIBT,1,78850,70039,404,404,316,1,den520d-random-1.scen
380,den520d.map,PIBTOLD,1,80144,70039,404,404,265,1,den520d-random-1.scen
380,den520d.map,PIBT,1,78528,70039,404,404,335,10,den520d-random-1.scen
380,den520d.map,PIBTOLD,1,80144,70039,404,404,274,10,den520d-random-1.scen
380,den520d.map,PIBT,1,78848,70039,404,404,333,100,den520d-random-1.scen
380,den520d.map,PIBTOLD,1,80144,70039,404,404,258,100,den520d-random-1.scen
380,den520d.map,PIBT,1,78848,70039,404,404,323,1000,den520d-random-1.scen
380,den520d.map,PIBTOLD,1,80144,70039,404,404,252,1000,den520d-random-1.scen
420,den520d.map,PIBT,1,90429,78227,404,404,333,0,den520d-random-1.scen
420,den520d.map,PIBTOLD,1,90429,78227,404,404,279,0,den520d-random-1.scen
420,den520d.map,PIBT,1,89548,78227,404,404,361,1,den520d-random-1.scen
420,den520d.map,PIBTOLD,1,90429,78227,404,404,290,1,den520d-random-1.scen
420,den520d.map,PIBT,1,89544,78227,405,404,391,10,den520d-random-1.scen
420,den520d.map,PIBTOLD,1,90429,78227,404,404,295,10,den520d-random-1.scen
420,den520d.map,PIBT,1,90026,78227,404,404,891,100,den520d-random-1.scen
420,den520d.map,PIBTOLD,1,90429,78227,404,404,292,100,den520d-random-1.scen
420,den520d.map,PIBT,1,89482,78227,404,404,1287,1000,den520d-random-1.scen
420,den520d.map,PIBTOLD,1,90429,78227,404,404,286,1000,den520d-random-1.scen
460,den520d.map,PIBT,1,99417,85840,404,404,389,0,den520d-random-1.scen
460,den520d.map,PIBTOLD,1,99417,85840,404,404,317,0,den520d-random-1.scen
460,den520d.map,PIBT,1,97730,85840,406,404,420,1,den520d-random-1.scen
460,den520d.map,PIBTOLD,1,99417,85840,404,404,326,1,den520d-random-1.scen
460,den520d.map,PIBT,1,98463,85840,413,404,485,10,den520d-random-1.scen
460,den520d.map,PIBTOLD,1,99417,85840,404,404,328,10,den520d-random-1.scen
460,den520d.map,PIBT,1,98262,85840,404,404,872,100,den520d-random-1.scen
460,den520d.map,PIBTOLD,1,99417,85840,404,404,332,100,den520d-random-1.scen
460,den520d.map,PIBT,1,98340,85840,408,404,971,1000,den520d-random-1.scen
460,den520d.map,PIBTOLD,1,99417,85840,404,404,317,1000,den520d-random-1.scen
500,den520d.map,PIBT,1,108455,92637,404,404,469,0,den520d-random-1.scen
500,den520d.map,PIBTOLD,1,108455,92637,404,404,338,0,den520d-random-1.scen
500,den520d.map,PIBT,1,106971,92637,404,404,488,1,den520d-random-1.scen
500,den520d.map,PIBTOLD,1,108455,92637,404,404,338,1,den520d-random-1.scen
500,den520d.map,PIBT,1,106957,92637,410,404,727,10,den520d-random-1.scen
500,den520d.map,PIBTOLD,1,108455,92637,404,404,356,10,den520d-random-1.scen
500,den520d.map,PIBT,1,107254,92637,407,404,1711,100,den520d-random-1.scen
500,den520d.map,PIBTOLD,1,108455,92637,404,404,358,100,den520d-random-1.scen
500,den520d.map,PIBT,1,107398,92637,406,404,7450,1000,den520d-random-1.scen
500,den520d.map,PIBTOLD,1,108455,92637,404,404,344,1000,den520d-random-1.scen
540,den520d.map,PIBT,1,116568,99003,406,405,486,0,den520d-random-1.scen
540,den520d.map,PIBTOLD,1,116568,99003,406,405,388,0,den520d-random-1.scen
540,den520d.map,PIBT,1,115290,99003,406,405,525,1,den520d-random-1.scen
540,den520d.map,PIBTOLD,1,116568,99003,406,405,379,1,den520d-random-1.scen
540,den520d.map,PIBT,1,116301,99003,408,405,744,10,den520d-random-1.scen
540,den520d.map,PIBTOLD,1,116568,99003,406,405,380,10,den520d-random-1.scen
540,den520d.map,PIBT,1,116236,99003,405,405,3032,100,den520d-random-1.scen
540,den520d.map,PIBTOLD,1,116568,99003,406,405,393,100,den520d-random-1.scen
540,den520d.map,PIBT,1,116071,99003,405,405,8853,1000,den520d-random-1.scen
540,den520d.map,PIBTOLD,1,116568,99003,406,405,375,1000,den520d-random-1.scen
580,den520d.map,PIBT,1,126425,105578,405,405,528,0,den520d-random-1.scen
580,den520d.map,PIBTOLD,1,126425,105578,405,405,405,0,den520d-random-1.scen
580,den520d.map,PIBT,1,125016,105578,409,405,576,1,den520d-random-1.scen
580,den520d.map,PIBTOLD,1,126425,105578,405,405,410,1,den520d-random-1.scen
580,den520d.map,PIBT,1,125150,105578,411,405,780,10,den520d-random-1.scen
580,den520d.map,PIBTOLD,1,126425,105578,405,405,422,10,den520d-random-1.scen
580,den520d.map,PIBT,1,125068,105578,411,405,1991,100,den520d-random-1.scen
580,den520d.map,PIBTOLD,1,126425,105578,405,405,409,100,den520d-random-1.scen
580,den520d.map,PIBT,1,124699,105578,412,405,11063,1000,den520d-random-1.scen
580,den520d.map,PIBTOLD,1,126425,105578,405,405,392,1000,den520d-random-1.scen
620,den520d.map,PIBT,1,134965,112829,405,405,582,0,den520d-random-1.scen
620,den520d.map,PIBTOLD,1,134965,112829,405,405,435,0,den520d-random-1.scen
620,den520d.map,PIBT,1,133620,112829,416,405,626,1,den520d-random-1.scen
620,den520d.map,PIBTOLD,1,134965,112829,405,405,443,1,den520d-random-1.scen
620,den520d.map,PIBT,1,133815,112829,405,405,949,10,den520d-random-1.scen
620,den520d.map,PIBTOLD,1,134965,112829,405,405,428,10,den520d-random-1.scen
620,den520d.map,PIBT,1,133655,112829,407,405,3611,100,den520d-random-1.scen
620,den520d.map,PIBTOLD,1,134965,112829,405,405,443,100,den520d-random-1.scen
620,den520d.map,PIBT,1,133714,112829,405,405,14972,1000,den520d-random-1.scen
620,den520d.map,PIBTOLD,1,134965,112829,405,405,441,1000,den520d-random-1.scen
660,den520d.map,PIBT,1,144580,119925,407,405,622,0,den520d-random-1.scen
660,den520d.map,PIBTOLD,1,144580,119925,407,405,463,0,den520d-random-1.scen
660,den520d.map,PIBT,1,143069,119925,406,405,667,1,den520d-random-1.scen
660,den520d.map,PIBTOLD,1,144580,119925,407,405,477,1,den520d-random-1.scen
660,den520d.map,PIBT,1,143825,119925,407,405,1090,10,den520d-random-1.scen
660,den520d.map,PIBTOLD,1,144580,119925,407,405,478,10,den520d-random-1.scen
660,den520d.map,PIBT,1,142903,119925,407,405,4572,100,den520d-random-1.scen
660,den520d.map,PIBTOLD,1,144580,119925,407,405,482,100,den520d-random-1.scen
660,den520d.map,PIBT,1,142265,119925,417,405,32818,1000,den520d-random-1.scen
660,den520d.map,PIBTOLD,1,144580,119925,407,405,467,1000,den520d-random-1.scen
700,den520d.map,PIBT,1,151850,126015,405,405,645,0,den520d-random-1.scen
700,den520d.map,PIBTOLD,1,151850,126015,405,405,504,0,den520d-random-1.scen
700,den520d.map,PIBT,1,151267,126015,412,405,774,1,den520d-random-1.scen
700,den520d.map,PIBTOLD,1,151850,126015,405,405,486,1,den520d-random-1.scen
700,den520d.map,PIBT,1,150829,126015,405,405,1276,10,den520d-random-1.scen
700,den520d.map,PIBTOLD,1,151850,126015,405,405,494,10,den520d-random-1.scen
700,den520d.map,PIBT,1,150459,126015,405,405,4151,100,den520d-random-1.scen
700,den520d.map,PIBTOLD,1,151850,126015,405,405,490,100,den520d-random-1.scen
700,den520d.map,PIBT,1,150405,126015,405,405,29505,1000,den520d-random-1.scen
700,den520d.map,PIBTOLD,1,151850,126015,405,405,497,1000,den520d-random-1.scen
740,den520d.map,PIBT,1,161627,133593,405,405,729,0,den520d-random-1.scen
740,den520d.map,PIBTOLD,1,161627,133593,405,405,532,0,den520d-random-1.scen
740,den520d.map,PIBT,1,161146,133593,411,405,833,1,den520d-random-1.scen
740,den520d.map,PIBTOLD,1,161627,133593,405,405,537,1,den520d-random-1.scen
740,den520d.map,PIBT,1,160097,133593,410,405,1335,10,den520d-random-1.scen
740,den520d.map,PIBTOLD,1,161627,133593,405,405,527,10,den520d-random-1.scen
740,den520d.map,PIBT,1,160712,133593,406,405,5903,100,den520d-random-1.scen
740,den520d.map,PIBTOLD,1,161627,133593,405,405,509,100,den520d-random-1.scen
740,den520d.map,PIBT,1,160480,133593,406,405,27361,1000,den520d-random-1.scen
740,den520d.map,PIBTOLD,1,161627,133593,405,405,519,1000,den520d-random-1.scen
780,den520d.map,PIBT,1,172588,141195,405,405,766,0,den520d-random-1.scen
780,den520d.map,PIBTOLD,1,172588,141195,405,405,533,0,den520d-random-1.scen
780,den520d.map,PIBT,1,170740,141195,408,405,852,1,den520d-random-1.scen
780,den520d.map,PIBTOLD,1,172588,141195,405,405,564,1,den520d-random-1.scen
780,den520d.map,PIBT,1,171197,141195,410,405,1471,10,den520d-random-1.scen
780,den520d.map,PIBTOLD,1,172588,141195,405,405,549,10,den520d-random-1.scen
780,den520d.map,PIBT,1,171366,141195,408,405,6293,100,den520d-random-1.scen
780,den520d.map,PIBTOLD,1,172588,141195,405,405,549,100,den520d-random-1.scen
780,den520d.map,PIBT,1,171137,141195,412,405,47819,1000,den520d-random-1.scen
780,den520d.map,PIBTOLD,1,172588,141195,405,405,533,1000,den520d-random-1.scen
20,den520d.map,PIBT,1,4336,4331,374,374,13,0,den520d-random-3.scen
20,den520d.map,PIBTOLD,1,4336,4331,374,374,13,0,den520d-random-3.scen
20,den520d.map,PIBT,1,4529,4331,374,374,14,1,den520d-random-3.scen
20,den520d.map,PIBTOLD,1,4336,4331,374,374,12,1,den520d-random-3.scen
20,den520d.map,PIBT,1,4529,4331,374,374,14,10,den520d-random-3.scen
20,den520d.map,PIBTOLD,1,4336,4331,374,374,13,10,den520d-random-3.scen
20,den520d.map,PIBT,1,4529,4331,374,374,14,100,den520d-random-3.scen
20,den520d.map,PIBTOLD,1,4336,4331,374,374,13,100,den520d-random-3.scen
20,den520d.map,PIBT,1,4529,4331,374,374,16,1000,den520d-random-3.scen
20,den520d.map,PIBTOLD,1,4336,4331,374,374,16,1000,den520d-random-3.scen
60,den520d.map,PIBT,1,11347,10836,374,374,40,0,den520d-random-3.scen
60,den520d.map,PIBTOLD,1,11347,10836,374,374,42,0,den520d-random-3.scen
60,den520d.map,PIBT,1,11591,10836,374,374,38,1,den520d-random-3.scen
60,den520d.map,PIBTOLD,1,11347,10836,374,374,37,1,den520d-random-3.scen
60,den520d.map,PIBT,1,11591,10836,374,374,46,10,den520d-random-3.scen
60,den520d.map,PIBTOLD,1,11347,10836,374,374,37,10,den520d-random-3.scen
60,den520d.map,PIBT,1,11591,10836,374,374,39,100,den520d-random-3.scen
60,den520d.map,PIBTOLD,1,11347,10836,374,374,43,100,den520d-random-3.scen
60,den520d.map,PIBT,1,11591,10836,374,374,38,1000,den520d-random-3.scen
60,den520d.map,PIBTOLD,1,11347,10836,374,374,42,1000,den520d-random-3.scen
100,den520d.map,PIBT,1,18713,17811,375,375,68,0,den520d-random-3.scen
100,den520d.map,PIBTOLD,1,18713,17811,375,375,64,0,den520d-random-3.scen
100,den520d.map,PIBT,1,18911,17811,375,375,71,1,den520d-random-3.scen
100,den520d.map,PIBTOLD,1,18713,17811,375,375,66,1,den520d-random-3.scen
100,den520d.map,PIBT,1,18911,17811,375,375,71,10,den520d-random-3.scen
100,den520d.map,PIBTOLD,1,18713,17811,375,375,72,10,den520d-random-3.scen
100,den520d.map,PIBT,1,18911,17811,375,375,73,100,den520d-random-3.scen
100,den520d.map,PIBTOLD,1,18713,17811,375,375,68,100,den520d-random-3.scen
100,den520d.map,PIBT,1,18911,17811,375,375,75,1000,den520d-random-3.scen
100,den520d.map,PIBTOLD,1,18713,17811,375,375,61,1000,den520d-random-3.scen
140,den520d.map,PIBT,1,26667,25347,394,394,100,0,den520d-random-3.scen
140,den520d.map,PIBTOLD,1,26667,25347,394,394,96,0,den520d-random-3.scen
140,den520d.map,PIBT,1,26900,25347,394,394,97,1,den520d-random-3.scen
140,den520d.map,PIBTOLD,1,26667,25347,394,394,92,1,den520d-random-3.scen
140,den520d.map,PIBT,1,26900,25347,394,394,96,10,den520d-random-3.scen
140,den520d.map,PIBTOLD,1,26667,25347,394,394,89,10,den520d-random-3.scen
140,den520d.map,PIBT,1,26900,25347,394,394,101,100,den520d-random-3.scen
140,den520d.map,PIBTOLD,1,26667,25347,394,394,97,100,den520d-random-3.scen
140,den520d.map,PIBT,1,26900,25347,394,394,104,1000,den520d-random-3.scen
140,den520d.map,PIBTOLD,1,26667,25347,394,394,99,1000,den520d-random-3.scen
180,den520d.map,PIBT,1,35887,33533,404,404,137,0,den520d-random-3.scen
180,den520d.map,PIBTOLD,1,35887,33533,404,404,115,0,den520d-random-3.scen
180,den520d.map,PIBT,1,35960,33533,404,404,128,1,den520d-random-3.scen
180,den520d.map,PIBTOLD,1,35887,33533,404,404,113,1,den520d-random-3.scen
180,den520d.map,PIBT,1,35960,33533,404,404,132,10,den520d-random-3.scen
180,den520d.map,PIBTOLD,1,35887,33533,404,404,123,10,den520d-random-3.scen
180,den520d.map,PIBT,1,35960,33533,404,404,130,100,den520d-random-3.scen
180,den520d.map,PIBTOLD,1,35887,33533,404,404,122,100,den520d-random-3.scen
180,den520d.map,PIBT,1,35960,33533,404,404,133,1000,den520d-random-3.scen
180,den520d.map,PIBTOLD,1,35887,33533,404,404,116,1000,den520d-random-3.scen
220,den520d.map,PIBT,1,44984,41079,404,404,170,0,den520d-random-3.scen
220,den520d.map,PIBTOLD,1,44984,41079,404,404,139,0,den520d-random-3.scen
220,den520d.map,PIBT,1,44378,41079,404,404,167,1,den520d-random-3.scen
220,den520d.map,PIBTOLD,1,44984,41079,404,404,128,1,den520d-random-3.scen
220,den520d.map,PIBT,1,44378,41079,404,404,167,10,den520d-random-3.scen
220,den520d.map,PIBTOLD,1,44984,41079,404,404,144,10,den520d-random-3.scen
220,den520d.map,PIBT,1,44378,41079,404,404,169,100,den520d-random-3.scen
220,den520d.map,PIBTOLD,1,44984,41079,404,404,156,100,den520d-random-3.scen
220,den520d.map,PIBT,1,44378,41079,404,404,169,1000,den520d-random-3.scen
220,den520d.map,PIBTOLD,1,44984,41079,404,404,141,1000,den520d-random-3.scen
260,den520d.map,PIBT,1,53957,48546,404,404,194,0,den520d-random-3.scen
260,den520d.map,PIBTOLD,1,53957,48546,404,404,163,0,den520d-random-3.scen
260,den520d.map,PIBT,1,53369,48546,404,404,196,1,den520d-random-3.scen
260,den520d.map,PIBTOLD,1,53957,48546,404,404,171,1,den520d-random-3.scen
260,den520d.map,PIBT,1,53369,48546,404,404,191,10,den520d-random-3.scen
260,den520d.map,PIBTOLD,1,53957,48546,404,404,172,10,den520d-random-3.scen
260,den520d.map,PIBT,1,53369,48546,404,404,204,100,den520d-random-3.scen
260,den520d.map,PIBTOLD,1,53957,48546,404,404,175,100,den520d-random-3.scen
260,den520d.map,PIBT,1,53369,48546,404,404,198,1000,den520d-random-3.scen
260,den520d.map,PIBTOLD,1,53957,48546,404,404,175,1000,den520d-random-3.scen
300,den520d.map,PIBT,1,62232,56029,404,404,229,0,den520d-random-3.scen
300,den520d.map,PIBTOLD,1,62232,56029,404,404,193,0,den520d-random-3.scen
300,den520d.map,PIBT,1,61923,56029,404,404,230,1,den520d-random-3.scen
300,den520d.map,PIBTOLD,1,62232,56029,404,404,189,1,den520d-random-3.scen
300,den520d.map,PIBT,1,62153,56029,404,404,227,10,den520d-random-3.scen
300,den520d.map,PIBTOLD,1,62232,56029,404,404,188,10,den520d-random-3.scen
300,den520d.map,PIBT,1,62153,56029,404,404,241,100,den520d-random-3.scen
300,den520d.map,PIBTOLD,1,62232,56029,404,404,199,100,den520d-random-3.scen
300,den520d.map,PIBT,1,62153,56029,404,404,232,1000,den520d-random-3.scen
300,den520d.map,PIBTOLD,1,62232,56029,404,404,199,1000,den520d-random-3.scen
340,den520d.map,PIBT,1,71562,62923,404,404,274,0,den520d-random-3.scen
340,den520d.map,PIBTOLD,1,71562,62923,404,404,235,0,den520d-random-3.scen
340,den520d.map,PIBT,1,70464,62923,404,404,275,1,den520d-random-3.scen
340,den520d.map,PIBTOLD,1,71562,62923,404,404,237,1,den520d-random-3.scen
340,den520d.map,PIBT,1,70601,62923,408,404,270,10,den520d-random-3.scen
340,den520d.map,PIBTOLD,1,71562,62923,404,404,233,10,den520d-random-3.scen
340,den520d.map,PIBT,1,70601,62923,408,404,282,100,den520d-random-3.scen
340,den520d.map,PIBTOLD,1,71562,62923,404,404,221,100,den520d-random-3.scen
340,den520d.map,PIBT,1,70601,62923,408,404,258,1000,den520d-random-3.scen
340,den520d.map,PIBTOLD,1,71562,62923,404,404,233,1000,den520d-random-3.scen
380,den520d.map,PIBT,1,80144,70039,404,404,300,0,den520d-random-3.scen
380,den520d.map,PIBTOLD,1,80144,70039,404,404,252,0,den520d-random-3.scen
380,den520d.map,PIBT,1,78589,70039,404,404,319,1,den520d-random-3.scen
380,den520d.map,PIBTOLD,1,80144,70039,404,404,235,1,den520d-random-3.scen
380,den520d.map,PIBT,1,79113,70039,404,404,303,10,den520d-random-3.scen
380,den520d.map,PIBTOLD,1,80144,70039,404,404,252,10,den520d-random-3.scen
380,den520d.map,PIBT,1,78848,70039,404,404,341,100,den520d-random-3.scen
380,den520d.map,PIBTOLD,1,80144,70039,404,404,264,100,den520d-random-3.scen
380,den520d.map,PIBT,1,78848,70039,404,404,340,1000,den520d-random-3.scen
380,den520d.map,PIBTOLD,1,80144,70039,404,404,260,1000,den520d-random-3.scen
420,den520d.map,PIBT,1,90429,78227,404,404,339,0,den520d-random-3.scen
420,den520d.map,PIBTOLD,1,90429,78227,404,404,277,0,den520d-random-3.scen
420,den520d.map,PIBT,1,89733,78227,404,404,370,1,den520d-random-3.scen
420,den520d.map,PIBTOLD,1,90429,78227,404,404,285,1,den520d-random-3.scen
420,den520d.map,PIBT,1,89403,78227,407,404,418,10,den520d-random-3.scen
420,den520d.map,PIBTOLD,1,90429,78227,404,404,293,10,den520d-random-3.scen
420,den520d.map,PIBT,1,89469,78227,404,404,978,100,den520d-random-3.scen
420,den520d.map,PIBTOLD,1,90429,78227,404,404,306,100,den520d-random-3.scen
420,den520d.map,PIBT,1,89482,78227,404,404,1302,1000,den520d-random-3.scen
420,den520d.map,PIBTOLD,1,90429,78227,404,404,272,1000,den520d-random-3.scen
460,den520d.map,PIBT,1,99417,85840,404,404,389,0,den520d-random-3.scen
460,den520d.map,PIBTOLD,1,99417,85840,404,404,313,0,den520d-random-3.scen
460,den520d.map,PIBT,1,98318,85840,404,404,412,1,den520d-random-3.scen
460,den520d.map,PIBTOLD,1,99417,85840,404,404,306,1,den520d-random-3.scen
460,den520d.map,PIBT,1,98116,85840,406,404,520,10,den520d-random-3.scen
460,den520d.map,PIBTOLD,1,99417,85840,404,404,323,10,den520d-random-3.scen
460,den520d.map,PIBT,1,98244,85840,404,404,711,100,den520d-random-3.scen
460,den520d.map,PIBTOLD,1,99417,85840,404,404,293,100,den520d-random-3.scen
460,den520d.map,PIBT,1,98340,85840,408,404,956,1000,den520d-random-3.scen
460,den520d.map,PIBTOLD,1,99417,85840,404,404,317,1000,den520d-random-3.scen
500,den520d.map,PIBT,1,108455,92637,404,404,425,0,den520d-random-3.scen
500,den520d.map,PIBTOLD,1,108455,92637,404,404,354,0,den520d-random-3.scen
500,den520d.map,PIBT,1,107780,92637,406,404,471,1,den520d-random-3.scen
500,den520d.map,PIBTOLD,1,108455,92637,404,404,338,1,den520d-random-3.scen
500,den520d.map,PIBT,1,107629,92637,406,404,775,10,den520d-random-3.scen
500,den520d.map,PIBTOLD,1,108455,92637,404,404,350,10,den520d-random-3.scen
500,den520d.map,PIBT,1,107617,92637,404,404,2053,100,den520d-random-3.scen
500,den520d.map,PIBTOLD,1,108455,92637,404,404,339,100,den520d-random-3.scen
500,den520d.map,PIBT,1,107413,92637,406,404,8437,1000,den520d-random-3.scen
500,den520d.map,PIBTOLD,1,108455,92637,404,404,335,1000,den520d-random-3.scen
540,den520d.map,PIBT,1,116568,99003,406,405,462,0,den520d-random-3.scen
540,den520d.map,PIBTOLD,1,116568,99003,406,405,380,0,den520d-random-3.scen
540,den520d.map,PIBT,1,116114,99003,416,405,525,1,den520d-random-3.scen
540,den520d.map,PIBTOLD,1,116568,99003,406,405,377,1,den520d-random-3.scen
540,den520d.map,PIBT,1,115954,99003,405,405,804,10,den520d-random-3.scen
540,den520d.map,PIBTOLD,1,116568,99003,406,405,374,10,den520d-random-3.scen
540,den520d.map,PIBT,1,116198,99003,405,405,2495,100,den520d-random-3.scen
540,den520d.map,PIBTOLD,1,116568,99003,406,405,371,100,den520d-random-3.scen
540,den520d.map,PIBT,1,116508,99003,405,405,6601,1000,den520d-random-3.scen
540,den520d.map,PIBTOLD,1,116568,99003,406,405,388,1000,den520d-random-3.scen
580,den520d.map,PIBT,1,126425,105578,405,405,533,0,den520d-random-3.scen
580,den520d.map,PIBTOLD,1,126425,105578,405,405,402,0,den520d-random-3.scen
580,den520d.map,PIBT,1,124666,105578,411,405,556,1,den520d-random-3.scen
580,den520d.map,PIBTOLD,1,126425,105578,405,405,406,1,den520d-random-3.scen
580,den520d.map,PIBT,1,124449,105578,412,405,950,10,den520d-random-3.scen
580,den520d.map,PIBTOLD,1,126425,105578,405,405,403,10,den520d-random-3.scen
580,den520d.map,PIBT,1,124993,105578,412,405,2356,100,den520d-random-3.scen
580,den520d.map,PIBTOLD,1,126425,105578,405,405,413,100,den520d-random-3.scen
580,den520d.map,PIBT,1,124621,105578,411,405,17277,1000,den520d-random-3.scen
580,den520d.map,PIBTOLD,1,126425,105578,405,405,415,1000,den520d-random-3.scen
620,den520d.map,PIBT,1,134965,112829,405,405,567,0,den520d-random-3.scen
620,den520d.map,PIBTOLD,1,134965,112829,405,405,449,0,den520d-random-3.scen
620,den520d.map,PIBT,1,133798,112829,405,405,640,1,den520d-random-3.scen
620,den520d.map,PIBTOLD,1,134965,112829,405,405,438,1,den520d-random-3.scen
620,den520d.map,PIBT,1,133637,112829,405,405,963,10,den520d-random-3.scen
620,den520d.map,PIBTOLD,1,134965,112829,405,405,447,10,den520d-random-3.scen
620,den520d.map,PIBT,1,134195,112829,408,405,3471,100,den520d-random-3.scen
620,den520d.map,PIBTOLD,1,134965,112829,405,405,433,100,den520d-random-3.scen
620,den520d.map,PIBT,1,133828,112829,405,405,26159,1000,den520d-random-3.scen
620,den520d.map,PIBTOLD,1,134965,112829,405,405,410,1000,den520d-random-3.scen
660,den520d.map,PIBT,1,144580,119925,407,405,608,0,den520d-random-3.scen
660,den520d.map,PIBTOLD,1,144580,119925,407,405,471,0,den520d-random-3.scen
660,den520d.map,PIBT,1,143059,119925,408,405,677,1,den520d-random-3.scen
660,den520d.map,PIBTOLD,1,144580,119925,407,405,440,1,den520d-random-3.scen
660,den520d.map,PIBT,1,142998,119925,407,405,1184,10,den520d-random-3.scen
660,den520d.map,PIBTOLD,1,144580,119925,407,405,454,10,den520d-random-3.scen
660,den520d.map,PIBT,1,143914,119925,406,405,4797,100,den520d-random-3.scen
660,den520d.map,PIBTOLD,1,144580,119925,407,405,442,100,den520d-random-3.scen
660,den520d.map,PIBT,1,142943,119925,406,405,37065,1000,den520d-random-3.scen
660,den520d.map,PIBTOLD,1,144580,119925,407,405,445,1000,den520d-random-3.scen
700,den520d.map,PIBT,1,151850,126015,405,405,668,0,den520d-random-3.scen
700,den520d.map,PIBTOLD,1,151850,126015,405,405,511,0,den520d-random-3.scen
700,den520d.map,PIBT,1,151201,126015,407,405,752,1,den520d-random-3.scen
700,den520d.map,PIBTOLD,1,151850,126015,405,405,475,1,den520d-random-3.scen
700,den520d.map,PIBT,1,150469,126015,407,405,1206,10,den520d-random-3.scen
700,den520d.map,PIBTOLD,1,151850,126015,405,405,463,10,den520d-random-3.scen
700,den520d.map,PIBT,1,150041,126015,405,405,3393,100,den520d-random-3.scen
700,den520d.map,PIBTOLD,1,151850,126015,405,405,486,100,den520d-random-3.scen
700,den520d.map,PIBT,1,150193,126015,405,405,17459,1000,den520d-random-3.scen
700,den520d.map,PIBTOLD,1,151850,126015,405,405,475,1000,den520d-random-3.scen
740,den520d.map,PIBT,1,161627,133593,405,405,669,0,den520d-random-3.scen
740,den520d.map,PIBTOLD,1,161627,133593,405,405,487,0,den520d-random-3.scen
740,den520d.map,PIBT,1,161955,133593,405,405,816,1,den520d-random-3.scen
740,den520d.map,PIBTOLD,1,161627,133593,405,405,538,1,den520d-random-3.scen
740,den520d.map,PIBT,1,160764,133593,406,405,1284,10,den520d-random-3.scen
740,den520d.map,PIBTOLD,1,161627,133593,405,405,534,10,den520d-random-3.scen
740,den520d.map,PIBT,1,159968,133593,408,405,5275,100,den520d-random-3.scen
740,den520d.map,PIBTOLD,1,161627,133593,405,405,504,100,den520d-random-3.scen
740,den520d.map,PIBT,1,160664,133593,405,405,48519,1000,den520d-random-3.scen
740,den520d.map,PIBTOLD,1,161627,133593,405,405,514,1000,den520d-random-3.scen
780,den520d.map,PIBT,1,172588,141195,405,405,772,0,den520d-random-3.scen
780,den520d.map,PIBTOLD,1,172588,141195,405,405,556,0,den520d-random-3.scen
780,den520d.map,PIBT,1,170666,141195,408,405,881,1,den520d-random-3.scen
780,den520d.map,PIBTOLD,1,172588,141195,405,405,514,1,den520d-random-3.scen
780,den520d.map,PIBT,1,171309,141195,408,405,1450,10,den520d-random-3.scen
780,den520d.map,PIBTOLD,1,172588,141195,405,405,562,10,den520d-random-3.scen
780,den520d.map,PIBT,1,170623,141195,412,405,7489,100,den520d-random-3.scen
780,den520d.map,PIBTOLD,1,172588,141195,405,405,556,100,den520d-random-3.scen
20,den520d.map,PIBT,1,4336,4331,374,374,16,0,den520d-random-15.scen
20,den520d.map,PIBTOLD,1,4336,4331,374,374,13,0,den520d-random-15.scen
20,den520d.map,PIBT,1,4529,4331,374,374,16,1,den520d-random-15.scen
20,den520d.map,PIBTOLD,1,4336,4331,374,374,12,1,den520d-random-15.scen
20,den520d.map,PIBT,1,4529,4331,374,374,15,10,den520d-random-15.scen
20,den520d.map,PIBTOLD,1,4336,4331,374,374,15,10,den520d-random-15.scen
20,den520d.map,PIBT,1,4529,4331,374,374,14,100,den520d-random-15.scen
20,den520d.map,PIBTOLD,1,4336,4331,374,374,14,100,den520d-random-15.scen
20,den520d.map,PIBT,1,4529,4331,374,374,13,1000,den520d-random-15.scen
20,den520d.map,PIBTOLD,1,4336,4331,374,374,13,1000,den520d-random-15.scen
60,den520d.map,PIBT,1,11347,10836,374,374,43,0,den520d-random-15.scen
60,den520d.map,PIBTOLD,1,11347,10836,374,374,40,0,den520d-random-15.scen
60,den520d.map,PIBT,1,11591,10836,374,374,44,1,den520d-random-15.scen
60,den520d.map,PIBTOLD,1,11347,10836,374,374,39,1,den520d-random-15.scen
60,den520d.map,PIBT,1,11591,10836,374,374,44,10,den520d-random-15.scen
60,den520d.map,PIBTOLD,1,11347,10836,374,374,39,10,den520d-random-15.scen
60,den520d.map,PIBT,1,11591,10836,374,374,41,100,den520d-random-15.scen
60,den520d.map,PIBTOLD,1,11347,10836,374,374,41,100,den520d-random-15.scen
60,den520d.map,PIBT,1,11591,10836,374,374,41,1000,den520d-random-15.scen
60,den520d.map,PIBTOLD,1,11347,10836,374,374,38,1000,den520d-random-15.scen
100,den520d.map,PIBT,1,18713,17811,375,375,72,0,den520d-random-15.scen
100,den520d.map,PIBTOLD,1,18713,17811,375,375,63,0,den520d-random-15.scen
100,den520d.map,PIBT,1,18911,17811,375,375,72,1,den520d-random-15.scen
100,den520d.map,PIBTOLD,1,18713,17811,375,375,65,1,den520d-random-15.scen
100,den520d.map,PIBT,1,18911,17811,375,375,71,10,den520d-random-15.scen
100,den520d.map,PIBTOLD,1,18713,17811,375,375,66,10,den520d-random-15.scen
100,den520d.map,PIBT,1,18911,17811,375,375,69,100,den520d-random-15.scen
100,den520d.map,PIBTOLD,1,18713,17811,375,375,69,100,den520d-random-15.scen
100,den520d.map,PIBT,1,18911,17811,375,375,71,1000,den520d-random-15.scen
100,den520d.map,PIBTOLD,1,18713,17811,375,375,65,1000,den520d-random-15.scen
140,den520d.map,PIBT,1,26667,25347,394,394,104,0,den520d-random-15.scen
140,den520d.map,PIBTOLD,1,26667,25347,394,394,90,0,den520d-random-15.scen
140,den520d.map,PIBT,1,26900,25347,394,394,96,1,den520d-random-15.scen
140,den520d.map,PIBTOLD,1,26667,25347,394,394,89,1,den520d-random-15.scen
140,den520d.map,PIBT,1,26900,25347,394,394,104,10,den520d-random-15.scen
140,den520d.map,PIBTOLD,1,26667,25347,394,394,93,10,den520d-random-15.scen
140,den520d.map,PIBT,1,26900,25347,394,394,96,100,den520d-random-15.scen
140,den520d.map,PIBTOLD,1,26667,25347,394,394,99,100,den520d-random-15.scen
140,den520d.map,PIBT,1,26900,25347,394,394,95,1000,den520d-random-15.scen
140,den520d.map,PIBTOLD,1,26667,25347,394,394,90,1000,den520d-random-15.scen
180,den520d.map,PIBT,1,35887,33533,404,404,133,0,den520d-random-15.scen
180,den520d.map,PIBTOLD,1,35887,33533,404,404,124,0,den520d-random-15.scen
180,den520d.map,PIBT,1,35960,33533,404,404,135,1,den520d-random-15.scen
180,den520d.map,PIBTOLD,1,35887,33533,404,404,122,1,den520d-random-15.scen
180,den520d.map,PIBT,1,35960,33533,404,404,136,10,den520d-random-15.scen
180,den520d.map,PIBTOLD,1,35887,33533,404,404,119,10,den520d-random-15.scen
180,den520d.map,PIBT,1,35960,33533,404,404,126,100,den520d-random-15.scen
180,den520d.map,PIBTOLD,1,35887,33533,404,404,120,100,den520d-random-15.scen
180,den520d.map,PIBT,1,35960,33533,404,404,138,1000,den520d-random-15.scen
180,den520d.map,PIBTOLD,1,35887,33533,404,404,109,1000,den520d-random-15.scen
220,den520d.map,PIBT,1,44984,41079,404,404,167,0,den520d-random-15.scen
220,den520d.map,PIBTOLD,1,44984,41079,404,404,137,0,den520d-random-15.scen
220,den520d.map,PIBT,1,44378,41079,404,404,164,1,den520d-random-15.scen
220,den520d.map,PIBTOLD,1,44984,41079,404,404,154,1,den520d-random-15.scen
220,den520d.map,PIBT,1,44378,41079,404,404,168,10,den520d-random-15.scen
220,den520d.map,PIBTOLD,1,44984,41079,404,404,156,10,den520d-random-15.scen
220,den520d.map,PIBT,1,44378,41079,404,404,167,100,den520d-random-15.scen
220,den520d.map,PIBTOLD,1,44984,41079,404,404,144,100,den520d-random-15.scen
220,den520d.map,PIBT,1,44378,41079,404,404,175,1000,den520d-random-15.scen
220,den520d.map,PIBTOLD,1,44984,41079,404,404,144,1000,den520d-random-15.scen
260,den520d.map,PIBT,1,53957,48546,404,404,198,0,den520d-random-15.scen
260,den520d.map,PIBTOLD,1,53957,48546,404,404,186,0,den520d-random-15.scen
260,den520d.map,PIBT,1,53369,48546,404,404,197,1,den520d-random-15.scen
260,den520d.map,PIBTOLD,1,53957,48546,404,404,179,1,den520d-random-15.scen
260,den520d.map,PIBT,1,53369,48546,404,404,203,10,den520d-random-15.scen
260,den520d.map,PIBTOLD,1,53957,48546,404,404,182,10,den520d-random-15.scen
260,den520d.map,PIBT,1,53369,48546,404,404,199,100,den520d-random-15.scen
260,den520d.map,PIBTOLD,1,53957,48546,404,404,180,100,den520d-random-15.scen
260,den520d.map,PIBT,1,53369,48546,404,404,200,1000,den520d-random-15.scen
260,den520d.map,PIBTOLD,1,53957,48546,404,404,178,1000,den520d-random-15.scen
300,den520d.map,PIBT,1,62232,56029,404,404,239,0,den520d-random-15.scen
300,den520d.map,PIBTOLD,1,62232,56029,404,404,210,0,den520d-random-15.scen
300,den520d.map,PIBT,1,62092,56029,410,404,242,1,den520d-random-15.scen
300,den520d.map,PIBTOLD,1,62232,56029,404,404,201,1,den520d-random-15.scen
300,den520d.map,PIBT,1,62153,56029,404,404,243,10,den520d-random-15.scen
300,den520d.map,PIBTOLD,1,62232,56029,404,404,201,10,den520d-random-15.scen
300,den520d.map,PIBT,1,62153,56029,404,404,243,100,den520d-random-15.scen
300,den520d.map,PIBTOLD,1,62232,56029,404,404,207,100,den520d-random-15.scen
300,den520d.map,PIBT,1,62153,56029,404,404,238,1000,den520d-random-15.scen
300,den520d.map,PIBTOLD,1,62232,56029,404,404,202,1000,den520d-random-15.scen
340,den520d.map,PIBT,1,71562,62923,404,404,275,0,den520d-random-15.scen
340,den520d.map,PIBTOLD,1,71562,62923,404,404,220,0,den520d-random-15.scen
340,den520d.map,PIBT,1,70751,62923,408,404,283,1,den520d-random-15.scen
340,den520d.map,PIBTOLD,1,71562,62923,404,404,233,1,den520d-random-15.scen
340,den520d.map,PIBT,1,70601,62923,408,404,272,10,den520d-random-15.scen
340,den520d.map,PIBTOLD,1,71562,62923,404,404,210,10,den520d-random-15.scen
340,den520d.map,PIBT,1,70601,62923,408,404,271,100,den520d-random-15.scen
340,den520d.map,PIBTOLD,1,71562,62923,404,404,240,100,den520d-random-15.scen
340,den520d.map,PIBT,1,70601,62923,408,404,270,1000,den520d-random-15.scen
340,den520d.map,PIBTOLD,1,71562,62923,404,404,244,1000,den520d-random-15.scen
380,den520d.map,PIBT,1,80144,70039,404,404,316,0,den520d-random-15.scen
380,den520d.map,PIBTOLD,1,80144,70039,404,404,267,0,den520d-random-15.scen
380,den520d.map,PIBT,1,79355,70039,404,404,320,1,den520d-random-15.scen
380,den520d.map,PIBTOLD,1,80144,70039,404,404,267,1,den520d-random-15.scen
380,den520d.map,PIBT,1,78493,70039,404,404,335,10,den520d-random-15.scen
380,den520d.map,PIBTOLD,1,80144,70039,404,404,264,10,den520d-random-15.scen
380,den520d.map,PIBT,1,78848,70039,404,404,334,100,den520d-random-15.scen
380,den520d.map,PIBTOLD,1,80144,70039,404,404,269,100,den520d-random-15.scen
380,den520d.map,PIBT,1,78848,70039,404,404,329,1000,den520d-random-15.scen
380,den520d.map,PIBTOLD,1,80144,70039,404,404,254,1000,den520d-random-15.scen
420,den520d.map,PIBT,1,90429,78227,404,404,344,0,den520d-random-15.scen
420,den520d.map,PIBTOLD,1,90429,78227,404,404,297,0,den520d-random-15.scen
420,den520d.map,PIBT,1,89369,78227,404,404,367,1,den520d-random-15.scen
420,den520d.map,PIBTOLD,1,90429,78227,404,404,296,1,den520d-random-15.scen
420,den520d.map,PIBT,1,89737,78227,404,404,383,10,den520d-random-15.scen
420,den520d.map,PIBTOLD,1,90429,78227,404,404,286,10,den520d-random-15.scen
420,den520d.map,PIBT,1,89749,78227,404,404,869,100,den520d-random-15.scen
420,den520d.map,PIBTOLD,1,90429,78227,404,404,300,100,den520d-random-15.scen
420,den520d.map,PIBT,1,89482,78227,404,404,1286,1000,den520d-random-15.scen
420,den520d.map,PIBTOLD,1,90429,78227,404,404,286,1000,den520d-random-15.scen
460,den520d.map,PIBT,1,99417,85840,404,404,407,0,den520d-random-15.scen
460,den520d.map,PIBTOLD,1,99417,85840,404,404,311,0,den520d-random-15.scen
460,den520d.map,PIBT,1,98198,85840,410,404,436,1,den520d-random-15.scen
460,den520d.map,PIBTOLD,1,99417,85840,404,404,315,1,den520d-random-15.scen
460,den520d.map,PIBT,1,98416,85840,415,404,468,10,den520d-random-15.scen
460,den520d.map,PIBTOLD,1,99417,85840,404,404,325,10,den520d-random-15.scen
460,den520d.map,PIBT,1,98190,85840,406,404,862,100,den520d-random-15.scen
460,den520d.map,PIBTOLD,1,99417,85840,404,404,320,100,den520d-random-15.scen
460,den520d.map,PIBT,1,98340,85840,408,404,967,1000,den520d-random-15.scen
460,den520d.map,PIBTOLD,1,99417,85840,404,404,321,1000,den520d-random-15.scen
500,den520d.map,PIBT,1,108455,92637,404,404,421,0,den520d-random-15.scen
500,den520d.map,PIBTOLD,1,108455,92637,404,404,342,0,den520d-random-15.scen
500,den520d.map,PIBT,1,107423,92637,404,404,474,1,den520d-random-15.scen
500,den520d.map,PIBTOLD,1,108455,92637,404,404,354,1,den520d-random-15.scen
500,den520d.map,PIBT,1,107647,92637,404,404,666,10,den520d-random-15.scen
500,den520d.map,PIBTOLD,1,108455,92637,404,404,353,10,den520d-random-15.scen
500,den520d.map,PIBT,1,107288,92637,407,404,1452,100,den520d-random-15.scen
500,den520d.map,PIBTOLD,1,108455,92637,404,404,350,100,den520d-random-15.scen
500,den520d.map,PIBT,1,107568,92637,406,404,7577,1000,den520d-random-15.scen
500,den520d.map,PIBTOLD,1,108455,92637,404,404,354,1000,den520d-random-15.scen
540,den520d.map,PIBT,1,116568,99003,406,405,502,0,den520d-random-15.scen
540,den520d.map,PIBTOLD,1,116568,99003,406,405,375,0,den520d-random-15.scen
540,den520d.map,PIBT,1,115814,99003,406,405,542,1,den520d-random-15.scen
540,den520d.map,PIBTOLD,1,116568,99003,406,405,380,1,den520d-random-15.scen
540,den520d.map,PIBT,1,115980,99003,405,405,682,10,den520d-random-15.scen
540,den520d.map,PIBTOLD,1,116568,99003,406,405,349,10,den520d-random-15.scen
540,den520d.map,PIBT,1,116392,99003,405,405,2167,100,den520d-random-15.scen
540,den520d.map,PIBTOLD,1,116568,99003,406,405,370,100,den520d-random-15.scen
540,den520d.map,PIBT,1,116414,99003,405,405,6136,1000,den520d-random-15.scen
540,den520d.map,PIBTOLD,1,116568,99003,406,405,386,1000,den520d-random-15.scen
580,den520d.map,PIBT,1,126425,105578,405,405,508,0,den520d-random-15.scen
580,den520d.map,PIBTOLD,1,126425,105578,405,405,398,0,den520d-random-15.scen
580,den520d.map,PIBT,1,124430,105578,409,405,577,1,den520d-random-15.scen
580,den520d.map,PIBTOLD,1,126425,105578,405,405,414,1,den520d-random-15.scen
580,den520d.map,PIBT,1,124673,105578,411,405,918,10,den520d-random-15.scen
580,den520d.map,PIBTOLD,1,126425,105578,405,405,388,10,den520d-random-15.scen
580,den520d.map,PIBT,1,124948,105578,411,405,2685,100,den520d-random-15.scen
580,den520d.map,PIBTOLD,1,126425,105578,405,405,398,100,den520d-random-15.scen
580,den520d.map,PIBT,1,124787,105578,412,405,10893,1000,den520d-random-15.scen
580,den520d.map,PIBTOLD,1,126425,105578,405,405,422,1000,den520d-random-15.scen
620,den520d.map,PIBT,1,134965,112829,405,405,566,0,den520d-random-15.scen
620,den520d.map,PIBTOLD,1,134965,112829,405,405,393,0,den520d-random-15.scen
620,den520d.map,PIBT,1,133873,112829,406,405,636,1,den520d-random-15.scen
620,den520d.map,PIBTOLD,1,134965,112829,405,405,413,1,den520d-random-15.scen
620,den520d.map,PIBT,1,133693,112829,406,405,803,10,den520d-random-15.scen
620,den520d.map,PIBTOLD,1,134965,112829,405,405,437,10,den520d-random-15.scen
620,den520d.map,PIBT,1,133933,112829,407,405,2252,100,den520d-random-15.scen
620,den520d.map,PIBTOLD,1,134965,112829,405,405,443,100,den520d-random-15.scen
620,den520d.map,PIBT,1,133686,112829,405,405,13753,1000,den520d-random-15.scen
620,den520d.map,PIBTOLD,1,134965,112829,405,405,439,1000,den520d-random-15.scen
660,den520d.map,PIBT,1,144580,119925,407,405,631,0,den520d-random-15.scen
660,den520d.map,PIBTOLD,1,144580,119925,407,405,462,0,den520d-random-15.scen
660,den520d.map,PIBT,1,143395,119925,405,405,685,1,den520d-random-15.scen
660,den520d.map,PIBTOLD,1,144580,119925,407,405,474,1,den520d-random-15.scen
660,den520d.map,PIBT,1,143263,119925,406,405,1137,10,den520d-random-15.scen
660,den520d.map,PIBTOLD,1,144580,119925,407,405,461,10,den520d-random-15.scen
660,den520d.map,PIBT,1,142162,119925,407,405,3819,100,den520d-random-15.scen
660,den520d.map,PIBTOLD,1,144580,119925,407,405,459,100,den520d-random-15.scen
660,den520d.map,PIBT,1,142422,119925,410,405,27753,1000,den520d-random-15.scen
660,den520d.map,PIBTOLD,1,144580,119925,407,405,422,1000,den520d-random-15.scen
700,den520d.map,PIBT,1,151850,126015,405,405,642,0,den520d-random-15.scen
700,den520d.map,PIBTOLD,1,151850,126015,405,405,472,0,den520d-random-15.scen
700,den520d.map,PIBT,1,151146,126015,406,405,732,1,den520d-random-15.scen
700,den520d.map,PIBTOLD,1,151850,126015,405,405,493,1,den520d-random-15.scen
700,den520d.map,PIBT,1,149790,126015,407,405,1122,10,den520d-random-15.scen
700,den520d.map,PIBTOLD,1,151850,126015,405,405,487,10,den520d-random-15.scen
700,den520d.map,PIBT,1,150573,126015,405,405,4623,100,den520d-random-15.scen
700,den520d.map,PIBTOLD,1,151850,126015,405,405,497,100,den520d-random-15.scen
700,den520d.map,PIBT,1,150744,126015,410,405,29353,1000,den520d-random-15.scen
700,den520d.map,PIBTOLD,1,151850,126015,405,405,501,1000,den520d-random-15.scen
740,den520d.map,PIBT,1,161627,133593,405,405,703,0,den520d-random-15.scen
740,den520d.map,PIBTOLD,1,161627,133593,405,405,524,0,den520d-random-15.scen
740,den520d.map,PIBT,1,160755,133593,412,405,822,1,den520d-random-15.scen
740,den520d.map,PIBTOLD,1,161627,133593,405,405,506,1,den520d-random-15.scen
740,den520d.map,PIBT,1,161216,133593,411,405,1347,10,den520d-random-15.scen
740,den520d.map,PIBTOLD,1,161627,133593,405,405,487,10,den520d-random-15.scen
740,den520d.map,PIBT,1,160672,133593,408,405,5277,100,den520d-random-15.scen
740,den520d.map,PIBTOLD,1,161627,133593,405,405,511,100,den520d-random-15.scen
740,den520d.map,PIBT,1,160419,133593,407,405,49464,1000,den520d-random-15.scen
740,den520d.map,PIBTOLD,1,161627,133593,405,405,524,1000,den520d-random-15.scen
780,den520d.map,PIBT,1,172588,141195,405,405,775,0,den520d-random-15.scen
780,den520d.map,PIBTOLD,1,172588,141195,405,405,499,0,den520d-random-15.scen
780,den520d.map,PIBT,1,172030,141195,418,405,884,1,den520d-random-15.scen
780,den520d.map,PIBTOLD,1,172588,141195,405,405,554,1,den520d-random-15.scen
780,den520d.map,PIBT,1,170772,141195,406,405,1510,10,den520d-random-15.scen
780,den520d.map,PIBTOLD,1,172588,141195,405,405,536,10,den520d-random-15.scen
780,den520d.map,PIBT,1,171088,141195,410,405,5858,100,den520d-random-15.scen
780,den520d.map,PIBTOLD,1,172588,141195,405,405,557,100,den520d-random-15.scen
20,den520d.map,PIBT,1,4336,4331,374,374,13,0,den520d-random-22.scen
20,den520d.map,PIBTOLD,1,4336,4331,374,374,13,0,den520d-random-22.scen
20,den520d.map,PIBT,1,4529,4331,374,374,15,1,den520d-random-22.scen
20,den520d.map,PIBTOLD,1,4336,4331,374,374,13,1,den520d-random-22.scen
20,den520d.map,PIBT,1,4529,4331,374,374,14,10,den520d-random-22.scen
20,den520d.map,PIBTOLD,1,4336,4331,374,374,12,10,den520d-random-22.scen
20,den520d.map,PIBT,1,4529,4331,374,374,13,100,den520d-random-22.scen
20,den520d.map,PIBTOLD,1,4336,4331,374,374,15,100,den520d-random-22.scen
20,den520d.map,PIBT,1,4529,4331,374,374,16,1000,den520d-random-22.scen
20,den520d.map,PIBTOLD,1,4336,4331,374,374,14,1000,den520d-random-22.scen
60,den520d.map,PIBT,1,11347,10836,374,374,44,0,den520d-random-22.scen
60,den520d.map,PIBTOLD,1,11347,10836,374,374,40,0,den520d-random-22.scen
60,den520d.map,PIBT,1,11591,10836,374,374,37,1,den520d-random-22.scen
60,den520d.map,PIBTOLD,1,11347,10836,374,374,38,1,den520d-random-22.scen
60,den520d.map,PIBT,1,11591,10836,374,374,40,10,den520d-random-22.scen
60,den520d.map,PIBTOLD,1,11347,10836,374,374,38,10,den520d-random-22.scen
60,den520d.map,PIBT,1,11591,10836,374,374,45,100,den520d-random-22.scen
60,den520d.map,PIBTOLD,1,11347,10836,374,374,38,100,den520d-random-22.scen
60,den520d.map,PIBT,1,11591,10836,374,374,46,1000,den520d-random-22.scen
60,den520d.map,PIBTOLD,1,11347,10836,374,374,40,1000,den520d-random-22.scen
100,den520d.map,PIBT,1,18713,17811,375,375,68,0,den520d-random-22.scen
100,den520d.map,PIBTOLD,1,18713,17811,375,375,67,0,den520d-random-22.scen
100,den520d.map,PIBT,1,18911,17811,375,375,69,1,den520d-random-22.scen
100,den520d.map,PIBTOLD,1,18713,17811,375,375,68,1,den520d-random-22.scen
100,den520d.map,PIBT,1,18911,17811,375,375,69,10,den520d-random-22.scen
100,den520d.map,PIBTOLD,1,18713,17811,375,375,69,10,den520d-random-22.scen
100,den520d.map,PIBT,1,18911,17811,375,375,71,100,den520d-random-22.scen
100,den520d.map,PIBTOLD,1,18713,17811,375,375,69,100,den520d-random-22.scen
100,den520d.map,PIBT,1,18911,17811,375,375,72,1000,den520d-random-22.scen
100,den520d.map,PIBTOLD,1,18713,17811,375,375,66,1000,den520d-random-22.scen
140,den520d.map,PIBT,1,26667,25347,394,394,106,0,den520d-random-22.scen
140,den520d.map,PIBTOLD,1,26667,25347,394,394,93,0,den520d-random-22.scen
140,den520d.map,PIBT,1,26900,25347,394,394,105,1,den520d-random-22.scen
140,den520d.map,PIBTOLD,1,26667,25347,394,394,95,1,den520d-random-22.scen
140,den520d.map,PIBT,1,26900,25347,394,394,99,10,den520d-random-22.scen
140,den520d.map,PIBTOLD,1,26667,25347,394,394,95,10,den520d-random-22.scen
140,den520d.map,PIBT,1,26900,25347,394,394,109,100,den520d-random-22.scen
140,den520d.map,PIBTOLD,1,26667,25347,394,394,97,100,den520d-random-22.scen
140,den520d.map,PIBT,1,26900,25347,394,394,99,1000,den520d-random-22.scen
140,den520d.map,PIBTOLD,1,26667,25347,394,394,91,1000,den520d-random-22.scen
180,den520d.map,PIBT,1,35887,33533,404,404,134,0,den520d-random-22.scen
180,den520d.map,PIBTOLD,1,35887,33533,404,404,126,0,den520d-random-22.scen
180,den520d.map,PIBT,1,35960,33533,404,404,129,1,den520d-random-22.scen
180,den520d.map,PIBTOLD,1,35887,33533,404,404,121,1,den520d-random-22.scen
180,den520d.map,PIBT,1,35960,33533,404,404,134,10,den520d-random-22.scen
180,den520d.map,PIBTOLD,1,35887,33533,404,404,125,10,den520d-random-22.scen
180,den520d.map,PIBT,1,35960,33533,404,404,131,100,den520d-random-22.scen
180,den520d.map,PIBTOLD,1,35887,33533,404,404,126,100,den520d-random-22.scen
180,den520d.map,PIBT,1,35960,33533,404,404,138,1000,den520d-random-22.scen
180,den520d.map,PIBTOLD,1,35887,33533,404,404,119,1000,den520d-random-22.scen
220,den520d.map,PIBT,1,44984,41079,404,404,158,0,den520d-random-22.scen
220,den520d.map,PIBTOLD,1,44984,41079,404,404,141,0,den520d-random-22.scen
220,den520d.map,PIBT,1,44378,41079,404,404,161,1,den520d-random-22.scen
220,den520d.map,PIBTOLD,1,44984,41079,404,404,154,1,den520d-random-22.scen
220,den520d.map,PIBT,1,44378,41079,404,404,156,10,den520d-random-22.scen
220,den520d.map,PIBTOLD,1,44984,41079,404,404,142,10,den520d-random-22.scen
220,den520d.map,PIBT,1,44378,41079,404,404,162,100,den520d-random-22.scen
220,den520d.map,PIBTOLD,1,44984,41079,404,404,150,100,den520d-random-22.scen
220,den520d.map,PIBT,1,44378,41079,404,404,172,1000,den520d-random-22.scen
220,den520d.map,PIBTOLD,1,44984,41079,404,404,153,1000,den520d-random-22.scen
260,den520d.map,PIBT,1,53957,48546,404,404,194,0,den520d-random-22.scen
260,den520d.map,PIBTOLD,1,53957,48546,404,404,176,0,den520d-random-22.scen
260,den520d.map,PIBT,1,53369,48546,404,404,202,1,den520d-random-22.scen
260,den520d.map,PIBTOLD,1,53957,48546,404,404,170,1,den520d-random-22.scen
260,den520d.map,PIBT,1,53369,48546,404,404,195,10,den520d-random-22.scen
260,den520d.map,PIBTOLD,1,53957,48546,404,404,178,10,den520d-random-22.scen
260,den520d.map,PIBT,1,53369,48546,404,404,193,100,den520d-random-22.scen
260,den520d.map,PIBTOLD,1,53957,48546,404,404,180,100,den520d-random-22.scen
260,den520d.map,PIBT,1,53369,48546,404,404,204,1000,den520d-random-22.scen
260,den520d.map,PIBTOLD,1,53957,48546,404,404,182,1000,den520d-random-22.scen
300,den520d.map,PIBT,1,62232,56029,404,404,243,0,den520d-random-22.scen
300,den520d.map,PIBTOLD,1,62232,56029,404,404,206,0,den520d-random-22.scen
300,den520d.map,PIBT,1,61910,56029,404,404,220,1,den520d-random-22.scen
300,den520d.map,PIBTOLD,1,62232,56029,404,404,201,1,den520d-random-22.scen
300,den520d.map,PIBT,1,62153,56029,404,404,230,10,den520d-random-22.scen
300,den520d.map,PIBTOLD,1,62232,56029,404,404,205,10,den520d-random-22.scen
300,den520d.map,PIBT,1,62153,56029,404,404,249,100,den520d-random-22.scen
300,den520d.map,PIBTOLD,1,62232,56029,404,404,212,100,den520d-random-22.scen
300,den520d.map,PIBT,1,62153,56029,404,404,241,1000,den520d-random-22.scen
300,den520d.map,PIBTOLD,1,62232,56029,404,404,207,1000,den520d-random-22.scen
340,den520d.map,PIBT,1,71562,62923,404,404,274,0,den520d-random-22.scen
340,den520d.map,PIBTOLD,1,71562,62923,404,404,240,0,den520d-random-22.scen
340,den520d.map,PIBT,1,70505,62923,404,404,286,1,den520d-random-22.scen
340,den520d.map,PIBTOLD,1,71562,62923,404,404,240,1,den520d-random-22.scen
340,den520d.map,PIBT,1,70601,62923,408,404,266,10,den520d-random-22.scen
340,den520d.map,PIBTOLD,1,71562,62923,404,404,223,10,den520d-random-22.scen
340,den520d.map,PIBT,1,70601,62923,408,404,276,100,den520d-random-22.scen
340,den520d.map,PIBTOLD,1,71562,62923,404,404,234,100,den520d-random-22.scen
340,den520d.map,PIBT,1,70601,62923,408,404,263,1000,den520d-random-22.scen
340,den520d.map,PIBTOLD,1,71562,62923,404,404,222,1000,den520d-random-22.scen
380,den520d.map,PIBT,1,80144,70039,404,404,306,0,den520d-random-22.scen
380,den520d.map,PIBTOLD,1,80144,70039,404,404,239,0,den520d-random-22.scen
380,den520d.map,PIBT,1,78612,70039,404,404,313,1,den520d-random-22.scen
380,den520d.map,PIBTOLD,1,80144,70039,404,404,262,1,den520d-random-22.scen
380,den520d.map,PIBT,1,79072,70039,404,404,336,10,den520d-random-22.scen
380,den520d.map,PIBTOLD,1,80144,70039,404,404,265,10,den520d-random-22.scen
380,den520d.map,PIBT,1,78848,70039,404,404,354,100,den520d-random-22.scen
380,den520d.map,PIBTOLD,1,80144,70039,404,404,269,100,den520d-random-22.scen
380,den520d.map,PIBT,1,78848,70039,404,404,344,1000,den520d-random-22.scen
380,den520d.map,PIBTOLD,1,80144,70039,404,404,258,1000,den520d-random-22.scen
420,den520d.map,PIBT,1,90429,78227,404,404,352,0,den520d-random-22.scen
420,den520d.map,PIBTOLD,1,90429,78227,404,404,299,0,den520d-random-22.scen
420,den520d.map,PIBT,1,89817,78227,404,404,360,1,den520d-random-22.scen
420,den520d.map,PIBTOLD,1,90429,78227,404,404,287,1,den520d-random-22.scen
420,den520d.map,PIBT,1,89771,78227,404,404,404,10,den520d-random-22.scen
420,den520d.map,PIBTOLD,1,90429,78227,404,404,296,10,den520d-random-22.scen
420,den520d.map,PIBT,1,89351,78227,404,404,1003,100,den520d-random-22.scen
420,den520d.map,PIBTOLD,1,90429,78227,404,404,294,100,den520d-random-22.scen
420,den520d.map,PIBT,1,89482,78227,404,404,1274,1000,den520d-random-22.scen
420,den520d.map,PIBTOLD,1,90429,78227,404,404,294,1000,den520d-random-22.scen
460,den520d.map,PIBT,1,99417,85840,404,404,371,0,den520d-random-22.scen
460,den520d.map,PIBTOLD,1,99417,85840,404,404,327,0,den520d-random-22.scen
460,den520d.map,PIBT,1,98463,85840,407,404,430,1,den520d-random-22.scen
460,den520d.map,PIBTOLD,1,99417,85840,404,404,294,1,den520d-random-22.scen
460,den520d.map,PIBT,1,97975,85840,404,404,512,10,den520d-random-22.scen
460,den520d.map,PIBTOLD,1,99417,85840,404,404,326,10,den520d-random-22.scen
460,den520d.map,PIBT,1,98562,85840,404,404,624,100,den520d-random-22.scen
460,den520d.map,PIBTOLD,1,99417,85840,404,404,288,100,den520d-random-22.scen
460,den520d.map,PIBT,1,98340,85840,408,404,969,1000,den520d-random-22.scen
460,den520d.map,PIBTOLD,1,99417,85840,404,404,312,1000,den520d-random-22.scen
500,den520d.map,PIBT,1,108455,92637,404,404,425,0,den520d-random-22.scen
500,den520d.map,PIBTOLD,1,108455,92637,404,404,352,0,den520d-random-22.scen
500,den520d.map,PIBT,1,107731,92637,406,404,460,1,den520d-random-22.scen
500,den520d.map,PIBTOLD,1,108455,92637,404,404,350,1,den520d-random-22.scen
500,den520d.map,PIBT,1,107299,92637,408,404,566,10,den520d-random-22.scen
500,den520d.map,PIBTOLD,1,108455,92637,404,404,346,10,den520d-random-22.scen
500,den520d.map,PIBT,1,107367,92637,406,404,1503,100,den520d-random-22.scen
500,den520d.map,PIBTOLD,1,108455,92637,404,404,356,100,den520d-random-22.scen
500,den520d.map,PIBT,1,107661,92637,404,404,7601,1000,den520d-random-22.scen
500,den520d.map,PIBTOLD,1,108455,92637,404,404,350,1000,den520d-random-22.scen
540,den520d.map,PIBT,1,116568,99003,406,405,491,0,den520d-random-22.scen
540,den520d.map,PIBTOLD,1,116568,99003,406,405,359,0,den520d-random-22.scen
540,den520d.map,PIBT,1,116264,99003,407,405,561,1,den520d-random-22.scen
540,den520d.map,PIBTOLD,1,116568,99003,406,405,368,1,den520d-random-22.scen
540,den520d.map,PIBT,1,116389,99003,418,405,720,10,den520d-random-22.scen
540,den520d.map,PIBTOLD,1,116568,99003,406,405,375,10,den520d-random-22.scen
540,den520d.map,PIBT,1,116352,99003,405,405,2241,100,den520d-random-22.scen
540,den520d.map,PIBTOLD,1,116568,99003,406,405,394,100,den520d-random-22.scen
540,den520d.map,PIBT,1,116875,99003,405,405,4553,1000,den520d-random-22.scen
540,den520d.map,PIBTOLD,1,116568,99003,406,405,384,1000,den520d-random-22.scen
580,den520d.map,PIBT,1,126425,105578,405,405,507,0,den520d-random-22.scen
580,den520d.map,PIBTOLD,1,126425,105578,405,405,413,0,den520d-random-22.scen
580,den520d.map,PIBT,1,125855,105578,408,405,575,1,den520d-random-22.scen
580,den520d.map,PIBTOLD,1,126425,105578,405,405,376,1,den520d-random-22.scen
580,den520d.map,PIBT,1,125020,105578,411,405,790,10,den520d-random-22.scen
580,den520d.map,PIBTOLD,1,126425,105578,405,405,410,10,den520d-random-22.scen
580,den520d.map,PIBT,1,124877,105578,411,405,3090,100,den520d-random-22.scen
580,den520d.map,PIBTOLD,1,126425,105578,405,405,411,100,den520d-random-22.scen
580,den520d.map,PIBT,1,125559,105578,411,405,11011,1000,den520d-random-22.scen
580,den520d.map,PIBTOLD,1,126425,105578,405,405,394,1000,den520d-random-22.scen
620,den520d.map,PIBT,1,134965,112829,405,405,578,0,den520d-random-22.scen
620,den520d.map,PIBTOLD,1,134965,112829,405,405,448,0,den520d-random-22.scen
620,den520d.map,PIBT,1,133165,112829,406,405,646,1,den520d-random-22.scen
620,den520d.map,PIBTOLD,1,134965,112829,405,405,446,1,den520d-random-22.scen
620,den520d.map,PIBT,1,134845,112829,409,405,955,10,den520d-random-22.scen
620,den520d.map,PIBTOLD,1,134965,112829,405,405,399,10,den520d-random-22.scen
620,den520d.map,PIBT,1,133779,112829,410,405,3382,100,den520d-random-22.scen
620,den520d.map,PIBTOLD,1,134965,112829,405,405,437,100,den520d-random-22.scen
620,den520d.map,PIBT,1,133566,112829,405,405,23153,1000,den520d-random-22.scen
620,den520d.map,PIBTOLD,1,134965,112829,405,405,430,1000,den520d-random-22.scen
660,den520d.map,PIBT,1,144580,119925,407,405,617,0,den520d-random-22.scen
660,den520d.map,PIBTOLD,1,144580,119925,407,405,462,0,den520d-random-22.scen
660,den520d.map,PIBT,1,143012,119925,406,405,692,1,den520d-random-22.scen
660,den520d.map,PIBTOLD,1,144580,119925,407,405,434,1,den520d-random-22.scen
660,den520d.map,PIBT,1,142412,119925,406,405,1089,10,den520d-random-22.scen
660,den520d.map,PIBTOLD,1,144580,119925,407,405,468,10,den520d-random-22.scen
660,den520d.map,PIBT,1,142572,119925,407,405,3442,100,den520d-random-22.scen
660,den520d.map,PIBTOLD,1,144580,119925,407,405,457,100,den520d-random-22.scen
660,den520d.map,PIBT,1,142743,119925,406,405,29325,1000,den520d-random-22.scen
660,den520d.map,PIBTOLD,1,144580,119925,407,405,465,1000,den520d-random-22.scen
700,den520d.map,PIBT,1,151850,126015,405,405,665,0,den520d-random-22.scen
700,den520d.map,PIBTOLD,1,151850,126015,405,405,498,0,den520d-random-22.scen
700,den520d.map,PIBT,1,150578,126015,405,405,730,1,den520d-random-22.scen
700,den520d.map,PIBTOLD,1,151850,126015,405,405,497,1,den520d-random-22.scen
700,den520d.map,PIBT,1,150197,126015,405,405,1171,10,den520d-random-22.scen
700,den520d.map,PIBTOLD,1,151850,126015,405,405,509,10,den520d-random-22.scen
700,den520d.map,PIBT,1,151813,126015,405,405,4966,100,den520d-random-22.scen
700,den520d.map,PIBTOLD,1,151850,126015,405,405,505,100,den520d-random-22.scen
700,den520d.map,PIBT,1,150826,126015,405,405,34071,1000,den520d-random-22.scen
700,den520d.map,PIBTOLD,1,151850,126015,405,405,472,1000,den520d-random-22.scen
740,den520d.map,PIBT,1,161627,133593,405,405,711,0,den520d-random-22.scen
740,den520d.map,PIBTOLD,1,161627,133593,405,405,530,0,den520d-random-22.scen
740,den520d.map,PIBT,1,160706,133593,408,405,799,1,den520d-random-22.scen
740,den520d.map,PIBTOLD,1,161627,133593,405,405,533,1,den520d-random-22.scen
740,den520d.map,PIBT,1,160992,133593,406,405,1311,10,den520d-random-22.scen
740,den520d.map,PIBTOLD,1,161627,133593,405,405,536,10,den520d-random-22.scen
740,den520d.map,PIBT,1,160528,133593,405,405,5467,100,den520d-random-22.scen
740,den520d.map,PIBTOLD,1,161627,133593,405,405,515,100,den520d-random-22.scen
740,den520d.map,PIBT,1,160680,133593,405,405,48869,1000,den520d-random-22.scen
740,den520d.map,PIBTOLD,1,161627,133593,405,405,512,1000,den520d-random-22.scen
780,den520d.map,PIBT,1,172588,141195,405,405,775,0,den520d-random-22.scen
780,den520d.map,PIBTOLD,1,172588,141195,405,405,565,0,den520d-random-22.scen
780,den520d.map,PIBT,1,170959,141195,411,405,851,1,den520d-random-22.scen
780,den520d.map,PIBTOLD,1,172588,141195,405,405,567,1,den520d-random-22.scen
780,den520d.map,PIBT,1,170582,141195,414,405,1433,10,den520d-random-22.scen
780,den520d.map,PIBTOLD,1,172588,141195,405,405,547,10,den520d-random-22.scen
780,den520d.map,PIBT,1,171606,141195,408,405,7228,100,den520d-random-22.scen
780,den520d.map,PIBTOLD,1,172588,141195,405,405,544,100,den520d-random-22.scen
780,den520d.map,PIBT,1,170898,141195,413,405,52762,1000,den520d-random-22.scen
780,den520d.map,PIBTOLD,1,172588,141195,405,405,543,1000,den520d-random-22.scen
20,den520d.map,PIBT,1,4336,4331,374,374,13,0,den520d-random-24.scen
20,den520d.map,PIBTOLD,1,4336,4331,374,374,13,0,den520d-random-24.scen
20,den520d.map,PIBT,1,4529,4331,374,374,16,1,den520d-random-24.scen
20,den520d.map,PIBTOLD,1,4336,4331,374,374,13,1,den520d-random-24.scen
20,den520d.map,PIBT,1,4529,4331,374,374,12,10,den520d-random-24.scen
20,den520d.map,PIBTOLD,1,4336,4331,374,374,13,10,den520d-random-24.scen
20,den520d.map,PIBT,1,4529,4331,374,374,14,100,den520d-random-24.scen
20,den520d.map,PIBTOLD,1,4336,4331,374,374,14,100,den520d-random-24.scen
20,den520d.map,PIBT,1,4529,4331,374,374,15,1000,den520d-random-24.scen
20,den520d.map,PIBTOLD,1,4336,4331,374,374,14,1000,den520d-random-24.scen
60,den520d.map,PIBT,1,11347,10836,374,374,43,0,den520d-random-24.scen
60,den520d.map,PIBTOLD,1,11347,10836,374,374,40,0,den520d-random-24.scen
60,den520d.map,PIBT,1,11591,10836,374,374,43,1,den520d-random-24.scen
60,den520d.map,PIBTOLD,1,11347,10836,374,374,39,1,den520d-random-24.scen
60,den520d.map,PIBT,1,11591,10836,374,374,41,10,den520d-random-24.scen
60,den520d.map,PIBTOLD,1,11347,10836,374,374,41,10,den520d-random-24.scen
60,den520d.map,PIBT,1,11591,10836,374,374,41,100,den520d-random-24.scen
60,den520d.map,PIBTOLD,1,11347,10836,374,374,38,100,den520d-random-24.scen
60,den520d.map,PIBT,1,11591,10836,374,374,42,1000,den520d-random-24.scen
60,den520d.map,PIBTOLD,1,11347,10836,374,374,40,1000,den520d-random-24.scen
100,den520d.map,PIBT,1,18713,17811,375,375,73,0,den520d-random-24.scen
100,den520d.map,PIBTOLD,1,18713,17811,375,375,63,0,den520d-random-24.scen
100,den520d.map,PIBT,1,18911,17811,375,375,71,1,den520d-random-24.scen
100,den520d.map,PIBTOLD,1,18713,17811,375,375,62,1,den520d-random-24.scen
100,den520d.map,PIBT,1,18911,17811,375,375,67,10,den520d-random-24.scen
100,den520d.map,PIBTOLD,1,18713,17811,375,375,68,10,den520d-random-24.scen
100,den520d.map,PIBT,1,18911,17811,375,375,67,100,den520d-random-24.scen
100,den520d.map,PIBTOLD,1,18713,17811,375,375,64,100,den520d-random-24.scen
100,den520d.map,PIBT,1,18911,17811,375,375,66,1000,den520d-random-24.scen
100,den520d.map,PIBTOLD,1,18713,17811,375,375,64,1000,den520d-random-24.scen
140,den520d.map,PIBT,1,26667,25347,394,394,99,0,den520d-random-24.scen
140,den520d.map,PIBTOLD,1,26667,25347,394,394,95,0,den520d-random-24.scen
140,den520d.map,PIBT,1,26900,25347,394,394,101,1,den520d-random-24.scen
140,den520d.map,PIBTOLD,1,26667,25347,394,394,93,1,den520d-random-24.scen
140,den520d.map,PIBT,1,26900,25347,394,394,103,10,den520d-random-24.scen
140,den520d.map,PIBTOLD,1,26667,25347,394,394,91,10,den520d-random-24.scen
140,den520d.map,PIBT,1,26900,25347,394,394,108,100,den520d-random-24.scen
140,den520d.map,PIBTOLD,1,26667,25347,394,394,92,100,den520d-random-24.scen
140,den520d.map,PIBT,1,26900,25347,394,394,107,1000,den520d-random-24.scen
140,den520d.map,PIBTOLD,1,26667,25347,394,394,94,1000,den520d-random-24.scen
180,den520d.map,PIBT,1,35887,33533,404,404,129,0,den520d-random-24.scen
180,den520d.map,PIBTOLD,1,35887,33533,404,404,117,0,den520d-random-24.scen
180,den520d.map,PIBT,1,35960,33533,404,404,136,1,den520d-random-24.scen
180,den520d.map,PIBTOLD,1,35887,33533,404,404,126,1,den520d-random-24.scen
180,den520d.map,PIBT,1,35960,33533,404,404,139,10,den520d-random-24.scen
180,den520d.map,PIBTOLD,1,35887,33533,404,404,114,10,den520d-random-24.scen
180,den520d.map,PIBT,1,35960,33533,404,404,131,100,den520d-random-24.scen
180,den520d.map,PIBTOLD,1,35887,33533,404,404,116,100,den520d-random-24.scen
180,den520d.map,PIBT,1,35960,33533,404,404,136,1000,den520d-random-24.scen
180,den520d.map,PIBTOLD,1,35887,33533,404,404,120,1000,den520d-random-24.scen
220,den520d.map,PIBT,1,44984,41079,404,404,165,0,den520d-random-24.scen
220,den520d.map,PIBTOLD,1,44984,41079,404,404,155,0,den520d-random-24.scen
220,den520d.map,PIBT,1,44378,41079,404,404,162,1,den520d-random-24.scen
220,den520d.map,PIBTOLD,1,44984,41079,404,404,146,1,den520d-random-24.scen
220,den520d.map,PIBT,1,44378,41079,404,404,171,10,den520d-random-24.scen
220,den520d.map,PIBTOLD,1,44984,41079,404,404,157,10,den520d-random-24.scen
220,den520d.map,PIBT,1,44378,41079,404,404,161,100,den520d-random-24.scen
220,den520d.map,PIBTOLD,1,44984,41079,404,404,149,100,den520d-random-24.scen
220,den520d.map,PIBT,1,44378,41079,404,404,167,1000,den520d-random-24.scen
220,den520d.map,PIBTOLD,1,44984,41079,404,404,158,1000,den520d-random-24.scen
260,den520d.map,PIBT,1,53957,48546,404,404,202,0,den520d-random-24.scen
260,den520d.map,PIBTOLD,1,53957,48546,404,404,177,0,den520d-random-24.scen
260,den520d.map,PIBT,1,53369,48546,404,404,207,1,den520d-random-24.scen
260,den520d.map,PIBTOLD,1,53957,48546,404,404,182,1,den520d-random-24.scen
260,den520d.map,PIBT,1,53369,48546,404,404,206,10,den520d-random-24.scen
260,den520d.map,PIBTOLD,1,53957,48546,404,404,174,10,den520d-random-24.scen
260,den520d.map,PIBT,1,53369,48546,404,404,194,100,den520d-random-24.scen
260,den520d.map,PIBTOLD,1,53957,48546,404,404,182,100,den520d-random-24.scen
260,den520d.map,PIBT,1,53369,48546,404,404,204,1000,den520d-random-24.scen
260,den520d.map,PIBTOLD,1,53957,48546,404,404,169,1000,den520d-random-24.scen
300,den520d.map,PIBT,1,62232,56029,404,404,234,0,den520d-random-24.scen
300,den520d.map,PIBTOLD,1,62232,56029,404,404,197,0,den520d-random-24.scen
300,den520d.map,PIBT,1,62202,56029,404,404,240,1,den520d-random-24.scen
300,den520d.map,PIBTOLD,1,62232,56029,404,404,204,1,den520d-random-24.scen
300,den520d.map,PIBT,1,62153,56029,404,404,238,10,den520d-random-24.scen
300,den520d.map,PIBTOLD,1,62232,56029,404,404,199,10,den520d-random-24.scen
300,den520d.map,PIBT,1,62153,56029,404,404,251,100,den520d-random-24.scen
300,den520d.map,PIBTOLD,1,62232,56029,404,404,210,100,den520d-random-24.scen
300,den520d.map,PIBT,1,62153,56029,404,404,248,1000,den520d-random-24.scen
300,den520d.map,PIBTOLD,1,62232,56029,404,404,210,1000,den520d-random-24.scen
340,den520d.map,PIBT,1,71562,62923,404,404,265,0,den520d-random-24.scen
340,den520d.map,PIBTOLD,1,71562,62923,404,404,239,0,den520d-random-24.scen
340,den520d.map,PIBT,1,70509,62923,404,404,283,1,den520d-random-24.scen
340,den520d.map,PIBTOLD,1,71562,62923,404,404,212,1,den520d-random-24.scen
340,den520d.map,PIBT,1,70601,62923,408,404,249,10,den520d-random-24.scen
340,den520d.map,PIBTOLD,1,71562,62923,404,404,228,10,den520d-random-24.scen
340,den520d.map,PIBT,1,70601,62923,408,404,287,100,den520d-random-24.scen
340,den520d.map,PIBTOLD,1,71562,62923,404,404,227,100,den520d-random-24.scen
340,den520d.map,PIBT,1,70601,62923,408,404,271,1000,den520d-random-24.scen
340,den520d.map,PIBTOLD,1,71562,62923,404,404,229,1000,den520d-random-24.scen
380,den520d.map,PIBT,1,80144,70039,404,404,300,0,den520d-random-24.scen
380,den520d.map,PIBTOLD,1,80144,70039,404,404,266,0,den520d-random-24.scen
380,den520d.map,PIBT,1,79101,70039,404,404,319,1,den520d-random-24.scen
380,den520d.map,PIBTOLD,1,80144,70039,404,404,260,1,den520d-random-24.scen
380,den520d.map,PIBT,1,79150,70039,404,404,347,10,den520d-random-24.scen
380,den520d.map,PIBTOLD,1,80144,70039,404,404,259,10,den520d-random-24.scen
380,den520d.map,PIBT,1,78848,70039,404,404,351,100,den520d-random-24.scen
380,den520d.map,PIBTOLD,1,80144,70039,404,404,257,100,den520d-random-24.scen
380,den520d.map,PIBT,1,78848,70039,404,404,344,1000,den520d-random-24.scen
380,den520d.map,PIBTOLD,1,80144,70039,404,404,266,1000,den520d-random-24.scen
420,den520d.map,PIBT,1,90429,78227,404,404,352,0,den520d-random-24.scen
420,den520d.map,PIBTOLD,1,90429,78227,404,404,286,0,den520d-random-24.scen
420,den520d.map,PIBT,1,89309,78227,404,404,372,1,den520d-random-24.scen
420,den520d.map,PIBTOLD,1,90429,78227,404,404,286,1,den520d-random-24.scen
420,den520d.map,PIBT,1,89585,78227,404,404,446,10,den520d-random-24.scen
420,den520d.map,PIBTOLD,1,90429,78227,404,404,305,10,den520d-random-24.scen
420,den520d.map,PIBT,1,89290,78227,404,404,898,100,den520d-random-24.scen
420,den520d.map,PIBTOLD,1,90429,78227,404,404,289,100,den520d-random-24.scen
420,den520d.map,PIBT,1,89482,78227,404,404,1281,1000,den520d-random-24.scen
420,den520d.map,PIBTOLD,1,90429,78227,404,404,287,1000,den520d-random-24.scen
460,den520d.map,PIBT,1,99417,85840,404,404,403,0,den520d-random-24.scen
460,den520d.map,PIBTOLD,1,99417,85840,404,404,330,0,den520d-random-24.scen
460,den520d.map,PIBT,1,98302,85840,404,404,428,1,den520d-random-24.scen
460,den520d.map,PIBTOLD,1,99417,85840,404,404,297,1,den520d-random-24.scen
460,den520d.map,PIBT,1,98608,85840,404,404,552,10,den520d-random-24.scen
460,den520d.map,PIBTOLD,1,99417,85840,404,404,320,10,den520d-random-24.scen
460,den520d.map,PIBT,1,97975,85840,406,404,808,100,den520d-random-24.scen
460,den520d.map,PIBTOLD,1,99417,85840,404,404,317,100,den520d-random-24.scen
460,den520d.map,PIBT,1,98340,85840,408,404,933,1000,den520d-random-24.scen
460,den520d.map,PIBTOLD,1,99417,85840,404,404,316,1000,den520d-random-24.scen
500,den520d.map,PIBT,1,108455,92637,404,404,441,0,den520d-random-24.scen
500,den520d.map,PIBTOLD,1,108455,92637,404,404,344,0,den520d-random-24.scen
500,den520d.map,PIBT,1,107970,92637,406,404,468,1,den520d-random-24.scen
500,den520d.map,PIBTOLD,1,108455,92637,404,404,354,1,den520d-random-24.scen
500,den520d.map,PIBT,1,107684,92637,404,404,643,10,den520d-random-24.scen
500,den520d.map,PIBTOLD,1,108455,92637,404,404,348,10,den520d-random-24.scen
500,den520d.map,PIBT,1,107199,92637,405,404,1774,100,den520d-random-24.scen
500,den520d.map,PIBTOLD,1,108455,92637,404,404,348,100,den520d-random-24.scen
500,den520d.map,PIBT,1,107027,92637,408,404,4318,1000,den520d-random-24.scen
500,den520d.map,PIBTOLD,1,108455,92637,404,404,345,1000,den520d-random-24.scen
540,den520d.map,PIBT,1,116568,99003,406,405,494,0,den520d-random-24.scen
540,den520d.map,PIBTOLD,1,116568,99003,406,405,368,0,den520d-random-24.scen
540,den520d.map,PIBT,1,115945,99003,408,405,541,1,den520d-random-24.scen
540,den520d.map,PIBTOLD,1,116568,99003,406,405,373,1,den520d-random-24.scen
540,den520d.map,PIBT,1,115807,99003,407,405,688,10,den520d-random-24.scen
540,den520d.map,PIBTOLD,1,116568,99003,406,405,392,10,den520d-random-24.scen
540,den520d.map,PIBT,1,116314,99003,405,405,2149,100,den520d-random-24.scen
540,den520d.map,PIBTOLD,1,116568,99003,406,405,378,100,den520d-random-24.scen
540,den520d.map,PIBT,1,116141,99003,405,405,16351,1000,den520d-random-24.scen
540,den520d.map,PIBTOLD,1,116568,99003,406,405,353,1000,den520d-random-24.scen
580,den520d.map,PIBT,1,126425,105578,405,405,510,0,den520d-random-24.scen
580,den520d.map,PIBTOLD,1,126425,105578,405,405,393,0,den520d-random-24.scen
580,den520d.map,PIBT,1,124007,105578,406,405,580,1,den520d-random-24.scen
580,den520d.map,PIBTOLD,1,126425,105578,405,405,407,1,den520d-random-24.scen
580,den520d.map,PIBT,1,125093,105578,411,405,871,10,den520d-random-24.scen
580,den520d.map,PIBTOLD,1,126425,105578,405,405,405,10,den520d-random-24.scen
580,den520d.map,PIBT,1,124307,105578,411,405,2703,100,den520d-random-24.scen
580,den520d.map,PIBTOLD,1,126425,105578,405,405,395,100,den520d-random-24.scen
580,den520d.map,PIBT,1,124176,105578,411,405,10520,1000,den520d-random-24.scen
580,den520d.map,PIBTOLD,1,126425,105578,405,405,423,1000,den520d-random-24.scen
620,den520d.map,PIBT,1,134965,112829,405,405,576,0,den520d-random-24.scen
620,den520d.map,PIBTOLD,1,134965,112829,405,405,442,0,den520d-random-24.scen
620,den520d.map,PIBT,1,133206,112829,408,405,618,1,den520d-random-24.scen
620,den520d.map,PIBTOLD,1,134965,112829,405,405,434,1,den520d-random-24.scen
620,den520d.map,PIBT,1,133604,112829,407,405,979,10,den520d-random-24.scen
620,den520d.map,PIBTOLD,1,134965,112829,405,405,432,10,den520d-random-24.scen
620,den520d.map,PIBT,1,134054,112829,411,405,3543,100,den520d-random-24.scen
620,den520d.map,PIBTOLD,1,134965,112829,405,405,438,100,den520d-random-24.scen
620,den520d.map,PIBT,1,133165,112829,405,405,23630,1000,den520d-random-24.scen
620,den520d.map,PIBTOLD,1,134965,112829,405,405,431,1000,den520d-random-24.scen
660,den520d.map,PIBT,1,144580,119925,407,405,624,0,den520d-random-24.scen
660,den520d.map,PIBTOLD,1,144580,119925,407,405,456,0,den520d-random-24.scen
660,den520d.map,PIBT,1,142494,119925,416,405,692,1,den520d-random-24.scen
660,den520d.map,PIBTOLD,1,144580,119925,407,405,451,1,den520d-random-24.scen
660,den520d.map,PIBT,1,143434,119925,412,405,1088,10,den520d-random-24.scen
660,den520d.map,PIBTOLD,1,144580,119925,407,405,472,10,den520d-random-24.scen
660,den520d.map,PIBT,1,143233,119925,412,405,4718,100,den520d-random-24.scen
660,den520d.map,PIBTOLD,1,144580,119925,407,405,468,100,den520d-random-24.scen
660,den520d.map,PIBT,1,141721,119925,406,405,18879,1000,den520d-random-24.scen
660,den520d.map,PIBTOLD,1,144580,119925,407,405,465,1000,den520d-random-24.scen
700,den520d.map,PIBT,1,151850,126015,405,405,666,0,den520d-random-24.scen
700,den520d.map,PIBTOLD,1,151850,126015,405,405,491,0,den520d-random-24.scen
700,den520d.map,PIBT,1,150786,126015,410,405,748,1,den520d-random-24.scen
700,den520d.map,PIBTOLD,1,151850,126015,405,405,492,1,den520d-random-24.scen
700,den520d.map,PIBT,1,150854,126015,409,405,1257,10,den520d-random-24.scen
700,den520d.map,PIBTOLD,1,151850,126015,405,405,489,10,den520d-random-24.scen
700,den520d.map,PIBT,1,151403,126015,406,405,4618,100,den520d-random-24.scen
700,den520d.map,PIBTOLD,1,151850,126015,405,405,490,100,den520d-random-24.scen
700,den520d.map,PIBT,1,150017,126015,405,405,22034,1000,den520d-random-24.scen
700,den520d.map,PIBTOLD,1,151850,126015,405,405,489,1000,den520d-random-24.scen
740,den520d.map,PIBT,1,161627,133593,405,405,692,0,den520d-random-24.scen
740,den520d.map,PIBTOLD,1,161627,133593,405,405,512,0,den520d-random-24.scen
740,den520d.map,PIBT,1,160651,133593,406,405,805,1,den520d-random-24.scen
740,den520d.map,PIBTOLD,1,161627,133593,405,405,532,1,den520d-random-24.scen
740,den520d.map,PIBT,1,161681,133593,408,405,1175,10,den520d-random-24.scen
740,den520d.map,PIBTOLD,1,161627,133593,405,405,524,10,den520d-random-24.scen
740,den520d.map,PIBT,1,160394,133593,409,405,5834,100,den520d-random-24.scen
740,den520d.map,PIBTOLD,1,161627,133593,405,405,520,100,den520d-random-24.scen
740,den520d.map,PIBT,1,160823,133593,407,405,47702,1000,den520d-random-24.scen
740,den520d.map,PIBTOLD,1,161627,133593,405,405,530,1000,den520d-random-24.scen
780,den520d.map,PIBT,1,172588,141195,405,405,770,0,den520d-random-24.scen
780,den520d.map,PIBTOLD,1,172588,141195,405,405,572,0,den520d-random-24.scen
780,den520d.map,PIBT,1,170705,141195,409,405,867,1,den520d-random-24.scen
780,den520d.map,PIBTOLD,1,172588,141195,405,405,550,1,den520d-random-24.scen
780,den520d.map,PIBT,1,172298,141195,408,405,1452,10,den520d-random-24.scen
780,den520d.map,PIBTOLD,1,172588,141195,405,405,555,10,den520d-random-24.scen
780,den520d.map,PIBT,1,170036,141195,408,405,6569,100,den520d-random-24.scen
780,den520d.map,PIBTOLD,1,172588,141195,405,405,533,100,den520d-random-24.scen
780,den520d.map,PIBT,1,170398,141195,412,405,59008,1000,den520d-random-24.scen
780,den520d.map,PIBTOLD,1,172588,141195,405,405,526,1000,den520d-random-24.scen
