agents,map_file,solver,solved,soc,lb_soc,makespan,lb_makespan,comp_time,Opti_Deadline,Scenario_File
20,warehouse-10-20-10-2-1.map,PIBT,1,1727,1604,162,162,3,0,warehouse-10-20-10-2-1-random-16.scen
20,warehouse-10-20-10-2-1.map,PIBTOLD,1,1727,1604,162,162,3,0,warehouse-10-20-10-2-1-random-16.scen
20,warehouse-10-20-10-2-1.map,PIBT,1,1690,1604,170,162,3,1,warehouse-10-20-10-2-1-random-16.scen
20,warehouse-10-20-10-2-1.map,PIBTOLD,1,1727,1604,162,162,3,1,warehouse-10-20-10-2-1-random-16.scen
20,warehouse-10-20-10-2-1.map,PIBT,1,1690,1604,170,162,3,10,warehouse-10-20-10-2-1-random-16.scen
20,warehouse-10-20-10-2-1.map,PIBTOLD,1,1727,1604,162,162,3,10,warehouse-10-20-10-2-1-random-16.scen
20,warehouse-10-20-10-2-1.map,PIBT,1,1690,1604,170,162,3,100,warehouse-10-20-10-2-1-random-16.scen
20,warehouse-10-20-10-2-1.map,PIBTOLD,1,1727,1604,162,162,3,100,warehouse-10-20-10-2-1-random-16.scen
20,warehouse-10-20-10-2-1.map,PIBT,1,1690,1604,170,162,3,1000,warehouse-10-20-10-2-1-random-16.scen
20,warehouse-10-20-10-2-1.map,PIBTOLD,1,1727,1604,162,162,3,1000,warehouse-10-20-10-2-1-random-16.scen
60,warehouse-10-20-10-2-1.map,PIBT,1,6061,5198,192,185,9,0,warehouse-10-20-10-2-1-random-16.scen
60,warehouse-10-20-10-2-1.map,PIBTOLD,1,6061,5198,192,185,8,0,warehouse-10-20-10-2-1-random-16.scen
60,warehouse-10-20-10-2-1.map,PIBT,0,5909,5198,100000,185,2470,1,warehouse-10-20-10-2-1-random-16.scen
60,warehouse-10-20-10-2-1.map,PIBTOLD,1,6061,5198,192,185,8,1,warehouse-10-20-10-2-1-random-16.scen
60,warehouse-10-20-10-2-1.map,PIBT,0,5909,5198,100000,185,2425,10,warehouse-10-20-10-2-1-random-16.scen
60,warehouse-10-20-10-2-1.map,PIBTOLD,1,6061,5198,192,185,8,10,warehouse-10-20-10-2-1-random-16.scen
60,warehouse-10-20-10-2-1.map,PIBT,0,5909,5198,100000,185,2404,100,warehouse-10-20-10-2-1-random-16.scen
60,warehouse-10-20-10-2-1.map,PIBTOLD,1,6061,5198,192,185,9,100,warehouse-10-20-10-2-1-random-16.scen
60,warehouse-10-20-10-2-1.map,PIBT,0,5909,5198,100000,185,2457,1000,warehouse-10-20-10-2-1-random-16.scen
60,warehouse-10-20-10-2-1.map,PIBTOLD,1,6061,5198,192,185,9,1000,warehouse-10-20-10-2-1-random-16.scen
100,warehouse-10-20-10-2-1.map,PIBT,0,410642,8626,100000,185,3622,0,warehouse-10-20-10-2-1-random-16.scen
100,warehouse-10-20-10-2-1.map,PIBTOLD,0,410642,8626,100000,185,2692,0,warehouse-10-20-10-2-1-random-16.scen
100,warehouse-10-20-10-2-1.map,PIBT,0,209851,8626,100000,185,4673,1,warehouse-10-20-10-2-1-random-16.scen
100,warehouse-10-20-10-2-1.map,PIBTOLD,0,410642,8626,100000,185,2639,1,warehouse-10-20-10-2-1-random-16.scen
100,warehouse-10-20-10-2-1.map,PIBT,0,209851,8626,100000,185,4558,10,warehouse-10-20-10-2-1-random-16.scen
100,warehouse-10-20-10-2-1.map,PIBTOLD,0,410642,8626,100000,185,2600,10,warehouse-10-20-10-2-1-random-16.scen
100,warehouse-10-20-10-2-1.map,PIBT,0,209851,8626,100000,185,4550,100,warehouse-10-20-10-2-1-random-16.scen
100,warehouse-10-20-10-2-1.map,PIBTOLD,0,410642,8626,100000,185,2585,100,warehouse-10-20-10-2-1-random-16.scen
100,warehouse-10-20-10-2-1.map,PIBT,0,209851,8626,100000,185,4587,1000,warehouse-10-20-10-2-1-random-16.scen
100,warehouse-10-20-10-2-1.map,PIBTOLD,0,410642,8626,100000,185,2616,1000,warehouse-10-20-10-2-1-random-16.scen
140,warehouse-10-20-10-2-1.map,PIBT,0,815517,12220,100000,185,5373,0,warehouse-10-20-10-2-1-random-16.scen
140,warehouse-10-20-10-2-1.map,PIBTOLD,0,815517,12220,100000,185,3432,0,warehouse-10-20-10-2-1-random-16.scen
140,warehouse-10-20-10-2-1.map,PIBT,0,376305,12220,100000,185,6981,1,warehouse-10-20-10-2-1-random-16.scen
140,warehouse-10-20-10-2-1.map,PIBTOLD,0,815517,12220,100000,185,3400,1,warehouse-10-20-10-2-1-random-16.scen
140,warehouse-10-20-10-2-1.map,PIBT,0,215436,12220,100000,185,6999,10,warehouse-10-20-10-2-1-random-16.scen
140,warehouse-10-20-10-2-1.map,PIBTOLD,0,815517,12220,100000,185,3392,10,warehouse-10-20-10-2-1-random-16.scen
140,warehouse-10-20-10-2-1.map,PIBT,0,215436,12220,100000,185,6832,100,warehouse-10-20-10-2-1-random-16.scen
140,warehouse-10-20-10-2-1.map,PIBTOLD,0,815517,12220,100000,185,3582,100,warehouse-10-20-10-2-1-random-16.scen
140,warehouse-10-20-10-2-1.map,PIBT,0,215436,12220,100000,185,7070,1000,warehouse-10-20-10-2-1-random-16.scen
140,warehouse-10-20-10-2-1.map,PIBTOLD,0,815517,12220,100000,185,3415,1000,warehouse-10-20-10-2-1-random-16.scen
180,warehouse-10-20-10-2-1.map,PIBT,0,920025,14852,100000,185,7078,0,warehouse-10-20-10-2-1-random-16.scen
180,warehouse-10-20-10-2-1.map,PIBTOLD,0,920025,14852,100000,185,4117,0,warehouse-10-20-10-2-1-random-16.scen
180,warehouse-10-20-10-2-1.map,PIBT,0,1015548,14852,100000,185,8119,1,warehouse-10-20-10-2-1-random-16.scen
180,warehouse-10-20-10-2-1.map,PIBTOLD,0,920025,14852,100000,185,4298,1,warehouse-10-20-10-2-1-random-16.scen
180,warehouse-10-20-10-2-1.map,PIBT,0,419990,14852,100000,185,8080,10,warehouse-10-20-10-2-1-random-16.scen
180,warehouse-10-20-10-2-1.map,PIBTOLD,0,920025,14852,100000,185,4261,10,warehouse-10-20-10-2-1-random-16.scen
180,warehouse-10-20-10-2-1.map,PIBT,0,419990,14852,100000,185,8185,100,warehouse-10-20-10-2-1-random-16.scen
180,warehouse-10-20-10-2-1.map,PIBTOLD,0,920025,14852,100000,185,4248,100,warehouse-10-20-10-2-1-random-16.scen
180,warehouse-10-20-10-2-1.map,PIBT,0,419990,14852,100000,185,8180,1000,warehouse-10-20-10-2-1-random-16.scen
180,warehouse-10-20-10-2-1.map,PIBTOLD,0,920025,14852,100000,185,4256,1000,warehouse-10-20-10-2-1-random-16.scen
220,warehouse-10-20-10-2-1.map,PIBT,0,1025739,17820,100000,185,9285,0,warehouse-10-20-10-2-1-random-16.scen
220,warehouse-10-20-10-2-1.map,PIBTOLD,0,1025739,17820,100000,185,5317,0,warehouse-10-20-10-2-1-random-16.scen
220,warehouse-10-20-10-2-1.map,PIBT,0,227604,17820,100000,185,10183,1,warehouse-10-20-10-2-1-random-16.scen
220,warehouse-10-20-10-2-1.map,PIBTOLD,0,1025739,17820,100000,185,5057,1,warehouse-10-20-10-2-1-random-16.scen
220,warehouse-10-20-10-2-1.map,PIBT,0,227604,17820,100000,185,10467,10,warehouse-10-20-10-2-1-random-16.scen
220,warehouse-10-20-10-2-1.map,PIBTOLD,0,1025739,17820,100000,185,5051,10,warehouse-10-20-10-2-1-random-16.scen
220,warehouse-10-20-10-2-1.map,PIBT,0,227604,17820,100000,185,10159,100,warehouse-10-20-10-2-1-random-16.scen
220,warehouse-10-20-10-2-1.map,PIBTOLD,0,1025739,17820,100000,185,5055,100,warehouse-10-20-10-2-1-random-16.scen
220,warehouse-10-20-10-2-1.map,PIBT,0,227604,17820,100000,185,10537,1000,warehouse-10-20-10-2-1-random-16.scen
220,warehouse-10-20-10-2-1.map,PIBTOLD,0,1025739,17820,100000,185,5106,1000,warehouse-10-20-10-2-1-random-16.scen
260,warehouse-10-20-10-2-1.map,PIBT,0,1529853,20766,100000,185,11649,0,warehouse-10-20-10-2-1-random-16.scen
260,warehouse-10-20-10-2-1.map,PIBTOLD,0,1529853,20766,100000,185,6429,0,warehouse-10-20-10-2-1-random-16.scen
260,warehouse-10-20-10-2-1.map,PIBT,0,3367941,20766,100000,185,15042,1,warehouse-10-20-10-2-1-random-16.scen
260,warehouse-10-20-10-2-1.map,PIBTOLD,0,1529853,20766,100000,185,6130,1,warehouse-10-20-10-2-1-random-16.scen
260,warehouse-10-20-10-2-1.map,PIBT,0,433399,20766,100000,185,15026,10,warehouse-10-20-10-2-1-random-16.scen
260,warehouse-10-20-10-2-1.map,PIBTOLD,0,1529853,20766,100000,185,6417,10,warehouse-10-20-10-2-1-random-16.scen
260,warehouse-10-20-10-2-1.map,PIBT,0,433399,20766,100000,185,15089,100,warehouse-10-20-10-2-1-random-16.scen
260,warehouse-10-20-10-2-1.map,PIBTOLD,0,1529853,20766,100000,185,6025,100,warehouse-10-20-10-2-1-random-16.scen
260,warehouse-10-20-10-2-1.map,PIBT,0,433399,20766,100000,185,15361,1000,warehouse-10-20-10-2-1-random-16.scen
260,warehouse-10-20-10-2-1.map,PIBTOLD,0,1529853,20766,100000,185,6103,1000,warehouse-10-20-10-2-1-random-16.scen
300,warehouse-10-20-10-2-1.map,PIBT,0,2234973,23905,100000,185,14991,0,warehouse-10-20-10-2-1-random-16.scen
300,warehouse-10-20-10-2-1.map,PIBTOLD,0,2234973,23905,100000,185,7150,0,warehouse-10-20-10-2-1-random-16.scen
300,warehouse-10-20-10-2-1.map,PIBT,0,1569518,23905,100000,185,20320,1,warehouse-10-20-10-2-1-random-16.scen
300,warehouse-10-20-10-2-1.map,PIBTOLD,0,2234973,23905,100000,185,6944,1,warehouse-10-20-10-2-1-random-16.scen
300,warehouse-10-20-10-2-1.map,PIBT,0,1235008,23905,100000,185,20089,10,warehouse-10-20-10-2-1-random-16.scen
300,warehouse-10-20-10-2-1.map,PIBTOLD,0,2234973,23905,100000,185,7081,10,warehouse-10-20-10-2-1-random-16.scen
300,warehouse-10-20-10-2-1.map,PIBT,0,1235008,23905,100000,185,20060,100,warehouse-10-20-10-2-1-random-16.scen
300,warehouse-10-20-10-2-1.map,PIBTOLD,0,2234973,23905,100000,185,7204,100,warehouse-10-20-10-2-1-random-16.scen
300,warehouse-10-20-10-2-1.map,PIBT,0,1235008,23905,100000,185,20223,1000,warehouse-10-20-10-2-1-random-16.scen
300,warehouse-10-20-10-2-1.map,PIBTOLD,0,2234973,23905,100000,185,7253,1000,warehouse-10-20-10-2-1-random-16.scen
340,warehouse-10-20-10-2-1.map,PIBT,0,3340853,27100,100000,191,18249,0,warehouse-10-20-10-2-1-random-16.scen
340,warehouse-10-20-10-2-1.map,PIBTOLD,0,3340853,27100,100000,191,8148,0,warehouse-10-20-10-2-1-random-16.scen
340,warehouse-10-20-10-2-1.map,PIBT,0,841605,27100,100000,191,23545,1,warehouse-10-20-10-2-1-random-16.scen
340,warehouse-10-20-10-2-1.map,PIBTOLD,0,3340853,27100,100000,191,8578,1,warehouse-10-20-10-2-1-random-16.scen
340,warehouse-10-20-10-2-1.map,PIBT,0,844153,27100,100000,191,21968,10,warehouse-10-20-10-2-1-random-16.scen
340,warehouse-10-20-10-2-1.map,PIBTOLD,0,3340853,27100,100000,191,8444,10,warehouse-10-20-10-2-1-random-16.scen
340,warehouse-10-20-10-2-1.map,PIBT,0,844153,27100,100000,191,22088,100,warehouse-10-20-10-2-1-random-16.scen
340,warehouse-10-20-10-2-1.map,PIBTOLD,0,3340853,27100,100000,191,8323,100,warehouse-10-20-10-2-1-random-16.scen
340,warehouse-10-20-10-2-1.map,PIBT,0,844153,27100,100000,191,22114,1000,warehouse-10-20-10-2-1-random-16.scen
340,warehouse-10-20-10-2-1.map,PIBTOLD,0,3340853,27100,100000,191,8284,1000,warehouse-10-20-10-2-1-random-16.scen
380,warehouse-10-20-10-2-1.map,PIBT,0,4047546,30258,100000,191,21689,0,warehouse-10-20-10-2-1-random-16.scen
380,warehouse-10-20-10-2-1.map,PIBTOLD,0,4047546,30258,100000,191,9203,0,warehouse-10-20-10-2-1-random-16.scen
380,warehouse-10-20-10-2-1.map,PIBT,0,648313,30258,100000,191,32769,1,warehouse-10-20-10-2-1-random-16.scen
380,warehouse-10-20-10-2-1.map,PIBTOLD,0,4047546,30258,100000,191,9316,1,warehouse-10-20-10-2-1-random-16.scen
380,warehouse-10-20-10-2-1.map,PIBT,0,850483,30258,100000,191,27023,10,warehouse-10-20-10-2-1-random-16.scen
380,warehouse-10-20-10-2-1.map,PIBTOLD,0,4047546,30258,100000,191,9191,10,warehouse-10-20-10-2-1-random-16.scen
380,warehouse-10-20-10-2-1.map,PIBT,0,850483,30258,100000,191,27116,100,warehouse-10-20-10-2-1-random-16.scen
380,warehouse-10-20-10-2-1.map,PIBTOLD,0,4047546,30258,100000,191,9324,100,warehouse-10-20-10-2-1-random-16.scen
380,warehouse-10-20-10-2-1.map,PIBT,0,850483,30258,100000,191,27143,1000,warehouse-10-20-10-2-1-random-16.scen
380,warehouse-10-20-10-2-1.map,PIBTOLD,0,4047546,30258,100000,191,9187,1000,warehouse-10-20-10-2-1-random-16.scen
420,warehouse-10-20-10-2-1.map,PIBT,0,3556026,33709,100000,191,25433,0,warehouse-10-20-10-2-1-random-16.scen
420,warehouse-10-20-10-2-1.map,PIBTOLD,0,3556026,33709,100000,191,10497,0,warehouse-10-20-10-2-1-random-16.scen
420,warehouse-10-20-10-2-1.map,PIBT,0,7687505,33709,100000,191,37128,1,warehouse-10-20-10-2-1-random-16.scen
420,warehouse-10-20-10-2-1.map,PIBTOLD,0,3556026,33709,100000,191,10303,1,warehouse-10-20-10-2-1-random-16.scen
420,warehouse-10-20-10-2-1.map,PIBT,0,1258468,33709,100000,191,39648,10,warehouse-10-20-10-2-1-random-16.scen
420,warehouse-10-20-10-2-1.map,PIBTOLD,0,3556026,33709,100000,191,10160,10,warehouse-10-20-10-2-1-random-16.scen
420,warehouse-10-20-10-2-1.map,PIBT,0,654017,33709,100000,191,40255,100,warehouse-10-20-10-2-1-random-16.scen
420,warehouse-10-20-10-2-1.map,PIBTOLD,0,3556026,33709,100000,191,11502,100,warehouse-10-20-10-2-1-random-16.scen
420,warehouse-10-20-10-2-1.map,PIBT,0,457143,33709,100000,191,42719,1000,warehouse-10-20-10-2-1-random-16.scen
420,warehouse-10-20-10-2-1.map,PIBTOLD,0,3556026,33709,100000,191,10566,1000,warehouse-10-20-10-2-1-random-16.scen
460,warehouse-10-20-10-2-1.map,PIBT,0,4162670,36928,100000,191,30321,0,warehouse-10-20-10-2-1-random-16.scen
460,warehouse-10-20-10-2-1.map,PIBTOLD,0,4162670,36928,100000,191,11708,0,warehouse-10-20-10-2-1-random-16.scen
20,warehouse-10-20-10-2-1.map,PIBT,1,1727,1604,162,162,3,0,warehouse-10-20-10-2-1-random-17.scen
20,warehouse-10-20-10-2-1.map,PIBTOLD,1,1727,1604,162,162,3,0,warehouse-10-20-10-2-1-random-17.scen
20,warehouse-10-20-10-2-1.map,PIBT,1,1690,1604,170,162,3,1,warehouse-10-20-10-2-1-random-17.scen
20,warehouse-10-20-10-2-1.map,PIBTOLD,1,1727,1604,162,162,3,1,warehouse-10-20-10-2-1-random-17.scen
20,warehouse-10-20-10-2-1.map,PIBT,1,1690,1604,170,162,3,10,warehouse-10-20-10-2-1-random-17.scen
20,warehouse-10-20-10-2-1.map,PIBTOLD,1,1727,1604,162,162,3,10,warehouse-10-20-10-2-1-random-17.scen
20,warehouse-10-20-10-2-1.map,PIBT,1,1690,1604,170,162,3,100,warehouse-10-20-10-2-1-random-17.scen
20,warehouse-10-20-10-2-1.map,PIBTOLD,1,1727,1604,162,162,3,100,warehouse-10-20-10-2-1-random-17.scen
20,warehouse-10-20-10-2-1.map,PIBT,1,1690,1604,170,162,3,1000,warehouse-10-20-10-2-1-random-17.scen
20,warehouse-10-20-10-2-1.map,PIBTOLD,1,1727,1604,162,162,3,1000,warehouse-10-20-10-2-1-random-17.scen
60,warehouse-10-20-10-2-1.map,PIBT,1,6061,5198,192,185,9,0,warehouse-10-20-10-2-1-random-17.scen
60,warehouse-10-20-10-2-1.map,PIBTOLD,1,6061,5198,192,185,8,0,warehouse-10-20-10-2-1-random-17.scen
60,warehouse-10-20-10-2-1.map,PIBT,0,5909,5198,100000,185,2420,1,warehouse-10-20-10-2-1-random-17.scen
60,warehouse-10-20-10-2-1.map,PIBTOLD,1,6061,5198,192,185,9,1,warehouse-10-20-10-2-1-random-17.scen
60,warehouse-10-20-10-2-1.map,PIBT,0,5909,5198,100000,185,2390,10,warehouse-10-20-10-2-1-random-17.scen
60,warehouse-10-20-10-2-1.map,PIBTOLD,1,6061,5198,192,185,9,10,warehouse-10-20-10-2-1-random-17.scen
60,warehouse-10-20-10-2-1.map,PIBT,0,5909,5198,100000,185,2412,100,warehouse-10-20-10-2-1-random-17.scen
60,warehouse-10-20-10-2-1.map,PIBTOLD,1,6061,5198,192,185,8,100,warehouse-10-20-10-2-1-random-17.scen
60,warehouse-10-20-10-2-1.map,PIBT,0,5909,5198,100000,185,2359,1000,warehouse-10-20-10-2-1-random-17.scen
60,warehouse-10-20-10-2-1.map,PIBTOLD,1,6061,5198,192,185,8,1000,warehouse-10-20-10-2-1-random-17.scen
100,warehouse-10-20-10-2-1.map,PIBT,0,410642,8626,100000,185,3585,0,warehouse-10-20-10-2-1-random-17.scen
100,warehouse-10-20-10-2-1.map,PIBTOLD,0,410642,8626,100000,185,2581,0,warehouse-10-20-10-2-1-random-17.scen
100,warehouse-10-20-10-2-1.map,PIBT,0,209851,8626,100000,185,4609,1,warehouse-10-20-10-2-1-random-17.scen
100,warehouse-10-20-10-2-1.map,PIBTOLD,0,410642,8626,100000,185,2595,1,warehouse-10-20-10-2-1-random-17.scen
100,warehouse-10-20-10-2-1.map,PIBT,0,209851,8626,100000,185,4732,10,warehouse-10-20-10-2-1-random-17.scen
100,warehouse-10-20-10-2-1.map,PIBTOLD,0,410642,8626,100000,185,2572,10,warehouse-10-20-10-2-1-random-17.scen
100,warehouse-10-20-10-2-1.map,PIBT,0,209851,8626,100000,185,4572,100,warehouse-10-20-10-2-1-random-17.scen
100,warehouse-10-20-10-2-1.map,PIBTOLD,0,410642,8626,100000,185,2601,100,warehouse-10-20-10-2-1-random-17.scen
100,warehouse-10-20-10-2-1.map,PIBT,0,209851,8626,100000,185,4671,1000,warehouse-10-20-10-2-1-random-17.scen
100,warehouse-10-20-10-2-1.map,PIBTOLD,0,410642,8626,100000,185,2569,1000,warehouse-10-20-10-2-1-random-17.scen
140,warehouse-10-20-10-2-1.map,PIBT,0,815517,12220,100000,185,5287,0,warehouse-10-20-10-2-1-random-17.scen
140,warehouse-10-20-10-2-1.map,PIBTOLD,0,815517,12220,100000,185,3412,0,warehouse-10-20-10-2-1-random-17.scen
140,warehouse-10-20-10-2-1.map,PIBT,0,215436,12220,100000,185,6982,1,warehouse-10-20-10-2-1-random-17.scen
140,warehouse-10-20-10-2-1.map,PIBTOLD,0,815517,12220,100000,185,3427,1,warehouse-10-20-10-2-1-random-17.scen
140,warehouse-10-20-10-2-1.map,PIBT,0,215436,12220,100000,185,6926,10,warehouse-10-20-10-2-1-random-17.scen
140,warehouse-10-20-10-2-1.map,PIBTOLD,0,815517,12220,100000,185,3444,10,warehouse-10-20-10-2-1-random-17.scen
140,warehouse-10-20-10-2-1.map,PIBT,0,215436,12220,100000,185,6837,100,warehouse-10-20-10-2-1-random-17.scen
140,warehouse-10-20-10-2-1.map,PIBTOLD,0,815517,12220,100000,185,3410,100,warehouse-10-20-10-2-1-random-17.scen
140,warehouse-10-20-10-2-1.map,PIBT,0,215436,12220,100000,185,6868,1000,warehouse-10-20-10-2-1-random-17.scen
140,warehouse-10-20-10-2-1.map,PIBTOLD,0,815517,12220,100000,185,3444,1000,warehouse-10-20-10-2-1-random-17.scen
180,warehouse-10-20-10-2-1.map,PIBT,0,920025,14852,100000,185,7020,0,warehouse-10-20-10-2-1-random-17.scen
180,warehouse-10-20-10-2-1.map,PIBTOLD,0,920025,14852,100000,185,4191,0,warehouse-10-20-10-2-1-random-17.scen
180,warehouse-10-20-10-2-1.map,PIBT,0,1275361,14852,100000,185,8198,1,warehouse-10-20-10-2-1-random-17.scen
180,warehouse-10-20-10-2-1.map,PIBTOLD,0,920025,14852,100000,185,4170,1,warehouse-10-20-10-2-1-random-17.scen
180,warehouse-10-20-10-2-1.map,PIBT,0,419990,14852,100000,185,8353,10,warehouse-10-20-10-2-1-random-17.scen
180,warehouse-10-20-10-2-1.map,PIBTOLD,0,920025,14852,100000,185,4167,10,warehouse-10-20-10-2-1-random-17.scen
180,warehouse-10-20-10-2-1.map,PIBT,0,419990,14852,100000,185,8139,100,warehouse-10-20-10-2-1-random-17.scen
180,warehouse-10-20-10-2-1.map,PIBTOLD,0,920025,14852,100000,185,4244,100,warehouse-10-20-10-2-1-random-17.scen
180,warehouse-10-20-10-2-1.map,PIBT,0,419990,14852,100000,185,8077,1000,warehouse-10-20-10-2-1-random-17.scen
180,warehouse-10-20-10-2-1.map,PIBTOLD,0,920025,14852,100000,185,4195,1000,warehouse-10-20-10-2-1-random-17.scen
220,warehouse-10-20-10-2-1.map,PIBT,0,1025739,17820,100000,185,9076,0,warehouse-10-20-10-2-1-random-17.scen
220,warehouse-10-20-10-2-1.map,PIBTOLD,0,1025739,17820,100000,185,5043,0,warehouse-10-20-10-2-1-random-17.scen
220,warehouse-10-20-10-2-1.map,PIBT,0,1338755,17820,100000,185,10158,1,warehouse-10-20-10-2-1-random-17.scen
220,warehouse-10-20-10-2-1.map,PIBTOLD,0,1025739,17820,100000,185,5146,1,warehouse-10-20-10-2-1-random-17.scen
220,warehouse-10-20-10-2-1.map,PIBT,0,227604,17820,100000,185,10098,10,warehouse-10-20-10-2-1-random-17.scen
220,warehouse-10-20-10-2-1.map,PIBTOLD,0,1025739,17820,100000,185,5064,10,warehouse-10-20-10-2-1-random-17.scen
220,warehouse-10-20-10-2-1.map,PIBT,0,227604,17820,100000,185,10096,100,warehouse-10-20-10-2-1-random-17.scen
220,warehouse-10-20-10-2-1.map,PIBTOLD,0,1025739,17820,100000,185,5006,100,warehouse-10-20-10-2-1-random-17.scen
220,warehouse-10-20-10-2-1.map,PIBT,0,227604,17820,100000,185,10331,1000,warehouse-10-20-10-2-1-random-17.scen
220,warehouse-10-20-10-2-1.map,PIBTOLD,0,1025739,17820,100000,185,5081,1000,warehouse-10-20-10-2-1-random-17.scen
260,warehouse-10-20-10-2-1.map,PIBT,0,1529853,20766,100000,185,11826,0,warehouse-10-20-10-2-1-random-17.scen
260,warehouse-10-20-10-2-1.map,PIBTOLD,0,1529853,20766,100000,185,6179,0,warehouse-10-20-10-2-1-random-17.scen
260,warehouse-10-20-10-2-1.map,PIBT,0,2661848,20766,100000,185,15008,1,warehouse-10-20-10-2-1-random-17.scen
260,warehouse-10-20-10-2-1.map,PIBTOLD,0,1529853,20766,100000,185,6067,1,warehouse-10-20-10-2-1-random-17.scen
260,warehouse-10-20-10-2-1.map,PIBT,0,433399,20766,100000,185,15147,10,warehouse-10-20-10-2-1-random-17.scen
260,warehouse-10-20-10-2-1.map,PIBTOLD,0,1529853,20766,100000,185,6228,10,warehouse-10-20-10-2-1-random-17.scen
260,warehouse-10-20-10-2-1.map,PIBT,0,433399,20766,100000,185,15675,100,warehouse-10-20-10-2-1-random-17.scen
260,warehouse-10-20-10-2-1.map,PIBTOLD,0,1529853,20766,100000,185,6101,100,warehouse-10-20-10-2-1-random-17.scen
260,warehouse-10-20-10-2-1.map,PIBT,0,433399,20766,100000,185,15163,1000,warehouse-10-20-10-2-1-random-17.scen
260,warehouse-10-20-10-2-1.map,PIBTOLD,0,1529853,20766,100000,185,6157,1000,warehouse-10-20-10-2-1-random-17.scen
300,warehouse-10-20-10-2-1.map,PIBT,0,2234973,23905,100000,185,14944,0,warehouse-10-20-10-2-1-random-17.scen
300,warehouse-10-20-10-2-1.map,PIBTOLD,0,2234973,23905,100000,185,7092,0,warehouse-10-20-10-2-1-random-17.scen
300,warehouse-10-20-10-2-1.map,PIBT,0,1568610,23905,100000,185,19923,1,warehouse-10-20-10-2-1-random-17.scen
300,warehouse-10-20-10-2-1.map,PIBTOLD,0,2234973,23905,100000,185,7082,1,warehouse-10-20-10-2-1-random-17.scen
300,warehouse-10-20-10-2-1.map,PIBT,0,1235008,23905,100000,185,19892,10,warehouse-10-20-10-2-1-random-17.scen
300,warehouse-10-20-10-2-1.map,PIBTOLD,0,2234973,23905,100000,185,7132,10,warehouse-10-20-10-2-1-random-17.scen
300,warehouse-10-20-10-2-1.map,PIBT,0,1235008,23905,100000,185,20040,100,warehouse-10-20-10-2-1-random-17.scen
300,warehouse-10-20-10-2-1.map,PIBTOLD,0,2234973,23905,100000,185,7264,100,warehouse-10-20-10-2-1-random-17.scen
300,warehouse-10-20-10-2-1.map,PIBT,0,1235008,23905,100000,185,19864,1000,warehouse-10-20-10-2-1-random-17.scen
300,warehouse-10-20-10-2-1.map,PIBTOLD,0,2234973,23905,100000,185,7095,1000,warehouse-10-20-10-2-1-random-17.scen
340,warehouse-10-20-10-2-1.map,PIBT,0,3340853,27100,100000,191,18339,0,warehouse-10-20-10-2-1-random-17.scen
340,warehouse-10-20-10-2-1.map,PIBTOLD,0,3340853,27100,100000,191,8362,0,warehouse-10-20-10-2-1-random-17.scen
340,warehouse-10-20-10-2-1.map,PIBT,0,642539,27100,100000,191,26278,1,warehouse-10-20-10-2-1-random-17.scen
340,warehouse-10-20-10-2-1.map,PIBTOLD,0,3340853,27100,100000,191,8226,1,warehouse-10-20-10-2-1-random-17.scen
340,warehouse-10-20-10-2-1.map,PIBT,0,844153,27100,100000,191,22058,10,warehouse-10-20-10-2-1-random-17.scen
340,warehouse-10-20-10-2-1.map,PIBTOLD,0,3340853,27100,100000,191,8350,10,warehouse-10-20-10-2-1-random-17.scen
340,warehouse-10-20-10-2-1.map,PIBT,0,844153,27100,100000,191,22189,100,warehouse-10-20-10-2-1-random-17.scen
340,warehouse-10-20-10-2-1.map,PIBTOLD,0,3340853,27100,100000,191,8531,100,warehouse-10-20-10-2-1-random-17.scen
340,warehouse-10-20-10-2-1.map,PIBT,0,844153,27100,100000,191,21850,1000,warehouse-10-20-10-2-1-random-17.scen
340,warehouse-10-20-10-2-1.map,PIBTOLD,0,3340853,27100,100000,191,8035,1000,warehouse-10-20-10-2-1-random-17.scen
380,warehouse-10-20-10-2-1.map,PIBT,0,4047546,30258,100000,191,21391,0,warehouse-10-20-10-2-1-random-17.scen
380,warehouse-10-20-10-2-1.map,PIBTOLD,0,4047546,30258,100000,191,9375,0,warehouse-10-20-10-2-1-random-17.scen
380,warehouse-10-20-10-2-1.map,PIBT,0,1247335,30258,100000,191,35842,1,warehouse-10-20-10-2-1-random-17.scen
380,warehouse-10-20-10-2-1.map,PIBTOLD,0,4047546,30258,100000,191,9101,1,warehouse-10-20-10-2-1-random-17.scen
380,warehouse-10-20-10-2-1.map,PIBT,0,850483,30258,100000,191,26918,10,warehouse-10-20-10-2-1-random-17.scen
380,warehouse-10-20-10-2-1.map,PIBTOLD,0,4047546,30258,100000,191,9625,10,warehouse-10-20-10-2-1-random-17.scen
380,warehouse-10-20-10-2-1.map,PIBT,0,850483,30258,100000,191,27472,100,warehouse-10-20-10-2-1-random-17.scen
380,warehouse-10-20-10-2-1.map,PIBTOLD,0,4047546,30258,100000,191,9115,100,warehouse-10-20-10-2-1-random-17.scen
380,warehouse-10-20-10-2-1.map,PIBT,0,850483,30258,100000,191,27437,1000,warehouse-10-20-10-2-1-random-17.scen
380,warehouse-10-20-10-2-1.map,PIBTOLD,0,4047546,30258,100000,191,9198,1000,warehouse-10-20-10-2-1-random-17.scen
420,warehouse-10-20-10-2-1.map,PIBT,0,3556026,33709,100000,191,25330,0,warehouse-10-20-10-2-1-random-17.scen
420,warehouse-10-20-10-2-1.map,PIBTOLD,0,3556026,33709,100000,191,10426,0,warehouse-10-20-10-2-1-random-17.scen
420,warehouse-10-20-10-2-1.map,PIBT,0,1058038,33709,100000,191,40014,1,warehouse-10-20-10-2-1-random-17.scen
420,warehouse-10-20-10-2-1.map,PIBTOLD,0,3556026,33709,100000,191,10314,1,warehouse-10-20-10-2-1-random-17.scen
420,warehouse-10-20-10-2-1.map,PIBT,0,1056584,33709,100000,191,38505,10,warehouse-10-20-10-2-1-random-17.scen
420,warehouse-10-20-10-2-1.map,PIBTOLD,0,3556026,33709,100000,191,10530,10,warehouse-10-20-10-2-1-random-17.scen
420,warehouse-10-20-10-2-1.map,PIBT,0,1051606,33709,100000,191,45534,100,warehouse-10-20-10-2-1-random-17.scen
420,warehouse-10-20-10-2-1.map,PIBTOLD,0,3556026,33709,100000,191,10113,100,warehouse-10-20-10-2-1-random-17.scen
420,warehouse-10-20-10-2-1.map,PIBT,0,457143,33709,100000,191,41628,1000,warehouse-10-20-10-2-1-random-17.scen
420,warehouse-10-20-10-2-1.map,PIBTOLD,0,3556026,33709,100000,191,10451,1000,warehouse-10-20-10-2-1-random-17.scen
460,warehouse-10-20-10-2-1.map,PIBT,0,4162670,36928,100000,191,30301,0,warehouse-10-20-10-2-1-random-17.scen
460,warehouse-10-20-10-2-1.map,PIBTOLD,0,4162670,36928,100000,191,12070,0,warehouse-10-20-10-2-1-random-17.scen
460,warehouse-10-20-10-2-1.map,PIBT,0,1063063,36928,100000,191,51694,1,warehouse-10-20-10-2-1-random-17.scen
460,warehouse-10-20-10-2-1.map,PIBTOLD,0,4162670,36928,100000,191,11351,1,warehouse-10-20-10-2-1-random-17.scen
460,warehouse-10-20-10-2-1.map,PIBT,0,1465472,36928,100000,191,45343,10,warehouse-10-20-10-2-1-random-17.scen
460,warehouse-10-20-10-2-1.map,PIBTOLD,0,4162670,36928,100000,191,11432,10,warehouse-10-20-10-2-1-random-17.scen
460,warehouse-10-20-10-2-1.map,PIBT,0,1263519,36928,100000,191,44512,100,warehouse-10-20-10-2-1-random-17.scen
460,warehouse-10-20-10-2-1.map,PIBTOLD,0,4162670,36928,100000,191,11406,100,warehouse-10-20-10-2-1-random-17.scen
460,warehouse-10-20-10-2-1.map,PIBT,0,1463648,36928,100000,191,48716,1000,warehouse-10-20-10-2-1-random-17.scen
460,warehouse-10-20-10-2-1.map,PIBTOLD,0,4162670,36928,100000,191,11825,1000,warehouse-10-20-10-2-1-random-17.scen
20,warehouse-10-20-10-2-1.map,PIBT,1,1727,1604,162,162,3,0,warehouse-10-20-10-2-1-random-9.scen
20,warehouse-10-20-10-2-1.map,PIBTOLD,1,1727,1604,162,162,3,0,warehouse-10-20-10-2-1-random-9.scen
20,warehouse-10-20-10-2-1.map,PIBT,1,1690,1604,170,162,3,1,warehouse-10-20-10-2-1-random-9.scen
20,warehouse-10-20-10-2-1.map,PIBTOLD,1,1727,1604,162,162,3,1,warehouse-10-20-10-2-1-random-9.scen
20,warehouse-10-20-10-2-1.map,PIBT,1,1690,1604,170,162,3,10,warehouse-10-20-10-2-1-random-9.scen
20,warehouse-10-20-10-2-1.map,PIBTOLD,1,1727,1604,162,162,3,10,warehouse-10-20-10-2-1-random-9.scen
20,warehouse-10-20-10-2-1.map,PIBT,1,1690,1604,170,162,3,100,warehouse-10-20-10-2-1-random-9.scen
20,warehouse-10-20-10-2-1.map,PIBTOLD,1,1727,1604,162,162,3,100,warehouse-10-20-10-2-1-random-9.scen
20,warehouse-10-20-10-2-1.map,PIBT,1,1690,1604,170,162,3,1000,warehouse-10-20-10-2-1-random-9.scen
20,warehouse-10-20-10-2-1.map,PIBTOLD,1,1727,1604,162,162,3,1000,warehouse-10-20-10-2-1-random-9.scen
60,warehouse-10-20-10-2-1.map,PIBT,1,6061,5198,192,185,9,0,warehouse-10-20-10-2-1-random-9.scen
60,warehouse-10-20-10-2-1.map,PIBTOLD,1,6061,5198,192,185,8,0,warehouse-10-20-10-2-1-random-9.scen
60,warehouse-10-20-10-2-1.map,PIBT,0,5909,5198,100000,185,2366,1,warehouse-10-20-10-2-1-random-9.scen
60,warehouse-10-20-10-2-1.map,PIBTOLD,1,6061,5198,192,185,9,1,warehouse-10-20-10-2-1-random-9.scen
60,warehouse-10-20-10-2-1.map,PIBT,0,5909,5198,100000,185,2367,10,warehouse-10-20-10-2-1-random-9.scen
60,warehouse-10-20-10-2-1.map,PIBTOLD,1,6061,5198,192,185,8,10,warehouse-10-20-10-2-1-random-9.scen
60,warehouse-10-20-10-2-1.map,PIBT,0,5909,5198,100000,185,2438,100,warehouse-10-20-10-2-1-random-9.scen
60,warehouse-10-20-10-2-1.map,PIBTOLD,1,6061,5198,192,185,10,100,warehouse-10-20-10-2-1-random-9.scen
60,warehouse-10-20-10-2-1.map,PIBT,0,5909,5198,100000,185,2458,1000,warehouse-10-20-10-2-1-random-9.scen
60,warehouse-10-20-10-2-1.map,PIBTOLD,1,6061,5198,192,185,8,1000,warehouse-10-20-10-2-1-random-9.scen
100,warehouse-10-20-10-2-1.map,PIBT,0,410642,8626,100000,185,3526,0,warehouse-10-20-10-2-1-random-9.scen
100,warehouse-10-20-10-2-1.map,PIBTOLD,0,410642,8626,100000,185,2563,0,warehouse-10-20-10-2-1-random-9.scen
100,warehouse-10-20-10-2-1.map,PIBT,0,209851,8626,100000,185,4634,1,warehouse-10-20-10-2-1-random-9.scen
100,warehouse-10-20-10-2-1.map,PIBTOLD,0,410642,8626,100000,185,2624,1,warehouse-10-20-10-2-1-random-9.scen
100,warehouse-10-20-10-2-1.map,PIBT,0,209851,8626,100000,185,4594,10,warehouse-10-20-10-2-1-random-9.scen
100,warehouse-10-20-10-2-1.map,PIBTOLD,0,410642,8626,100000,185,2601,10,warehouse-10-20-10-2-1-random-9.scen
100,warehouse-10-20-10-2-1.map,PIBT,0,209851,8626,100000,185,4573,100,warehouse-10-20-10-2-1-random-9.scen
100,warehouse-10-20-10-2-1.map,PIBTOLD,0,410642,8626,100000,185,2828,100,warehouse-10-20-10-2-1-random-9.scen
100,warehouse-10-20-10-2-1.map,PIBT,0,209851,8626,100000,185,4607,1000,warehouse-10-20-10-2-1-random-9.scen
100,warehouse-10-20-10-2-1.map,PIBTOLD,0,410642,8626,100000,185,2558,1000,warehouse-10-20-10-2-1-random-9.scen
140,warehouse-10-20-10-2-1.map,PIBT,0,815517,12220,100000,185,5291,0,warehouse-10-20-10-2-1-random-9.scen
140,warehouse-10-20-10-2-1.map,PIBTOLD,0,815517,12220,100000,185,3338,0,warehouse-10-20-10-2-1-random-9.scen
140,warehouse-10-20-10-2-1.map,PIBT,0,215436,12220,100000,185,6871,1,warehouse-10-20-10-2-1-random-9.scen
140,warehouse-10-20-10-2-1.map,PIBTOLD,0,815517,12220,100000,185,3430,1,warehouse-10-20-10-2-1-random-9.scen
140,warehouse-10-20-10-2-1.map,PIBT,0,215436,12220,100000,185,6813,10,warehouse-10-20-10-2-1-random-9.scen
140,warehouse-10-20-10-2-1.map,PIBTOLD,0,815517,12220,100000,185,3415,10,warehouse-10-20-10-2-1-random-9.scen
140,warehouse-10-20-10-2-1.map,PIBT,0,215436,12220,100000,185,6837,100,warehouse-10-20-10-2-1-random-9.scen
140,warehouse-10-20-10-2-1.map,PIBTOLD,0,815517,12220,100000,185,3413,100,warehouse-10-20-10-2-1-random-9.scen
140,warehouse-10-20-10-2-1.map,PIBT,0,215436,12220,100000,185,6836,1000,warehouse-10-20-10-2-1-random-9.scen
140,warehouse-10-20-10-2-1.map,PIBTOLD,0,815517,12220,100000,185,3424,1000,warehouse-10-20-10-2-1-random-9.scen
180,warehouse-10-20-10-2-1.map,PIBT,0,920025,14852,100000,185,7041,0,warehouse-10-20-10-2-1-random-9.scen
180,warehouse-10-20-10-2-1.map,PIBTOLD,0,920025,14852,100000,185,4326,0,warehouse-10-20-10-2-1-random-9.scen
180,warehouse-10-20-10-2-1.map,PIBT,0,419990,14852,100000,185,8172,1,warehouse-10-20-10-2-1-random-9.scen
180,warehouse-10-20-10-2-1.map,PIBTOLD,0,920025,14852,100000,185,4242,1,warehouse-10-20-10-2-1-random-9.scen
180,warehouse-10-20-10-2-1.map,PIBT,0,419990,14852,100000,185,8463,10,warehouse-10-20-10-2-1-random-9.scen
180,warehouse-10-20-10-2-1.map,PIBTOLD,0,920025,14852,100000,185,4182,10,warehouse-10-20-10-2-1-random-9.scen
180,warehouse-10-20-10-2-1.map,PIBT,0,419990,14852,100000,185,8074,100,warehouse-10-20-10-2-1-random-9.scen
180,warehouse-10-20-10-2-1.map,PIBTOLD,0,920025,14852,100000,185,4174,100,warehouse-10-20-10-2-1-random-9.scen
180,warehouse-10-20-10-2-1.map,PIBT,0,419990,14852,100000,185,8028,1000,warehouse-10-20-10-2-1-random-9.scen
180,warehouse-10-20-10-2-1.map,PIBTOLD,0,920025,14852,100000,185,4148,1000,warehouse-10-20-10-2-1-random-9.scen
220,warehouse-10-20-10-2-1.map,PIBT,0,1025739,17820,100000,185,9035,0,warehouse-10-20-10-2-1-random-9.scen
220,warehouse-10-20-10-2-1.map,PIBTOLD,0,1025739,17820,100000,185,5504,0,warehouse-10-20-10-2-1-random-9.scen
220,warehouse-10-20-10-2-1.map,PIBT,0,227604,17820,100000,185,10164,1,warehouse-10-20-10-2-1-random-9.scen
220,warehouse-10-20-10-2-1.map,PIBTOLD,0,1025739,17820,100000,185,5082,1,warehouse-10-20-10-2-1-random-9.scen
220,warehouse-10-20-10-2-1.map,PIBT,0,227604,17820,100000,185,10059,10,warehouse-10-20-10-2-1-random-9.scen
220,warehouse-10-20-10-2-1.map,PIBTOLD,0,1025739,17820,100000,185,4948,10,warehouse-10-20-10-2-1-random-9.scen
220,warehouse-10-20-10-2-1.map,PIBT,0,227604,17820,100000,185,9944,100,warehouse-10-20-10-2-1-random-9.scen
220,warehouse-10-20-10-2-1.map,PIBTOLD,0,1025739,17820,100000,185,5083,100,warehouse-10-20-10-2-1-random-9.scen
220,warehouse-10-20-10-2-1.map,PIBT,0,227604,17820,100000,185,9981,1000,warehouse-10-20-10-2-1-random-9.scen
220,warehouse-10-20-10-2-1.map,PIBTOLD,0,1025739,17820,100000,185,5081,1000,warehouse-10-20-10-2-1-random-9.scen
260,warehouse-10-20-10-2-1.map,PIBT,0,1529853,20766,100000,185,11533,0,warehouse-10-20-10-2-1-random-9.scen
260,warehouse-10-20-10-2-1.map,PIBTOLD,0,1529853,20766,100000,185,6060,0,warehouse-10-20-10-2-1-random-9.scen
260,warehouse-10-20-10-2-1.map,PIBT,0,433399,20766,100000,185,14934,1,warehouse-10-20-10-2-1-random-9.scen
260,warehouse-10-20-10-2-1.map,PIBTOLD,0,1529853,20766,100000,185,6037,1,warehouse-10-20-10-2-1-random-9.scen
260,warehouse-10-20-10-2-1.map,PIBT,0,433399,20766,100000,185,14952,10,warehouse-10-20-10-2-1-random-9.scen
260,warehouse-10-20-10-2-1.map,PIBTOLD,0,1529853,20766,100000,185,6040,10,warehouse-10-20-10-2-1-random-9.scen
260,warehouse-10-20-10-2-1.map,PIBT,0,433399,20766,100000,185,14917,100,warehouse-10-20-10-2-1-random-9.scen
260,warehouse-10-20-10-2-1.map,PIBTOLD,0,1529853,20766,100000,185,6061,100,warehouse-10-20-10-2-1-random-9.scen
260,warehouse-10-20-10-2-1.map,PIBT,0,433399,20766,100000,185,15153,1000,warehouse-10-20-10-2-1-random-9.scen
260,warehouse-10-20-10-2-1.map,PIBTOLD,0,1529853,20766,100000,185,6148,1000,warehouse-10-20-10-2-1-random-9.scen
300,warehouse-10-20-10-2-1.map,PIBT,0,2234973,23905,100000,185,15192,0,warehouse-10-20-10-2-1-random-9.scen
300,warehouse-10-20-10-2-1.map,PIBTOLD,0,2234973,23905,100000,185,7188,0,warehouse-10-20-10-2-1-random-9.scen
300,warehouse-10-20-10-2-1.map,PIBT,0,1235008,23905,100000,185,20020,1,warehouse-10-20-10-2-1-random-9.scen
300,warehouse-10-20-10-2-1.map,PIBTOLD,0,2234973,23905,100000,185,6996,1,warehouse-10-20-10-2-1-random-9.scen
300,warehouse-10-20-10-2-1.map,PIBT,0,1235008,23905,100000,185,19916,10,warehouse-10-20-10-2-1-random-9.scen
300,warehouse-10-20-10-2-1.map,PIBTOLD,0,2234973,23905,100000,185,7764,10,warehouse-10-20-10-2-1-random-9.scen
300,warehouse-10-20-10-2-1.map,PIBT,0,1235008,23905,100000,185,20028,100,warehouse-10-20-10-2-1-random-9.scen
300,warehouse-10-20-10-2-1.map,PIBTOLD,0,2234973,23905,100000,185,7183,100,warehouse-10-20-10-2-1-random-9.scen
300,warehouse-10-20-10-2-1.map,PIBT,0,1235008,23905,100000,185,19950,1000,warehouse-10-20-10-2-1-random-9.scen
300,warehouse-10-20-10-2-1.map,PIBTOLD,0,2234973,23905,100000,185,6971,1000,warehouse-10-20-10-2-1-random-9.scen
340,warehouse-10-20-10-2-1.map,PIBT,0,3340853,27100,100000,191,18042,0,warehouse-10-20-10-2-1-random-9.scen
340,warehouse-10-20-10-2-1.map,PIBTOLD,0,3340853,27100,100000,191,8215,0,warehouse-10-20-10-2-1-random-9.scen
340,warehouse-10-20-10-2-1.map,PIBT,0,1042522,27100,100000,191,26030,1,warehouse-10-20-10-2-1-random-9.scen
340,warehouse-10-20-10-2-1.map,PIBTOLD,0,3340853,27100,100000,191,8396,1,warehouse-10-20-10-2-1-random-9.scen
340,warehouse-10-20-10-2-1.map,PIBT,0,844153,27100,100000,191,21881,10,warehouse-10-20-10-2-1-random-9.scen
340,warehouse-10-20-10-2-1.map,PIBTOLD,0,3340853,27100,100000,191,8410,10,warehouse-10-20-10-2-1-random-9.scen
340,warehouse-10-20-10-2-1.map,PIBT,0,844153,27100,100000,191,21800,100,warehouse-10-20-10-2-1-random-9.scen
340,warehouse-10-20-10-2-1.map,PIBTOLD,0,3340853,27100,100000,191,8168,100,warehouse-10-20-10-2-1-random-9.scen
340,warehouse-10-20-10-2-1.map,PIBT,0,844153,27100,100000,191,21760,1000,warehouse-10-20-10-2-1-random-9.scen
340,warehouse-10-20-10-2-1.map,PIBTOLD,0,3340853,27100,100000,191,8133,1000,warehouse-10-20-10-2-1-random-9.scen
380,warehouse-10-20-10-2-1.map,PIBT,0,4047546,30258,100000,191,21451,0,warehouse-10-20-10-2-1-random-9.scen
380,warehouse-10-20-10-2-1.map,PIBTOLD,0,4047546,30258,100000,191,9315,0,warehouse-10-20-10-2-1-random-9.scen
380,warehouse-10-20-10-2-1.map,PIBT,0,1245205,30258,100000,191,29462,1,warehouse-10-20-10-2-1-random-9.scen
380,warehouse-10-20-10-2-1.map,PIBTOLD,0,4047546,30258,100000,191,9135,1,warehouse-10-20-10-2-1-random-9.scen
380,warehouse-10-20-10-2-1.map,PIBT,0,850483,30258,100000,191,26846,10,warehouse-10-20-10-2-1-random-9.scen
380,warehouse-10-20-10-2-1.map,PIBTOLD,0,4047546,30258,100000,191,9113,10,warehouse-10-20-10-2-1-random-9.scen
380,warehouse-10-20-10-2-1.map,PIBT,0,850483,30258,100000,191,27017,100,warehouse-10-20-10-2-1-random-9.scen
380,warehouse-10-20-10-2-1.map,PIBTOLD,0,4047546,30258,100000,191,9117,100,warehouse-10-20-10-2-1-random-9.scen
380,warehouse-10-20-10-2-1.map,PIBT,0,850483,30258,100000,191,26885,1000,warehouse-10-20-10-2-1-random-9.scen
380,warehouse-10-20-10-2-1.map,PIBTOLD,0,4047546,30258,100000,191,9379,1000,warehouse-10-20-10-2-1-random-9.scen
420,warehouse-10-20-10-2-1.map,PIBT,0,3556026,33709,100000,191,25124,0,warehouse-10-20-10-2-1-random-9.scen
420,warehouse-10-20-10-2-1.map,PIBTOLD,0,3556026,33709,100000,191,10033,0,warehouse-10-20-10-2-1-random-9.scen
20,warehouse-10-20-10-2-1.map,PIBT,1,1727,1604,162,162,3,0,warehouse-10-20-10-2-1-random-15.scen
20,warehouse-10-20-10-2-1.map,PIBTOLD,1,1727,1604,162,162,3,0,warehouse-10-20-10-2-1-random-15.scen
20,warehouse-10-20-10-2-1.map,PIBT,1,1690,1604,170,162,3,1,warehouse-10-20-10-2-1-random-15.scen
20,warehouse-10-20-10-2-1.map,PIBTOLD,1,1727,1604,162,162,3,1,warehouse-10-20-10-2-1-random-15.scen
20,warehouse-10-20-10-2-1.map,PIBT,1,1690,1604,170,162,3,10,warehouse-10-20-10-2-1-random-15.scen
20,warehouse-10-20-10-2-1.map,PIBTOLD,1,1727,1604,162,162,3,10,warehouse-10-20-10-2-1-random-15.scen
20,warehouse-10-20-10-2-1.map,PIBT,1,1690,1604,170,162,3,100,warehouse-10-20-10-2-1-random-15.scen
20,warehouse-10-20-10-2-1.map,PIBTOLD,1,1727,1604,162,162,3,100,warehouse-10-20-10-2-1-random-15.scen
20,warehouse-10-20-10-2-1.map,PIBT,1,1690,1604,170,162,3,1000,warehouse-10-20-10-2-1-random-15.scen
20,warehouse-10-20-10-2-1.map,PIBTOLD,1,1727,1604,162,162,3,1000,warehouse-10-20-10-2-1-random-15.scen
60,warehouse-10-20-10-2-1.map,PIBT,1,6061,5198,192,185,9,0,warehouse-10-20-10-2-1-random-15.scen
60,warehouse-10-20-10-2-1.map,PIBTOLD,1,6061,5198,192,185,9,0,warehouse-10-20-10-2-1-random-15.scen
60,warehouse-10-20-10-2-1.map,PIBT,0,5909,5198,100000,185,2332,1,warehouse-10-20-10-2-1-random-15.scen
60,warehouse-10-20-10-2-1.map,PIBTOLD,1,6061,5198,192,185,9,1,warehouse-10-20-10-2-1-random-15.scen
60,warehouse-10-20-10-2-1.map,PIBT,0,5909,5198,100000,185,2408,10,warehouse-10-20-10-2-1-random-15.scen
60,warehouse-10-20-10-2-1.map,PIBTOLD,1,6061,5198,192,185,8,10,warehouse-10-20-10-2-1-random-15.scen
60,warehouse-10-20-10-2-1.map,PIBT,0,5909,5198,100000,185,2414,100,warehouse-10-20-10-2-1-random-15.scen
60,warehouse-10-20-10-2-1.map,PIBTOLD,1,6061,5198,192,185,8,100,warehouse-10-20-10-2-1-random-15.scen
60,warehouse-10-20-10-2-1.map,PIBT,0,5909,5198,100000,185,2383,1000,warehouse-10-20-10-2-1-random-15.scen
60,warehouse-10-20-10-2-1.map,PIBTOLD,1,6061,5198,192,185,9,1000,warehouse-10-20-10-2-1-random-15.scen
100,warehouse-10-20-10-2-1.map,PIBT,0,410642,8626,100000,185,3604,0,warehouse-10-20-10-2-1-random-15.scen
100,warehouse-10-20-10-2-1.map,PIBTOLD,0,410642,8626,100000,185,2600,0,warehouse-10-20-10-2-1-random-15.scen
100,warehouse-10-20-10-2-1.map,PIBT,0,209851,8626,100000,185,4540,1,warehouse-10-20-10-2-1-random-15.scen
100,warehouse-10-20-10-2-1.map,PIBTOLD,0,410642,8626,100000,185,2580,1,warehouse-10-20-10-2-1-random-15.scen
100,warehouse-10-20-10-2-1.map,PIBT,0,209851,8626,100000,185,4558,10,warehouse-10-20-10-2-1-random-15.scen
100,warehouse-10-20-10-2-1.map,PIBTOLD,0,410642,8626,100000,185,2579,10,warehouse-10-20-10-2-1-random-15.scen
100,warehouse-10-20-10-2-1.map,PIBT,0,209851,8626,100000,185,4674,100,warehouse-10-20-10-2-1-random-15.scen
100,warehouse-10-20-10-2-1.map,PIBTOLD,0,410642,8626,100000,185,2635,100,warehouse-10-20-10-2-1-random-15.scen
100,warehouse-10-20-10-2-1.map,PIBT,0,209851,8626,100000,185,4563,1000,warehouse-10-20-10-2-1-random-15.scen
100,warehouse-10-20-10-2-1.map,PIBTOLD,0,410642,8626,100000,185,2590,1000,warehouse-10-20-10-2-1-random-15.scen
140,warehouse-10-20-10-2-1.map,PIBT,0,815517,12220,100000,185,5348,0,warehouse-10-20-10-2-1-random-15.scen
140,warehouse-10-20-10-2-1.map,PIBTOLD,0,815517,12220,100000,185,3406,0,warehouse-10-20-10-2-1-random-15.scen
140,warehouse-10-20-10-2-1.map,PIBT,0,215436,12220,100000,185,6898,1,warehouse-10-20-10-2-1-random-15.scen
140,warehouse-10-20-10-2-1.map,PIBTOLD,0,815517,12220,100000,185,3399,1,warehouse-10-20-10-2-1-random-15.scen
140,warehouse-10-20-10-2-1.map,PIBT,0,215436,12220,100000,185,6956,10,warehouse-10-20-10-2-1-random-15.scen
140,warehouse-10-20-10-2-1.map,PIBTOLD,0,815517,12220,100000,185,3398,10,warehouse-10-20-10-2-1-random-15.scen
140,warehouse-10-20-10-2-1.map,PIBT,0,215436,12220,100000,185,6777,100,warehouse-10-20-10-2-1-random-15.scen
140,warehouse-10-20-10-2-1.map,PIBTOLD,0,815517,12220,100000,185,3390,100,warehouse-10-20-10-2-1-random-15.scen
140,warehouse-10-20-10-2-1.map,PIBT,0,215436,12220,100000,185,6846,1000,warehouse-10-20-10-2-1-random-15.scen
140,warehouse-10-20-10-2-1.map,PIBTOLD,0,815517,12220,100000,185,3348,1000,warehouse-10-20-10-2-1-random-15.scen
180,warehouse-10-20-10-2-1.map,PIBT,0,920025,14852,100000,185,6902,0,warehouse-10-20-10-2-1-random-15.scen
180,warehouse-10-20-10-2-1.map,PIBTOLD,0,920025,14852,100000,185,4184,0,warehouse-10-20-10-2-1-random-15.scen
180,warehouse-10-20-10-2-1.map,PIBT,0,419990,14852,100000,185,8080,1,warehouse-10-20-10-2-1-random-15.scen
180,warehouse-10-20-10-2-1.map,PIBTOLD,0,920025,14852,100000,185,4258,1,warehouse-10-20-10-2-1-random-15.scen
180,warehouse-10-20-10-2-1.map,PIBT,0,419990,14852,100000,185,8037,10,warehouse-10-20-10-2-1-random-15.scen
180,warehouse-10-20-10-2-1.map,PIBTOLD,0,920025,14852,100000,185,4217,10,warehouse-10-20-10-2-1-random-15.scen
180,warehouse-10-20-10-2-1.map,PIBT,0,419990,14852,100000,185,7973,100,warehouse-10-20-10-2-1-random-15.scen
180,warehouse-10-20-10-2-1.map,PIBTOLD,0,920025,14852,100000,185,4214,100,warehouse-10-20-10-2-1-random-15.scen
180,warehouse-10-20-10-2-1.map,PIBT,0,419990,14852,100000,185,8146,1000,warehouse-10-20-10-2-1-random-15.scen
180,warehouse-10-20-10-2-1.map,PIBTOLD,0,920025,14852,100000,185,4279,1000,warehouse-10-20-10-2-1-random-15.scen
220,warehouse-10-20-10-2-1.map,PIBT,0,1025739,17820,100000,185,8989,0,warehouse-10-20-10-2-1-random-15.scen
220,warehouse-10-20-10-2-1.map,PIBTOLD,0,1025739,17820,100000,185,4991,0,warehouse-10-20-10-2-1-random-15.scen
220,warehouse-10-20-10-2-1.map,PIBT,0,227604,17820,100000,185,9998,1,warehouse-10-20-10-2-1-random-15.scen
220,warehouse-10-20-10-2-1.map,PIBTOLD,0,1025739,17820,100000,185,5217,1,warehouse-10-20-10-2-1-random-15.scen
220,warehouse-10-20-10-2-1.map,PIBT,0,227604,17820,100000,185,10030,10,warehouse-10-20-10-2-1-random-15.scen
220,warehouse-10-20-10-2-1.map,PIBTOLD,0,1025739,17820,100000,185,5138,10,warehouse-10-20-10-2-1-random-15.scen
220,warehouse-10-20-10-2-1.map,PIBT,0,227604,17820,100000,185,9981,100,warehouse-10-20-10-2-1-random-15.scen
220,warehouse-10-20-10-2-1.map,PIBTOLD,0,1025739,17820,100000,185,4959,100,warehouse-10-20-10-2-1-random-15.scen
220,warehouse-10-20-10-2-1.map,PIBT,0,227604,17820,100000,185,10043,1000,warehouse-10-20-10-2-1-random-15.scen
220,warehouse-10-20-10-2-1.map,PIBTOLD,0,1025739,17820,100000,185,5108,1000,warehouse-10-20-10-2-1-random-15.scen
260,warehouse-10-20-10-2-1.map,PIBT,0,1529853,20766,100000,185,11443,0,warehouse-10-20-10-2-1-random-15.scen
260,warehouse-10-20-10-2-1.map,PIBTOLD,0,1529853,20766,100000,185,6059,0,warehouse-10-20-10-2-1-random-15.scen
260,warehouse-10-20-10-2-1.map,PIBT,0,433399,20766,100000,185,15251,1,warehouse-10-20-10-2-1-random-15.scen
260,warehouse-10-20-10-2-1.map,PIBTOLD,0,1529853,20766,100000,185,6088,1,warehouse-10-20-10-2-1-random-15.scen
260,warehouse-10-20-10-2-1.map,PIBT,0,433399,20766,100000,185,15249,10,warehouse-10-20-10-2-1-random-15.scen
260,warehouse-10-20-10-2-1.map,PIBTOLD,0,1529853,20766,100000,185,6102,10,warehouse-10-20-10-2-1-random-15.scen
260,warehouse-10-20-10-2-1.map,PIBT,0,433399,20766,100000,185,15019,100,warehouse-10-20-10-2-1-random-15.scen
260,warehouse-10-20-10-2-1.map,PIBTOLD,0,1529853,20766,100000,185,6214,100,warehouse-10-20-10-2-1-random-15.scen
260,warehouse-10-20-10-2-1.map,PIBT,0,433399,20766,100000,185,14860,1000,warehouse-10-20-10-2-1-random-15.scen
260,warehouse-10-20-10-2-1.map,PIBTOLD,0,1529853,20766,100000,185,6349,1000,warehouse-10-20-10-2-1-random-15.scen
300,warehouse-10-20-10-2-1.map,PIBT,0,2234973,23905,100000,185,15081,0,warehouse-10-20-10-2-1-random-15.scen
300,warehouse-10-20-10-2-1.map,PIBTOLD,0,2234973,23905,100000,185,6992,0,warehouse-10-20-10-2-1-random-15.scen
300,warehouse-10-20-10-2-1.map,PIBT,0,1235008,23905,100000,185,20016,1,warehouse-10-20-10-2-1-random-15.scen
300,warehouse-10-20-10-2-1.map,PIBTOLD,0,2234973,23905,100000,185,7300,1,warehouse-10-20-10-2-1-random-15.scen
300,warehouse-10-20-10-2-1.map,PIBT,0,1235008,23905,100000,185,19884,10,warehouse-10-20-10-2-1-random-15.scen
300,warehouse-10-20-10-2-1.map,PIBTOLD,0,2234973,23905,100000,185,6968,10,warehouse-10-20-10-2-1-random-15.scen
300,warehouse-10-20-10-2-1.map,PIBT,0,1235008,23905,100000,185,20017,100,warehouse-10-20-10-2-1-random-15.scen
300,warehouse-10-20-10-2-1.map,PIBTOLD,0,2234973,23905,100000,185,7335,100,warehouse-10-20-10-2-1-random-15.scen
300,warehouse-10-20-10-2-1.map,PIBT,0,1235008,23905,100000,185,19864,1000,warehouse-10-20-10-2-1-random-15.scen
300,warehouse-10-20-10-2-1.map,PIBTOLD,0,2234973,23905,100000,185,6992,1000,warehouse-10-20-10-2-1-random-15.scen
340,warehouse-10-20-10-2-1.map,PIBT,0,3340853,27100,100000,191,17856,0,warehouse-10-20-10-2-1-random-15.scen
340,warehouse-10-20-10-2-1.map,PIBTOLD,0,3340853,27100,100000,191,8045,0,warehouse-10-20-10-2-1-random-15.scen
340,warehouse-10-20-10-2-1.map,PIBT,0,643422,27100,100000,191,24168,1,warehouse-10-20-10-2-1-random-15.scen
340,warehouse-10-20-10-2-1.map,PIBTOLD,0,3340853,27100,100000,191,8206,1,warehouse-10-20-10-2-1-random-15.scen
340,warehouse-10-20-10-2-1.map,PIBT,0,844153,27100,100000,191,22266,10,warehouse-10-20-10-2-1-random-15.scen
340,warehouse-10-20-10-2-1.map,PIBTOLD,0,3340853,27100,100000,191,8439,10,warehouse-10-20-10-2-1-random-15.scen
340,warehouse-10-20-10-2-1.map,PIBT,0,844153,27100,100000,191,21884,100,warehouse-10-20-10-2-1-random-15.scen
340,warehouse-10-20-10-2-1.map,PIBTOLD,0,3340853,27100,100000,191,8440,100,warehouse-10-20-10-2-1-random-15.scen
340,warehouse-10-20-10-2-1.map,PIBT,0,844153,27100,100000,191,21921,1000,warehouse-10-20-10-2-1-random-15.scen
340,warehouse-10-20-10-2-1.map,PIBTOLD,0,3340853,27100,100000,191,8135,1000,warehouse-10-20-10-2-1-random-15.scen
380,warehouse-10-20-10-2-1.map,PIBT,0,4047546,30258,100000,191,21400,0,warehouse-10-20-10-2-1-random-15.scen
380,warehouse-10-20-10-2-1.map,PIBTOLD,0,4047546,30258,100000,191,9149,0,warehouse-10-20-10-2-1-random-15.scen
380,warehouse-10-20-10-2-1.map,PIBT,0,1046837,30258,100000,191,32607,1,warehouse-10-20-10-2-1-random-15.scen
380,warehouse-10-20-10-2-1.map,PIBTOLD,0,4047546,30258,100000,191,9657,1,warehouse-10-20-10-2-1-random-15.scen
380,warehouse-10-20-10-2-1.map,PIBT,0,850483,30258,100000,191,27851,10,warehouse-10-20-10-2-1-random-15.scen
380,warehouse-10-20-10-2-1.map,PIBTOLD,0,4047546,30258,100000,191,9193,10,warehouse-10-20-10-2-1-random-15.scen
380,warehouse-10-20-10-2-1.map,PIBT,0,850483,30258,100000,191,26999,100,warehouse-10-20-10-2-1-random-15.scen
380,warehouse-10-20-10-2-1.map,PIBTOLD,0,4047546,30258,100000,191,9493,100,warehouse-10-20-10-2-1-random-15.scen
380,warehouse-10-20-10-2-1.map,PIBT,0,850483,30258,100000,191,27544,1000,warehouse-10-20-10-2-1-random-15.scen
380,warehouse-10-20-10-2-1.map,PIBTOLD,0,4047546,30258,100000,191,9702,1000,warehouse-10-20-10-2-1-random-15.scen
420,warehouse-10-20-10-2-1.map,PIBT,0,3556026,33709,100000,191,25828,0,warehouse-10-20-10-2-1-random-15.scen
420,warehouse-10-20-10-2-1.map,PIBTOLD,0,3556026,33709,100000,191,10381,0,warehouse-10-20-10-2-1-random-15.scen
420,warehouse-10-20-10-2-1.map,PIBT,0,1656282,33709,100000,191,37510,1,warehouse-10-20-10-2-1-random-15.scen
420,warehouse-10-20-10-2-1.map,PIBTOLD,0,3556026,33709,100000,191,10214,1,warehouse-10-20-10-2-1-random-15.scen
420,warehouse-10-20-10-2-1.map,PIBT,0,1056603,33709,100000,191,38568,10,warehouse-10-20-10-2-1-random-15.scen
420,warehouse-10-20-10-2-1.map,PIBTOLD,0,3556026,33709,100000,191,10147,10,warehouse-10-20-10-2-1-random-15.scen
420,warehouse-10-20-10-2-1.map,PIBT,0,1457982,33709,100000,191,33538,100,warehouse-10-20-10-2-1-random-15.scen
420,warehouse-10-20-10-2-1.map,PIBTOLD,0,3556026,33709,100000,191,10216,100,warehouse-10-20-10-2-1-random-15.scen
420,warehouse-10-20-10-2-1.map,PIBT,0,457143,33709,100000,191,41550,1000,warehouse-10-20-10-2-1-random-15.scen
420,warehouse-10-20-10-2-1.map,PIBTOLD,0,3556026,33709,100000,191,10533,1000,warehouse-10-20-10-2-1-random-15.scen
20,warehouse-10-20-10-2-1.map,PIBT,1,1727,1604,162,162,3,0,warehouse-10-20-10-2-1-random-12.scen
20,warehouse-10-20-10-2-1.map,PIBTOLD,1,1727,1604,162,162,3,0,warehouse-10-20-10-2-1-random-12.scen
20,warehouse-10-20-10-2-1.map,PIBT,1,1690,1604,170,162,3,1,warehouse-10-20-10-2-1-random-12.scen
20,warehouse-10-20-10-2-1.map,PIBTOLD,1,1727,1604,162,162,3,1,warehouse-10-20-10-2-1-random-12.scen
20,warehouse-10-20-10-2-1.map,PIBT,1,1690,1604,170,162,3,10,warehouse-10-20-10-2-1-random-12.scen
20,warehouse-10-20-10-2-1.map,PIBTOLD,1,1727,1604,162,162,3,10,warehouse-10-20-10-2-1-random-12.scen
20,warehouse-10-20-10-2-1.map,PIBT,1,1690,1604,170,162,3,100,warehouse-10-20-10-2-1-random-12.scen
20,warehouse-10-20-10-2-1.map,PIBTOLD,1,1727,1604,162,162,3,100,warehouse-10-20-10-2-1-random-12.scen
20,warehouse-10-20-10-2-1.map,PIBT,1,1690,1604,170,162,3,1000,warehouse-10-20-10-2-1-random-12.scen
20,warehouse-10-20-10-2-1.map,PIBTOLD,1,1727,1604,162,162,3,1000,warehouse-10-20-10-2-1-random-12.scen
60,warehouse-10-20-10-2-1.map,PIBT,1,6061,5198,192,185,10,0,warehouse-10-20-10-2-1-random-12.scen
60,warehouse-10-20-10-2-1.map,PIBTOLD,1,6061,5198,192,185,8,0,warehouse-10-20-10-2-1-random-12.scen
60,warehouse-10-20-10-2-1.map,PIBT,0,5909,5198,100000,185,2345,1,warehouse-10-20-10-2-1-random-12.scen
60,warehouse-10-20-10-2-1.map,PIBTOLD,1,6061,5198,192,185,8,1,warehouse-10-20-10-2-1-random-12.scen
60,warehouse-10-20-10-2-1.map,PIBT,0,5909,5198,100000,185,2628,10,warehouse-10-20-10-2-1-random-12.scen
60,warehouse-10-20-10-2-1.map,PIBTOLD,1,6061,5198,192,185,9,10,warehouse-10-20-10-2-1-random-12.scen
60,warehouse-10-20-10-2-1.map,PIBT,0,5909,5198,100000,185,2376,100,warehouse-10-20-10-2-1-random-12.scen
60,warehouse-10-20-10-2-1.map,PIBTOLD,1,6061,5198,192,185,9,100,warehouse-10-20-10-2-1-random-12.scen
60,warehouse-10-20-10-2-1.map,PIBT,0,5909,5198,100000,185,2418,1000,warehouse-10-20-10-2-1-random-12.scen
60,warehouse-10-20-10-2-1.map,PIBTOLD,1,6061,5198,192,185,7,1000,warehouse-10-20-10-2-1-random-12.scen
100,warehouse-10-20-10-2-1.map,PIBT,0,410642,8626,100000,185,3627,0,warehouse-10-20-10-2-1-random-12.scen
100,warehouse-10-20-10-2-1.map,PIBTOLD,0,410642,8626,100000,185,2641,0,warehouse-10-20-10-2-1-random-12.scen
100,warehouse-10-20-10-2-1.map,PIBT,0,209851,8626,100000,185,4582,1,warehouse-10-20-10-2-1-random-12.scen
100,warehouse-10-20-10-2-1.map,PIBTOLD,0,410642,8626,100000,185,2568,1,warehouse-10-20-10-2-1-random-12.scen
100,warehouse-10-20-10-2-1.map,PIBT,0,209851,8626,100000,185,4730,10,warehouse-10-20-10-2-1-random-12.scen
100,warehouse-10-20-10-2-1.map,PIBTOLD,0,410642,8626,100000,185,2630,10,warehouse-10-20-10-2-1-random-12.scen
100,warehouse-10-20-10-2-1.map,PIBT,0,209851,8626,100000,185,4653,100,warehouse-10-20-10-2-1-random-12.scen
100,warehouse-10-20-10-2-1.map,PIBTOLD,0,410642,8626,100000,185,2637,100,warehouse-10-20-10-2-1-random-12.scen
100,warehouse-10-20-10-2-1.map,PIBT,0,209851,8626,100000,185,4648,1000,warehouse-10-20-10-2-1-random-12.scen
100,warehouse-10-20-10-2-1.map,PIBTOLD,0,410642,8626,100000,185,2583,1000,warehouse-10-20-10-2-1-random-12.scen
140,warehouse-10-20-10-2-1.map,PIBT,0,815517,12220,100000,185,5322,0,warehouse-10-20-10-2-1-random-12.scen
140,warehouse-10-20-10-2-1.map,PIBTOLD,0,815517,12220,100000,185,3443,0,warehouse-10-20-10-2-1-random-12.scen
140,warehouse-10-20-10-2-1.map,PIBT,0,215436,12220,100000,185,6936,1,warehouse-10-20-10-2-1-random-12.scen
140,warehouse-10-20-10-2-1.map,PIBTOLD,0,815517,12220,100000,185,3384,1,warehouse-10-20-10-2-1-random-12.scen
140,warehouse-10-20-10-2-1.map,PIBT,0,215436,12220,100000,185,6839,10,warehouse-10-20-10-2-1-random-12.scen
140,warehouse-10-20-10-2-1.map,PIBTOLD,0,815517,12220,100000,185,3430,10,warehouse-10-20-10-2-1-random-12.scen
140,warehouse-10-20-10-2-1.map,PIBT,0,215436,12220,100000,185,7067,100,warehouse-10-20-10-2-1-random-12.scen
140,warehouse-10-20-10-2-1.map,PIBTOLD,0,815517,12220,100000,185,3351,100,warehouse-10-20-10-2-1-random-12.scen
140,warehouse-10-20-10-2-1.map,PIBT,0,215436,12220,100000,185,6824,1000,warehouse-10-20-10-2-1-random-12.scen
140,warehouse-10-20-10-2-1.map,PIBTOLD,0,815517,12220,100000,185,3436,1000,warehouse-10-20-10-2-1-random-12.scen
180,warehouse-10-20-10-2-1.map,PIBT,0,920025,14852,100000,185,7192,0,warehouse-10-20-10-2-1-random-12.scen
180,warehouse-10-20-10-2-1.map,PIBTOLD,0,920025,14852,100000,185,4204,0,warehouse-10-20-10-2-1-random-12.scen
180,warehouse-10-20-10-2-1.map,PIBT,0,419990,14852,100000,185,7952,1,warehouse-10-20-10-2-1-random-12.scen
180,warehouse-10-20-10-2-1.map,PIBTOLD,0,920025,14852,100000,185,4357,1,warehouse-10-20-10-2-1-random-12.scen
180,warehouse-10-20-10-2-1.map,PIBT,0,419990,14852,100000,185,8049,10,warehouse-10-20-10-2-1-random-12.scen
180,warehouse-10-20-10-2-1.map,PIBTOLD,0,920025,14852,100000,185,4212,10,warehouse-10-20-10-2-1-random-12.scen
180,warehouse-10-20-10-2-1.map,PIBT,0,419990,14852,100000,185,7987,100,warehouse-10-20-10-2-1-random-12.scen
180,warehouse-10-20-10-2-1.map,PIBTOLD,0,920025,14852,100000,185,4099,100,warehouse-10-20-10-2-1-random-12.scen
180,warehouse-10-20-10-2-1.map,PIBT,0,419990,14852,100000,185,8015,1000,warehouse-10-20-10-2-1-random-12.scen
180,warehouse-10-20-10-2-1.map,PIBTOLD,0,920025,14852,100000,185,4216,1000,warehouse-10-20-10-2-1-random-12.scen
220,warehouse-10-20-10-2-1.map,PIBT,0,1025739,17820,100000,185,9033,0,warehouse-10-20-10-2-1-random-12.scen
220,warehouse-10-20-10-2-1.map,PIBTOLD,0,1025739,17820,100000,185,5228,0,warehouse-10-20-10-2-1-random-12.scen
220,warehouse-10-20-10-2-1.map,PIBT,0,227604,17820,100000,185,10040,1,warehouse-10-20-10-2-1-random-12.scen
220,warehouse-10-20-10-2-1.map,PIBTOLD,0,1025739,17820,100000,185,4976,1,warehouse-10-20-10-2-1-random-12.scen
220,warehouse-10-20-10-2-1.map,PIBT,0,227604,17820,100000,185,10098,10,warehouse-10-20-10-2-1-random-12.scen
220,warehouse-10-20-10-2-1.map,PIBTOLD,0,1025739,17820,100000,185,5065,10,warehouse-10-20-10-2-1-random-12.scen
220,warehouse-10-20-10-2-1.map,PIBT,0,227604,17820,100000,185,10016,100,warehouse-10-20-10-2-1-random-12.scen
220,warehouse-10-20-10-2-1.map,PIBTOLD,0,1025739,17820,100000,185,5011,100,warehouse-10-20-10-2-1-random-12.scen
220,warehouse-10-20-10-2-1.map,PIBT,0,227604,17820,100000,185,9917,1000,warehouse-10-20-10-2-1-random-12.scen
220,warehouse-10-20-10-2-1.map,PIBTOLD,0,1025739,17820,100000,185,5027,1000,warehouse-10-20-10-2-1-random-12.scen
260,warehouse-10-20-10-2-1.map,PIBT,0,1529853,20766,100000,185,11462,0,warehouse-10-20-10-2-1-random-12.scen
260,warehouse-10-20-10-2-1.map,PIBTOLD,0,1529853,20766,100000,185,6021,0,warehouse-10-20-10-2-1-random-12.scen
260,warehouse-10-20-10-2-1.map,PIBT,0,433399,20766,100000,185,14897,1,warehouse-10-20-10-2-1-random-12.scen
260,warehouse-10-20-10-2-1.map,PIBTOLD,0,1529853,20766,100000,185,6065,1,warehouse-10-20-10-2-1-random-12.scen
260,warehouse-10-20-10-2-1.map,PIBT,0,433399,20766,100000,185,15154,10,warehouse-10-20-10-2-1-random-12.scen
260,warehouse-10-20-10-2-1.map,PIBTOLD,0,1529853,20766,100000,185,6093,10,warehouse-10-20-10-2-1-random-12.scen
260,warehouse-10-20-10-2-1.map,PIBT,0,433399,20766,100000,185,15050,100,warehouse-10-20-10-2-1-random-12.scen
260,warehouse-10-20-10-2-1.map,PIBTOLD,0,1529853,20766,100000,185,6123,100,warehouse-10-20-10-2-1-random-12.scen
260,warehouse-10-20-10-2-1.map,PIBT,0,433399,20766,100000,185,14894,1000,warehouse-10-20-10-2-1-random-12.scen
260,warehouse-10-20-10-2-1.map,PIBTOLD,0,1529853,20766,100000,185,6264,1000,warehouse-10-20-10-2-1-random-12.scen
300,warehouse-10-20-10-2-1.map,PIBT,0,2234973,23905,100000,185,15093,0,warehouse-10-20-10-2-1-random-12.scen
300,warehouse-10-20-10-2-1.map,PIBTOLD,0,2234973,23905,100000,185,7354,0,warehouse-10-20-10-2-1-random-12.scen
300,warehouse-10-20-10-2-1.map,PIBT,0,1235008,23905,100000,185,19813,1,warehouse-10-20-10-2-1-random-12.scen
300,warehouse-10-20-10-2-1.map,PIBTOLD,0,2234973,23905,100000,185,7167,1,warehouse-10-20-10-2-1-random-12.scen
300,warehouse-10-20-10-2-1.map,PIBT,0,1235008,23905,100000,185,20595,10,warehouse-10-20-10-2-1-random-12.scen
300,warehouse-10-20-10-2-1.map,PIBTOLD,0,2234973,23905,100000,185,7265,10,warehouse-10-20-10-2-1-random-12.scen
300,warehouse-10-20-10-2-1.map,PIBT,0,1235008,23905,100000,185,19862,100,warehouse-10-20-10-2-1-random-12.scen
300,warehouse-10-20-10-2-1.map,PIBTOLD,0,2234973,23905,100000,185,7004,100,warehouse-10-20-10-2-1-random-12.scen
300,warehouse-10-20-10-2-1.map,PIBT,0,1235008,23905,100000,185,19926,1000,warehouse-10-20-10-2-1-random-12.scen
300,warehouse-10-20-10-2-1.map,PIBTOLD,0,2234973,23905,100000,185,7289,1000,warehouse-10-20-10-2-1-random-12.scen
340,warehouse-10-20-10-2-1.map,PIBT,0,3340853,27100,100000,191,17856,0,warehouse-10-20-10-2-1-random-12.scen
340,warehouse-10-20-10-2-1.map,PIBTOLD,0,3340853,27100,100000,191,8197,0,warehouse-10-20-10-2-1-random-12.scen
340,warehouse-10-20-10-2-1.map,PIBT,0,1049962,27100,100000,191,24662,1,warehouse-10-20-10-2-1-random-12.scen
340,warehouse-10-20-10-2-1.map,PIBTOLD,0,3340853,27100,100000,191,8378,1,warehouse-10-20-10-2-1-random-12.scen
340,warehouse-10-20-10-2-1.map,PIBT,0,844153,27100,100000,191,22060,10,warehouse-10-20-10-2-1-random-12.scen
340,warehouse-10-20-10-2-1.map,PIBTOLD,0,3340853,27100,100000,191,8369,10,warehouse-10-20-10-2-1-random-12.scen
340,warehouse-10-20-10-2-1.map,PIBT,0,844153,27100,100000,191,22414,100,warehouse-10-20-10-2-1-random-12.scen
340,warehouse-10-20-10-2-1.map,PIBTOLD,0,3340853,27100,100000,191,8091,100,warehouse-10-20-10-2-1-random-12.scen
340,warehouse-10-20-10-2-1.map,PIBT,0,844153,27100,100000,191,22320,1000,warehouse-10-20-10-2-1-random-12.scen
340,warehouse-10-20-10-2-1.map,PIBTOLD,0,3340853,27100,100000,191,8916,1000,warehouse-10-20-10-2-1-random-12.scen
380,warehouse-10-20-10-2-1.map,PIBT,0,4047546,30258,100000,191,21928,0,warehouse-10-20-10-2-1-random-12.scen
380,warehouse-10-20-10-2-1.map,PIBTOLD,0,4047546,30258,100000,191,9497,0,warehouse-10-20-10-2-1-random-12.scen
380,warehouse-10-20-10-2-1.map,PIBT,0,849099,30258,100000,191,34388,1,warehouse-10-20-10-2-1-random-12.scen
380,warehouse-10-20-10-2-1.map,PIBTOLD,0,4047546,30258,100000,191,9166,1,warehouse-10-20-10-2-1-random-12.scen
380,warehouse-10-20-10-2-1.map,PIBT,0,850483,30258,100000,191,27058,10,warehouse-10-20-10-2-1-random-12.scen
380,warehouse-10-20-10-2-1.map,PIBTOLD,0,4047546,30258,100000,191,9201,10,warehouse-10-20-10-2-1-random-12.scen
380,warehouse-10-20-10-2-1.map,PIBT,0,850483,30258,100000,191,27043,100,warehouse-10-20-10-2-1-random-12.scen
380,warehouse-10-20-10-2-1.map,PIBTOLD,0,4047546,30258,100000,191,9417,100,warehouse-10-20-10-2-1-random-12.scen
380,warehouse-10-20-10-2-1.map,PIBT,0,850483,30258,100000,191,27901,1000,warehouse-10-20-10-2-1-random-12.scen
380,warehouse-10-20-10-2-1.map,PIBTOLD,0,4047546,30258,100000,191,9204,1000,warehouse-10-20-10-2-1-random-12.scen
420,warehouse-10-20-10-2-1.map,PIBT,0,3556026,33709,100000,191,25753,0,warehouse-10-20-10-2-1-random-12.scen
420,warehouse-10-20-10-2-1.map,PIBTOLD,0,3556026,33709,100000,191,10598,0,warehouse-10-20-10-2-1-random-12.scen
420,warehouse-10-20-10-2-1.map,PIBT,0,1261502,33709,100000,191,35272,1,warehouse-10-20-10-2-1-random-12.scen
420,warehouse-10-20-10-2-1.map,PIBTOLD,0,3556026,33709,100000,191,10272,1,warehouse-10-20-10-2-1-random-12.scen
420,warehouse-10-20-10-2-1.map,PIBT,0,1260169,33709,100000,191,53703,10,warehouse-10-20-10-2-1-random-12.scen
420,warehouse-10-20-10-2-1.map,PIBTOLD,0,3556026,33709,100000,191,10358,10,warehouse-10-20-10-2-1-random-12.scen
420,warehouse-10-20-10-2-1.map,PIBT,0,1053169,33709,100000,191,39106,100,warehouse-10-20-10-2-1-random-12.scen
420,warehouse-10-20-10-2-1.map,PIBTOLD,0,3556026,33709,100000,191,10510,100,warehouse-10-20-10-2-1-random-12.scen
420,warehouse-10-20-10-2-1.map,PIBT,0,457143,33709,100000,191,41113,1000,warehouse-10-20-10-2-1-random-12.scen
420,warehouse-10-20-10-2-1.map,PIBTOLD,0,3556026,33709,100000,191,10140,1000,warehouse-10-20-10-2-1-random-12.scen
20,warehouse-10-20-10-2-1.map,PIBT,1,1727,1604,162,162,3,0,warehouse-10-20-10-2-1-random-13.scen
20,warehouse-10-20-10-2-1.map,PIBTOLD,1,1727,1604,162,162,3,0,warehouse-10-20-10-2-1-random-13.scen
20,warehouse-10-20-10-2-1.map,PIBT,1,1690,1604,170,162,3,1,warehouse-10-20-10-2-1-random-13.scen
20,warehouse-10-20-10-2-1.map,PIBTOLD,1,1727,1604,162,162,3,1,warehouse-10-20-10-2-1-random-13.scen
20,warehouse-10-20-10-2-1.map,PIBT,1,1690,1604,170,162,3,10,warehouse-10-20-10-2-1-random-13.scen
20,warehouse-10-20-10-2-1.map,PIBTOLD,1,1727,1604,162,162,3,10,warehouse-10-20-10-2-1-random-13.scen
20,warehouse-10-20-10-2-1.map,PIBT,1,1690,1604,170,162,3,100,warehouse-10-20-10-2-1-random-13.scen
20,warehouse-10-20-10-2-1.map,PIBTOLD,1,1727,1604,162,162,3,100,warehouse-10-20-10-2-1-random-13.scen
20,warehouse-10-20-10-2-1.map,PIBT,1,1690,1604,170,162,3,1000,warehouse-10-20-10-2-1-random-13.scen
20,warehouse-10-20-10-2-1.map,PIBTOLD,1,1727,1604,162,162,3,1000,warehouse-10-20-10-2-1-random-13.scen
60,warehouse-10-20-10-2-1.map,PIBT,1,6061,5198,192,185,9,0,warehouse-10-20-10-2-1-random-13.scen
60,warehouse-10-20-10-2-1.map,PIBTOLD,1,6061,5198,192,185,8,0,warehouse-10-20-10-2-1-random-13.scen
60,warehouse-10-20-10-2-1.map,PIBT,0,5909,5198,100000,185,2437,1,warehouse-10-20-10-2-1-random-13.scen
60,warehouse-10-20-10-2-1.map,PIBTOLD,1,6061,5198,192,185,8,1,warehouse-10-20-10-2-1-random-13.scen
60,warehouse-10-20-10-2-1.map,PIBT,0,5909,5198,100000,185,2428,10,warehouse-10-20-10-2-1-random-13.scen
60,warehouse-10-20-10-2-1.map,PIBTOLD,1,6061,5198,192,185,8,10,warehouse-10-20-10-2-1-random-13.scen
60,warehouse-10-20-10-2-1.map,PIBT,0,5909,5198,100000,185,2429,100,warehouse-10-20-10-2-1-random-13.scen
60,warehouse-10-20-10-2-1.map,PIBTOLD,1,6061,5198,192,185,10,100,warehouse-10-20-10-2-1-random-13.scen
60,warehouse-10-20-10-2-1.map,PIBT,0,5909,5198,100000,185,2464,1000,warehouse-10-20-10-2-1-random-13.scen
60,warehouse-10-20-10-2-1.map,PIBTOLD,1,6061,5198,192,185,9,1000,warehouse-10-20-10-2-1-random-13.scen
100,warehouse-10-20-10-2-1.map,PIBT,0,410642,8626,100000,185,3591,0,warehouse-10-20-10-2-1-random-13.scen
100,warehouse-10-20-10-2-1.map,PIBTOLD,0,410642,8626,100000,185,2614,0,warehouse-10-20-10-2-1-random-13.scen
100,warehouse-10-20-10-2-1.map,PIBT,0,209851,8626,100000,185,4541,1,warehouse-10-20-10-2-1-random-13.scen
100,warehouse-10-20-10-2-1.map,PIBTOLD,0,410642,8626,100000,185,2577,1,warehouse-10-20-10-2-1-random-13.scen
100,warehouse-10-20-10-2-1.map,PIBT,0,209851,8626,100000,185,4566,10,warehouse-10-20-10-2-1-random-13.scen
100,warehouse-10-20-10-2-1.map,PIBTOLD,0,410642,8626,100000,185,2621,10,warehouse-10-20-10-2-1-random-13.scen
100,warehouse-10-20-10-2-1.map,PIBT,0,209851,8626,100000,185,4556,100,warehouse-10-20-10-2-1-random-13.scen
100,warehouse-10-20-10-2-1.map,PIBTOLD,0,410642,8626,100000,185,2607,100,warehouse-10-20-10-2-1-random-13.scen
100,warehouse-10-20-10-2-1.map,PIBT,0,209851,8626,100000,185,4595,1000,warehouse-10-20-10-2-1-random-13.scen
100,warehouse-10-20-10-2-1.map,PIBTOLD,0,410642,8626,100000,185,2623,1000,warehouse-10-20-10-2-1-random-13.scen
140,warehouse-10-20-10-2-1.map,PIBT,0,815517,12220,100000,185,5284,0,warehouse-10-20-10-2-1-random-13.scen
140,warehouse-10-20-10-2-1.map,PIBTOLD,0,815517,12220,100000,185,3438,0,warehouse-10-20-10-2-1-random-13.scen
140,warehouse-10-20-10-2-1.map,PIBT,0,215436,12220,100000,185,6891,1,warehouse-10-20-10-2-1-random-13.scen
140,warehouse-10-20-10-2-1.map,PIBTOLD,0,815517,12220,100000,185,3446,1,warehouse-10-20-10-2-1-random-13.scen
140,warehouse-10-20-10-2-1.map,PIBT,0,215436,12220,100000,185,6855,10,warehouse-10-20-10-2-1-random-13.scen
140,warehouse-10-20-10-2-1.map,PIBTOLD,0,815517,12220,100000,185,3422,10,warehouse-10-20-10-2-1-random-13.scen
140,warehouse-10-20-10-2-1.map,PIBT,0,215436,12220,100000,185,6828,100,warehouse-10-20-10-2-1-random-13.scen
140,warehouse-10-20-10-2-1.map,PIBTOLD,0,815517,12220,100000,185,3411,100,warehouse-10-20-10-2-1-random-13.scen
140,warehouse-10-20-10-2-1.map,PIBT,0,215436,12220,100000,185,6844,1000,warehouse-10-20-10-2-1-random-13.scen
140,warehouse-10-20-10-2-1.map,PIBTOLD,0,815517,12220,100000,185,3393,1000,warehouse-10-20-10-2-1-random-13.scen
180,warehouse-10-20-10-2-1.map,PIBT,0,920025,14852,100000,185,6956,0,warehouse-10-20-10-2-1-random-13.scen
180,warehouse-10-20-10-2-1.map,PIBTOLD,0,920025,14852,100000,185,4224,0,warehouse-10-20-10-2-1-random-13.scen
180,warehouse-10-20-10-2-1.map,PIBT,0,419990,14852,100000,185,8041,1,warehouse-10-20-10-2-1-random-13.scen
180,warehouse-10-20-10-2-1.map,PIBTOLD,0,920025,14852,100000,185,4256,1,warehouse-10-20-10-2-1-random-13.scen
180,warehouse-10-20-10-2-1.map,PIBT,0,419990,14852,100000,185,8040,10,warehouse-10-20-10-2-1-random-13.scen
180,warehouse-10-20-10-2-1.map,PIBTOLD,0,920025,14852,100000,185,4290,10,warehouse-10-20-10-2-1-random-13.scen
180,warehouse-10-20-10-2-1.map,PIBT,0,419990,14852,100000,185,8030,100,warehouse-10-20-10-2-1-random-13.scen
180,warehouse-10-20-10-2-1.map,PIBTOLD,0,920025,14852,100000,185,4202,100,warehouse-10-20-10-2-1-random-13.scen
180,warehouse-10-20-10-2-1.map,PIBT,0,419990,14852,100000,185,8025,1000,warehouse-10-20-10-2-1-random-13.scen
180,warehouse-10-20-10-2-1.map,PIBTOLD,0,920025,14852,100000,185,4192,1000,warehouse-10-20-10-2-1-random-13.scen
220,warehouse-10-20-10-2-1.map,PIBT,0,1025739,17820,100000,185,9228,0,warehouse-10-20-10-2-1-random-13.scen
220,warehouse-10-20-10-2-1.map,PIBTOLD,0,1025739,17820,100000,185,5225,0,warehouse-10-20-10-2-1-random-13.scen
220,warehouse-10-20-10-2-1.map,PIBT,0,227604,17820,100000,185,10011,1,warehouse-10-20-10-2-1-random-13.scen
220,warehouse-10-20-10-2-1.map,PIBTOLD,0,1025739,17820,100000,185,5114,1,warehouse-10-20-10-2-1-random-13.scen
220,warehouse-10-20-10-2-1.map,PIBT,0,227604,17820,100000,185,10065,10,warehouse-10-20-10-2-1-random-13.scen
220,warehouse-10-20-10-2-1.map,PIBTOLD,0,1025739,17820,100000,185,5140,10,warehouse-10-20-10-2-1-random-13.scen
220,warehouse-10-20-10-2-1.map,PIBT,0,227604,17820,100000,185,9947,100,warehouse-10-20-10-2-1-random-13.scen
220,warehouse-10-20-10-2-1.map,PIBTOLD,0,1025739,17820,100000,185,5093,100,warehouse-10-20-10-2-1-random-13.scen
220,warehouse-10-20-10-2-1.map,PIBT,0,227604,17820,100000,185,9892,1000,warehouse-10-20-10-2-1-random-13.scen
220,warehouse-10-20-10-2-1.map,PIBTOLD,0,1025739,17820,100000,185,5011,1000,warehouse-10-20-10-2-1-random-13.scen
260,warehouse-10-20-10-2-1.map,PIBT,0,1529853,20766,100000,185,11500,0,warehouse-10-20-10-2-1-random-13.scen
260,warehouse-10-20-10-2-1.map,PIBTOLD,0,1529853,20766,100000,185,6176,0,warehouse-10-20-10-2-1-random-13.scen
260,warehouse-10-20-10-2-1.map,PIBT,0,433399,20766,100000,185,15049,1,warehouse-10-20-10-2-1-random-13.scen
260,warehouse-10-20-10-2-1.map,PIBTOLD,0,1529853,20766,100000,185,6202,1,warehouse-10-20-10-2-1-random-13.scen
260,warehouse-10-20-10-2-1.map,PIBT,0,433399,20766,100000,185,16338,10,warehouse-10-20-10-2-1-random-13.scen
260,warehouse-10-20-10-2-1.map,PIBTOLD,0,1529853,20766,100000,185,6206,10,warehouse-10-20-10-2-1-random-13.scen
260,warehouse-10-20-10-2-1.map,PIBT,0,433399,20766,100000,185,15045,100,warehouse-10-20-10-2-1-random-13.scen
260,warehouse-10-20-10-2-1.map,PIBTOLD,0,1529853,20766,100000,185,6253,100,warehouse-10-20-10-2-1-random-13.scen
260,warehouse-10-20-10-2-1.map,PIBT,0,433399,20766,100000,185,14895,1000,warehouse-10-20-10-2-1-random-13.scen
260,warehouse-10-20-10-2-1.map,PIBTOLD,0,1529853,20766,100000,185,6136,1000,warehouse-10-20-10-2-1-random-13.scen
300,warehouse-10-20-10-2-1.map,PIBT,0,2234973,23905,100000,185,15156,0,warehouse-10-20-10-2-1-random-13.scen
300,warehouse-10-20-10-2-1.map,PIBTOLD,0,2234973,23905,100000,185,7202,0,warehouse-10-20-10-2-1-random-13.scen
300,warehouse-10-20-10-2-1.map,PIBT,0,1235008,23905,100000,185,19960,1,warehouse-10-20-10-2-1-random-13.scen
300,warehouse-10-20-10-2-1.map,PIBTOLD,0,2234973,23905,100000,185,7055,1,warehouse-10-20-10-2-1-random-13.scen
300,warehouse-10-20-10-2-1.map,PIBT,0,1235008,23905,100000,185,20052,10,warehouse-10-20-10-2-1-random-13.scen
300,warehouse-10-20-10-2-1.map,PIBTOLD,0,2234973,23905,100000,185,7011,10,warehouse-10-20-10-2-1-random-13.scen
300,warehouse-10-20-10-2-1.map,PIBT,0,1235008,23905,100000,185,19877,100,warehouse-10-20-10-2-1-random-13.scen
300,warehouse-10-20-10-2-1.map,PIBTOLD,0,2234973,23905,100000,185,7230,100,warehouse-10-20-10-2-1-random-13.scen
300,warehouse-10-20-10-2-1.map,PIBT,0,1235008,23905,100000,185,19818,1000,warehouse-10-20-10-2-1-random-13.scen
300,warehouse-10-20-10-2-1.map,PIBTOLD,0,2234973,23905,100000,185,7077,1000,warehouse-10-20-10-2-1-random-13.scen
340,warehouse-10-20-10-2-1.map,PIBT,0,3340853,27100,100000,191,17951,0,warehouse-10-20-10-2-1-random-13.scen
340,warehouse-10-20-10-2-1.map,PIBTOLD,0,3340853,27100,100000,191,8021,0,warehouse-10-20-10-2-1-random-13.scen
340,warehouse-10-20-10-2-1.map,PIBT,0,1041889,27100,100000,191,23063,1,warehouse-10-20-10-2-1-random-13.scen
340,warehouse-10-20-10-2-1.map,PIBTOLD,0,3340853,27100,100000,191,8175,1,warehouse-10-20-10-2-1-random-13.scen
340,warehouse-10-20-10-2-1.map,PIBT,0,844153,27100,100000,191,22015,10,warehouse-10-20-10-2-1-random-13.scen
340,warehouse-10-20-10-2-1.map,PIBTOLD,0,3340853,27100,100000,191,8188,10,warehouse-10-20-10-2-1-random-13.scen
340,warehouse-10-20-10-2-1.map,PIBT,0,844153,27100,100000,191,21842,100,warehouse-10-20-10-2-1-random-13.scen
340,warehouse-10-20-10-2-1.map,PIBTOLD,0,3340853,27100,100000,191,8150,100,warehouse-10-20-10-2-1-random-13.scen
340,warehouse-10-20-10-2-1.map,PIBT,0,844153,27100,100000,191,21921,1000,warehouse-10-20-10-2-1-random-13.scen
340,warehouse-10-20-10-2-1.map,PIBTOLD,0,3340853,27100,100000,191,8230,1000,warehouse-10-20-10-2-1-random-13.scen
380,warehouse-10-20-10-2-1.map,PIBT,0,4047546,30258,100000,191,21656,0,warehouse-10-20-10-2-1-random-13.scen
380,warehouse-10-20-10-2-1.map,PIBTOLD,0,4047546,30258,100000,191,9157,0,warehouse-10-20-10-2-1-random-13.scen
380,warehouse-10-20-10-2-1.map,PIBT,0,1046773,30258,100000,191,44574,1,warehouse-10-20-10-2-1-random-13.scen
380,warehouse-10-20-10-2-1.map,PIBTOLD,0,4047546,30258,100000,191,9173,1,warehouse-10-20-10-2-1-random-13.scen
380,warehouse-10-20-10-2-1.map,PIBT,0,850483,30258,100000,191,26876,10,warehouse-10-20-10-2-1-random-13.scen
380,warehouse-10-20-10-2-1.map,PIBTOLD,0,4047546,30258,100000,191,9276,10,warehouse-10-20-10-2-1-random-13.scen
380,warehouse-10-20-10-2-1.map,PIBT,0,850483,30258,100000,191,27391,100,warehouse-10-20-10-2-1-random-13.scen
380,warehouse-10-20-10-2-1.map,PIBTOLD,0,4047546,30258,100000,191,9181,100,warehouse-10-20-10-2-1-random-13.scen
380,warehouse-10-20-10-2-1.map,PIBT,0,850483,30258,100000,191,27064,1000,warehouse-10-20-10-2-1-random-13.scen
380,warehouse-10-20-10-2-1.map,PIBTOLD,0,4047546,30258,100000,191,9079,1000,warehouse-10-20-10-2-1-random-13.scen
420,warehouse-10-20-10-2-1.map,PIBT,0,3556026,33709,100000,191,25120,0,warehouse-10-20-10-2-1-random-13.scen
420,warehouse-10-20-10-2-1.map,PIBTOLD,0,3556026,33709,100000,191,10350,0,warehouse-10-20-10-2-1-random-13.scen
420,warehouse-10-20-10-2-1.map,PIBT,0,855006,33709,100000,191,41585,1,warehouse-10-20-10-2-1-random-13.scen
420,warehouse-10-20-10-2-1.map,PIBTOLD,0,3556026,33709,100000,191,10375,1,warehouse-10-20-10-2-1-random-13.scen
20,warehouse-10-20-10-2-1.map,PIBT,1,1727,1604,162,162,3,0,warehouse-10-20-10-2-1-random-24.scen
20,warehouse-10-20-10-2-1.map,PIBTOLD,1,1727,1604,162,162,3,0,warehouse-10-20-10-2-1-random-24.scen
20,warehouse-10-20-10-2-1.map,PIBT,1,1690,1604,170,162,3,1,warehouse-10-20-10-2-1-random-24.scen
20,warehouse-10-20-10-2-1.map,PIBTOLD,1,1727,1604,162,162,3,1,warehouse-10-20-10-2-1-random-24.scen
20,warehouse-10-20-10-2-1.map,PIBT,1,1690,1604,170,162,3,10,warehouse-10-20-10-2-1-random-24.scen
20,warehouse-10-20-10-2-1.map,PIBTOLD,1,1727,1604,162,162,3,10,warehouse-10-20-10-2-1-random-24.scen
20,warehouse-10-20-10-2-1.map,PIBT,1,1690,1604,170,162,3,100,warehouse-10-20-10-2-1-random-24.scen
20,warehouse-10-20-10-2-1.map,PIBTOLD,1,1727,1604,162,162,3,100,warehouse-10-20-10-2-1-random-24.scen
20,warehouse-10-20-10-2-1.map,PIBT,1,1690,1604,170,162,3,1000,warehouse-10-20-10-2-1-random-24.scen
20,warehouse-10-20-10-2-1.map,PIBTOLD,1,1727,1604,162,162,3,1000,warehouse-10-20-10-2-1-random-24.scen
60,warehouse-10-20-10-2-1.map,PIBT,1,6061,5198,192,185,9,0,warehouse-10-20-10-2-1-random-24.scen
60,warehouse-10-20-10-2-1.map,PIBTOLD,1,6061,5198,192,185,8,0,warehouse-10-20-10-2-1-random-24.scen
60,warehouse-10-20-10-2-1.map,PIBT,0,5909,5198,100000,185,2440,1,warehouse-10-20-10-2-1-random-24.scen
60,warehouse-10-20-10-2-1.map,PIBTOLD,1,6061,5198,192,185,9,1,warehouse-10-20-10-2-1-random-24.scen
60,warehouse-10-20-10-2-1.map,PIBT,0,5909,5198,100000,185,2418,10,warehouse-10-20-10-2-1-random-24.scen
60,warehouse-10-20-10-2-1.map,PIBTOLD,1,6061,5198,192,185,9,10,warehouse-10-20-10-2-1-random-24.scen
60,warehouse-10-20-10-2-1.map,PIBT,0,5909,5198,100000,185,2441,100,warehouse-10-20-10-2-1-random-24.scen
60,warehouse-10-20-10-2-1.map,PIBTOLD,1,6061,5198,192,185,9,100,warehouse-10-20-10-2-1-random-24.scen
60,warehouse-10-20-10-2-1.map,PIBT,0,5909,5198,100000,185,2432,1000,warehouse-10-20-10-2-1-random-24.scen
60,warehouse-10-20-10-2-1.map,PIBTOLD,1,6061,5198,192,185,8,1000,warehouse-10-20-10-2-1-random-24.scen
100,warehouse-10-20-10-2-1.map,PIBT,0,410642,8626,100000,185,3636,0,warehouse-10-20-10-2-1-random-24.scen
100,warehouse-10-20-10-2-1.map,PIBTOLD,0,410642,8626,100000,185,2614,0,warehouse-10-20-10-2-1-random-24.scen
100,warehouse-10-20-10-2-1.map,PIBT,0,209851,8626,100000,185,4602,1,warehouse-10-20-10-2-1-random-24.scen
100,warehouse-10-20-10-2-1.map,PIBTOLD,0,410642,8626,100000,185,2618,1,warehouse-10-20-10-2-1-random-24.scen
100,warehouse-10-20-10-2-1.map,PIBT,0,209851,8626,100000,185,4571,10,warehouse-10-20-10-2-1-random-24.scen
100,warehouse-10-20-10-2-1.map,PIBTOLD,0,410642,8626,100000,185,2606,10,warehouse-10-20-10-2-1-random-24.scen
100,warehouse-10-20-10-2-1.map,PIBT,0,209851,8626,100000,185,4578,100,warehouse-10-20-10-2-1-random-24.scen
100,warehouse-10-20-10-2-1.map,PIBTOLD,0,410642,8626,100000,185,2629,100,warehouse-10-20-10-2-1-random-24.scen
100,warehouse-10-20-10-2-1.map,PIBT,0,209851,8626,100000,185,4544,1000,warehouse-10-20-10-2-1-random-24.scen
100,warehouse-10-20-10-2-1.map,PIBTOLD,0,410642,8626,100000,185,2596,1000,warehouse-10-20-10-2-1-random-24.scen
140,warehouse-10-20-10-2-1.map,PIBT,0,815517,12220,100000,185,5295,0,warehouse-10-20-10-2-1-random-24.scen
140,warehouse-10-20-10-2-1.map,PIBTOLD,0,815517,12220,100000,185,3414,0,warehouse-10-20-10-2-1-random-24.scen
140,warehouse-10-20-10-2-1.map,PIBT,0,215436,12220,100000,185,6797,1,warehouse-10-20-10-2-1-random-24.scen
140,warehouse-10-20-10-2-1.map,PIBTOLD,0,815517,12220,100000,185,3398,1,warehouse-10-20-10-2-1-random-24.scen
140,warehouse-10-20-10-2-1.map,PIBT,0,215436,12220,100000,185,6992,10,warehouse-10-20-10-2-1-random-24.scen
140,warehouse-10-20-10-2-1.map,PIBTOLD,0,815517,12220,100000,185,3429,10,warehouse-10-20-10-2-1-random-24.scen
140,warehouse-10-20-10-2-1.map,PIBT,0,215436,12220,100000,185,6803,100,warehouse-10-20-10-2-1-random-24.scen
140,warehouse-10-20-10-2-1.map,PIBTOLD,0,815517,12220,100000,185,3451,100,warehouse-10-20-10-2-1-random-24.scen
140,warehouse-10-20-10-2-1.map,PIBT,0,215436,12220,100000,185,6935,1000,warehouse-10-20-10-2-1-random-24.scen
140,warehouse-10-20-10-2-1.map,PIBTOLD,0,815517,12220,100000,185,3434,1000,warehouse-10-20-10-2-1-random-24.scen
180,warehouse-10-20-10-2-1.map,PIBT,0,920025,14852,100000,185,7236,0,warehouse-10-20-10-2-1-random-24.scen
180,warehouse-10-20-10-2-1.map,PIBTOLD,0,920025,14852,100000,185,4252,0,warehouse-10-20-10-2-1-random-24.scen
180,warehouse-10-20-10-2-1.map,PIBT,0,419990,14852,100000,185,8148,1,warehouse-10-20-10-2-1-random-24.scen
180,warehouse-10-20-10-2-1.map,PIBTOLD,0,920025,14852,100000,185,4321,1,warehouse-10-20-10-2-1-random-24.scen
180,warehouse-10-20-10-2-1.map,PIBT,0,419990,14852,100000,185,8095,10,warehouse-10-20-10-2-1-random-24.scen
180,warehouse-10-20-10-2-1.map,PIBTOLD,0,920025,14852,100000,185,4259,10,warehouse-10-20-10-2-1-random-24.scen
180,warehouse-10-20-10-2-1.map,PIBT,0,419990,14852,100000,185,8027,100,warehouse-10-20-10-2-1-random-24.scen
180,warehouse-10-20-10-2-1.map,PIBTOLD,0,920025,14852,100000,185,4275,100,warehouse-10-20-10-2-1-random-24.scen
180,warehouse-10-20-10-2-1.map,PIBT,0,419990,14852,100000,185,8058,1000,warehouse-10-20-10-2-1-random-24.scen
180,warehouse-10-20-10-2-1.map,PIBTOLD,0,920025,14852,100000,185,4338,1000,warehouse-10-20-10-2-1-random-24.scen
220,warehouse-10-20-10-2-1.map,PIBT,0,1025739,17820,100000,185,9080,0,warehouse-10-20-10-2-1-random-24.scen
220,warehouse-10-20-10-2-1.map,PIBTOLD,0,1025739,17820,100000,185,5131,0,warehouse-10-20-10-2-1-random-24.scen
220,warehouse-10-20-10-2-1.map,PIBT,0,227604,17820,100000,185,10192,1,warehouse-10-20-10-2-1-random-24.scen
220,warehouse-10-20-10-2-1.map,PIBTOLD,0,1025739,17820,100000,185,5089,1,warehouse-10-20-10-2-1-random-24.scen
220,warehouse-10-20-10-2-1.map,PIBT,0,227604,17820,100000,185,10322,10,warehouse-10-20-10-2-1-random-24.scen
220,warehouse-10-20-10-2-1.map,PIBTOLD,0,1025739,17820,100000,185,5125,10,warehouse-10-20-10-2-1-random-24.scen
220,warehouse-10-20-10-2-1.map,PIBT,0,227604,17820,100000,185,10235,100,warehouse-10-20-10-2-1-random-24.scen
220,warehouse-10-20-10-2-1.map,PIBTOLD,0,1025739,17820,100000,185,5199,100,warehouse-10-20-10-2-1-random-24.scen
220,warehouse-10-20-10-2-1.map,PIBT,0,227604,17820,100000,185,10067,1000,warehouse-10-20-10-2-1-random-24.scen
220,warehouse-10-20-10-2-1.map,PIBTOLD,0,1025739,17820,100000,185,5128,1000,warehouse-10-20-10-2-1-random-24.scen
260,warehouse-10-20-10-2-1.map,PIBT,0,1529853,20766,100000,185,11739,0,warehouse-10-20-10-2-1-random-24.scen
260,warehouse-10-20-10-2-1.map,PIBTOLD,0,1529853,20766,100000,185,6185,0,warehouse-10-20-10-2-1-random-24.scen
260,warehouse-10-20-10-2-1.map,PIBT,0,433399,20766,100000,185,15132,1,warehouse-10-20-10-2-1-random-24.scen
260,warehouse-10-20-10-2-1.map,PIBTOLD,0,1529853,20766,100000,185,6270,1,warehouse-10-20-10-2-1-random-24.scen
260,warehouse-10-20-10-2-1.map,PIBT,0,433399,20766,100000,185,15002,10,warehouse-10-20-10-2-1-random-24.scen
260,warehouse-10-20-10-2-1.map,PIBTOLD,0,1529853,20766,100000,185,6062,10,warehouse-10-20-10-2-1-random-24.scen
260,warehouse-10-20-10-2-1.map,PIBT,0,433399,20766,100000,185,15052,100,warehouse-10-20-10-2-1-random-24.scen
260,warehouse-10-20-10-2-1.map,PIBTOLD,0,1529853,20766,100000,185,6233,100,warehouse-10-20-10-2-1-random-24.scen
260,warehouse-10-20-10-2-1.map,PIBT,0,433399,20766,100000,185,15536,1000,warehouse-10-20-10-2-1-random-24.scen
260,warehouse-10-20-10-2-1.map,PIBTOLD,0,1529853,20766,100000,185,6038,1000,warehouse-10-20-10-2-1-random-24.scen
300,warehouse-10-20-10-2-1.map,PIBT,0,2234973,23905,100000,185,15287,0,warehouse-10-20-10-2-1-random-24.scen
300,warehouse-10-20-10-2-1.map,PIBTOLD,0,2234973,23905,100000,185,7104,0,warehouse-10-20-10-2-1-random-24.scen
300,warehouse-10-20-10-2-1.map,PIBT,0,1651828,23905,100000,185,20092,1,warehouse-10-20-10-2-1-random-24.scen
300,warehouse-10-20-10-2-1.map,PIBTOLD,0,2234973,23905,100000,185,7300,1,warehouse-10-20-10-2-1-random-24.scen
300,warehouse-10-20-10-2-1.map,PIBT,0,1235008,23905,100000,185,20133,10,warehouse-10-20-10-2-1-random-24.scen
300,warehouse-10-20-10-2-1.map,PIBTOLD,0,2234973,23905,100000,185,7053,10,warehouse-10-20-10-2-1-random-24.scen
300,warehouse-10-20-10-2-1.map,PIBT,0,1235008,23905,100000,185,19914,100,warehouse-10-20-10-2-1-random-24.scen
300,warehouse-10-20-10-2-1.map,PIBTOLD,0,2234973,23905,100000,185,7154,100,warehouse-10-20-10-2-1-random-24.scen
300,warehouse-10-20-10-2-1.map,PIBT,0,1235008,23905,100000,185,20001,1000,warehouse-10-20-10-2-1-random-24.scen
300,warehouse-10-20-10-2-1.map,PIBTOLD,0,2234973,23905,100000,185,7276,1000,warehouse-10-20-10-2-1-random-24.scen
340,warehouse-10-20-10-2-1.map,PIBT,0,3340853,27100,100000,191,18647,0,warehouse-10-20-10-2-1-random-24.scen
340,warehouse-10-20-10-2-1.map,PIBTOLD,0,3340853,27100,100000,191,8285,0,warehouse-10-20-10-2-1-random-24.scen
340,warehouse-10-20-10-2-1.map,PIBT,0,245019,27100,100000,191,25564,1,warehouse-10-20-10-2-1-random-24.scen
340,warehouse-10-20-10-2-1.map,PIBTOLD,0,3340853,27100,100000,191,8275,1,warehouse-10-20-10-2-1-random-24.scen
340,warehouse-10-20-10-2-1.map,PIBT,0,844153,27100,100000,191,22361,10,warehouse-10-20-10-2-1-random-24.scen
340,warehouse-10-20-10-2-1.map,PIBTOLD,0,3340853,27100,100000,191,8222,10,warehouse-10-20-10-2-1-random-24.scen
340,warehouse-10-20-10-2-1.map,PIBT,0,844153,27100,100000,191,21970,100,warehouse-10-20-10-2-1-random-24.scen
340,warehouse-10-20-10-2-1.map,PIBTOLD,0,3340853,27100,100000,191,8360,100,warehouse-10-20-10-2-1-random-24.scen
340,warehouse-10-20-10-2-1.map,PIBT,0,844153,27100,100000,191,22170,1000,warehouse-10-20-10-2-1-random-24.scen
340,warehouse-10-20-10-2-1.map,PIBTOLD,0,3340853,27100,100000,191,8120,1000,warehouse-10-20-10-2-1-random-24.scen
380,warehouse-10-20-10-2-1.map,PIBT,0,4047546,30258,100000,191,21487,0,warehouse-10-20-10-2-1-random-24.scen
380,warehouse-10-20-10-2-1.map,PIBTOLD,0,4047546,30258,100000,191,9190,0,warehouse-10-20-10-2-1-random-24.scen
380,warehouse-10-20-10-2-1.map,PIBT,0,248561,30258,100000,191,35626,1,warehouse-10-20-10-2-1-random-24.scen
380,warehouse-10-20-10-2-1.map,PIBTOLD,0,4047546,30258,100000,191,9320,1,warehouse-10-20-10-2-1-random-24.scen
380,warehouse-10-20-10-2-1.map,PIBT,0,850483,30258,100000,191,27238,10,warehouse-10-20-10-2-1-random-24.scen
380,warehouse-10-20-10-2-1.map,PIBTOLD,0,4047546,30258,100000,191,9376,10,warehouse-10-20-10-2-1-random-24.scen
380,warehouse-10-20-10-2-1.map,PIBT,0,850483,30258,100000,191,27595,100,warehouse-10-20-10-2-1-random-24.scen
380,warehouse-10-20-10-2-1.map,PIBTOLD,0,4047546,30258,100000,191,9248,100,warehouse-10-20-10-2-1-random-24.scen
380,warehouse-10-20-10-2-1.map,PIBT,0,850483,30258,100000,191,27060,1000,warehouse-10-20-10-2-1-random-24.scen
380,warehouse-10-20-10-2-1.map,PIBTOLD,0,4047546,30258,100000,191,9666,1000,warehouse-10-20-10-2-1-random-24.scen
420,warehouse-10-20-10-2-1.map,PIBT,0,3556026,33709,100000,191,25324,0,warehouse-10-20-10-2-1-random-24.scen
420,warehouse-10-20-10-2-1.map,PIBTOLD,0,3556026,33709,100000,191,10385,0,warehouse-10-20-10-2-1-random-24.scen
420,warehouse-10-20-10-2-1.map,PIBT,0,2109622,33709,100000,191,48650,1,warehouse-10-20-10-2-1-random-24.scen
420,warehouse-10-20-10-2-1.map,PIBTOLD,0,3556026,33709,100000,191,10178,1,warehouse-10-20-10-2-1-random-24.scen
420,warehouse-10-20-10-2-1.map,PIBT,0,658720,33709,100000,191,37006,10,warehouse-10-20-10-2-1-random-24.scen
420,warehouse-10-20-10-2-1.map,PIBTOLD,0,3556026,33709,100000,191,10198,10,warehouse-10-20-10-2-1-random-24.scen
420,warehouse-10-20-10-2-1.map,PIBT,0,1058927,33709,100000,191,39524,100,warehouse-10-20-10-2-1-random-24.scen
420,warehouse-10-20-10-2-1.map,PIBTOLD,0,3556026,33709,100000,191,11427,100,warehouse-10-20-10-2-1-random-24.scen
420,warehouse-10-20-10-2-1.map,PIBT,0,457143,33709,100000,191,42786,1000,warehouse-10-20-10-2-1-random-24.scen
420,warehouse-10-20-10-2-1.map,PIBTOLD,0,3556026,33709,100000,191,10537,1000,warehouse-10-20-10-2-1-random-24.scen
20,warehouse-10-20-10-2-1.map,PIBT,1,1727,1604,162,162,4,0,warehouse-10-20-10-2-1-random-22.scen
20,warehouse-10-20-10-2-1.map,PIBTOLD,1,1727,1604,162,162,3,0,warehouse-10-20-10-2-1-random-22.scen
20,warehouse-10-20-10-2-1.map,PIBT,1,1690,1604,170,162,3,1,warehouse-10-20-10-2-1-random-22.scen
20,warehouse-10-20-10-2-1.map,PIBTOLD,1,1727,1604,162,162,3,1,warehouse-10-20-10-2-1-random-22.scen
20,warehouse-10-20-10-2-1.map,PIBT,1,1690,1604,170,162,3,10,warehouse-10-20-10-2-1-random-22.scen
20,warehouse-10-20-10-2-1.map,PIBTOLD,1,1727,1604,162,162,3,10,warehouse-10-20-10-2-1-random-22.scen
20,warehouse-10-20-10-2-1.map,PIBT,1,1690,1604,170,162,3,100,warehouse-10-20-10-2-1-random-22.scen
20,warehouse-10-20-10-2-1.map,PIBTOLD,1,1727,1604,162,162,3,100,warehouse-10-20-10-2-1-random-22.scen
20,warehouse-10-20-10-2-1.map,PIBT,1,1690,1604,170,162,3,1000,warehouse-10-20-10-2-1-random-22.scen
20,warehouse-10-20-10-2-1.map,PIBTOLD,1,1727,1604,162,162,3,1000,warehouse-10-20-10-2-1-random-22.scen
60,warehouse-10-20-10-2-1.map,PIBT,1,6061,5198,192,185,9,0,warehouse-10-20-10-2-1-random-22.scen
60,warehouse-10-20-10-2-1.map,PIBTOLD,1,6061,5198,192,185,9,0,warehouse-10-20-10-2-1-random-22.scen
60,warehouse-10-20-10-2-1.map,PIBT,0,5909,5198,100000,185,2421,1,warehouse-10-20-10-2-1-random-22.scen
60,warehouse-10-20-10-2-1.map,PIBTOLD,1,6061,5198,192,185,8,1,warehouse-10-20-10-2-1-random-22.scen
60,warehouse-10-20-10-2-1.map,PIBT,0,5909,5198,100000,185,2587,10,warehouse-10-20-10-2-1-random-22.scen
60,warehouse-10-20-10-2-1.map,PIBTOLD,1,6061,5198,192,185,9,10,warehouse-10-20-10-2-1-random-22.scen
60,warehouse-10-20-10-2-1.map,PIBT,0,5909,5198,100000,185,2405,100,warehouse-10-20-10-2-1-random-22.scen
60,warehouse-10-20-10-2-1.map,PIBTOLD,1,6061,5198,192,185,7,100,warehouse-10-20-10-2-1-random-22.scen
60,warehouse-10-20-10-2-1.map,PIBT,0,5909,5198,100000,185,2457,1000,warehouse-10-20-10-2-1-random-22.scen
60,warehouse-10-20-10-2-1.map,PIBTOLD,1,6061,5198,192,185,8,1000,warehouse-10-20-10-2-1-random-22.scen
100,warehouse-10-20-10-2-1.map,PIBT,0,410642,8626,100000,185,3646,0,warehouse-10-20-10-2-1-random-22.scen
100,warehouse-10-20-10-2-1.map,PIBTOLD,0,410642,8626,100000,185,2669,0,warehouse-10-20-10-2-1-random-22.scen
100,warehouse-10-20-10-2-1.map,PIBT,0,209851,8626,100000,185,4625,1,warehouse-10-20-10-2-1-random-22.scen
100,warehouse-10-20-10-2-1.map,PIBTOLD,0,410642,8626,100000,185,2618,1,warehouse-10-20-10-2-1-random-22.scen
100,warehouse-10-20-10-2-1.map,PIBT,0,209851,8626,100000,185,4602,10,warehouse-10-20-10-2-1-random-22.scen
100,warehouse-10-20-10-2-1.map,PIBTOLD,0,410642,8626,100000,185,2683,10,warehouse-10-20-10-2-1-random-22.scen
100,warehouse-10-20-10-2-1.map,PIBT,0,209851,8626,100000,185,4647,100,warehouse-10-20-10-2-1-random-22.scen
100,warehouse-10-20-10-2-1.map,PIBTOLD,0,410642,8626,100000,185,2730,100,warehouse-10-20-10-2-1-random-22.scen
100,warehouse-10-20-10-2-1.map,PIBT,0,209851,8626,100000,185,4656,1000,warehouse-10-20-10-2-1-random-22.scen
100,warehouse-10-20-10-2-1.map,PIBTOLD,0,410642,8626,100000,185,2657,1000,warehouse-10-20-10-2-1-random-22.scen
140,warehouse-10-20-10-2-1.map,PIBT,0,815517,12220,100000,185,5429,0,warehouse-10-20-10-2-1-random-22.scen
140,warehouse-10-20-10-2-1.map,PIBTOLD,0,815517,12220,100000,185,3500,0,warehouse-10-20-10-2-1-random-22.scen
140,warehouse-10-20-10-2-1.map,PIBT,0,215436,12220,100000,185,6870,1,warehouse-10-20-10-2-1-random-22.scen
140,warehouse-10-20-10-2-1.map,PIBTOLD,0,815517,12220,100000,185,3363,1,warehouse-10-20-10-2-1-random-22.scen
140,warehouse-10-20-10-2-1.map,PIBT,0,215436,12220,100000,185,6874,10,warehouse-10-20-10-2-1-random-22.scen
140,warehouse-10-20-10-2-1.map,PIBTOLD,0,815517,12220,100000,185,3445,10,warehouse-10-20-10-2-1-random-22.scen
140,warehouse-10-20-10-2-1.map,PIBT,0,215436,12220,100000,185,7010,100,warehouse-10-20-10-2-1-random-22.scen
140,warehouse-10-20-10-2-1.map,PIBTOLD,0,815517,12220,100000,185,3423,100,warehouse-10-20-10-2-1-random-22.scen
140,warehouse-10-20-10-2-1.map,PIBT,0,215436,12220,100000,185,6834,1000,warehouse-10-20-10-2-1-random-22.scen
140,warehouse-10-20-10-2-1.map,PIBTOLD,0,815517,12220,100000,185,3421,1000,warehouse-10-20-10-2-1-random-22.scen
180,warehouse-10-20-10-2-1.map,PIBT,0,920025,14852,100000,185,6994,0,warehouse-10-20-10-2-1-random-22.scen
180,warehouse-10-20-10-2-1.map,PIBTOLD,0,920025,14852,100000,185,4218,0,warehouse-10-20-10-2-1-random-22.scen
180,warehouse-10-20-10-2-1.map,PIBT,0,419990,14852,100000,185,7966,1,warehouse-10-20-10-2-1-random-22.scen
180,warehouse-10-20-10-2-1.map,PIBTOLD,0,920025,14852,100000,185,4261,1,warehouse-10-20-10-2-1-random-22.scen
180,warehouse-10-20-10-2-1.map,PIBT,0,419990,14852,100000,185,8061,10,warehouse-10-20-10-2-1-random-22.scen
180,warehouse-10-20-10-2-1.map,PIBTOLD,0,920025,14852,100000,185,4206,10,warehouse-10-20-10-2-1-random-22.scen
180,warehouse-10-20-10-2-1.map,PIBT,0,419990,14852,100000,185,8165,100,warehouse-10-20-10-2-1-random-22.scen
180,warehouse-10-20-10-2-1.map,PIBTOLD,0,920025,14852,100000,185,4219,100,warehouse-10-20-10-2-1-random-22.scen
180,warehouse-10-20-10-2-1.map,PIBT,0,419990,14852,100000,185,8098,1000,warehouse-10-20-10-2-1-random-22.scen
180,warehouse-10-20-10-2-1.map,PIBTOLD,0,920025,14852,100000,185,4177,1000,warehouse-10-20-10-2-1-random-22.scen
220,warehouse-10-20-10-2-1.map,PIBT,0,1025739,17820,100000,185,9154,0,warehouse-10-20-10-2-1-random-22.scen
220,warehouse-10-20-10-2-1.map,PIBTOLD,0,1025739,17820,100000,185,5201,0,warehouse-10-20-10-2-1-random-22.scen
220,warehouse-10-20-10-2-1.map,PIBT,0,227604,17820,100000,185,10272,1,warehouse-10-20-10-2-1-random-22.scen
220,warehouse-10-20-10-2-1.map,PIBTOLD,0,1025739,17820,100000,185,5103,1,warehouse-10-20-10-2-1-random-22.scen
220,warehouse-10-20-10-2-1.map,PIBT,0,227604,17820,100000,185,10171,10,warehouse-10-20-10-2-1-random-22.scen
220,warehouse-10-20-10-2-1.map,PIBTOLD,0,1025739,17820,100000,185,5072,10,warehouse-10-20-10-2-1-random-22.scen
220,warehouse-10-20-10-2-1.map,PIBT,0,227604,17820,100000,185,9977,100,warehouse-10-20-10-2-1-random-22.scen
220,warehouse-10-20-10-2-1.map,PIBTOLD,0,1025739,17820,100000,185,4979,100,warehouse-10-20-10-2-1-random-22.scen
220,warehouse-10-20-10-2-1.map,PIBT,0,227604,17820,100000,185,10012,1000,warehouse-10-20-10-2-1-random-22.scen
220,warehouse-10-20-10-2-1.map,PIBTOLD,0,1025739,17820,100000,185,5019,1000,warehouse-10-20-10-2-1-random-22.scen
260,warehouse-10-20-10-2-1.map,PIBT,0,1529853,20766,100000,185,11523,0,warehouse-10-20-10-2-1-random-22.scen
260,warehouse-10-20-10-2-1.map,PIBTOLD,0,1529853,20766,100000,185,5984,0,warehouse-10-20-10-2-1-random-22.scen
260,warehouse-10-20-10-2-1.map,PIBT,0,433399,20766,100000,185,15014,1,warehouse-10-20-10-2-1-random-22.scen
260,warehouse-10-20-10-2-1.map,PIBTOLD,0,1529853,20766,100000,185,6023,1,warehouse-10-20-10-2-1-random-22.scen
260,warehouse-10-20-10-2-1.map,PIBT,0,433399,20766,100000,185,14972,10,warehouse-10-20-10-2-1-random-22.scen
260,warehouse-10-20-10-2-1.map,PIBTOLD,0,1529853,20766,100000,185,6361,10,warehouse-10-20-10-2-1-random-22.scen
260,warehouse-10-20-10-2-1.map,PIBT,0,433399,20766,100000,185,15285,100,warehouse-10-20-10-2-1-random-22.scen
260,warehouse-10-20-10-2-1.map,PIBTOLD,0,1529853,20766,100000,185,6176,100,warehouse-10-20-10-2-1-random-22.scen
260,warehouse-10-20-10-2-1.map,PIBT,0,433399,20766,100000,185,15138,1000,warehouse-10-20-10-2-1-random-22.scen
260,warehouse-10-20-10-2-1.map,PIBTOLD,0,1529853,20766,100000,185,6418,1000,warehouse-10-20-10-2-1-random-22.scen
300,warehouse-10-20-10-2-1.map,PIBT,0,2234973,23905,100000,185,14944,0,warehouse-10-20-10-2-1-random-22.scen
300,warehouse-10-20-10-2-1.map,PIBTOLD,0,2234973,23905,100000,185,7029,0,warehouse-10-20-10-2-1-random-22.scen
300,warehouse-10-20-10-2-1.map,PIBT,0,1235008,23905,100000,185,19995,1,warehouse-10-20-10-2-1-random-22.scen
300,warehouse-10-20-10-2-1.map,PIBTOLD,0,2234973,23905,100000,185,7050,1,warehouse-10-20-10-2-1-random-22.scen
300,warehouse-10-20-10-2-1.map,PIBT,0,1235008,23905,100000,185,20039,10,warehouse-10-20-10-2-1-random-22.scen
300,warehouse-10-20-10-2-1.map,PIBTOLD,0,2234973,23905,100000,185,7314,10,warehouse-10-20-10-2-1-random-22.scen
300,warehouse-10-20-10-2-1.map,PIBT,0,1235008,23905,100000,185,19944,100,warehouse-10-20-10-2-1-random-22.scen
300,warehouse-10-20-10-2-1.map,PIBTOLD,0,2234973,23905,100000,185,7032,100,warehouse-10-20-10-2-1-random-22.scen
300,warehouse-10-20-10-2-1.map,PIBT,0,1235008,23905,100000,185,20347,1000,warehouse-10-20-10-2-1-random-22.scen
300,warehouse-10-20-10-2-1.map,PIBTOLD,0,2234973,23905,100000,185,7099,1000,warehouse-10-20-10-2-1-random-22.scen
340,warehouse-10-20-10-2-1.map,PIBT,0,3340853,27100,100000,191,17984,0,warehouse-10-20-10-2-1-random-22.scen
340,warehouse-10-20-10-2-1.map,PIBTOLD,0,3340853,27100,100000,191,8539,0,warehouse-10-20-10-2-1-random-22.scen
340,warehouse-10-20-10-2-1.map,PIBT,0,643803,27100,100000,191,23242,1,warehouse-10-20-10-2-1-random-22.scen
340,warehouse-10-20-10-2-1.map,PIBTOLD,0,3340853,27100,100000,191,8302,1,warehouse-10-20-10-2-1-random-22.scen
340,warehouse-10-20-10-2-1.map,PIBT,0,844153,27100,100000,191,21998,10,warehouse-10-20-10-2-1-random-22.scen
340,warehouse-10-20-10-2-1.map,PIBTOLD,0,3340853,27100,100000,191,8310,10,warehouse-10-20-10-2-1-random-22.scen
340,warehouse-10-20-10-2-1.map,PIBT,0,844153,27100,100000,191,22217,100,warehouse-10-20-10-2-1-random-22.scen
340,warehouse-10-20-10-2-1.map,PIBTOLD,0,3340853,27100,100000,191,8354,100,warehouse-10-20-10-2-1-random-22.scen
340,warehouse-10-20-10-2-1.map,PIBT,0,844153,27100,100000,191,21991,1000,warehouse-10-20-10-2-1-random-22.scen
340,warehouse-10-20-10-2-1.map,PIBTOLD,0,3340853,27100,100000,191,8151,1000,warehouse-10-20-10-2-1-random-22.scen
380,warehouse-10-20-10-2-1.map,PIBT,0,4047546,30258,100000,191,21566,0,warehouse-10-20-10-2-1-random-22.scen
380,warehouse-10-20-10-2-1.map,PIBTOLD,0,4047546,30258,100000,191,9641,0,warehouse-10-20-10-2-1-random-22.scen
380,warehouse-10-20-10-2-1.map,PIBT,0,1047088,30258,100000,191,33407,1,warehouse-10-20-10-2-1-random-22.scen
380,warehouse-10-20-10-2-1.map,PIBTOLD,0,4047546,30258,100000,191,9636,1,warehouse-10-20-10-2-1-random-22.scen
380,warehouse-10-20-10-2-1.map,PIBT,0,850483,30258,100000,191,27107,10,warehouse-10-20-10-2-1-random-22.scen
380,warehouse-10-20-10-2-1.map,PIBTOLD,0,4047546,30258,100000,191,9257,10,warehouse-10-20-10-2-1-random-22.scen
380,warehouse-10-20-10-2-1.map,PIBT,0,850483,30258,100000,191,27133,100,warehouse-10-20-10-2-1-random-22.scen
380,warehouse-10-20-10-2-1.map,PIBTOLD,0,4047546,30258,100000,191,9250,100,warehouse-10-20-10-2-1-random-22.scen
380,warehouse-10-20-10-2-1.map,PIBT,0,850483,30258,100000,191,27317,1000,warehouse-10-20-10-2-1-random-22.scen
380,warehouse-10-20-10-2-1.map,PIBTOLD,0,4047546,30258,100000,191,9228,1000,warehouse-10-20-10-2-1-random-22.scen
420,warehouse-10-20-10-2-1.map,PIBT,0,3556026,33709,100000,191,25677,0,warehouse-10-20-10-2-1-random-22.scen
420,warehouse-10-20-10-2-1.map,PIBTOLD,0,3556026,33709,100000,191,10313,0,warehouse-10-20-10-2-1-random-22.scen
420,warehouse-10-20-10-2-1.map,PIBT,0,1257822,33709,100000,191,39917,1,warehouse-10-20-10-2-1-random-22.scen
420,warehouse-10-20-10-2-1.map,PIBTOLD,0,3556026,33709,100000,191,10140,1,warehouse-10-20-10-2-1-random-22.scen
420,warehouse-10-20-10-2-1.map,PIBT,0,1055461,33709,100000,191,49306,10,warehouse-10-20-10-2-1-random-22.scen
420,warehouse-10-20-10-2-1.map,PIBTOLD,0,3556026,33709,100000,191,10265,10,warehouse-10-20-10-2-1-random-22.scen
420,warehouse-10-20-10-2-1.map,PIBT,0,1055547,33709,100000,191,37576,100,warehouse-10-20-10-2-1-random-22.scen
420,warehouse-10-20-10-2-1.map,PIBTOLD,0,3556026,33709,100000,191,10254,100,warehouse-10-20-10-2-1-random-22.scen
420,warehouse-10-20-10-2-1.map,PIBT,0,457143,33709,100000,191,41388,1000,warehouse-10-20-10-2-1-random-22.scen
420,warehouse-10-20-10-2-1.map,PIBTOLD,0,3556026,33709,100000,191,10510,1000,warehouse-10-20-10-2-1-random-22.scen
20,warehouse-10-20-10-2-1.map,PIBT,1,1727,1604,162,162,3,0,warehouse-10-20-10-2-1-random-21.scen
20,warehouse-10-20-10-2-1.map,PIBTOLD,1,1727,1604,162,162,3,0,warehouse-10-20-10-2-1-random-21.scen
20,warehouse-10-20-10-2-1.map,PIBT,1,1690,1604,170,162,3,1,warehouse-10-20-10-2-1-random-21.scen
20,warehouse-10-20-10-2-1.map,PIBTOLD,1,1727,1604,162,162,3,1,warehouse-10-20-10-2-1-random-21.scen
20,warehouse-10-20-10-2-1.map,PIBT,1,1690,1604,170,162,3,10,warehouse-10-20-10-2-1-random-21.scen
20,warehouse-10-20-10-2-1.map,PIBTOLD,1,1727,1604,162,162,3,10,warehouse-10-20-10-2-1-random-21.scen
20,warehouse-10-20-10-2-1.map,PIBT,1,1690,1604,170,162,3,100,warehouse-10-20-10-2-1-random-21.scen
20,warehouse-10-20-10-2-1.map,PIBTOLD,1,1727,1604,162,162,3,100,warehouse-10-20-10-2-1-random-21.scen
20,warehouse-10-20-10-2-1.map,PIBT,1,1690,1604,170,162,3,1000,warehouse-10-20-10-2-1-random-21.scen
20,warehouse-10-20-10-2-1.map,PIBTOLD,1,1727,1604,162,162,2,1000,warehouse-10-20-10-2-1-random-21.scen
60,warehouse-10-20-10-2-1.map,PIBT,1,6061,5198,192,185,9,0,warehouse-10-20-10-2-1-random-21.scen
60,warehouse-10-20-10-2-1.map,PIBTOLD,1,6061,5198,192,185,9,0,warehouse-10-20-10-2-1-random-21.scen
60,warehouse-10-20-10-2-1.map,PIBT,0,5909,5198,100000,185,2449,1,warehouse-10-20-10-2-1-random-21.scen
60,warehouse-10-20-10-2-1.map,PIBTOLD,1,6061,5198,192,185,9,1,warehouse-10-20-10-2-1-random-21.scen
60,warehouse-10-20-10-2-1.map,PIBT,0,5909,5198,100000,185,2408,10,warehouse-10-20-10-2-1-random-21.scen
60,warehouse-10-20-10-2-1.map,PIBTOLD,1,6061,5198,192,185,9,10,warehouse-10-20-10-2-1-random-21.scen
60,warehouse-10-20-10-2-1.map,PIBT,0,5909,5198,100000,185,2441,100,warehouse-10-20-10-2-1-random-21.scen
60,warehouse-10-20-10-2-1.map,PIBTOLD,1,6061,5198,192,185,8,100,warehouse-10-20-10-2-1-random-21.scen
60,warehouse-10-20-10-2-1.map,PIBT,0,5909,5198,100000,185,2432,1000,warehouse-10-20-10-2-1-random-21.scen
60,warehouse-10-20-10-2-1.map,PIBTOLD,1,6061,5198,192,185,8,1000,warehouse-10-20-10-2-1-random-21.scen
100,warehouse-10-20-10-2-1.map,PIBT,0,410642,8626,100000,185,3546,0,warehouse-10-20-10-2-1-random-21.scen
100,warehouse-10-20-10-2-1.map,PIBTOLD,0,410642,8626,100000,185,2605,0,warehouse-10-20-10-2-1-random-21.scen
100,warehouse-10-20-10-2-1.map,PIBT,0,209851,8626,100000,185,4552,1,warehouse-10-20-10-2-1-random-21.scen
100,warehouse-10-20-10-2-1.map,PIBTOLD,0,410642,8626,100000,185,2726,1,warehouse-10-20-10-2-1-random-21.scen
100,warehouse-10-20-10-2-1.map,PIBT,0,209851,8626,100000,185,4625,10,warehouse-10-20-10-2-1-random-21.scen
100,warehouse-10-20-10-2-1.map,PIBTOLD,0,410642,8626,100000,185,2593,10,warehouse-10-20-10-2-1-random-21.scen
100,warehouse-10-20-10-2-1.map,PIBT,0,209851,8626,100000,185,4568,100,warehouse-10-20-10-2-1-random-21.scen
100,warehouse-10-20-10-2-1.map,PIBTOLD,0,410642,8626,100000,185,2673,100,warehouse-10-20-10-2-1-random-21.scen
100,warehouse-10-20-10-2-1.map,PIBT,0,209851,8626,100000,185,4594,1000,warehouse-10-20-10-2-1-random-21.scen
100,warehouse-10-20-10-2-1.map,PIBTOLD,0,410642,8626,100000,185,2651,1000,warehouse-10-20-10-2-1-random-21.scen
140,warehouse-10-20-10-2-1.map,PIBT,0,815517,12220,100000,185,5358,0,warehouse-10-20-10-2-1-random-21.scen
140,warehouse-10-20-10-2-1.map,PIBTOLD,0,815517,12220,100000,185,3578,0,warehouse-10-20-10-2-1-random-21.scen
140,warehouse-10-20-10-2-1.map,PIBT,0,215436,12220,100000,185,6859,1,warehouse-10-20-10-2-1-random-21.scen
140,warehouse-10-20-10-2-1.map,PIBTOLD,0,815517,12220,100000,185,3499,1,warehouse-10-20-10-2-1-random-21.scen
140,warehouse-10-20-10-2-1.map,PIBT,0,215436,12220,100000,185,6888,10,warehouse-10-20-10-2-1-random-21.scen
140,warehouse-10-20-10-2-1.map,PIBTOLD,0,815517,12220,100000,185,3463,10,warehouse-10-20-10-2-1-random-21.scen
140,warehouse-10-20-10-2-1.map,PIBT,0,215436,12220,100000,185,7356,100,warehouse-10-20-10-2-1-random-21.scen
140,warehouse-10-20-10-2-1.map,PIBTOLD,0,815517,12220,100000,185,3396,100,warehouse-10-20-10-2-1-random-21.scen
140,warehouse-10-20-10-2-1.map,PIBT,0,215436,12220,100000,185,7001,1000,warehouse-10-20-10-2-1-random-21.scen
140,warehouse-10-20-10-2-1.map,PIBTOLD,0,815517,12220,100000,185,3698,1000,warehouse-10-20-10-2-1-random-21.scen
180,warehouse-10-20-10-2-1.map,PIBT,0,920025,14852,100000,185,6986,0,warehouse-10-20-10-2-1-random-21.scen
180,warehouse-10-20-10-2-1.map,PIBTOLD,0,920025,14852,100000,185,4149,0,warehouse-10-20-10-2-1-random-21.scen
180,warehouse-10-20-10-2-1.map,PIBT,0,419990,14852,100000,185,8043,1,warehouse-10-20-10-2-1-random-21.scen
180,warehouse-10-20-10-2-1.map,PIBTOLD,0,920025,14852,100000,185,4283,1,warehouse-10-20-10-2-1-random-21.scen
180,warehouse-10-20-10-2-1.map,PIBT,0,419990,14852,100000,185,7977,10,warehouse-10-20-10-2-1-random-21.scen
180,warehouse-10-20-10-2-1.map,PIBTOLD,0,920025,14852,100000,185,4296,10,warehouse-10-20-10-2-1-random-21.scen
180,warehouse-10-20-10-2-1.map,PIBT,0,419990,14852,100000,185,8119,100,warehouse-10-20-10-2-1-random-21.scen
180,warehouse-10-20-10-2-1.map,PIBTOLD,0,920025,14852,100000,185,4166,100,warehouse-10-20-10-2-1-random-21.scen
180,warehouse-10-20-10-2-1.map,PIBT,0,419990,14852,100000,185,8142,1000,warehouse-10-20-10-2-1-random-21.scen
180,warehouse-10-20-10-2-1.map,PIBTOLD,0,920025,14852,100000,185,4293,1000,warehouse-10-20-10-2-1-random-21.scen
220,warehouse-10-20-10-2-1.map,PIBT,0,1025739,17820,100000,185,9038,0,warehouse-10-20-10-2-1-random-21.scen
220,warehouse-10-20-10-2-1.map,PIBTOLD,0,1025739,17820,100000,185,5069,0,warehouse-10-20-10-2-1-random-21.scen
220,warehouse-10-20-10-2-1.map,PIBT,0,227604,17820,100000,185,10279,1,warehouse-10-20-10-2-1-random-21.scen
220,warehouse-10-20-10-2-1.map,PIBTOLD,0,1025739,17820,100000,185,5183,1,warehouse-10-20-10-2-1-random-21.scen
220,warehouse-10-20-10-2-1.map,PIBT,0,227604,17820,100000,185,10139,10,warehouse-10-20-10-2-1-random-21.scen
220,warehouse-10-20-10-2-1.map,PIBTOLD,0,1025739,17820,100000,185,5208,10,warehouse-10-20-10-2-1-random-21.scen
220,warehouse-10-20-10-2-1.map,PIBT,0,227604,17820,100000,185,10335,100,warehouse-10-20-10-2-1-random-21.scen
220,warehouse-10-20-10-2-1.map,PIBTOLD,0,1025739,17820,100000,185,5108,100,warehouse-10-20-10-2-1-random-21.scen
220,warehouse-10-20-10-2-1.map,PIBT,0,227604,17820,100000,185,10128,1000,warehouse-10-20-10-2-1-random-21.scen
220,warehouse-10-20-10-2-1.map,PIBTOLD,0,1025739,17820,100000,185,5188,1000,warehouse-10-20-10-2-1-random-21.scen
260,warehouse-10-20-10-2-1.map,PIBT,0,1529853,20766,100000,185,11818,0,warehouse-10-20-10-2-1-random-21.scen
260,warehouse-10-20-10-2-1.map,PIBTOLD,0,1529853,20766,100000,185,6188,0,warehouse-10-20-10-2-1-random-21.scen
260,warehouse-10-20-10-2-1.map,PIBT,0,433399,20766,100000,185,15133,1,warehouse-10-20-10-2-1-random-21.scen
260,warehouse-10-20-10-2-1.map,PIBTOLD,0,1529853,20766,100000,185,6317,1,warehouse-10-20-10-2-1-random-21.scen
260,warehouse-10-20-10-2-1.map,PIBT,0,433399,20766,100000,185,15011,10,warehouse-10-20-10-2-1-random-21.scen
260,warehouse-10-20-10-2-1.map,PIBTOLD,0,1529853,20766,100000,185,6213,10,warehouse-10-20-10-2-1-random-21.scen
260,warehouse-10-20-10-2-1.map,PIBT,0,433399,20766,100000,185,15023,100,warehouse-10-20-10-2-1-random-21.scen
260,warehouse-10-20-10-2-1.map,PIBTOLD,0,1529853,20766,100000,185,6324,100,warehouse-10-20-10-2-1-random-21.scen
260,warehouse-10-20-10-2-1.map,PIBT,0,433399,20766,100000,185,15049,1000,warehouse-10-20-10-2-1-random-21.scen
260,warehouse-10-20-10-2-1.map,PIBTOLD,0,1529853,20766,100000,185,6079,1000,warehouse-10-20-10-2-1-random-21.scen
300,warehouse-10-20-10-2-1.map,PIBT,0,2234973,23905,100000,185,14870,0,warehouse-10-20-10-2-1-random-21.scen
300,warehouse-10-20-10-2-1.map,PIBTOLD,0,2234973,23905,100000,185,7000,0,warehouse-10-20-10-2-1-random-21.scen
300,warehouse-10-20-10-2-1.map,PIBT,0,1235008,23905,100000,185,19828,1,warehouse-10-20-10-2-1-random-21.scen
300,warehouse-10-20-10-2-1.map,PIBTOLD,0,2234973,23905,100000,185,7019,1,warehouse-10-20-10-2-1-random-21.scen
300,warehouse-10-20-10-2-1.map,PIBT,0,1235008,23905,100000,185,20102,10,warehouse-10-20-10-2-1-random-21.scen
300,warehouse-10-20-10-2-1.map,PIBTOLD,0,2234973,23905,100000,185,7184,10,warehouse-10-20-10-2-1-random-21.scen
300,warehouse-10-20-10-2-1.map,PIBT,0,1235008,23905,100000,185,20125,100,warehouse-10-20-10-2-1-random-21.scen
300,warehouse-10-20-10-2-1.map,PIBTOLD,0,2234973,23905,100000,185,7321,100,warehouse-10-20-10-2-1-random-21.scen
300,warehouse-10-20-10-2-1.map,PIBT,0,1235008,23905,100000,185,19999,1000,warehouse-10-20-10-2-1-random-21.scen
300,warehouse-10-20-10-2-1.map,PIBTOLD,0,2234973,23905,100000,185,7053,1000,warehouse-10-20-10-2-1-random-21.scen
340,warehouse-10-20-10-2-1.map,PIBT,0,3340853,27100,100000,191,18209,0,warehouse-10-20-10-2-1-random-21.scen
340,warehouse-10-20-10-2-1.map,PIBTOLD,0,3340853,27100,100000,191,8352,0,warehouse-10-20-10-2-1-random-21.scen
340,warehouse-10-20-10-2-1.map,PIBT,0,3937407,27100,100000,191,22016,1,warehouse-10-20-10-2-1-random-21.scen
340,warehouse-10-20-10-2-1.map,PIBTOLD,0,3340853,27100,100000,191,8324,1,warehouse-10-20-10-2-1-random-21.scen
340,warehouse-10-20-10-2-1.map,PIBT,0,844153,27100,100000,191,22087,10,warehouse-10-20-10-2-1-random-21.scen
340,warehouse-10-20-10-2-1.map,PIBTOLD,0,3340853,27100,100000,191,8187,10,warehouse-10-20-10-2-1-random-21.scen
340,warehouse-10-20-10-2-1.map,PIBT,0,844153,27100,100000,191,22026,100,warehouse-10-20-10-2-1-random-21.scen
340,warehouse-10-20-10-2-1.map,PIBTOLD,0,3340853,27100,100000,191,8277,100,warehouse-10-20-10-2-1-random-21.scen
340,warehouse-10-20-10-2-1.map,PIBT,0,844153,27100,100000,191,22275,1000,warehouse-10-20-10-2-1-random-21.scen
340,warehouse-10-20-10-2-1.map,PIBTOLD,0,3340853,27100,100000,191,8153,1000,warehouse-10-20-10-2-1-random-21.scen
380,warehouse-10-20-10-2-1.map,PIBT,0,4047546,30258,100000,191,21598,0,warehouse-10-20-10-2-1-random-21.scen
380,warehouse-10-20-10-2-1.map,PIBTOLD,0,4047546,30258,100000,191,9182,0,warehouse-10-20-10-2-1-random-21.scen
380,warehouse-10-20-10-2-1.map,PIBT,0,647601,30258,100000,191,31054,1,warehouse-10-20-10-2-1-random-21.scen
380,warehouse-10-20-10-2-1.map,PIBTOLD,0,4047546,30258,100000,191,9251,1,warehouse-10-20-10-2-1-random-21.scen
380,warehouse-10-20-10-2-1.map,PIBT,0,850483,30258,100000,191,27274,10,warehouse-10-20-10-2-1-random-21.scen
380,warehouse-10-20-10-2-1.map,PIBTOLD,0,4047546,30258,100000,191,9195,10,warehouse-10-20-10-2-1-random-21.scen
380,warehouse-10-20-10-2-1.map,PIBT,0,850483,30258,100000,191,27348,100,warehouse-10-20-10-2-1-random-21.scen
380,warehouse-10-20-10-2-1.map,PIBTOLD,0,4047546,30258,100000,191,9288,100,warehouse-10-20-10-2-1-random-21.scen
380,warehouse-10-20-10-2-1.map,PIBT,0,850483,30258,100000,191,27351,1000,warehouse-10-20-10-2-1-random-21.scen
380,warehouse-10-20-10-2-1.map,PIBTOLD,0,4047546,30258,100000,191,9439,1000,warehouse-10-20-10-2-1-random-21.scen
420,warehouse-10-20-10-2-1.map,PIBT,0,3556026,33709,100000,191,25489,0,warehouse-10-20-10-2-1-random-21.scen
420,warehouse-10-20-10-2-1.map,PIBTOLD,0,3556026,33709,100000,191,10339,0,warehouse-10-20-10-2-1-random-21.scen
420,warehouse-10-20-10-2-1.map,PIBT,0,855326,33709,100000,191,43995,1,warehouse-10-20-10-2-1-random-21.scen
420,warehouse-10-20-10-2-1.map,PIBTOLD,0,3556026,33709,100000,191,10489,1,warehouse-10-20-10-2-1-random-21.scen
420,warehouse-10-20-10-2-1.map,PIBT,0,1457702,33709,100000,191,37488,10,warehouse-10-20-10-2-1-random-21.scen
420,warehouse-10-20-10-2-1.map,PIBTOLD,0,3556026,33709,100000,191,10550,10,warehouse-10-20-10-2-1-random-21.scen
420,warehouse-10-20-10-2-1.map,PIBT,0,1059544,33709,100000,191,34373,100,warehouse-10-20-10-2-1-random-21.scen
420,warehouse-10-20-10-2-1.map,PIBTOLD,0,3556026,33709,100000,191,10233,100,warehouse-10-20-10-2-1-random-21.scen
420,warehouse-10-20-10-2-1.map,PIBT,0,457143,33709,100000,191,41370,1000,warehouse-10-20-10-2-1-random-21.scen
420,warehouse-10-20-10-2-1.map,PIBTOLD,0,3556026,33709,100000,191,10264,1000,warehouse-10-20-10-2-1-random-21.scen
20,warehouse-10-20-10-2-1.map,PIBT,1,1727,1604,162,162,3,0,warehouse-10-20-10-2-1-random-14.scen
20,warehouse-10-20-10-2-1.map,PIBTOLD,1,1727,1604,162,162,3,0,warehouse-10-20-10-2-1-random-14.scen
20,warehouse-10-20-10-2-1.map,PIBT,1,1690,1604,170,162,3,1,warehouse-10-20-10-2-1-random-14.scen
20,warehouse-10-20-10-2-1.map,PIBTOLD,1,1727,1604,162,162,3,1,warehouse-10-20-10-2-1-random-14.scen
20,warehouse-10-20-10-2-1.map,PIBT,1,1690,1604,170,162,4,10,warehouse-10-20-10-2-1-random-14.scen
20,warehouse-10-20-10-2-1.map,PIBTOLD,1,1727,1604,162,162,3,10,warehouse-10-20-10-2-1-random-14.scen
20,warehouse-10-20-10-2-1.map,PIBT,1,1690,1604,170,162,3,100,warehouse-10-20-10-2-1-random-14.scen
20,warehouse-10-20-10-2-1.map,PIBTOLD,1,1727,1604,162,162,3,100,warehouse-10-20-10-2-1-random-14.scen
20,warehouse-10-20-10-2-1.map,PIBT,1,1690,1604,170,162,3,1000,warehouse-10-20-10-2-1-random-14.scen
20,warehouse-10-20-10-2-1.map,PIBTOLD,1,1727,1604,162,162,3,1000,warehouse-10-20-10-2-1-random-14.scen
60,warehouse-10-20-10-2-1.map,PIBT,1,6061,5198,192,185,9,0,warehouse-10-20-10-2-1-random-14.scen
60,warehouse-10-20-10-2-1.map,PIBTOLD,1,6061,5198,192,185,8,0,warehouse-10-20-10-2-1-random-14.scen
60,warehouse-10-20-10-2-1.map,PIBT,0,5909,5198,100000,185,2414,1,warehouse-10-20-10-2-1-random-14.scen
60,warehouse-10-20-10-2-1.map,PIBTOLD,1,6061,5198,192,185,8,1,warehouse-10-20-10-2-1-random-14.scen
60,warehouse-10-20-10-2-1.map,PIBT,0,5909,5198,100000,185,2424,10,warehouse-10-20-10-2-1-random-14.scen
60,warehouse-10-20-10-2-1.map,PIBTOLD,1,6061,5198,192,185,9,10,warehouse-10-20-10-2-1-random-14.scen
60,warehouse-10-20-10-2-1.map,PIBT,0,5909,5198,100000,185,2431,100,warehouse-10-20-10-2-1-random-14.scen
60,warehouse-10-20-10-2-1.map,PIBTOLD,1,6061,5198,192,185,8,100,warehouse-10-20-10-2-1-random-14.scen
60,warehouse-10-20-10-2-1.map,PIBT,0,5909,5198,100000,185,2418,1000,warehouse-10-20-10-2-1-random-14.scen
60,warehouse-10-20-10-2-1.map,PIBTOLD,1,6061,5198,192,185,9,1000,warehouse-10-20-10-2-1-random-14.scen
100,warehouse-10-20-10-2-1.map,PIBT,0,410642,8626,100000,185,3580,0,warehouse-10-20-10-2-1-random-14.scen
100,warehouse-10-20-10-2-1.map,PIBTOLD,0,410642,8626,100000,185,2587,0,warehouse-10-20-10-2-1-random-14.scen
100,warehouse-10-20-10-2-1.map,PIBT,0,209851,8626,100000,185,4624,1,warehouse-10-20-10-2-1-random-14.scen
100,warehouse-10-20-10-2-1.map,PIBTOLD,0,410642,8626,100000,185,2658,1,warehouse-10-20-10-2-1-random-14.scen
100,warehouse-10-20-10-2-1.map,PIBT,0,209851,8626,100000,185,4658,10,warehouse-10-20-10-2-1-random-14.scen
100,warehouse-10-20-10-2-1.map,PIBTOLD,0,410642,8626,100000,185,2632,10,warehouse-10-20-10-2-1-random-14.scen
100,warehouse-10-20-10-2-1.map,PIBT,0,209851,8626,100000,185,4620,100,warehouse-10-20-10-2-1-random-14.scen
100,warehouse-10-20-10-2-1.map,PIBTOLD,0,410642,8626,100000,185,2643,100,warehouse-10-20-10-2-1-random-14.scen
100,warehouse-10-20-10-2-1.map,PIBT,0,209851,8626,100000,185,4606,1000,warehouse-10-20-10-2-1-random-14.scen
100,warehouse-10-20-10-2-1.map,PIBTOLD,0,410642,8626,100000,185,2634,1000,warehouse-10-20-10-2-1-random-14.scen
140,warehouse-10-20-10-2-1.map,PIBT,0,815517,12220,100000,185,5334,0,warehouse-10-20-10-2-1-random-14.scen
140,warehouse-10-20-10-2-1.map,PIBTOLD,0,815517,12220,100000,185,3458,0,warehouse-10-20-10-2-1-random-14.scen
140,warehouse-10-20-10-2-1.map,PIBT,0,215436,12220,100000,185,6900,1,warehouse-10-20-10-2-1-random-14.scen
140,warehouse-10-20-10-2-1.map,PIBTOLD,0,815517,12220,100000,185,3467,1,warehouse-10-20-10-2-1-random-14.scen
140,warehouse-10-20-10-2-1.map,PIBT,0,215436,12220,100000,185,6988,10,warehouse-10-20-10-2-1-random-14.scen
140,warehouse-10-20-10-2-1.map,PIBTOLD,0,815517,12220,100000,185,3456,10,warehouse-10-20-10-2-1-random-14.scen
140,warehouse-10-20-10-2-1.map,PIBT,0,215436,12220,100000,185,6933,100,warehouse-10-20-10-2-1-random-14.scen
140,warehouse-10-20-10-2-1.map,PIBTOLD,0,815517,12220,100000,185,3660,100,warehouse-10-20-10-2-1-random-14.scen
140,warehouse-10-20-10-2-1.map,PIBT,0,215436,12220,100000,185,6848,1000,warehouse-10-20-10-2-1-random-14.scen
140,warehouse-10-20-10-2-1.map,PIBTOLD,0,815517,12220,100000,185,3475,1000,warehouse-10-20-10-2-1-random-14.scen
180,warehouse-10-20-10-2-1.map,PIBT,0,920025,14852,100000,185,7091,0,warehouse-10-20-10-2-1-random-14.scen
180,warehouse-10-20-10-2-1.map,PIBTOLD,0,920025,14852,100000,185,4208,0,warehouse-10-20-10-2-1-random-14.scen
180,warehouse-10-20-10-2-1.map,PIBT,0,419990,14852,100000,185,8007,1,warehouse-10-20-10-2-1-random-14.scen
180,warehouse-10-20-10-2-1.map,PIBTOLD,0,920025,14852,100000,185,4252,1,warehouse-10-20-10-2-1-random-14.scen
180,warehouse-10-20-10-2-1.map,PIBT,0,419990,14852,100000,185,7940,10,warehouse-10-20-10-2-1-random-14.scen
180,warehouse-10-20-10-2-1.map,PIBTOLD,0,920025,14852,100000,185,4236,10,warehouse-10-20-10-2-1-random-14.scen
180,warehouse-10-20-10-2-1.map,PIBT,0,419990,14852,100000,185,8094,100,warehouse-10-20-10-2-1-random-14.scen
180,warehouse-10-20-10-2-1.map,PIBTOLD,0,920025,14852,100000,185,4289,100,warehouse-10-20-10-2-1-random-14.scen
180,warehouse-10-20-10-2-1.map,PIBT,0,419990,14852,100000,185,8163,1000,warehouse-10-20-10-2-1-random-14.scen
180,warehouse-10-20-10-2-1.map,PIBTOLD,0,920025,14852,100000,185,4356,1000,warehouse-10-20-10-2-1-random-14.scen
220,warehouse-10-20-10-2-1.map,PIBT,0,1025739,17820,100000,185,9200,0,warehouse-10-20-10-2-1-random-14.scen
220,warehouse-10-20-10-2-1.map,PIBTOLD,0,1025739,17820,100000,185,5055,0,warehouse-10-20-10-2-1-random-14.scen
220,warehouse-10-20-10-2-1.map,PIBT,0,227604,17820,100000,185,10071,1,warehouse-10-20-10-2-1-random-14.scen
220,warehouse-10-20-10-2-1.map,PIBTOLD,0,1025739,17820,100000,185,5138,1,warehouse-10-20-10-2-1-random-14.scen
220,warehouse-10-20-10-2-1.map,PIBT,0,227604,17820,100000,185,10001,10,warehouse-10-20-10-2-1-random-14.scen
220,warehouse-10-20-10-2-1.map,PIBTOLD,0,1025739,17820,100000,185,5125,10,warehouse-10-20-10-2-1-random-14.scen
220,warehouse-10-20-10-2-1.map,PIBT,0,227604,17820,100000,185,10027,100,warehouse-10-20-10-2-1-random-14.scen
220,warehouse-10-20-10-2-1.map,PIBTOLD,0,1025739,17820,100000,185,5121,100,warehouse-10-20-10-2-1-random-14.scen
220,warehouse-10-20-10-2-1.map,PIBT,0,227604,17820,100000,185,10208,1000,warehouse-10-20-10-2-1-random-14.scen
220,warehouse-10-20-10-2-1.map,PIBTOLD,0,1025739,17820,100000,185,5090,1000,warehouse-10-20-10-2-1-random-14.scen
260,warehouse-10-20-10-2-1.map,PIBT,0,1529853,20766,100000,185,11537,0,warehouse-10-20-10-2-1-random-14.scen
260,warehouse-10-20-10-2-1.map,PIBTOLD,0,1529853,20766,100000,185,6355,0,warehouse-10-20-10-2-1-random-14.scen
260,warehouse-10-20-10-2-1.map,PIBT,0,433399,20766,100000,185,15052,1,warehouse-10-20-10-2-1-random-14.scen
260,warehouse-10-20-10-2-1.map,PIBTOLD,0,1529853,20766,100000,185,6218,1,warehouse-10-20-10-2-1-random-14.scen
260,warehouse-10-20-10-2-1.map,PIBT,0,433399,20766,100000,185,15057,10,warehouse-10-20-10-2-1-random-14.scen
260,warehouse-10-20-10-2-1.map,PIBTOLD,0,1529853,20766,100000,185,7055,10,warehouse-10-20-10-2-1-random-14.scen
260,warehouse-10-20-10-2-1.map,PIBT,0,433399,20766,100000,185,16169,100,warehouse-10-20-10-2-1-random-14.scen
260,warehouse-10-20-10-2-1.map,PIBTOLD,0,1529853,20766,100000,185,6237,100,warehouse-10-20-10-2-1-random-14.scen
260,warehouse-10-20-10-2-1.map,PIBT,0,433399,20766,100000,185,15136,1000,warehouse-10-20-10-2-1-random-14.scen
260,warehouse-10-20-10-2-1.map,PIBTOLD,0,1529853,20766,100000,185,6251,1000,warehouse-10-20-10-2-1-random-14.scen
300,warehouse-10-20-10-2-1.map,PIBT,0,2234973,23905,100000,185,15006,0,warehouse-10-20-10-2-1-random-14.scen
300,warehouse-10-20-10-2-1.map,PIBTOLD,0,2234973,23905,100000,185,7069,0,warehouse-10-20-10-2-1-random-14.scen
300,warehouse-10-20-10-2-1.map,PIBT,0,1235008,23905,100000,185,19821,1,warehouse-10-20-10-2-1-random-14.scen
300,warehouse-10-20-10-2-1.map,PIBTOLD,0,2234973,23905,100000,185,7157,1,warehouse-10-20-10-2-1-random-14.scen
300,warehouse-10-20-10-2-1.map,PIBT,0,1235008,23905,100000,185,20264,10,warehouse-10-20-10-2-1-random-14.scen
300,warehouse-10-20-10-2-1.map,PIBTOLD,0,2234973,23905,100000,185,7244,10,warehouse-10-20-10-2-1-random-14.scen
300,warehouse-10-20-10-2-1.map,PIBT,0,1235008,23905,100000,185,20152,100,warehouse-10-20-10-2-1-random-14.scen
300,warehouse-10-20-10-2-1.map,PIBTOLD,0,2234973,23905,100000,185,7203,100,warehouse-10-20-10-2-1-random-14.scen
300,warehouse-10-20-10-2-1.map,PIBT,0,1235008,23905,100000,185,19995,1000,warehouse-10-20-10-2-1-random-14.scen
300,warehouse-10-20-10-2-1.map,PIBTOLD,0,2234973,23905,100000,185,7171,1000,warehouse-10-20-10-2-1-random-14.scen
340,warehouse-10-20-10-2-1.map,PIBT,0,3340853,27100,100000,191,18050,0,warehouse-10-20-10-2-1-random-14.scen
340,warehouse-10-20-10-2-1.map,PIBTOLD,0,3340853,27100,100000,191,8130,0,warehouse-10-20-10-2-1-random-14.scen
340,warehouse-10-20-10-2-1.map,PIBT,0,244561,27100,100000,191,25780,1,warehouse-10-20-10-2-1-random-14.scen
340,warehouse-10-20-10-2-1.map,PIBTOLD,0,3340853,27100,100000,191,8159,1,warehouse-10-20-10-2-1-random-14.scen
340,warehouse-10-20-10-2-1.map,PIBT,0,43642,27100,100000,191,25889,10,warehouse-10-20-10-2-1-random-14.scen
340,warehouse-10-20-10-2-1.map,PIBTOLD,0,3340853,27100,100000,191,8656,10,warehouse-10-20-10-2-1-random-14.scen
340,warehouse-10-20-10-2-1.map,PIBT,0,844153,27100,100000,191,22049,100,warehouse-10-20-10-2-1-random-14.scen
340,warehouse-10-20-10-2-1.map,PIBTOLD,0,3340853,27100,100000,191,8355,100,warehouse-10-20-10-2-1-random-14.scen
340,warehouse-10-20-10-2-1.map,PIBT,0,844153,27100,100000,191,21786,1000,warehouse-10-20-10-2-1-random-14.scen
340,warehouse-10-20-10-2-1.map,PIBTOLD,0,3340853,27100,100000,191,8156,1000,warehouse-10-20-10-2-1-random-14.scen
380,warehouse-10-20-10-2-1.map,PIBT,0,4047546,30258,100000,191,21644,0,warehouse-10-20-10-2-1-random-14.scen
380,warehouse-10-20-10-2-1.map,PIBTOLD,0,4047546,30258,100000,191,9257,0,warehouse-10-20-10-2-1-random-14.scen
380,warehouse-10-20-10-2-1.map,PIBT,0,647455,30258,100000,191,33715,1,warehouse-10-20-10-2-1-random-14.scen
380,warehouse-10-20-10-2-1.map,PIBTOLD,0,4047546,30258,100000,191,9554,1,warehouse-10-20-10-2-1-random-14.scen
380,warehouse-10-20-10-2-1.map,PIBT,0,850483,30258,100000,191,27135,10,warehouse-10-20-10-2-1-random-14.scen
380,warehouse-10-20-10-2-1.map,PIBTOLD,0,4047546,30258,100000,191,9551,10,warehouse-10-20-10-2-1-random-14.scen
380,warehouse-10-20-10-2-1.map,PIBT,0,850483,30258,100000,191,27208,100,warehouse-10-20-10-2-1-random-14.scen
380,warehouse-10-20-10-2-1.map,PIBTOLD,0,4047546,30258,100000,191,9339,100,warehouse-10-20-10-2-1-random-14.scen
380,warehouse-10-20-10-2-1.map,PIBT,0,850483,30258,100000,191,27027,1000,warehouse-10-20-10-2-1-random-14.scen
380,warehouse-10-20-10-2-1.map,PIBTOLD,0,4047546,30258,100000,191,9182,1000,warehouse-10-20-10-2-1-random-14.scen
420,warehouse-10-20-10-2-1.map,PIBT,0,3556026,33709,100000,191,25316,0,warehouse-10-20-10-2-1-random-14.scen
420,warehouse-10-20-10-2-1.map,PIBTOLD,0,3556026,33709,100000,191,10472,0,warehouse-10-20-10-2-1-random-14.scen
420,warehouse-10-20-10-2-1.map,PIBT,0,854869,33709,100000,191,43749,1,warehouse-10-20-10-2-1-random-14.scen
420,warehouse-10-20-10-2-1.map,PIBTOLD,0,3556026,33709,100000,191,10606,1,warehouse-10-20-10-2-1-random-14.scen
420,warehouse-10-20-10-2-1.map,PIBT,0,2454584,33709,100000,191,38990,10,warehouse-10-20-10-2-1-random-14.scen
420,warehouse-10-20-10-2-1.map,PIBTOLD,0,3556026,33709,100000,191,10341,10,warehouse-10-20-10-2-1-random-14.scen
420,warehouse-10-20-10-2-1.map,PIBT,0,1456408,33709,100000,191,35619,100,warehouse-10-20-10-2-1-random-14.scen
420,warehouse-10-20-10-2-1.map,PIBTOLD,0,3556026,33709,100000,191,10392,100,warehouse-10-20-10-2-1-random-14.scen
420,warehouse-10-20-10-2-1.map,PIBT,0,457143,33709,100000,191,41647,1000,warehouse-10-20-10-2-1-random-14.scen
420,warehouse-10-20-10-2-1.map,PIBTOLD,0,3556026,33709,100000,191,10154,1000,warehouse-10-20-10-2-1-random-14.scen
20,warehouse-10-20-10-2-1.map,PIBT,1,1727,1604,162,162,3,0,warehouse-10-20-10-2-1-random-20.scen
20,warehouse-10-20-10-2-1.map,PIBTOLD,1,1727,1604,162,162,3,0,warehouse-10-20-10-2-1-random-20.scen
20,warehouse-10-20-10-2-1.map,PIBT,1,1690,1604,170,162,3,1,warehouse-10-20-10-2-1-random-20.scen
20,warehouse-10-20-10-2-1.map,PIBTOLD,1,1727,1604,162,162,3,1,warehouse-10-20-10-2-1-random-20.scen
20,warehouse-10-20-10-2-1.map,PIBT,1,1690,1604,170,162,3,10,warehouse-10-20-10-2-1-random-20.scen
20,warehouse-10-20-10-2-1.map,PIBTOLD,1,1727,1604,162,162,3,10,warehouse-10-20-10-2-1-random-20.scen
20,warehouse-10-20-10-2-1.map,PIBT,1,1690,1604,170,162,3,100,warehouse-10-20-10-2-1-random-20.scen
20,warehouse-10-20-10-2-1.map,PIBTOLD,1,1727,1604,162,162,3,100,warehouse-10-20-10-2-1-random-20.scen
20,warehouse-10-20-10-2-1.map,PIBT,1,1690,1604,170,162,3,1000,warehouse-10-20-10-2-1-random-20.scen
20,warehouse-10-20-10-2-1.map,PIBTOLD,1,1727,1604,162,162,3,1000,warehouse-10-20-10-2-1-random-20.scen
60,warehouse-10-20-10-2-1.map,PIBT,1,6061,5198,192,185,9,0,warehouse-10-20-10-2-1-random-20.scen
60,warehouse-10-20-10-2-1.map,PIBTOLD,1,6061,5198,192,185,8,0,warehouse-10-20-10-2-1-random-20.scen
60,warehouse-10-20-10-2-1.map,PIBT,0,5909,5198,100000,185,2405,1,warehouse-10-20-10-2-1-random-20.scen
60,warehouse-10-20-10-2-1.map,PIBTOLD,1,6061,5198,192,185,8,1,warehouse-10-20-10-2-1-random-20.scen
60,warehouse-10-20-10-2-1.map,PIBT,0,5909,5198,100000,185,2462,10,warehouse-10-20-10-2-1-random-20.scen
60,warehouse-10-20-10-2-1.map,PIBTOLD,1,6061,5198,192,185,8,10,warehouse-10-20-10-2-1-random-20.scen
60,warehouse-10-20-10-2-1.map,PIBT,0,5909,5198,100000,185,2442,100,warehouse-10-20-10-2-1-random-20.scen
60,warehouse-10-20-10-2-1.map,PIBTOLD,1,6061,5198,192,185,8,100,warehouse-10-20-10-2-1-random-20.scen
60,warehouse-10-20-10-2-1.map,PIBT,0,5909,5198,100000,185,2469,1000,warehouse-10-20-10-2-1-random-20.scen
60,warehouse-10-20-10-2-1.map,PIBTOLD,1,6061,5198,192,185,8,1000,warehouse-10-20-10-2-1-random-20.scen
100,warehouse-10-20-10-2-1.map,PIBT,0,410642,8626,100000,185,3583,0,warehouse-10-20-10-2-1-random-20.scen
100,warehouse-10-20-10-2-1.map,PIBTOLD,0,410642,8626,100000,185,2609,0,warehouse-10-20-10-2-1-random-20.scen
100,warehouse-10-20-10-2-1.map,PIBT,0,209851,8626,100000,185,4532,1,warehouse-10-20-10-2-1-random-20.scen
100,warehouse-10-20-10-2-1.map,PIBTOLD,0,410642,8626,100000,185,2651,1,warehouse-10-20-10-2-1-random-20.scen
100,warehouse-10-20-10-2-1.map,PIBT,0,209851,8626,100000,185,4607,10,warehouse-10-20-10-2-1-random-20.scen
100,warehouse-10-20-10-2-1.map,PIBTOLD,0,410642,8626,100000,185,2625,10,warehouse-10-20-10-2-1-random-20.scen
100,warehouse-10-20-10-2-1.map,PIBT,0,209851,8626,100000,185,4593,100,warehouse-10-20-10-2-1-random-20.scen
100,warehouse-10-20-10-2-1.map,PIBTOLD,0,410642,8626,100000,185,2639,100,warehouse-10-20-10-2-1-random-20.scen
100,warehouse-10-20-10-2-1.map,PIBT,0,209851,8626,100000,185,4607,1000,warehouse-10-20-10-2-1-random-20.scen
100,warehouse-10-20-10-2-1.map,PIBTOLD,0,410642,8626,100000,185,2708,1000,warehouse-10-20-10-2-1-random-20.scen
140,warehouse-10-20-10-2-1.map,PIBT,0,815517,12220,100000,185,5296,0,warehouse-10-20-10-2-1-random-20.scen
140,warehouse-10-20-10-2-1.map,PIBTOLD,0,815517,12220,100000,185,3530,0,warehouse-10-20-10-2-1-random-20.scen
140,warehouse-10-20-10-2-1.map,PIBT,0,215436,12220,100000,185,7095,1,warehouse-10-20-10-2-1-random-20.scen
140,warehouse-10-20-10-2-1.map,PIBTOLD,0,815517,12220,100000,185,3431,1,warehouse-10-20-10-2-1-random-20.scen
140,warehouse-10-20-10-2-1.map,PIBT,0,215436,12220,100000,185,6961,10,warehouse-10-20-10-2-1-random-20.scen
140,warehouse-10-20-10-2-1.map,PIBTOLD,0,815517,12220,100000,185,3445,10,warehouse-10-20-10-2-1-random-20.scen
140,warehouse-10-20-10-2-1.map,PIBT,0,215436,12220,100000,185,6861,100,warehouse-10-20-10-2-1-random-20.scen
140,warehouse-10-20-10-2-1.map,PIBTOLD,0,815517,12220,100000,185,3421,100,warehouse-10-20-10-2-1-random-20.scen
140,warehouse-10-20-10-2-1.map,PIBT,0,215436,12220,100000,185,6841,1000,warehouse-10-20-10-2-1-random-20.scen
140,warehouse-10-20-10-2-1.map,PIBTOLD,0,815517,12220,100000,185,3522,1000,warehouse-10-20-10-2-1-random-20.scen
180,warehouse-10-20-10-2-1.map,PIBT,0,920025,14852,100000,185,7109,0,warehouse-10-20-10-2-1-random-20.scen
180,warehouse-10-20-10-2-1.map,PIBTOLD,0,920025,14852,100000,185,4199,0,warehouse-10-20-10-2-1-random-20.scen
180,warehouse-10-20-10-2-1.map,PIBT,0,419990,14852,100000,185,8156,1,warehouse-10-20-10-2-1-random-20.scen
180,warehouse-10-20-10-2-1.map,PIBTOLD,0,920025,14852,100000,185,4200,1,warehouse-10-20-10-2-1-random-20.scen
180,warehouse-10-20-10-2-1.map,PIBT,0,419990,14852,100000,185,8017,10,warehouse-10-20-10-2-1-random-20.scen
180,warehouse-10-20-10-2-1.map,PIBTOLD,0,920025,14852,100000,185,4243,10,warehouse-10-20-10-2-1-random-20.scen
180,warehouse-10-20-10-2-1.map,PIBT,0,419990,14852,100000,185,8032,100,warehouse-10-20-10-2-1-random-20.scen
180,warehouse-10-20-10-2-1.map,PIBTOLD,0,920025,14852,100000,185,4271,100,warehouse-10-20-10-2-1-random-20.scen
180,warehouse-10-20-10-2-1.map,PIBT,0,419990,14852,100000,185,8018,1000,warehouse-10-20-10-2-1-random-20.scen
180,warehouse-10-20-10-2-1.map,PIBTOLD,0,920025,14852,100000,185,4178,1000,warehouse-10-20-10-2-1-random-20.scen
220,warehouse-10-20-10-2-1.map,PIBT,0,1025739,17820,100000,185,9083,0,warehouse-10-20-10-2-1-random-20.scen
220,warehouse-10-20-10-2-1.map,PIBTOLD,0,1025739,17820,100000,185,5056,0,warehouse-10-20-10-2-1-random-20.scen
220,warehouse-10-20-10-2-1.map,PIBT,0,227604,17820,100000,185,10081,1,warehouse-10-20-10-2-1-random-20.scen
220,warehouse-10-20-10-2-1.map,PIBTOLD,0,1025739,17820,100000,185,5042,1,warehouse-10-20-10-2-1-random-20.scen
220,warehouse-10-20-10-2-1.map,PIBT,0,227604,17820,100000,185,10175,10,warehouse-10-20-10-2-1-random-20.scen
220,warehouse-10-20-10-2-1.map,PIBTOLD,0,1025739,17820,100000,185,5162,10,warehouse-10-20-10-2-1-random-20.scen
220,warehouse-10-20-10-2-1.map,PIBT,0,227604,17820,100000,185,10178,100,warehouse-10-20-10-2-1-random-20.scen
220,warehouse-10-20-10-2-1.map,PIBTOLD,0,1025739,17820,100000,185,5217,100,warehouse-10-20-10-2-1-random-20.scen
220,warehouse-10-20-10-2-1.map,PIBT,0,227604,17820,100000,185,10092,1000,warehouse-10-20-10-2-1-random-20.scen
220,warehouse-10-20-10-2-1.map,PIBTOLD,0,1025739,17820,100000,185,5120,1000,warehouse-10-20-10-2-1-random-20.scen
260,warehouse-10-20-10-2-1.map,PIBT,0,1529853,20766,100000,185,11611,0,warehouse-10-20-10-2-1-random-20.scen
260,warehouse-10-20-10-2-1.map,PIBTOLD,0,1529853,20766,100000,185,6165,0,warehouse-10-20-10-2-1-random-20.scen
260,warehouse-10-20-10-2-1.map,PIBT,0,433399,20766,100000,185,14979,1,warehouse-10-20-10-2-1-random-20.scen
260,warehouse-10-20-10-2-1.map,PIBTOLD,0,1529853,20766,100000,185,6209,1,warehouse-10-20-10-2-1-random-20.scen
260,warehouse-10-20-10-2-1.map,PIBT,0,433399,20766,100000,185,15112,10,warehouse-10-20-10-2-1-random-20.scen
260,warehouse-10-20-10-2-1.map,PIBTOLD,0,1529853,20766,100000,185,6023,10,warehouse-10-20-10-2-1-random-20.scen
260,warehouse-10-20-10-2-1.map,PIBT,0,433399,20766,100000,185,15229,100,warehouse-10-20-10-2-1-random-20.scen
260,warehouse-10-20-10-2-1.map,PIBTOLD,0,1529853,20766,100000,185,6057,100,warehouse-10-20-10-2-1-random-20.scen
260,warehouse-10-20-10-2-1.map,PIBT,0,433399,20766,100000,185,15124,1000,warehouse-10-20-10-2-1-random-20.scen
260,warehouse-10-20-10-2-1.map,PIBTOLD,0,1529853,20766,100000,185,6055,1000,warehouse-10-20-10-2-1-random-20.scen
300,warehouse-10-20-10-2-1.map,PIBT,0,2234973,23905,100000,185,14918,0,warehouse-10-20-10-2-1-random-20.scen
300,warehouse-10-20-10-2-1.map,PIBTOLD,0,2234973,23905,100000,185,6953,0,warehouse-10-20-10-2-1-random-20.scen
300,warehouse-10-20-10-2-1.map,PIBT,0,1235008,23905,100000,185,19953,1,warehouse-10-20-10-2-1-random-20.scen
300,warehouse-10-20-10-2-1.map,PIBTOLD,0,2234973,23905,100000,185,7298,1,warehouse-10-20-10-2-1-random-20.scen
300,warehouse-10-20-10-2-1.map,PIBT,0,1235008,23905,100000,185,19958,10,warehouse-10-20-10-2-1-random-20.scen
300,warehouse-10-20-10-2-1.map,PIBTOLD,0,2234973,23905,100000,185,7113,10,warehouse-10-20-10-2-1-random-20.scen
300,warehouse-10-20-10-2-1.map,PIBT,0,1235008,23905,100000,185,19988,100,warehouse-10-20-10-2-1-random-20.scen
300,warehouse-10-20-10-2-1.map,PIBTOLD,0,2234973,23905,100000,185,7388,100,warehouse-10-20-10-2-1-random-20.scen
300,warehouse-10-20-10-2-1.map,PIBT,0,1235008,23905,100000,185,19938,1000,warehouse-10-20-10-2-1-random-20.scen
300,warehouse-10-20-10-2-1.map,PIBTOLD,0,2234973,23905,100000,185,7049,1000,warehouse-10-20-10-2-1-random-20.scen
340,warehouse-10-20-10-2-1.map,PIBT,0,3340853,27100,100000,191,18032,0,warehouse-10-20-10-2-1-random-20.scen
340,warehouse-10-20-10-2-1.map,PIBTOLD,0,3340853,27100,100000,191,8431,0,warehouse-10-20-10-2-1-random-20.scen
340,warehouse-10-20-10-2-1.map,PIBT,0,444745,27100,100000,191,23633,1,warehouse-10-20-10-2-1-random-20.scen
340,warehouse-10-20-10-2-1.map,PIBTOLD,0,3340853,27100,100000,191,8140,1,warehouse-10-20-10-2-1-random-20.scen
340,warehouse-10-20-10-2-1.map,PIBT,0,844153,27100,100000,191,21759,10,warehouse-10-20-10-2-1-random-20.scen
340,warehouse-10-20-10-2-1.map,PIBTOLD,0,3340853,27100,100000,191,8348,10,warehouse-10-20-10-2-1-random-20.scen
340,warehouse-10-20-10-2-1.map,PIBT,0,844153,27100,100000,191,21997,100,warehouse-10-20-10-2-1-random-20.scen
340,warehouse-10-20-10-2-1.map,PIBTOLD,0,3340853,27100,100000,191,8715,100,warehouse-10-20-10-2-1-random-20.scen
340,warehouse-10-20-10-2-1.map,PIBT,0,844153,27100,100000,191,21922,1000,warehouse-10-20-10-2-1-random-20.scen
340,warehouse-10-20-10-2-1.map,PIBTOLD,0,3340853,27100,100000,191,8469,1000,warehouse-10-20-10-2-1-random-20.scen
380,warehouse-10-20-10-2-1.map,PIBT,0,4047546,30258,100000,191,21810,0,warehouse-10-20-10-2-1-random-20.scen
380,warehouse-10-20-10-2-1.map,PIBTOLD,0,4047546,30258,100000,191,9338,0,warehouse-10-20-10-2-1-random-20.scen
380,warehouse-10-20-10-2-1.map,PIBT,0,1247606,30258,100000,191,39817,1,warehouse-10-20-10-2-1-random-20.scen
380,warehouse-10-20-10-2-1.map,PIBTOLD,0,4047546,30258,100000,191,9130,1,warehouse-10-20-10-2-1-random-20.scen
380,warehouse-10-20-10-2-1.map,PIBT,0,850483,30258,100000,191,27204,10,warehouse-10-20-10-2-1-random-20.scen
380,warehouse-10-20-10-2-1.map,PIBTOLD,0,4047546,30258,100000,191,9172,10,warehouse-10-20-10-2-1-random-20.scen
380,warehouse-10-20-10-2-1.map,PIBT,0,850483,30258,100000,191,27070,100,warehouse-10-20-10-2-1-random-20.scen
380,warehouse-10-20-10-2-1.map,PIBTOLD,0,4047546,30258,100000,191,9182,100,warehouse-10-20-10-2-1-random-20.scen
380,warehouse-10-20-10-2-1.map,PIBT,0,850483,30258,100000,191,27030,1000,warehouse-10-20-10-2-1-random-20.scen
380,warehouse-10-20-10-2-1.map,PIBTOLD,0,4047546,30258,100000,191,9540,1000,warehouse-10-20-10-2-1-random-20.scen
420,warehouse-10-20-10-2-1.map,PIBT,0,3556026,33709,100000,191,25567,0,warehouse-10-20-10-2-1-random-20.scen
420,warehouse-10-20-10-2-1.map,PIBTOLD,0,3556026,33709,100000,191,10355,0,warehouse-10-20-10-2-1-random-20.scen
420,warehouse-10-20-10-2-1.map,PIBT,0,1264805,33709,100000,191,34946,1,warehouse-10-20-10-2-1-random-20.scen
420,warehouse-10-20-10-2-1.map,PIBTOLD,0,3556026,33709,100000,191,10316,1,warehouse-10-20-10-2-1-random-20.scen
420,warehouse-10-20-10-2-1.map,PIBT,0,1051320,33709,100000,191,50421,10,warehouse-10-20-10-2-1-random-20.scen
420,warehouse-10-20-10-2-1.map,PIBTOLD,0,3556026,33709,100000,191,10275,10,warehouse-10-20-10-2-1-random-20.scen
420,warehouse-10-20-10-2-1.map,PIBT,0,457444,33709,100000,191,37910,100,warehouse-10-20-10-2-1-random-20.scen
420,warehouse-10-20-10-2-1.map,PIBTOLD,0,3556026,33709,100000,191,10316,100,warehouse-10-20-10-2-1-random-20.scen
420,warehouse-10-20-10-2-1.map,PIBT,0,457143,33709,100000,191,41573,1000,warehouse-10-20-10-2-1-random-20.scen
420,warehouse-10-20-10-2-1.map,PIBTOLD,0,3556026,33709,100000,191,10219,1000,warehouse-10-20-10-2-1-random-20.scen
20,warehouse-10-20-10-2-1.map,PIBT,1,1727,1604,162,162,3,0,warehouse-10-20-10-2-1-random-2.scen
20,warehouse-10-20-10-2-1.map,PIBTOLD,1,1727,1604,162,162,3,0,warehouse-10-20-10-2-1-random-2.scen
20,warehouse-10-20-10-2-1.map,PIBT,1,1690,1604,170,162,3,1,warehouse-10-20-10-2-1-random-2.scen
20,warehouse-10-20-10-2-1.map,PIBTOLD,1,1727,1604,162,162,3,1,warehouse-10-20-10-2-1-random-2.scen
20,warehouse-10-20-10-2-1.map,PIBT,1,1690,1604,170,162,3,10,warehouse-10-20-10-2-1-random-2.scen
20,warehouse-10-20-10-2-1.map,PIBTOLD,1,1727,1604,162,162,3,10,warehouse-10-20-10-2-1-random-2.scen
20,warehouse-10-20-10-2-1.map,PIBT,1,1690,1604,170,162,3,100,warehouse-10-20-10-2-1-random-2.scen
20,warehouse-10-20-10-2-1.map,PIBTOLD,1,1727,1604,162,162,3,100,warehouse-10-20-10-2-1-random-2.scen
20,warehouse-10-20-10-2-1.map,PIBT,1,1690,1604,170,162,3,1000,warehouse-10-20-10-2-1-random-2.scen
20,warehouse-10-20-10-2-1.map,PIBTOLD,1,1727,1604,162,162,3,1000,warehouse-10-20-10-2-1-random-2.scen
60,warehouse-10-20-10-2-1.map,PIBT,1,6061,5198,192,185,9,0,warehouse-10-20-10-2-1-random-2.scen
60,warehouse-10-20-10-2-1.map,PIBTOLD,1,6061,5198,192,185,8,0,warehouse-10-20-10-2-1-random-2.scen
60,warehouse-10-20-10-2-1.map,PIBT,0,5909,5198,100000,185,2444,1,warehouse-10-20-10-2-1-random-2.scen
60,warehouse-10-20-10-2-1.map,PIBTOLD,1,6061,5198,192,185,8,1,warehouse-10-20-10-2-1-random-2.scen
60,warehouse-10-20-10-2-1.map,PIBT,0,5909,5198,100000,185,2425,10,warehouse-10-20-10-2-1-random-2.scen
60,warehouse-10-20-10-2-1.map,PIBTOLD,1,6061,5198,192,185,8,10,warehouse-10-20-10-2-1-random-2.scen
60,warehouse-10-20-10-2-1.map,PIBT,0,5909,5198,100000,185,2469,100,warehouse-10-20-10-2-1-random-2.scen
60,warehouse-10-20-10-2-1.map,PIBTOLD,1,6061,5198,192,185,8,100,warehouse-10-20-10-2-1-random-2.scen
60,warehouse-10-20-10-2-1.map,PIBT,0,5909,5198,100000,185,2496,1000,warehouse-10-20-10-2-1-random-2.scen
60,warehouse-10-20-10-2-1.map,PIBTOLD,1,6061,5198,192,185,8,1000,warehouse-10-20-10-2-1-random-2.scen
100,warehouse-10-20-10-2-1.map,PIBT,0,410642,8626,100000,185,3611,0,warehouse-10-20-10-2-1-random-2.scen
100,warehouse-10-20-10-2-1.map,PIBTOLD,0,410642,8626,100000,185,2638,0,warehouse-10-20-10-2-1-random-2.scen
100,warehouse-10-20-10-2-1.map,PIBT,0,209851,8626,100000,185,4599,1,warehouse-10-20-10-2-1-random-2.scen
100,warehouse-10-20-10-2-1.map,PIBTOLD,0,410642,8626,100000,185,2619,1,warehouse-10-20-10-2-1-random-2.scen
100,warehouse-10-20-10-2-1.map,PIBT,0,209851,8626,100000,185,4566,10,warehouse-10-20-10-2-1-random-2.scen
100,warehouse-10-20-10-2-1.map,PIBTOLD,0,410642,8626,100000,185,2651,10,warehouse-10-20-10-2-1-random-2.scen
100,warehouse-10-20-10-2-1.map,PIBT,0,209851,8626,100000,185,4568,100,warehouse-10-20-10-2-1-random-2.scen
100,warehouse-10-20-10-2-1.map,PIBTOLD,0,410642,8626,100000,185,2591,100,warehouse-10-20-10-2-1-random-2.scen
100,warehouse-10-20-10-2-1.map,PIBT,0,209851,8626,100000,185,4711,1000,warehouse-10-20-10-2-1-random-2.scen
100,warehouse-10-20-10-2-1.map,PIBTOLD,0,410642,8626,100000,185,2614,1000,warehouse-10-20-10-2-1-random-2.scen
140,warehouse-10-20-10-2-1.map,PIBT,0,815517,12220,100000,185,5289,0,warehouse-10-20-10-2-1-random-2.scen
140,warehouse-10-20-10-2-1.map,PIBTOLD,0,815517,12220,100000,185,3447,0,warehouse-10-20-10-2-1-random-2.scen
140,warehouse-10-20-10-2-1.map,PIBT,0,215436,12220,100000,185,6830,1,warehouse-10-20-10-2-1-random-2.scen
140,warehouse-10-20-10-2-1.map,PIBTOLD,0,815517,12220,100000,185,3471,1,warehouse-10-20-10-2-1-random-2.scen
140,warehouse-10-20-10-2-1.map,PIBT,0,215436,12220,100000,185,6959,10,warehouse-10-20-10-2-1-random-2.scen
140,warehouse-10-20-10-2-1.map,PIBTOLD,0,815517,12220,100000,185,3410,10,warehouse-10-20-10-2-1-random-2.scen
140,warehouse-10-20-10-2-1.map,PIBT,0,215436,12220,100000,185,6885,100,warehouse-10-20-10-2-1-random-2.scen
140,warehouse-10-20-10-2-1.map,PIBTOLD,0,815517,12220,100000,185,3516,100,warehouse-10-20-10-2-1-random-2.scen
140,warehouse-10-20-10-2-1.map,PIBT,0,215436,12220,100000,185,6904,1000,warehouse-10-20-10-2-1-random-2.scen
140,warehouse-10-20-10-2-1.map,PIBTOLD,0,815517,12220,100000,185,3494,1000,warehouse-10-20-10-2-1-random-2.scen
180,warehouse-10-20-10-2-1.map,PIBT,0,920025,14852,100000,185,7094,0,warehouse-10-20-10-2-1-random-2.scen
180,warehouse-10-20-10-2-1.map,PIBTOLD,0,920025,14852,100000,185,4280,0,warehouse-10-20-10-2-1-random-2.scen
180,warehouse-10-20-10-2-1.map,PIBT,0,419990,14852,100000,185,8068,1,warehouse-10-20-10-2-1-random-2.scen
180,warehouse-10-20-10-2-1.map,PIBTOLD,0,920025,14852,100000,185,4192,1,warehouse-10-20-10-2-1-random-2.scen
180,warehouse-10-20-10-2-1.map,PIBT,0,419990,14852,100000,185,8089,10,warehouse-10-20-10-2-1-random-2.scen
180,warehouse-10-20-10-2-1.map,PIBTOLD,0,920025,14852,100000,185,4191,10,warehouse-10-20-10-2-1-random-2.scen
180,warehouse-10-20-10-2-1.map,PIBT,0,419990,14852,100000,185,8077,100,warehouse-10-20-10-2-1-random-2.scen
180,warehouse-10-20-10-2-1.map,PIBTOLD,0,920025,14852,100000,185,4279,100,warehouse-10-20-10-2-1-random-2.scen
180,warehouse-10-20-10-2-1.map,PIBT,0,419990,14852,100000,185,8201,1000,warehouse-10-20-10-2-1-random-2.scen
180,warehouse-10-20-10-2-1.map,PIBTOLD,0,920025,14852,100000,185,4251,1000,warehouse-10-20-10-2-1-random-2.scen
220,warehouse-10-20-10-2-1.map,PIBT,0,1025739,17820,100000,185,9122,0,warehouse-10-20-10-2-1-random-2.scen
220,warehouse-10-20-10-2-1.map,PIBTOLD,0,1025739,17820,100000,185,4996,0,warehouse-10-20-10-2-1-random-2.scen
220,warehouse-10-20-10-2-1.map,PIBT,0,227604,17820,100000,185,10183,1,warehouse-10-20-10-2-1-random-2.scen
220,warehouse-10-20-10-2-1.map,PIBTOLD,0,1025739,17820,100000,185,5106,1,warehouse-10-20-10-2-1-random-2.scen
220,warehouse-10-20-10-2-1.map,PIBT,0,227604,17820,100000,185,10123,10,warehouse-10-20-10-2-1-random-2.scen
220,warehouse-10-20-10-2-1.map,PIBTOLD,0,1025739,17820,100000,185,5298,10,warehouse-10-20-10-2-1-random-2.scen
220,warehouse-10-20-10-2-1.map,PIBT,0,227604,17820,100000,185,10221,100,warehouse-10-20-10-2-1-random-2.scen
220,warehouse-10-20-10-2-1.map,PIBTOLD,0,1025739,17820,100000,185,5131,100,warehouse-10-20-10-2-1-random-2.scen
220,warehouse-10-20-10-2-1.map,PIBT,0,227604,17820,100000,185,10140,1000,warehouse-10-20-10-2-1-random-2.scen
220,warehouse-10-20-10-2-1.map,PIBTOLD,0,1025739,17820,100000,185,5006,1000,warehouse-10-20-10-2-1-random-2.scen
260,warehouse-10-20-10-2-1.map,PIBT,0,1529853,20766,100000,185,11735,0,warehouse-10-20-10-2-1-random-2.scen
260,warehouse-10-20-10-2-1.map,PIBTOLD,0,1529853,20766,100000,185,6229,0,warehouse-10-20-10-2-1-random-2.scen
260,warehouse-10-20-10-2-1.map,PIBT,0,433399,20766,100000,185,15157,1,warehouse-10-20-10-2-1-random-2.scen
260,warehouse-10-20-10-2-1.map,PIBTOLD,0,1529853,20766,100000,185,6121,1,warehouse-10-20-10-2-1-random-2.scen
260,warehouse-10-20-10-2-1.map,PIBT,0,433399,20766,100000,185,14999,10,warehouse-10-20-10-2-1-random-2.scen
260,warehouse-10-20-10-2-1.map,PIBTOLD,0,1529853,20766,100000,185,6061,10,warehouse-10-20-10-2-1-random-2.scen
260,warehouse-10-20-10-2-1.map,PIBT,0,433399,20766,100000,185,14965,100,warehouse-10-20-10-2-1-random-2.scen
260,warehouse-10-20-10-2-1.map,PIBTOLD,0,1529853,20766,100000,185,6225,100,warehouse-10-20-10-2-1-random-2.scen
260,warehouse-10-20-10-2-1.map,PIBT,0,433399,20766,100000,185,14924,1000,warehouse-10-20-10-2-1-random-2.scen
260,warehouse-10-20-10-2-1.map,PIBTOLD,0,1529853,20766,100000,185,6073,1000,warehouse-10-20-10-2-1-random-2.scen
300,warehouse-10-20-10-2-1.map,PIBT,0,2234973,23905,100000,185,15133,0,warehouse-10-20-10-2-1-random-2.scen
300,warehouse-10-20-10-2-1.map,PIBTOLD,0,2234973,23905,100000,185,7049,0,warehouse-10-20-10-2-1-random-2.scen
300,warehouse-10-20-10-2-1.map,PIBT,0,1235008,23905,100000,185,19999,1,warehouse-10-20-10-2-1-random-2.scen
300,warehouse-10-20-10-2-1.map,PIBTOLD,0,2234973,23905,100000,185,7054,1,warehouse-10-20-10-2-1-random-2.scen
300,warehouse-10-20-10-2-1.map,PIBT,0,1235008,23905,100000,185,20065,10,warehouse-10-20-10-2-1-random-2.scen
300,warehouse-10-20-10-2-1.map,PIBTOLD,0,2234973,23905,100000,185,7347,10,warehouse-10-20-10-2-1-random-2.scen
300,warehouse-10-20-10-2-1.map,PIBT,0,1235008,23905,100000,185,19919,100,warehouse-10-20-10-2-1-random-2.scen
300,warehouse-10-20-10-2-1.map,PIBTOLD,0,2234973,23905,100000,185,7079,100,warehouse-10-20-10-2-1-random-2.scen
300,warehouse-10-20-10-2-1.map,PIBT,0,1235008,23905,100000,185,19893,1000,warehouse-10-20-10-2-1-random-2.scen
300,warehouse-10-20-10-2-1.map,PIBTOLD,0,2234973,23905,100000,185,7006,1000,warehouse-10-20-10-2-1-random-2.scen
340,warehouse-10-20-10-2-1.map,PIBT,0,3340853,27100,100000,191,18530,0,warehouse-10-20-10-2-1-random-2.scen
340,warehouse-10-20-10-2-1.map,PIBTOLD,0,3340853,27100,100000,191,8138,0,warehouse-10-20-10-2-1-random-2.scen
340,warehouse-10-20-10-2-1.map,PIBT,0,242134,27100,100000,191,24447,1,warehouse-10-20-10-2-1-random-2.scen
340,warehouse-10-20-10-2-1.map,PIBTOLD,0,3340853,27100,100000,191,8454,1,warehouse-10-20-10-2-1-random-2.scen
340,warehouse-10-20-10-2-1.map,PIBT,0,844153,27100,100000,191,21934,10,warehouse-10-20-10-2-1-random-2.scen
340,warehouse-10-20-10-2-1.map,PIBTOLD,0,3340853,27100,100000,191,8366,10,warehouse-10-20-10-2-1-random-2.scen
340,warehouse-10-20-10-2-1.map,PIBT,0,844153,27100,100000,191,22450,100,warehouse-10-20-10-2-1-random-2.scen
340,warehouse-10-20-10-2-1.map,PIBTOLD,0,3340853,27100,100000,191,8234,100,warehouse-10-20-10-2-1-random-2.scen
340,warehouse-10-20-10-2-1.map,PIBT,0,844153,27100,100000,191,22034,1000,warehouse-10-20-10-2-1-random-2.scen
340,warehouse-10-20-10-2-1.map,PIBTOLD,0,3340853,27100,100000,191,8115,1000,warehouse-10-20-10-2-1-random-2.scen
380,warehouse-10-20-10-2-1.map,PIBT,0,4047546,30258,100000,191,21767,0,warehouse-10-20-10-2-1-random-2.scen
380,warehouse-10-20-10-2-1.map,PIBTOLD,0,4047546,30258,100000,191,9171,0,warehouse-10-20-10-2-1-random-2.scen
380,warehouse-10-20-10-2-1.map,PIBT,0,449413,30258,100000,191,29669,1,warehouse-10-20-10-2-1-random-2.scen
380,warehouse-10-20-10-2-1.map,PIBTOLD,0,4047546,30258,100000,191,9351,1,warehouse-10-20-10-2-1-random-2.scen
380,warehouse-10-20-10-2-1.map,PIBT,0,850483,30258,100000,191,27179,10,warehouse-10-20-10-2-1-random-2.scen
380,warehouse-10-20-10-2-1.map,PIBTOLD,0,4047546,30258,100000,191,9234,10,warehouse-10-20-10-2-1-random-2.scen
380,warehouse-10-20-10-2-1.map,PIBT,0,850483,30258,100000,191,27066,100,warehouse-10-20-10-2-1-random-2.scen
380,warehouse-10-20-10-2-1.map,PIBTOLD,0,4047546,30258,100000,191,9340,100,warehouse-10-20-10-2-1-random-2.scen
380,warehouse-10-20-10-2-1.map,PIBT,0,850483,30258,100000,191,27044,1000,warehouse-10-20-10-2-1-random-2.scen
380,warehouse-10-20-10-2-1.map,PIBTOLD,0,4047546,30258,100000,191,9207,1000,warehouse-10-20-10-2-1-random-2.scen
420,warehouse-10-20-10-2-1.map,PIBT,0,3556026,33709,100000,191,25488,0,warehouse-10-20-10-2-1-random-2.scen
420,warehouse-10-20-10-2-1.map,PIBTOLD,0,3556026,33709,100000,191,10707,0,warehouse-10-20-10-2-1-random-2.scen
420,warehouse-10-20-10-2-1.map,PIBT,0,655535,33709,100000,191,44683,1,warehouse-10-20-10-2-1-random-2.scen
420,warehouse-10-20-10-2-1.map,PIBTOLD,0,3556026,33709,100000,191,10394,1,warehouse-10-20-10-2-1-random-2.scen
20,warehouse-10-20-10-2-1.map,PIBT,1,1727,1604,162,162,3,0,warehouse-10-20-10-2-1-random-7.scen
20,warehouse-10-20-10-2-1.map,PIBTOLD,1,1727,1604,162,162,3,0,warehouse-10-20-10-2-1-random-7.scen
20,warehouse-10-20-10-2-1.map,PIBT,1,1690,1604,170,162,3,1,warehouse-10-20-10-2-1-random-7.scen
20,warehouse-10-20-10-2-1.map,PIBTOLD,1,1727,1604,162,162,3,1,warehouse-10-20-10-2-1-random-7.scen
20,warehouse-10-20-10-2-1.map,PIBT,1,1690,1604,170,162,3,10,warehouse-10-20-10-2-1-random-7.scen
20,warehouse-10-20-10-2-1.map,PIBTOLD,1,1727,1604,162,162,3,10,warehouse-10-20-10-2-1-random-7.scen
20,warehouse-10-20-10-2-1.map,PIBT,1,1690,1604,170,162,3,100,warehouse-10-20-10-2-1-random-7.scen
20,warehouse-10-20-10-2-1.map,PIBTOLD,1,1727,1604,162,162,3,100,warehouse-10-20-10-2-1-random-7.scen
20,warehouse-10-20-10-2-1.map,PIBT,1,1690,1604,170,162,3,1000,warehouse-10-20-10-2-1-random-7.scen
20,warehouse-10-20-10-2-1.map,PIBTOLD,1,1727,1604,162,162,3,1000,warehouse-10-20-10-2-1-random-7.scen
60,warehouse-10-20-10-2-1.map,PIBT,1,6061,5198,192,185,9,0,warehouse-10-20-10-2-1-random-7.scen
60,warehouse-10-20-10-2-1.map,PIBTOLD,1,6061,5198,192,185,8,0,warehouse-10-20-10-2-1-random-7.scen
60,warehouse-10-20-10-2-1.map,PIBT,0,5909,5198,100000,185,2459,1,warehouse-10-20-10-2-1-random-7.scen
60,warehouse-10-20-10-2-1.map,PIBTOLD,1,6061,5198,192,185,8,1,warehouse-10-20-10-2-1-random-7.scen
60,warehouse-10-20-10-2-1.map,PIBT,0,5909,5198,100000,185,2435,10,warehouse-10-20-10-2-1-random-7.scen
60,warehouse-10-20-10-2-1.map,PIBTOLD,1,6061,5198,192,185,9,10,warehouse-10-20-10-2-1-random-7.scen
60,warehouse-10-20-10-2-1.map,PIBT,0,5909,5198,100000,185,2417,100,warehouse-10-20-10-2-1-random-7.scen
60,warehouse-10-20-10-2-1.map,PIBTOLD,1,6061,5198,192,185,8,100,warehouse-10-20-10-2-1-random-7.scen
60,warehouse-10-20-10-2-1.map,PIBT,0,5909,5198,100000,185,2478,1000,warehouse-10-20-10-2-1-random-7.scen
60,warehouse-10-20-10-2-1.map,PIBTOLD,1,6061,5198,192,185,8,1000,warehouse-10-20-10-2-1-random-7.scen
100,warehouse-10-20-10-2-1.map,PIBT,0,410642,8626,100000,185,3665,0,warehouse-10-20-10-2-1-random-7.scen
100,warehouse-10-20-10-2-1.map,PIBTOLD,0,410642,8626,100000,185,2623,0,warehouse-10-20-10-2-1-random-7.scen
100,warehouse-10-20-10-2-1.map,PIBT,0,209851,8626,100000,185,4556,1,warehouse-10-20-10-2-1-random-7.scen
100,warehouse-10-20-10-2-1.map,PIBTOLD,0,410642,8626,100000,185,2581,1,warehouse-10-20-10-2-1-random-7.scen
100,warehouse-10-20-10-2-1.map,PIBT,0,209851,8626,100000,185,4597,10,warehouse-10-20-10-2-1-random-7.scen
100,warehouse-10-20-10-2-1.map,PIBTOLD,0,410642,8626,100000,185,2624,10,warehouse-10-20-10-2-1-random-7.scen
100,warehouse-10-20-10-2-1.map,PIBT,0,209851,8626,100000,185,4538,100,warehouse-10-20-10-2-1-random-7.scen
100,warehouse-10-20-10-2-1.map,PIBTOLD,0,410642,8626,100000,185,2688,100,warehouse-10-20-10-2-1-random-7.scen
100,warehouse-10-20-10-2-1.map,PIBT,0,209851,8626,100000,185,4581,1000,warehouse-10-20-10-2-1-random-7.scen
100,warehouse-10-20-10-2-1.map,PIBTOLD,0,410642,8626,100000,185,2637,1000,warehouse-10-20-10-2-1-random-7.scen
140,warehouse-10-20-10-2-1.map,PIBT,0,815517,12220,100000,185,5326,0,warehouse-10-20-10-2-1-random-7.scen
140,warehouse-10-20-10-2-1.map,PIBTOLD,0,815517,12220,100000,185,3475,0,warehouse-10-20-10-2-1-random-7.scen
140,warehouse-10-20-10-2-1.map,PIBT,0,215436,12220,100000,185,6901,1,warehouse-10-20-10-2-1-random-7.scen
140,warehouse-10-20-10-2-1.map,PIBTOLD,0,815517,12220,100000,185,3395,1,warehouse-10-20-10-2-1-random-7.scen
140,warehouse-10-20-10-2-1.map,PIBT,0,215436,12220,100000,185,6842,10,warehouse-10-20-10-2-1-random-7.scen
140,warehouse-10-20-10-2-1.map,PIBTOLD,0,815517,12220,100000,185,3398,10,warehouse-10-20-10-2-1-random-7.scen
140,warehouse-10-20-10-2-1.map,PIBT,0,215436,12220,100000,185,6907,100,warehouse-10-20-10-2-1-random-7.scen
140,warehouse-10-20-10-2-1.map,PIBTOLD,0,815517,12220,100000,185,3419,100,warehouse-10-20-10-2-1-random-7.scen
140,warehouse-10-20-10-2-1.map,PIBT,0,215436,12220,100000,185,6902,1000,warehouse-10-20-10-2-1-random-7.scen
140,warehouse-10-20-10-2-1.map,PIBTOLD,0,815517,12220,100000,185,3475,1000,warehouse-10-20-10-2-1-random-7.scen
180,warehouse-10-20-10-2-1.map,PIBT,0,920025,14852,100000,185,7179,0,warehouse-10-20-10-2-1-random-7.scen
180,warehouse-10-20-10-2-1.map,PIBTOLD,0,920025,14852,100000,185,4392,0,warehouse-10-20-10-2-1-random-7.scen
180,warehouse-10-20-10-2-1.map,PIBT,0,419990,14852,100000,185,8242,1,warehouse-10-20-10-2-1-random-7.scen
180,warehouse-10-20-10-2-1.map,PIBTOLD,0,920025,14852,100000,185,4237,1,warehouse-10-20-10-2-1-random-7.scen
180,warehouse-10-20-10-2-1.map,PIBT,0,419990,14852,100000,185,8088,10,warehouse-10-20-10-2-1-random-7.scen
180,warehouse-10-20-10-2-1.map,PIBTOLD,0,920025,14852,100000,185,4228,10,warehouse-10-20-10-2-1-random-7.scen
180,warehouse-10-20-10-2-1.map,PIBT,0,419990,14852,100000,185,8162,100,warehouse-10-20-10-2-1-random-7.scen
180,warehouse-10-20-10-2-1.map,PIBTOLD,0,920025,14852,100000,185,4223,100,warehouse-10-20-10-2-1-random-7.scen
180,warehouse-10-20-10-2-1.map,PIBT,0,419990,14852,100000,185,8058,1000,warehouse-10-20-10-2-1-random-7.scen
180,warehouse-10-20-10-2-1.map,PIBTOLD,0,920025,14852,100000,185,4177,1000,warehouse-10-20-10-2-1-random-7.scen
220,warehouse-10-20-10-2-1.map,PIBT,0,1025739,17820,100000,185,9123,0,warehouse-10-20-10-2-1-random-7.scen
220,warehouse-10-20-10-2-1.map,PIBTOLD,0,1025739,17820,100000,185,5118,0,warehouse-10-20-10-2-1-random-7.scen
220,warehouse-10-20-10-2-1.map,PIBT,0,227604,17820,100000,185,10251,1,warehouse-10-20-10-2-1-random-7.scen
220,warehouse-10-20-10-2-1.map,PIBTOLD,0,1025739,17820,100000,185,5202,1,warehouse-10-20-10-2-1-random-7.scen
220,warehouse-10-20-10-2-1.map,PIBT,0,227604,17820,100000,185,10069,10,warehouse-10-20-10-2-1-random-7.scen
220,warehouse-10-20-10-2-1.map,PIBTOLD,0,1025739,17820,100000,185,5164,10,warehouse-10-20-10-2-1-random-7.scen
220,warehouse-10-20-10-2-1.map,PIBT,0,227604,17820,100000,185,10019,100,warehouse-10-20-10-2-1-random-7.scen
220,warehouse-10-20-10-2-1.map,PIBTOLD,0,1025739,17820,100000,185,5068,100,warehouse-10-20-10-2-1-random-7.scen
220,warehouse-10-20-10-2-1.map,PIBT,0,227604,17820,100000,185,10097,1000,warehouse-10-20-10-2-1-random-7.scen
220,warehouse-10-20-10-2-1.map,PIBTOLD,0,1025739,17820,100000,185,5284,1000,warehouse-10-20-10-2-1-random-7.scen
260,warehouse-10-20-10-2-1.map,PIBT,0,1529853,20766,100000,185,11831,0,warehouse-10-20-10-2-1-random-7.scen
260,warehouse-10-20-10-2-1.map,PIBTOLD,0,1529853,20766,100000,185,6258,0,warehouse-10-20-10-2-1-random-7.scen
260,warehouse-10-20-10-2-1.map,PIBT,0,433399,20766,100000,185,15111,1,warehouse-10-20-10-2-1-random-7.scen
260,warehouse-10-20-10-2-1.map,PIBTOLD,0,1529853,20766,100000,185,6184,1,warehouse-10-20-10-2-1-random-7.scen
260,warehouse-10-20-10-2-1.map,PIBT,0,433399,20766,100000,185,15063,10,warehouse-10-20-10-2-1-random-7.scen
260,warehouse-10-20-10-2-1.map,PIBTOLD,0,1529853,20766,100000,185,6083,10,warehouse-10-20-10-2-1-random-7.scen
260,warehouse-10-20-10-2-1.map,PIBT,0,433399,20766,100000,185,15285,100,warehouse-10-20-10-2-1-random-7.scen
260,warehouse-10-20-10-2-1.map,PIBTOLD,0,1529853,20766,100000,185,6175,100,warehouse-10-20-10-2-1-random-7.scen
260,warehouse-10-20-10-2-1.map,PIBT,0,433399,20766,100000,185,15217,1000,warehouse-10-20-10-2-1-random-7.scen
260,warehouse-10-20-10-2-1.map,PIBTOLD,0,1529853,20766,100000,185,6179,1000,warehouse-10-20-10-2-1-random-7.scen
300,warehouse-10-20-10-2-1.map,PIBT,0,2234973,23905,100000,185,15172,0,warehouse-10-20-10-2-1-random-7.scen
300,warehouse-10-20-10-2-1.map,PIBTOLD,0,2234973,23905,100000,185,7007,0,warehouse-10-20-10-2-1-random-7.scen
300,warehouse-10-20-10-2-1.map,PIBT,0,1235008,23905,100000,185,20004,1,warehouse-10-20-10-2-1-random-7.scen
300,warehouse-10-20-10-2-1.map,PIBTOLD,0,2234973,23905,100000,185,7266,1,warehouse-10-20-10-2-1-random-7.scen
300,warehouse-10-20-10-2-1.map,PIBT,0,1235008,23905,100000,185,19934,10,warehouse-10-20-10-2-1-random-7.scen
300,warehouse-10-20-10-2-1.map,PIBTOLD,0,2234973,23905,100000,185,7205,10,warehouse-10-20-10-2-1-random-7.scen
300,warehouse-10-20-10-2-1.map,PIBT,0,1235008,23905,100000,185,20027,100,warehouse-10-20-10-2-1-random-7.scen
300,warehouse-10-20-10-2-1.map,PIBTOLD,0,2234973,23905,100000,185,7060,100,warehouse-10-20-10-2-1-random-7.scen
300,warehouse-10-20-10-2-1.map,PIBT,0,1235008,23905,100000,185,20010,1000,warehouse-10-20-10-2-1-random-7.scen
300,warehouse-10-20-10-2-1.map,PIBTOLD,0,2234973,23905,100000,185,7070,1000,warehouse-10-20-10-2-1-random-7.scen
340,warehouse-10-20-10-2-1.map,PIBT,0,3340853,27100,100000,191,18035,0,warehouse-10-20-10-2-1-random-7.scen
340,warehouse-10-20-10-2-1.map,PIBTOLD,0,3340853,27100,100000,191,8203,0,warehouse-10-20-10-2-1-random-7.scen
340,warehouse-10-20-10-2-1.map,PIBT,0,843030,27100,100000,191,24364,1,warehouse-10-20-10-2-1-random-7.scen
340,warehouse-10-20-10-2-1.map,PIBTOLD,0,3340853,27100,100000,191,8066,1,warehouse-10-20-10-2-1-random-7.scen
340,warehouse-10-20-10-2-1.map,PIBT,0,844153,27100,100000,191,21876,10,warehouse-10-20-10-2-1-random-7.scen
340,warehouse-10-20-10-2-1.map,PIBTOLD,0,3340853,27100,100000,191,8052,10,warehouse-10-20-10-2-1-random-7.scen
340,warehouse-10-20-10-2-1.map,PIBT,0,844153,27100,100000,191,22097,100,warehouse-10-20-10-2-1-random-7.scen
340,warehouse-10-20-10-2-1.map,PIBTOLD,0,3340853,27100,100000,191,8249,100,warehouse-10-20-10-2-1-random-7.scen
340,warehouse-10-20-10-2-1.map,PIBT,0,844153,27100,100000,191,21808,1000,warehouse-10-20-10-2-1-random-7.scen
340,warehouse-10-20-10-2-1.map,PIBTOLD,0,3340853,27100,100000,191,8453,1000,warehouse-10-20-10-2-1-random-7.scen
380,warehouse-10-20-10-2-1.map,PIBT,0,4047546,30258,100000,191,21600,0,warehouse-10-20-10-2-1-random-7.scen
380,warehouse-10-20-10-2-1.map,PIBTOLD,0,4047546,30258,100000,191,9379,0,warehouse-10-20-10-2-1-random-7.scen
380,warehouse-10-20-10-2-1.map,PIBT,0,847190,30258,100000,191,28913,1,warehouse-10-20-10-2-1-random-7.scen
380,warehouse-10-20-10-2-1.map,PIBTOLD,0,4047546,30258,100000,191,9096,1,warehouse-10-20-10-2-1-random-7.scen
380,warehouse-10-20-10-2-1.map,PIBT,0,850483,30258,100000,191,27363,10,warehouse-10-20-10-2-1-random-7.scen
380,warehouse-10-20-10-2-1.map,PIBTOLD,0,4047546,30258,100000,191,9456,10,warehouse-10-20-10-2-1-random-7.scen
380,warehouse-10-20-10-2-1.map,PIBT,0,850483,30258,100000,191,27162,100,warehouse-10-20-10-2-1-random-7.scen
380,warehouse-10-20-10-2-1.map,PIBTOLD,0,4047546,30258,100000,191,9173,100,warehouse-10-20-10-2-1-random-7.scen
380,warehouse-10-20-10-2-1.map,PIBT,0,850483,30258,100000,191,27023,1000,warehouse-10-20-10-2-1-random-7.scen
380,warehouse-10-20-10-2-1.map,PIBTOLD,0,4047546,30258,100000,191,9384,1000,warehouse-10-20-10-2-1-random-7.scen
420,warehouse-10-20-10-2-1.map,PIBT,0,3556026,33709,100000,191,25342,0,warehouse-10-20-10-2-1-random-7.scen
420,warehouse-10-20-10-2-1.map,PIBTOLD,0,3556026,33709,100000,191,10140,0,warehouse-10-20-10-2-1-random-7.scen
420,warehouse-10-20-10-2-1.map,PIBT,0,658449,33709,100000,191,39316,1,warehouse-10-20-10-2-1-random-7.scen
420,warehouse-10-20-10-2-1.map,PIBTOLD,0,3556026,33709,100000,191,10300,1,warehouse-10-20-10-2-1-random-7.scen
420,warehouse-10-20-10-2-1.map,PIBT,0,1056854,33709,100000,191,38513,10,warehouse-10-20-10-2-1-random-7.scen
420,warehouse-10-20-10-2-1.map,PIBTOLD,0,3556026,33709,100000,191,10592,10,warehouse-10-20-10-2-1-random-7.scen
420,warehouse-10-20-10-2-1.map,PIBT,0,654967,33709,100000,191,37261,100,warehouse-10-20-10-2-1-random-7.scen
420,warehouse-10-20-10-2-1.map,PIBTOLD,0,3556026,33709,100000,191,10225,100,warehouse-10-20-10-2-1-random-7.scen
420,warehouse-10-20-10-2-1.map,PIBT,0,457143,33709,100000,191,41228,1000,warehouse-10-20-10-2-1-random-7.scen
420,warehouse-10-20-10-2-1.map,PIBTOLD,0,3556026,33709,100000,191,10188,1000,warehouse-10-20-10-2-1-random-7.scen
20,warehouse-10-20-10-2-1.map,PIBT,1,1727,1604,162,162,3,0,warehouse-10-20-10-2-1-random-6.scen
20,warehouse-10-20-10-2-1.map,PIBTOLD,1,1727,1604,162,162,3,0,warehouse-10-20-10-2-1-random-6.scen
20,warehouse-10-20-10-2-1.map,PIBT,1,1690,1604,170,162,3,1,warehouse-10-20-10-2-1-random-6.scen
20,warehouse-10-20-10-2-1.map,PIBTOLD,1,1727,1604,162,162,3,1,warehouse-10-20-10-2-1-random-6.scen
20,warehouse-10-20-10-2-1.map,PIBT,1,1690,1604,170,162,3,10,warehouse-10-20-10-2-1-random-6.scen
20,warehouse-10-20-10-2-1.map,PIBTOLD,1,1727,1604,162,162,3,10,warehouse-10-20-10-2-1-random-6.scen
20,warehouse-10-20-10-2-1.map,PIBT,1,1690,1604,170,162,3,100,warehouse-10-20-10-2-1-random-6.scen
20,warehouse-10-20-10-2-1.map,PIBTOLD,1,1727,1604,162,162,3,100,warehouse-10-20-10-2-1-random-6.scen
20,warehouse-10-20-10-2-1.map,PIBT,1,1690,1604,170,162,3,1000,warehouse-10-20-10-2-1-random-6.scen
20,warehouse-10-20-10-2-1.map,PIBTOLD,1,1727,1604,162,162,3,1000,warehouse-10-20-10-2-1-random-6.scen
60,warehouse-10-20-10-2-1.map,PIBT,1,6061,5198,192,185,9,0,warehouse-10-20-10-2-1-random-6.scen
60,warehouse-10-20-10-2-1.map,PIBTOLD,1,6061,5198,192,185,9,0,warehouse-10-20-10-2-1-random-6.scen
60,warehouse-10-20-10-2-1.map,PIBT,0,5909,5198,100000,185,2457,1,warehouse-10-20-10-2-1-random-6.scen
60,warehouse-10-20-10-2-1.map,PIBTOLD,1,6061,5198,192,185,8,1,warehouse-10-20-10-2-1-random-6.scen
60,warehouse-10-20-10-2-1.map,PIBT,0,5909,5198,100000,185,2446,10,warehouse-10-20-10-2-1-random-6.scen
60,warehouse-10-20-10-2-1.map,PIBTOLD,1,6061,5198,192,185,8,10,warehouse-10-20-10-2-1-random-6.scen
60,warehouse-10-20-10-2-1.map,PIBT,0,5909,5198,100000,185,2438,100,warehouse-10-20-10-2-1-random-6.scen
60,warehouse-10-20-10-2-1.map,PIBTOLD,1,6061,5198,192,185,9,100,warehouse-10-20-10-2-1-random-6.scen
60,warehouse-10-20-10-2-1.map,PIBT,0,5909,5198,100000,185,2452,1000,warehouse-10-20-10-2-1-random-6.scen
60,warehouse-10-20-10-2-1.map,PIBTOLD,1,6061,5198,192,185,8,1000,warehouse-10-20-10-2-1-random-6.scen
100,warehouse-10-20-10-2-1.map,PIBT,0,410642,8626,100000,185,3585,0,warehouse-10-20-10-2-1-random-6.scen
100,warehouse-10-20-10-2-1.map,PIBTOLD,0,410642,8626,100000,185,2691,0,warehouse-10-20-10-2-1-random-6.scen
100,warehouse-10-20-10-2-1.map,PIBT,0,209851,8626,100000,185,4597,1,warehouse-10-20-10-2-1-random-6.scen
100,warehouse-10-20-10-2-1.map,PIBTOLD,0,410642,8626,100000,185,2621,1,warehouse-10-20-10-2-1-random-6.scen
100,warehouse-10-20-10-2-1.map,PIBT,0,209851,8626,100000,185,4662,10,warehouse-10-20-10-2-1-random-6.scen
100,warehouse-10-20-10-2-1.map,PIBTOLD,0,410642,8626,100000,185,2681,10,warehouse-10-20-10-2-1-random-6.scen
100,warehouse-10-20-10-2-1.map,PIBT,0,209851,8626,100000,185,4566,100,warehouse-10-20-10-2-1-random-6.scen
100,warehouse-10-20-10-2-1.map,PIBTOLD,0,410642,8626,100000,185,2645,100,warehouse-10-20-10-2-1-random-6.scen
100,warehouse-10-20-10-2-1.map,PIBT,0,209851,8626,100000,185,4546,1000,warehouse-10-20-10-2-1-random-6.scen
100,warehouse-10-20-10-2-1.map,PIBTOLD,0,410642,8626,100000,185,2626,1000,warehouse-10-20-10-2-1-random-6.scen
140,warehouse-10-20-10-2-1.map,PIBT,0,815517,12220,100000,185,5511,0,warehouse-10-20-10-2-1-random-6.scen
140,warehouse-10-20-10-2-1.map,PIBTOLD,0,815517,12220,100000,185,3369,0,warehouse-10-20-10-2-1-random-6.scen
140,warehouse-10-20-10-2-1.map,PIBT,0,215436,12220,100000,185,6940,1,warehouse-10-20-10-2-1-random-6.scen
140,warehouse-10-20-10-2-1.map,PIBTOLD,0,815517,12220,100000,185,3403,1,warehouse-10-20-10-2-1-random-6.scen
140,warehouse-10-20-10-2-1.map,PIBT,0,215436,12220,100000,185,6703,10,warehouse-10-20-10-2-1-random-6.scen
140,warehouse-10-20-10-2-1.map,PIBTOLD,0,815517,12220,100000,185,3296,10,warehouse-10-20-10-2-1-random-6.scen
140,warehouse-10-20-10-2-1.map,PIBT,0,215436,12220,100000,185,6671,100,warehouse-10-20-10-2-1-random-6.scen
140,warehouse-10-20-10-2-1.map,PIBTOLD,0,815517,12220,100000,185,3318,100,warehouse-10-20-10-2-1-random-6.scen
140,warehouse-10-20-10-2-1.map,PIBT,0,215436,12220,100000,185,6628,1000,warehouse-10-20-10-2-1-random-6.scen
140,warehouse-10-20-10-2-1.map,PIBTOLD,0,815517,12220,100000,185,3236,1000,warehouse-10-20-10-2-1-random-6.scen
180,warehouse-10-20-10-2-1.map,PIBT,0,920025,14852,100000,185,6841,0,warehouse-10-20-10-2-1-random-6.scen
180,warehouse-10-20-10-2-1.map,PIBTOLD,0,920025,14852,100000,185,4060,0,warehouse-10-20-10-2-1-random-6.scen
180,warehouse-10-20-10-2-1.map,PIBT,0,419990,14852,100000,185,7818,1,warehouse-10-20-10-2-1-random-6.scen
180,warehouse-10-20-10-2-1.map,PIBTOLD,0,920025,14852,100000,185,4137,1,warehouse-10-20-10-2-1-random-6.scen
180,warehouse-10-20-10-2-1.map,PIBT,0,419990,14852,100000,185,7963,10,warehouse-10-20-10-2-1-random-6.scen
180,warehouse-10-20-10-2-1.map,PIBTOLD,0,920025,14852,100000,185,4121,10,warehouse-10-20-10-2-1-random-6.scen
180,warehouse-10-20-10-2-1.map,PIBT,0,419990,14852,100000,185,7803,100,warehouse-10-20-10-2-1-random-6.scen
180,warehouse-10-20-10-2-1.map,PIBTOLD,0,920025,14852,100000,185,4119,100,warehouse-10-20-10-2-1-random-6.scen
180,warehouse-10-20-10-2-1.map,PIBT,0,419990,14852,100000,185,7822,1000,warehouse-10-20-10-2-1-random-6.scen
180,warehouse-10-20-10-2-1.map,PIBTOLD,0,920025,14852,100000,185,4085,1000,warehouse-10-20-10-2-1-random-6.scen
220,warehouse-10-20-10-2-1.map,PIBT,0,1025739,17820,100000,185,8848,0,warehouse-10-20-10-2-1-random-6.scen
220,warehouse-10-20-10-2-1.map,PIBTOLD,0,1025739,17820,100000,185,4863,0,warehouse-10-20-10-2-1-random-6.scen
220,warehouse-10-20-10-2-1.map,PIBT,0,227604,17820,100000,185,9685,1,warehouse-10-20-10-2-1-random-6.scen
220,warehouse-10-20-10-2-1.map,PIBTOLD,0,1025739,17820,100000,185,4907,1,warehouse-10-20-10-2-1-random-6.scen
220,warehouse-10-20-10-2-1.map,PIBT,0,227604,17820,100000,185,9749,10,warehouse-10-20-10-2-1-random-6.scen
220,warehouse-10-20-10-2-1.map,PIBTOLD,0,1025739,17820,100000,185,4745,10,warehouse-10-20-10-2-1-random-6.scen
220,warehouse-10-20-10-2-1.map,PIBT,0,227604,17820,100000,185,9794,100,warehouse-10-20-10-2-1-random-6.scen
220,warehouse-10-20-10-2-1.map,PIBTOLD,0,1025739,17820,100000,185,5067,100,warehouse-10-20-10-2-1-random-6.scen
220,warehouse-10-20-10-2-1.map,PIBT,0,227604,17820,100000,185,9782,1000,warehouse-10-20-10-2-1-random-6.scen
220,warehouse-10-20-10-2-1.map,PIBTOLD,0,1025739,17820,100000,185,4905,1000,warehouse-10-20-10-2-1-random-6.scen
260,warehouse-10-20-10-2-1.map,PIBT,0,1529853,20766,100000,185,11319,0,warehouse-10-20-10-2-1-random-6.scen
260,warehouse-10-20-10-2-1.map,PIBTOLD,0,1529853,20766,100000,185,5799,0,warehouse-10-20-10-2-1-random-6.scen
260,warehouse-10-20-10-2-1.map,PIBT,0,433399,20766,100000,185,14644,1,warehouse-10-20-10-2-1-random-6.scen
260,warehouse-10-20-10-2-1.map,PIBTOLD,0,1529853,20766,100000,185,5981,1,warehouse-10-20-10-2-1-random-6.scen
260,warehouse-10-20-10-2-1.map,PIBT,0,433399,20766,100000,185,14416,10,warehouse-10-20-10-2-1-random-6.scen
260,warehouse-10-20-10-2-1.map,PIBTOLD,0,1529853,20766,100000,185,5993,10,warehouse-10-20-10-2-1-random-6.scen
260,warehouse-10-20-10-2-1.map,PIBT,0,433399,20766,100000,185,14125,100,warehouse-10-20-10-2-1-random-6.scen
260,warehouse-10-20-10-2-1.map,PIBTOLD,0,1529853,20766,100000,185,5286,100,warehouse-10-20-10-2-1-random-6.scen
260,warehouse-10-20-10-2-1.map,PIBT,0,433399,20766,100000,185,13501,1000,warehouse-10-20-10-2-1-random-6.scen
260,warehouse-10-20-10-2-1.map,PIBTOLD,0,1529853,20766,100000,185,5303,1000,warehouse-10-20-10-2-1-random-6.scen
300,warehouse-10-20-10-2-1.map,PIBT,0,2234973,23905,100000,185,13604,0,warehouse-10-20-10-2-1-random-6.scen
300,warehouse-10-20-10-2-1.map,PIBTOLD,0,2234973,23905,100000,185,6245,0,warehouse-10-20-10-2-1-random-6.scen
300,warehouse-10-20-10-2-1.map,PIBT,0,1235008,23905,100000,185,18223,1,warehouse-10-20-10-2-1-random-6.scen
300,warehouse-10-20-10-2-1.map,PIBTOLD,0,2234973,23905,100000,185,6136,1,warehouse-10-20-10-2-1-random-6.scen
300,warehouse-10-20-10-2-1.map,PIBT,0,1235008,23905,100000,185,18359,10,warehouse-10-20-10-2-1-random-6.scen
300,warehouse-10-20-10-2-1.map,PIBTOLD,0,2234973,23905,100000,185,6143,10,warehouse-10-20-10-2-1-random-6.scen
300,warehouse-10-20-10-2-1.map,PIBT,0,1235008,23905,100000,185,18241,100,warehouse-10-20-10-2-1-random-6.scen
300,warehouse-10-20-10-2-1.map,PIBTOLD,0,2234973,23905,100000,185,6190,100,warehouse-10-20-10-2-1-random-6.scen
300,warehouse-10-20-10-2-1.map,PIBT,0,1235008,23905,100000,185,18156,1000,warehouse-10-20-10-2-1-random-6.scen
300,warehouse-10-20-10-2-1.map,PIBTOLD,0,2234973,23905,100000,185,6255,1000,warehouse-10-20-10-2-1-random-6.scen
340,warehouse-10-20-10-2-1.map,PIBT,0,3340853,27100,100000,191,16793,0,warehouse-10-20-10-2-1-random-6.scen
340,warehouse-10-20-10-2-1.map,PIBTOLD,0,3340853,27100,100000,191,7203,0,warehouse-10-20-10-2-1-random-6.scen
340,warehouse-10-20-10-2-1.map,PIBT,0,1041633,27100,100000,191,22965,1,warehouse-10-20-10-2-1-random-6.scen
340,warehouse-10-20-10-2-1.map,PIBTOLD,0,3340853,27100,100000,191,7552,1,warehouse-10-20-10-2-1-random-6.scen
340,warehouse-10-20-10-2-1.map,PIBT,0,844153,27100,100000,191,20103,10,warehouse-10-20-10-2-1-random-6.scen
340,warehouse-10-20-10-2-1.map,PIBTOLD,0,3340853,27100,100000,191,7585,10,warehouse-10-20-10-2-1-random-6.scen
340,warehouse-10-20-10-2-1.map,PIBT,0,844153,27100,100000,191,20113,100,warehouse-10-20-10-2-1-random-6.scen
340,warehouse-10-20-10-2-1.map,PIBTOLD,0,3340853,27100,100000,191,7201,100,warehouse-10-20-10-2-1-random-6.scen
340,warehouse-10-20-10-2-1.map,PIBT,0,844153,27100,100000,191,20104,1000,warehouse-10-20-10-2-1-random-6.scen
340,warehouse-10-20-10-2-1.map,PIBTOLD,0,3340853,27100,100000,191,7322,1000,warehouse-10-20-10-2-1-random-6.scen
380,warehouse-10-20-10-2-1.map,PIBT,0,4047546,30258,100000,191,19790,0,warehouse-10-20-10-2-1-random-6.scen
380,warehouse-10-20-10-2-1.map,PIBTOLD,0,4047546,30258,100000,191,8307,0,warehouse-10-20-10-2-1-random-6.scen
380,warehouse-10-20-10-2-1.map,PIBT,0,848027,30258,100000,191,29094,1,warehouse-10-20-10-2-1-random-6.scen
380,warehouse-10-20-10-2-1.map,PIBTOLD,0,4047546,30258,100000,191,8305,1,warehouse-10-20-10-2-1-random-6.scen
380,warehouse-10-20-10-2-1.map,PIBT,0,850483,30258,100000,191,24988,10,warehouse-10-20-10-2-1-random-6.scen
380,warehouse-10-20-10-2-1.map,PIBTOLD,0,4047546,30258,100000,191,8211,10,warehouse-10-20-10-2-1-random-6.scen
380,warehouse-10-20-10-2-1.map,PIBT,0,850483,30258,100000,191,24752,100,warehouse-10-20-10-2-1-random-6.scen
380,warehouse-10-20-10-2-1.map,PIBTOLD,0,4047546,30258,100000,191,8145,100,warehouse-10-20-10-2-1-random-6.scen
380,warehouse-10-20-10-2-1.map,PIBT,0,850483,30258,100000,191,24672,1000,warehouse-10-20-10-2-1-random-6.scen
380,warehouse-10-20-10-2-1.map,PIBTOLD,0,4047546,30258,100000,191,8433,1000,warehouse-10-20-10-2-1-random-6.scen
420,warehouse-10-20-10-2-1.map,PIBT,0,3556026,33709,100000,191,22904,0,warehouse-10-20-10-2-1-random-6.scen
420,warehouse-10-20-10-2-1.map,PIBTOLD,0,3556026,33709,100000,191,9102,0,warehouse-10-20-10-2-1-random-6.scen
420,warehouse-10-20-10-2-1.map,PIBT,0,1058133,33709,100000,191,40575,1,warehouse-10-20-10-2-1-random-6.scen
420,warehouse-10-20-10-2-1.map,PIBTOLD,0,3556026,33709,100000,191,9075,1,warehouse-10-20-10-2-1-random-6.scen
20,warehouse-10-20-10-2-1.map,PIBT,1,1727,1604,162,162,3,0,warehouse-10-20-10-2-1-random-4.scen
20,warehouse-10-20-10-2-1.map,PIBTOLD,1,1727,1604,162,162,2,0,warehouse-10-20-10-2-1-random-4.scen
20,warehouse-10-20-10-2-1.map,PIBT,1,1690,1604,170,162,3,1,warehouse-10-20-10-2-1-random-4.scen
20,warehouse-10-20-10-2-1.map,PIBTOLD,1,1727,1604,162,162,3,1,warehouse-10-20-10-2-1-random-4.scen
20,warehouse-10-20-10-2-1.map,PIBT,1,1690,1604,170,162,3,10,warehouse-10-20-10-2-1-random-4.scen
20,warehouse-10-20-10-2-1.map,PIBTOLD,1,1727,1604,162,162,3,10,warehouse-10-20-10-2-1-random-4.scen
20,warehouse-10-20-10-2-1.map,PIBT,1,1690,1604,170,162,3,100,warehouse-10-20-10-2-1-random-4.scen
20,warehouse-10-20-10-2-1.map,PIBTOLD,1,1727,1604,162,162,2,100,warehouse-10-20-10-2-1-random-4.scen
20,warehouse-10-20-10-2-1.map,PIBT,1,1690,1604,170,162,3,1000,warehouse-10-20-10-2-1-random-4.scen
20,warehouse-10-20-10-2-1.map,PIBTOLD,1,1727,1604,162,162,3,1000,warehouse-10-20-10-2-1-random-4.scen
60,warehouse-10-20-10-2-1.map,PIBT,1,6061,5198,192,185,9,0,warehouse-10-20-10-2-1-random-4.scen
60,warehouse-10-20-10-2-1.map,PIBTOLD,1,6061,5198,192,185,8,0,warehouse-10-20-10-2-1-random-4.scen
60,warehouse-10-20-10-2-1.map,PIBT,0,5909,5198,100000,185,1953,1,warehouse-10-20-10-2-1-random-4.scen
60,warehouse-10-20-10-2-1.map,PIBTOLD,1,6061,5198,192,185,8,1,warehouse-10-20-10-2-1-random-4.scen
60,warehouse-10-20-10-2-1.map,PIBT,0,5909,5198,100000,185,1920,10,warehouse-10-20-10-2-1-random-4.scen
60,warehouse-10-20-10-2-1.map,PIBTOLD,1,6061,5198,192,185,7,10,warehouse-10-20-10-2-1-random-4.scen
60,warehouse-10-20-10-2-1.map,PIBT,0,5909,5198,100000,185,1948,100,warehouse-10-20-10-2-1-random-4.scen
60,warehouse-10-20-10-2-1.map,PIBTOLD,1,6061,5198,192,185,8,100,warehouse-10-20-10-2-1-random-4.scen
60,warehouse-10-20-10-2-1.map,PIBT,0,5909,5198,100000,185,1963,1000,warehouse-10-20-10-2-1-random-4.scen
60,warehouse-10-20-10-2-1.map,PIBTOLD,1,6061,5198,192,185,8,1000,warehouse-10-20-10-2-1-random-4.scen
100,warehouse-10-20-10-2-1.map,PIBT,0,410642,8626,100000,185,3024,0,warehouse-10-20-10-2-1-random-4.scen
100,warehouse-10-20-10-2-1.map,PIBTOLD,0,410642,8626,100000,185,2112,0,warehouse-10-20-10-2-1-random-4.scen
100,warehouse-10-20-10-2-1.map,PIBT,0,209851,8626,100000,185,3969,1,warehouse-10-20-10-2-1-random-4.scen
100,warehouse-10-20-10-2-1.map,PIBTOLD,0,410642,8626,100000,185,2125,1,warehouse-10-20-10-2-1-random-4.scen
100,warehouse-10-20-10-2-1.map,PIBT,0,209851,8626,100000,185,3951,10,warehouse-10-20-10-2-1-random-4.scen
100,warehouse-10-20-10-2-1.map,PIBTOLD,0,410642,8626,100000,185,2094,10,warehouse-10-20-10-2-1-random-4.scen
100,warehouse-10-20-10-2-1.map,PIBT,0,209851,8626,100000,185,3928,100,warehouse-10-20-10-2-1-random-4.scen
100,warehouse-10-20-10-2-1.map,PIBTOLD,0,410642,8626,100000,185,2153,100,warehouse-10-20-10-2-1-random-4.scen
100,warehouse-10-20-10-2-1.map,PIBT,0,209851,8626,100000,185,3932,1000,warehouse-10-20-10-2-1-random-4.scen
100,warehouse-10-20-10-2-1.map,PIBTOLD,0,410642,8626,100000,185,2128,1000,warehouse-10-20-10-2-1-random-4.scen
140,warehouse-10-20-10-2-1.map,PIBT,0,815517,12220,100000,185,4588,0,warehouse-10-20-10-2-1-random-4.scen
140,warehouse-10-20-10-2-1.map,PIBTOLD,0,815517,12220,100000,185,2818,0,warehouse-10-20-10-2-1-random-4.scen
140,warehouse-10-20-10-2-1.map,PIBT,0,215436,12220,100000,185,6078,1,warehouse-10-20-10-2-1-random-4.scen
140,warehouse-10-20-10-2-1.map,PIBTOLD,0,815517,12220,100000,185,2870,1,warehouse-10-20-10-2-1-random-4.scen
140,warehouse-10-20-10-2-1.map,PIBT,0,215436,12220,100000,185,6113,10,warehouse-10-20-10-2-1-random-4.scen
140,warehouse-10-20-10-2-1.map,PIBTOLD,0,815517,12220,100000,185,2845,10,warehouse-10-20-10-2-1-random-4.scen
140,warehouse-10-20-10-2-1.map,PIBT,0,215436,12220,100000,185,6145,100,warehouse-10-20-10-2-1-random-4.scen
140,warehouse-10-20-10-2-1.map,PIBTOLD,0,815517,12220,100000,185,2859,100,warehouse-10-20-10-2-1-random-4.scen
140,warehouse-10-20-10-2-1.map,PIBT,0,215436,12220,100000,185,6071,1000,warehouse-10-20-10-2-1-random-4.scen
140,warehouse-10-20-10-2-1.map,PIBTOLD,0,815517,12220,100000,185,2860,1000,warehouse-10-20-10-2-1-random-4.scen
180,warehouse-10-20-10-2-1.map,PIBT,0,920025,14852,100000,185,6202,0,warehouse-10-20-10-2-1-random-4.scen
180,warehouse-10-20-10-2-1.map,PIBTOLD,0,920025,14852,100000,185,3550,0,warehouse-10-20-10-2-1-random-4.scen
180,warehouse-10-20-10-2-1.map,PIBT,0,419990,14852,100000,185,7244,1,warehouse-10-20-10-2-1-random-4.scen
180,warehouse-10-20-10-2-1.map,PIBTOLD,0,920025,14852,100000,185,3580,1,warehouse-10-20-10-2-1-random-4.scen
180,warehouse-10-20-10-2-1.map,PIBT,0,419990,14852,100000,185,7167,10,warehouse-10-20-10-2-1-random-4.scen
180,warehouse-10-20-10-2-1.map,PIBTOLD,0,920025,14852,100000,185,3617,10,warehouse-10-20-10-2-1-random-4.scen
180,warehouse-10-20-10-2-1.map,PIBT,0,419990,14852,100000,185,7217,100,warehouse-10-20-10-2-1-random-4.scen
180,warehouse-10-20-10-2-1.map,PIBTOLD,0,920025,14852,100000,185,3616,100,warehouse-10-20-10-2-1-random-4.scen
180,warehouse-10-20-10-2-1.map,PIBT,0,419990,14852,100000,185,7258,1000,warehouse-10-20-10-2-1-random-4.scen
180,warehouse-10-20-10-2-1.map,PIBTOLD,0,920025,14852,100000,185,3644,1000,warehouse-10-20-10-2-1-random-4.scen
220,warehouse-10-20-10-2-1.map,PIBT,0,1025739,17820,100000,185,8107,0,warehouse-10-20-10-2-1-random-4.scen
220,warehouse-10-20-10-2-1.map,PIBTOLD,0,1025739,17820,100000,185,4393,0,warehouse-10-20-10-2-1-random-4.scen
220,warehouse-10-20-10-2-1.map,PIBT,0,227604,17820,100000,185,8954,1,warehouse-10-20-10-2-1-random-4.scen
220,warehouse-10-20-10-2-1.map,PIBTOLD,0,1025739,17820,100000,185,4344,1,warehouse-10-20-10-2-1-random-4.scen
220,warehouse-10-20-10-2-1.map,PIBT,0,227604,17820,100000,185,9072,10,warehouse-10-20-10-2-1-random-4.scen
220,warehouse-10-20-10-2-1.map,PIBTOLD,0,1025739,17820,100000,185,4378,10,warehouse-10-20-10-2-1-random-4.scen
220,warehouse-10-20-10-2-1.map,PIBT,0,227604,17820,100000,185,8943,100,warehouse-10-20-10-2-1-random-4.scen
220,warehouse-10-20-10-2-1.map,PIBTOLD,0,1025739,17820,100000,185,4373,100,warehouse-10-20-10-2-1-random-4.scen
220,warehouse-10-20-10-2-1.map,PIBT,0,227604,17820,100000,185,8983,1000,warehouse-10-20-10-2-1-random-4.scen
220,warehouse-10-20-10-2-1.map,PIBTOLD,0,1025739,17820,100000,185,4424,1000,warehouse-10-20-10-2-1-random-4.scen
260,warehouse-10-20-10-2-1.map,PIBT,0,1529853,20766,100000,185,10445,0,warehouse-10-20-10-2-1-random-4.scen
260,warehouse-10-20-10-2-1.map,PIBTOLD,0,1529853,20766,100000,185,5563,0,warehouse-10-20-10-2-1-random-4.scen
260,warehouse-10-20-10-2-1.map,PIBT,0,433399,20766,100000,185,13556,1,warehouse-10-20-10-2-1-random-4.scen
260,warehouse-10-20-10-2-1.map,PIBTOLD,0,1529853,20766,100000,185,5299,1,warehouse-10-20-10-2-1-random-4.scen
260,warehouse-10-20-10-2-1.map,PIBT,0,433399,20766,100000,185,13525,10,warehouse-10-20-10-2-1-random-4.scen
260,warehouse-10-20-10-2-1.map,PIBTOLD,0,1529853,20766,100000,185,5372,10,warehouse-10-20-10-2-1-random-4.scen
260,warehouse-10-20-10-2-1.map,PIBT,0,433399,20766,100000,185,13835,100,warehouse-10-20-10-2-1-random-4.scen
260,warehouse-10-20-10-2-1.map,PIBTOLD,0,1529853,20766,100000,185,5331,100,warehouse-10-20-10-2-1-random-4.scen
260,warehouse-10-20-10-2-1.map,PIBT,0,433399,20766,100000,185,13511,1000,warehouse-10-20-10-2-1-random-4.scen
260,warehouse-10-20-10-2-1.map,PIBTOLD,0,1529853,20766,100000,185,5264,1000,warehouse-10-20-10-2-1-random-4.scen
300,warehouse-10-20-10-2-1.map,PIBT,0,2234973,23905,100000,185,13620,0,warehouse-10-20-10-2-1-random-4.scen
300,warehouse-10-20-10-2-1.map,PIBTOLD,0,2234973,23905,100000,185,6285,0,warehouse-10-20-10-2-1-random-4.scen
300,warehouse-10-20-10-2-1.map,PIBT,0,1235008,23905,100000,185,18106,1,warehouse-10-20-10-2-1-random-4.scen
300,warehouse-10-20-10-2-1.map,PIBTOLD,0,2234973,23905,100000,185,6202,1,warehouse-10-20-10-2-1-random-4.scen
300,warehouse-10-20-10-2-1.map,PIBT,0,1235008,23905,100000,185,18259,10,warehouse-10-20-10-2-1-random-4.scen
300,warehouse-10-20-10-2-1.map,PIBTOLD,0,2234973,23905,100000,185,6189,10,warehouse-10-20-10-2-1-random-4.scen
300,warehouse-10-20-10-2-1.map,PIBT,0,1235008,23905,100000,185,18055,100,warehouse-10-20-10-2-1-random-4.scen
300,warehouse-10-20-10-2-1.map,PIBTOLD,0,2234973,23905,100000,185,6149,100,warehouse-10-20-10-2-1-random-4.scen
300,warehouse-10-20-10-2-1.map,PIBT,0,1235008,23905,100000,185,18251,1000,warehouse-10-20-10-2-1-random-4.scen
300,warehouse-10-20-10-2-1.map,PIBTOLD,0,2234973,23905,100000,185,6156,1000,warehouse-10-20-10-2-1-random-4.scen
340,warehouse-10-20-10-2-1.map,PIBT,0,3340853,27100,100000,191,16232,0,warehouse-10-20-10-2-1-random-4.scen
340,warehouse-10-20-10-2-1.map,PIBTOLD,0,3340853,27100,100000,191,7260,0,warehouse-10-20-10-2-1-random-4.scen
340,warehouse-10-20-10-2-1.map,PIBT,0,443288,27100,100000,191,22357,1,warehouse-10-20-10-2-1-random-4.scen
340,warehouse-10-20-10-2-1.map,PIBTOLD,0,3340853,27100,100000,191,7193,1,warehouse-10-20-10-2-1-random-4.scen
340,warehouse-10-20-10-2-1.map,PIBT,0,844153,27100,100000,191,19973,10,warehouse-10-20-10-2-1-random-4.scen
340,warehouse-10-20-10-2-1.map,PIBTOLD,0,3340853,27100,100000,191,7222,10,warehouse-10-20-10-2-1-random-4.scen
340,warehouse-10-20-10-2-1.map,PIBT,0,844153,27100,100000,191,19829,100,warehouse-10-20-10-2-1-random-4.scen
340,warehouse-10-20-10-2-1.map,PIBTOLD,0,3340853,27100,100000,191,7150,100,warehouse-10-20-10-2-1-random-4.scen
340,warehouse-10-20-10-2-1.map,PIBT,0,844153,27100,100000,191,19902,1000,warehouse-10-20-10-2-1-random-4.scen
340,warehouse-10-20-10-2-1.map,PIBTOLD,0,3340853,27100,100000,191,7410,1000,warehouse-10-20-10-2-1-random-4.scen
380,warehouse-10-20-10-2-1.map,PIBT,0,4047546,30258,100000,191,19510,0,warehouse-10-20-10-2-1-random-4.scen
380,warehouse-10-20-10-2-1.map,PIBTOLD,0,4047546,30258,100000,191,8121,0,warehouse-10-20-10-2-1-random-4.scen
380,warehouse-10-20-10-2-1.map,PIBT,0,651562,30258,100000,191,25802,1,warehouse-10-20-10-2-1-random-4.scen
380,warehouse-10-20-10-2-1.map,PIBTOLD,0,4047546,30258,100000,191,8472,1,warehouse-10-20-10-2-1-random-4.scen
380,warehouse-10-20-10-2-1.map,PIBT,0,850483,30258,100000,191,25306,10,warehouse-10-20-10-2-1-random-4.scen
380,warehouse-10-20-10-2-1.map,PIBTOLD,0,4047546,30258,100000,191,8184,10,warehouse-10-20-10-2-1-random-4.scen
380,warehouse-10-20-10-2-1.map,PIBT,0,850483,30258,100000,191,24729,100,warehouse-10-20-10-2-1-random-4.scen
380,warehouse-10-20-10-2-1.map,PIBTOLD,0,4047546,30258,100000,191,8109,100,warehouse-10-20-10-2-1-random-4.scen
380,warehouse-10-20-10-2-1.map,PIBT,0,850483,30258,100000,191,25002,1000,warehouse-10-20-10-2-1-random-4.scen
380,warehouse-10-20-10-2-1.map,PIBTOLD,0,4047546,30258,100000,191,8120,1000,warehouse-10-20-10-2-1-random-4.scen
420,warehouse-10-20-10-2-1.map,PIBT,0,3556026,33709,100000,191,22926,0,warehouse-10-20-10-2-1-random-4.scen
420,warehouse-10-20-10-2-1.map,PIBTOLD,0,3556026,33709,100000,191,9378,0,warehouse-10-20-10-2-1-random-4.scen
420,warehouse-10-20-10-2-1.map,PIBT,0,1854823,33709,100000,191,34078,1,warehouse-10-20-10-2-1-random-4.scen
420,warehouse-10-20-10-2-1.map,PIBTOLD,0,3556026,33709,100000,191,9032,1,warehouse-10-20-10-2-1-random-4.scen
420,warehouse-10-20-10-2-1.map,PIBT,0,1257749,33709,100000,191,41931,10,warehouse-10-20-10-2-1-random-4.scen
420,warehouse-10-20-10-2-1.map,PIBTOLD,0,3556026,33709,100000,191,9163,10,warehouse-10-20-10-2-1-random-4.scen
420,warehouse-10-20-10-2-1.map,PIBT,0,458599,33709,100000,191,39347,100,warehouse-10-20-10-2-1-random-4.scen
420,warehouse-10-20-10-2-1.map,PIBTOLD,0,3556026,33709,100000,191,9196,100,warehouse-10-20-10-2-1-random-4.scen
420,warehouse-10-20-10-2-1.map,PIBT,0,457143,33709,100000,191,38004,1000,warehouse-10-20-10-2-1-random-4.scen
420,warehouse-10-20-10-2-1.map,PIBTOLD,0,3556026,33709,100000,191,9105,1000,warehouse-10-20-10-2-1-random-4.scen
20,warehouse-10-20-10-2-1.map,PIBT,1,1727,1604,162,162,3,0,warehouse-10-20-10-2-1-random-8.scen
20,warehouse-10-20-10-2-1.map,PIBTOLD,1,1727,1604,162,162,3,0,warehouse-10-20-10-2-1-random-8.scen
20,warehouse-10-20-10-2-1.map,PIBT,1,1690,1604,170,162,3,1,warehouse-10-20-10-2-1-random-8.scen
20,warehouse-10-20-10-2-1.map,PIBTOLD,1,1727,1604,162,162,2,1,warehouse-10-20-10-2-1-random-8.scen
20,warehouse-10-20-10-2-1.map,PIBT,1,1690,1604,170,162,3,10,warehouse-10-20-10-2-1-random-8.scen
20,warehouse-10-20-10-2-1.map,PIBTOLD,1,1727,1604,162,162,3,10,warehouse-10-20-10-2-1-random-8.scen
20,warehouse-10-20-10-2-1.map,PIBT,1,1690,1604,170,162,3,100,warehouse-10-20-10-2-1-random-8.scen
20,warehouse-10-20-10-2-1.map,PIBTOLD,1,1727,1604,162,162,2,100,warehouse-10-20-10-2-1-random-8.scen
20,warehouse-10-20-10-2-1.map,PIBT,1,1690,1604,170,162,3,1000,warehouse-10-20-10-2-1-random-8.scen
20,warehouse-10-20-10-2-1.map,PIBTOLD,1,1727,1604,162,162,2,1000,warehouse-10-20-10-2-1-random-8.scen
60,warehouse-10-20-10-2-1.map,PIBT,1,6061,5198,192,185,8,0,warehouse-10-20-10-2-1-random-8.scen
60,warehouse-10-20-10-2-1.map,PIBTOLD,1,6061,5198,192,185,8,0,warehouse-10-20-10-2-1-random-8.scen
60,warehouse-10-20-10-2-1.map,PIBT,0,5909,5198,100000,185,1991,1,warehouse-10-20-10-2-1-random-8.scen
60,warehouse-10-20-10-2-1.map,PIBTOLD,1,6061,5198,192,185,8,1,warehouse-10-20-10-2-1-random-8.scen
60,warehouse-10-20-10-2-1.map,PIBT,0,5909,5198,100000,185,1992,10,warehouse-10-20-10-2-1-random-8.scen
60,warehouse-10-20-10-2-1.map,PIBTOLD,1,6061,5198,192,185,8,10,warehouse-10-20-10-2-1-random-8.scen
60,warehouse-10-20-10-2-1.map,PIBT,0,5909,5198,100000,185,1967,100,warehouse-10-20-10-2-1-random-8.scen
60,warehouse-10-20-10-2-1.map,PIBTOLD,1,6061,5198,192,185,8,100,warehouse-10-20-10-2-1-random-8.scen
60,warehouse-10-20-10-2-1.map,PIBT,0,5909,5198,100000,185,1995,1000,warehouse-10-20-10-2-1-random-8.scen
60,warehouse-10-20-10-2-1.map,PIBTOLD,1,6061,5198,192,185,8,1000,warehouse-10-20-10-2-1-random-8.scen
100,warehouse-10-20-10-2-1.map,PIBT,0,410642,8626,100000,185,3078,0,warehouse-10-20-10-2-1-random-8.scen
100,warehouse-10-20-10-2-1.map,PIBTOLD,0,410642,8626,100000,185,2126,0,warehouse-10-20-10-2-1-random-8.scen
100,warehouse-10-20-10-2-1.map,PIBT,0,209851,8626,100000,185,4011,1,warehouse-10-20-10-2-1-random-8.scen
100,warehouse-10-20-10-2-1.map,PIBTOLD,0,410642,8626,100000,185,2177,1,warehouse-10-20-10-2-1-random-8.scen
100,warehouse-10-20-10-2-1.map,PIBT,0,209851,8626,100000,185,3970,10,warehouse-10-20-10-2-1-random-8.scen
100,warehouse-10-20-10-2-1.map,PIBTOLD,0,410642,8626,100000,185,2141,10,warehouse-10-20-10-2-1-random-8.scen
100,warehouse-10-20-10-2-1.map,PIBT,0,209851,8626,100000,185,3975,100,warehouse-10-20-10-2-1-random-8.scen
100,warehouse-10-20-10-2-1.map,PIBTOLD,0,410642,8626,100000,185,2154,100,warehouse-10-20-10-2-1-random-8.scen
100,warehouse-10-20-10-2-1.map,PIBT,0,209851,8626,100000,185,3996,1000,warehouse-10-20-10-2-1-random-8.scen
100,warehouse-10-20-10-2-1.map,PIBTOLD,0,410642,8626,100000,185,2144,1000,warehouse-10-20-10-2-1-random-8.scen
140,warehouse-10-20-10-2-1.map,PIBT,0,815517,12220,100000,185,4658,0,warehouse-10-20-10-2-1-random-8.scen
140,warehouse-10-20-10-2-1.map,PIBTOLD,0,815517,12220,100000,185,2862,0,warehouse-10-20-10-2-1-random-8.scen
140,warehouse-10-20-10-2-1.map,PIBT,0,215436,12220,100000,185,6079,1,warehouse-10-20-10-2-1-random-8.scen
140,warehouse-10-20-10-2-1.map,PIBTOLD,0,815517,12220,100000,185,2876,1,warehouse-10-20-10-2-1-random-8.scen
140,warehouse-10-20-10-2-1.map,PIBT,0,215436,12220,100000,185,6153,10,warehouse-10-20-10-2-1-random-8.scen
140,warehouse-10-20-10-2-1.map,PIBTOLD,0,815517,12220,100000,185,2885,10,warehouse-10-20-10-2-1-random-8.scen
140,warehouse-10-20-10-2-1.map,PIBT,0,215436,12220,100000,185,6119,100,warehouse-10-20-10-2-1-random-8.scen
140,warehouse-10-20-10-2-1.map,PIBTOLD,0,815517,12220,100000,185,2856,100,warehouse-10-20-10-2-1-random-8.scen
140,warehouse-10-20-10-2-1.map,PIBT,0,215436,12220,100000,185,6173,1000,warehouse-10-20-10-2-1-random-8.scen
140,warehouse-10-20-10-2-1.map,PIBTOLD,0,815517,12220,100000,185,2837,1000,warehouse-10-20-10-2-1-random-8.scen
180,warehouse-10-20-10-2-1.map,PIBT,0,920025,14852,100000,185,6208,0,warehouse-10-20-10-2-1-random-8.scen
180,warehouse-10-20-10-2-1.map,PIBTOLD,0,920025,14852,100000,185,3637,0,warehouse-10-20-10-2-1-random-8.scen
180,warehouse-10-20-10-2-1.map,PIBT,0,419990,14852,100000,185,7198,1,warehouse-10-20-10-2-1-random-8.scen
180,warehouse-10-20-10-2-1.map,PIBTOLD,0,920025,14852,100000,185,3635,1,warehouse-10-20-10-2-1-random-8.scen
180,warehouse-10-20-10-2-1.map,PIBT,0,419990,14852,100000,185,7247,10,warehouse-10-20-10-2-1-random-8.scen
180,warehouse-10-20-10-2-1.map,PIBTOLD,0,920025,14852,100000,185,3609,10,warehouse-10-20-10-2-1-random-8.scen
180,warehouse-10-20-10-2-1.map,PIBT,0,419990,14852,100000,185,7224,100,warehouse-10-20-10-2-1-random-8.scen
180,warehouse-10-20-10-2-1.map,PIBTOLD,0,920025,14852,100000,185,3651,100,warehouse-10-20-10-2-1-random-8.scen
180,warehouse-10-20-10-2-1.map,PIBT,0,419990,14852,100000,185,7198,1000,warehouse-10-20-10-2-1-random-8.scen
180,warehouse-10-20-10-2-1.map,PIBTOLD,0,920025,14852,100000,185,3604,1000,warehouse-10-20-10-2-1-random-8.scen
220,warehouse-10-20-10-2-1.map,PIBT,0,1025739,17820,100000,185,8243,0,warehouse-10-20-10-2-1-random-8.scen
220,warehouse-10-20-10-2-1.map,PIBTOLD,0,1025739,17820,100000,185,4403,0,warehouse-10-20-10-2-1-random-8.scen
220,warehouse-10-20-10-2-1.map,PIBT,0,227604,17820,100000,185,8965,1,warehouse-10-20-10-2-1-random-8.scen
220,warehouse-10-20-10-2-1.map,PIBTOLD,0,1025739,17820,100000,185,4342,1,warehouse-10-20-10-2-1-random-8.scen
220,warehouse-10-20-10-2-1.map,PIBT,0,227604,17820,100000,185,9017,10,warehouse-10-20-10-2-1-random-8.scen
220,warehouse-10-20-10-2-1.map,PIBTOLD,0,1025739,17820,100000,185,4410,10,warehouse-10-20-10-2-1-random-8.scen
220,warehouse-10-20-10-2-1.map,PIBT,0,227604,17820,100000,185,9050,100,warehouse-10-20-10-2-1-random-8.scen
220,warehouse-10-20-10-2-1.map,PIBTOLD,0,1025739,17820,100000,185,4373,100,warehouse-10-20-10-2-1-random-8.scen
220,warehouse-10-20-10-2-1.map,PIBT,0,227604,17820,100000,185,8987,1000,warehouse-10-20-10-2-1-random-8.scen
220,warehouse-10-20-10-2-1.map,PIBTOLD,0,1025739,17820,100000,185,4370,1000,warehouse-10-20-10-2-1-random-8.scen
260,warehouse-10-20-10-2-1.map,PIBT,0,1529853,20766,100000,185,10412,0,warehouse-10-20-10-2-1-random-8.scen
260,warehouse-10-20-10-2-1.map,PIBTOLD,0,1529853,20766,100000,185,5327,0,warehouse-10-20-10-2-1-random-8.scen
260,warehouse-10-20-10-2-1.map,PIBT,0,433399,20766,100000,185,13442,1,warehouse-10-20-10-2-1-random-8.scen
260,warehouse-10-20-10-2-1.map,PIBTOLD,0,1529853,20766,100000,185,5315,1,warehouse-10-20-10-2-1-random-8.scen
260,warehouse-10-20-10-2-1.map,PIBT,0,433399,20766,100000,185,13488,10,warehouse-10-20-10-2-1-random-8.scen
260,warehouse-10-20-10-2-1.map,PIBTOLD,0,1529853,20766,100000,185,5285,10,warehouse-10-20-10-2-1-random-8.scen
260,warehouse-10-20-10-2-1.map,PIBT,0,433399,20766,100000,185,13500,100,warehouse-10-20-10-2-1-random-8.scen
260,warehouse-10-20-10-2-1.map,PIBTOLD,0,1529853,20766,100000,185,5292,100,warehouse-10-20-10-2-1-random-8.scen
260,warehouse-10-20-10-2-1.map,PIBT,0,433399,20766,100000,185,13653,1000,warehouse-10-20-10-2-1-random-8.scen
260,warehouse-10-20-10-2-1.map,PIBTOLD,0,1529853,20766,100000,185,5278,1000,warehouse-10-20-10-2-1-random-8.scen
300,warehouse-10-20-10-2-1.map,PIBT,0,2234973,23905,100000,185,13625,0,warehouse-10-20-10-2-1-random-8.scen
300,warehouse-10-20-10-2-1.map,PIBTOLD,0,2234973,23905,100000,185,6277,0,warehouse-10-20-10-2-1-random-8.scen
300,warehouse-10-20-10-2-1.map,PIBT,0,1235008,23905,100000,185,18160,1,warehouse-10-20-10-2-1-random-8.scen
300,warehouse-10-20-10-2-1.map,PIBTOLD,0,2234973,23905,100000,185,6268,1,warehouse-10-20-10-2-1-random-8.scen
300,warehouse-10-20-10-2-1.map,PIBT,0,1235008,23905,100000,185,18294,10,warehouse-10-20-10-2-1-random-8.scen
300,warehouse-10-20-10-2-1.map,PIBTOLD,0,2234973,23905,100000,185,6182,10,warehouse-10-20-10-2-1-random-8.scen
300,warehouse-10-20-10-2-1.map,PIBT,0,1235008,23905,100000,185,18237,100,warehouse-10-20-10-2-1-random-8.scen
300,warehouse-10-20-10-2-1.map,PIBTOLD,0,2234973,23905,100000,185,6208,100,warehouse-10-20-10-2-1-random-8.scen
300,warehouse-10-20-10-2-1.map,PIBT,0,1235008,23905,100000,185,18196,1000,warehouse-10-20-10-2-1-random-8.scen
300,warehouse-10-20-10-2-1.map,PIBTOLD,0,2234973,23905,100000,185,6240,1000,warehouse-10-20-10-2-1-random-8.scen
340,warehouse-10-20-10-2-1.map,PIBT,0,3340853,27100,100000,191,16362,0,warehouse-10-20-10-2-1-random-8.scen
340,warehouse-10-20-10-2-1.map,PIBTOLD,0,3340853,27100,100000,191,7403,0,warehouse-10-20-10-2-1-random-8.scen
340,warehouse-10-20-10-2-1.map,PIBT,0,1443183,27100,100000,191,22285,1,warehouse-10-20-10-2-1-random-8.scen
340,warehouse-10-20-10-2-1.map,PIBTOLD,0,3340853,27100,100000,191,7195,1,warehouse-10-20-10-2-1-random-8.scen
340,warehouse-10-20-10-2-1.map,PIBT,0,844153,27100,100000,191,20059,10,warehouse-10-20-10-2-1-random-8.scen
340,warehouse-10-20-10-2-1.map,PIBTOLD,0,3340853,27100,100000,191,7285,10,warehouse-10-20-10-2-1-random-8.scen
340,warehouse-10-20-10-2-1.map,PIBT,0,844153,27100,100000,191,19949,100,warehouse-10-20-10-2-1-random-8.scen
340,warehouse-10-20-10-2-1.map,PIBTOLD,0,3340853,27100,100000,191,7201,100,warehouse-10-20-10-2-1-random-8.scen
340,warehouse-10-20-10-2-1.map,PIBT,0,844153,27100,100000,191,20264,1000,warehouse-10-20-10-2-1-random-8.scen
340,warehouse-10-20-10-2-1.map,PIBTOLD,0,3340853,27100,100000,191,7156,1000,warehouse-10-20-10-2-1-random-8.scen
380,warehouse-10-20-10-2-1.map,PIBT,0,4047546,30258,100000,191,19933,0,warehouse-10-20-10-2-1-random-8.scen
380,warehouse-10-20-10-2-1.map,PIBTOLD,0,4047546,30258,100000,191,8352,0,warehouse-10-20-10-2-1-random-8.scen
380,warehouse-10-20-10-2-1.map,PIBT,0,1048203,30258,100000,191,27497,1,warehouse-10-20-10-2-1-random-8.scen
380,warehouse-10-20-10-2-1.map,PIBTOLD,0,4047546,30258,100000,191,8218,1,warehouse-10-20-10-2-1-random-8.scen
380,warehouse-10-20-10-2-1.map,PIBT,0,850483,30258,100000,191,24996,10,warehouse-10-20-10-2-1-random-8.scen
380,warehouse-10-20-10-2-1.map,PIBTOLD,0,4047546,30258,100000,191,8142,10,warehouse-10-20-10-2-1-random-8.scen
380,warehouse-10-20-10-2-1.map,PIBT,0,850483,30258,100000,191,24757,100,warehouse-10-20-10-2-1-random-8.scen
380,warehouse-10-20-10-2-1.map,PIBTOLD,0,4047546,30258,100000,191,8122,100,warehouse-10-20-10-2-1-random-8.scen
380,warehouse-10-20-10-2-1.map,PIBT,0,850483,30258,100000,191,24737,1000,warehouse-10-20-10-2-1-random-8.scen
380,warehouse-10-20-10-2-1.map,PIBTOLD,0,4047546,30258,100000,191,8054,1000,warehouse-10-20-10-2-1-random-8.scen
420,warehouse-10-20-10-2-1.map,PIBT,0,3556026,33709,100000,191,23179,0,warehouse-10-20-10-2-1-random-8.scen
420,warehouse-10-20-10-2-1.map,PIBTOLD,0,3556026,33709,100000,191,9125,0,warehouse-10-20-10-2-1-random-8.scen
420,warehouse-10-20-10-2-1.map,PIBT,0,658860,33709,100000,191,42954,1,warehouse-10-20-10-2-1-random-8.scen
420,warehouse-10-20-10-2-1.map,PIBTOLD,0,3556026,33709,100000,191,9029,1,warehouse-10-20-10-2-1-random-8.scen
420,warehouse-10-20-10-2-1.map,PIBT,0,853717,33709,100000,191,42678,10,warehouse-10-20-10-2-1-random-8.scen
420,warehouse-10-20-10-2-1.map,PIBTOLD,0,3556026,33709,100000,191,9175,10,warehouse-10-20-10-2-1-random-8.scen
420,warehouse-10-20-10-2-1.map,PIBT,0,852551,33709,100000,191,39909,100,warehouse-10-20-10-2-1-random-8.scen
420,warehouse-10-20-10-2-1.map,PIBTOLD,0,3556026,33709,100000,191,9307,100,warehouse-10-20-10-2-1-random-8.scen
420,warehouse-10-20-10-2-1.map,PIBT,0,457143,33709,100000,191,37986,1000,warehouse-10-20-10-2-1-random-8.scen
420,warehouse-10-20-10-2-1.map,PIBTOLD,0,3556026,33709,100000,191,9348,1000,warehouse-10-20-10-2-1-random-8.scen
20,warehouse-10-20-10-2-1.map,PIBT,1,1727,1604,162,162,3,0,warehouse-10-20-10-2-1-random-3.scen
20,warehouse-10-20-10-2-1.map,PIBTOLD,1,1727,1604,162,162,3,0,warehouse-10-20-10-2-1-random-3.scen
20,warehouse-10-20-10-2-1.map,PIBT,1,1690,1604,170,162,3,1,warehouse-10-20-10-2-1-random-3.scen
20,warehouse-10-20-10-2-1.map,PIBTOLD,1,1727,1604,162,162,3,1,warehouse-10-20-10-2-1-random-3.scen
20,warehouse-10-20-10-2-1.map,PIBT,1,1690,1604,170,162,3,10,warehouse-10-20-10-2-1-random-3.scen
20,warehouse-10-20-10-2-1.map,PIBTOLD,1,1727,1604,162,162,3,10,warehouse-10-20-10-2-1-random-3.scen
20,warehouse-10-20-10-2-1.map,PIBT,1,1690,1604,170,162,3,100,warehouse-10-20-10-2-1-random-3.scen
20,warehouse-10-20-10-2-1.map,PIBTOLD,1,1727,1604,162,162,3,100,warehouse-10-20-10-2-1-random-3.scen
20,warehouse-10-20-10-2-1.map,PIBT,1,1690,1604,170,162,3,1000,warehouse-10-20-10-2-1-random-3.scen
20,warehouse-10-20-10-2-1.map,PIBTOLD,1,1727,1604,162,162,3,1000,warehouse-10-20-10-2-1-random-3.scen
60,warehouse-10-20-10-2-1.map,PIBT,1,6061,5198,192,185,9,0,warehouse-10-20-10-2-1-random-3.scen
60,warehouse-10-20-10-2-1.map,PIBTOLD,1,6061,5198,192,185,8,0,warehouse-10-20-10-2-1-random-3.scen
60,warehouse-10-20-10-2-1.map,PIBT,0,5909,5198,100000,185,1981,1,warehouse-10-20-10-2-1-random-3.scen
60,warehouse-10-20-10-2-1.map,PIBTOLD,1,6061,5198,192,185,8,1,warehouse-10-20-10-2-1-random-3.scen
60,warehouse-10-20-10-2-1.map,PIBT,0,5909,5198,100000,185,1942,10,warehouse-10-20-10-2-1-random-3.scen
60,warehouse-10-20-10-2-1.map,PIBTOLD,1,6061,5198,192,185,8,10,warehouse-10-20-10-2-1-random-3.scen
60,warehouse-10-20-10-2-1.map,PIBT,0,5909,5198,100000,185,1984,100,warehouse-10-20-10-2-1-random-3.scen
60,warehouse-10-20-10-2-1.map,PIBTOLD,1,6061,5198,192,185,7,100,warehouse-10-20-10-2-1-random-3.scen
60,warehouse-10-20-10-2-1.map,PIBT,0,5909,5198,100000,185,1950,1000,warehouse-10-20-10-2-1-random-3.scen
60,warehouse-10-20-10-2-1.map,PIBTOLD,1,6061,5198,192,185,7,1000,warehouse-10-20-10-2-1-random-3.scen
100,warehouse-10-20-10-2-1.map,PIBT,0,410642,8626,100000,185,3046,0,warehouse-10-20-10-2-1-random-3.scen
100,warehouse-10-20-10-2-1.map,PIBTOLD,0,410642,8626,100000,185,2131,0,warehouse-10-20-10-2-1-random-3.scen
100,warehouse-10-20-10-2-1.map,PIBT,0,209851,8626,100000,185,3997,1,warehouse-10-20-10-2-1-random-3.scen
100,warehouse-10-20-10-2-1.map,PIBTOLD,0,410642,8626,100000,185,2130,1,warehouse-10-20-10-2-1-random-3.scen
100,warehouse-10-20-10-2-1.map,PIBT,0,209851,8626,100000,185,3926,10,warehouse-10-20-10-2-1-random-3.scen
100,warehouse-10-20-10-2-1.map,PIBTOLD,0,410642,8626,100000,185,2194,10,warehouse-10-20-10-2-1-random-3.scen
100,warehouse-10-20-10-2-1.map,PIBT,0,209851,8626,100000,185,3911,100,warehouse-10-20-10-2-1-random-3.scen
100,warehouse-10-20-10-2-1.map,PIBTOLD,0,410642,8626,100000,185,2134,100,warehouse-10-20-10-2-1-random-3.scen
100,warehouse-10-20-10-2-1.map,PIBT,0,209851,8626,100000,185,3918,1000,warehouse-10-20-10-2-1-random-3.scen
100,warehouse-10-20-10-2-1.map,PIBTOLD,0,410642,8626,100000,185,2157,1000,warehouse-10-20-10-2-1-random-3.scen
140,warehouse-10-20-10-2-1.map,PIBT,0,815517,12220,100000,185,4575,0,warehouse-10-20-10-2-1-random-3.scen
140,warehouse-10-20-10-2-1.map,PIBTOLD,0,815517,12220,100000,185,2824,0,warehouse-10-20-10-2-1-random-3.scen
140,warehouse-10-20-10-2-1.map,PIBT,0,215436,12220,100000,185,6075,1,warehouse-10-20-10-2-1-random-3.scen
140,warehouse-10-20-10-2-1.map,PIBTOLD,0,815517,12220,100000,185,2854,1,warehouse-10-20-10-2-1-random-3.scen
140,warehouse-10-20-10-2-1.map,PIBT,0,215436,12220,100000,185,6053,10,warehouse-10-20-10-2-1-random-3.scen
140,warehouse-10-20-10-2-1.map,PIBTOLD,0,815517,12220,100000,185,2820,10,warehouse-10-20-10-2-1-random-3.scen
140,warehouse-10-20-10-2-1.map,PIBT,0,215436,12220,100000,185,6132,100,warehouse-10-20-10-2-1-random-3.scen
140,warehouse-10-20-10-2-1.map,PIBTOLD,0,815517,12220,100000,185,2853,100,warehouse-10-20-10-2-1-random-3.scen
140,warehouse-10-20-10-2-1.map,PIBT,0,215436,12220,100000,185,6051,1000,warehouse-10-20-10-2-1-random-3.scen
140,warehouse-10-20-10-2-1.map,PIBTOLD,0,815517,12220,100000,185,2870,1000,warehouse-10-20-10-2-1-random-3.scen
180,warehouse-10-20-10-2-1.map,PIBT,0,920025,14852,100000,185,6147,0,warehouse-10-20-10-2-1-random-3.scen
180,warehouse-10-20-10-2-1.map,PIBTOLD,0,920025,14852,100000,185,3664,0,warehouse-10-20-10-2-1-random-3.scen
180,warehouse-10-20-10-2-1.map,PIBT,0,419990,14852,100000,185,7103,1,warehouse-10-20-10-2-1-random-3.scen
180,warehouse-10-20-10-2-1.map,PIBTOLD,0,920025,14852,100000,185,3554,1,warehouse-10-20-10-2-1-random-3.scen
180,warehouse-10-20-10-2-1.map,PIBT,0,419990,14852,100000,185,7170,10,warehouse-10-20-10-2-1-random-3.scen
180,warehouse-10-20-10-2-1.map,PIBTOLD,0,920025,14852,100000,185,3582,10,warehouse-10-20-10-2-1-random-3.scen
180,warehouse-10-20-10-2-1.map,PIBT,0,419990,14852,100000,185,7161,100,warehouse-10-20-10-2-1-random-3.scen
180,warehouse-10-20-10-2-1.map,PIBTOLD,0,920025,14852,100000,185,3557,100,warehouse-10-20-10-2-1-random-3.scen
180,warehouse-10-20-10-2-1.map,PIBT,0,419990,14852,100000,185,7183,1000,warehouse-10-20-10-2-1-random-3.scen
180,warehouse-10-20-10-2-1.map,PIBTOLD,0,920025,14852,100000,185,3588,1000,warehouse-10-20-10-2-1-random-3.scen
220,warehouse-10-20-10-2-1.map,PIBT,0,1025739,17820,100000,185,8165,0,warehouse-10-20-10-2-1-random-3.scen
220,warehouse-10-20-10-2-1.map,PIBTOLD,0,1025739,17820,100000,185,4447,0,warehouse-10-20-10-2-1-random-3.scen
220,warehouse-10-20-10-2-1.map,PIBT,0,227604,17820,100000,185,8982,1,warehouse-10-20-10-2-1-random-3.scen
220,warehouse-10-20-10-2-1.map,PIBTOLD,0,1025739,17820,100000,185,4420,1,warehouse-10-20-10-2-1-random-3.scen
220,warehouse-10-20-10-2-1.map,PIBT,0,227604,17820,100000,185,9037,10,warehouse-10-20-10-2-1-random-3.scen
220,warehouse-10-20-10-2-1.map,PIBTOLD,0,1025739,17820,100000,185,4371,10,warehouse-10-20-10-2-1-random-3.scen
220,warehouse-10-20-10-2-1.map,PIBT,0,227604,17820,100000,185,8923,100,warehouse-10-20-10-2-1-random-3.scen
220,warehouse-10-20-10-2-1.map,PIBTOLD,0,1025739,17820,100000,185,4361,100,warehouse-10-20-10-2-1-random-3.scen
220,warehouse-10-20-10-2-1.map,PIBT,0,227604,17820,100000,185,8901,1000,warehouse-10-20-10-2-1-random-3.scen
220,warehouse-10-20-10-2-1.map,PIBTOLD,0,1025739,17820,100000,185,4508,1000,warehouse-10-20-10-2-1-random-3.scen
260,warehouse-10-20-10-2-1.map,PIBT,0,1529853,20766,100000,185,10411,0,warehouse-10-20-10-2-1-random-3.scen
260,warehouse-10-20-10-2-1.map,PIBTOLD,0,1529853,20766,100000,185,5431,0,warehouse-10-20-10-2-1-random-3.scen
260,warehouse-10-20-10-2-1.map,PIBT,0,433399,20766,100000,185,13491,1,warehouse-10-20-10-2-1-random-3.scen
260,warehouse-10-20-10-2-1.map,PIBTOLD,0,1529853,20766,100000,185,5298,1,warehouse-10-20-10-2-1-random-3.scen
260,warehouse-10-20-10-2-1.map,PIBT,0,433399,20766,100000,185,13460,10,warehouse-10-20-10-2-1-random-3.scen
260,warehouse-10-20-10-2-1.map,PIBTOLD,0,1529853,20766,100000,185,5287,10,warehouse-10-20-10-2-1-random-3.scen
260,warehouse-10-20-10-2-1.map,PIBT,0,433399,20766,100000,185,13537,100,warehouse-10-20-10-2-1-random-3.scen
260,warehouse-10-20-10-2-1.map,PIBTOLD,0,1529853,20766,100000,185,5248,100,warehouse-10-20-10-2-1-random-3.scen
260,warehouse-10-20-10-2-1.map,PIBT,0,433399,20766,100000,185,13614,1000,warehouse-10-20-10-2-1-random-3.scen
260,warehouse-10-20-10-2-1.map,PIBTOLD,0,1529853,20766,100000,185,5274,1000,warehouse-10-20-10-2-1-random-3.scen
300,warehouse-10-20-10-2-1.map,PIBT,0,2234973,23905,100000,185,13531,0,warehouse-10-20-10-2-1-random-3.scen
300,warehouse-10-20-10-2-1.map,PIBTOLD,0,2234973,23905,100000,185,6356,0,warehouse-10-20-10-2-1-random-3.scen
300,warehouse-10-20-10-2-1.map,PIBT,0,1235008,23905,100000,185,18162,1,warehouse-10-20-10-2-1-random-3.scen
300,warehouse-10-20-10-2-1.map,PIBTOLD,0,2234973,23905,100000,185,6259,1,warehouse-10-20-10-2-1-random-3.scen
300,warehouse-10-20-10-2-1.map,PIBT,0,1235008,23905,100000,185,18164,10,warehouse-10-20-10-2-1-random-3.scen
300,warehouse-10-20-10-2-1.map,PIBTOLD,0,2234973,23905,100000,185,6152,10,warehouse-10-20-10-2-1-random-3.scen
300,warehouse-10-20-10-2-1.map,PIBT,0,1235008,23905,100000,185,18371,100,warehouse-10-20-10-2-1-random-3.scen
300,warehouse-10-20-10-2-1.map,PIBTOLD,0,2234973,23905,100000,185,6417,100,warehouse-10-20-10-2-1-random-3.scen
300,warehouse-10-20-10-2-1.map,PIBT,0,1235008,23905,100000,185,18264,1000,warehouse-10-20-10-2-1-random-3.scen
300,warehouse-10-20-10-2-1.map,PIBTOLD,0,2234973,23905,100000,185,6159,1000,warehouse-10-20-10-2-1-random-3.scen
340,warehouse-10-20-10-2-1.map,PIBT,0,3340853,27100,100000,191,16652,0,warehouse-10-20-10-2-1-random-3.scen
340,warehouse-10-20-10-2-1.map,PIBTOLD,0,3340853,27100,100000,191,7246,0,warehouse-10-20-10-2-1-random-3.scen
340,warehouse-10-20-10-2-1.map,PIBT,0,245061,27100,100000,191,21693,1,warehouse-10-20-10-2-1-random-3.scen
340,warehouse-10-20-10-2-1.map,PIBTOLD,0,3340853,27100,100000,191,7294,1,warehouse-10-20-10-2-1-random-3.scen
340,warehouse-10-20-10-2-1.map,PIBT,0,844153,27100,100000,191,20366,10,warehouse-10-20-10-2-1-random-3.scen
340,warehouse-10-20-10-2-1.map,PIBTOLD,0,3340853,27100,100000,191,7522,10,warehouse-10-20-10-2-1-random-3.scen
340,warehouse-10-20-10-2-1.map,PIBT,0,844153,27100,100000,191,20040,100,warehouse-10-20-10-2-1-random-3.scen
340,warehouse-10-20-10-2-1.map,PIBTOLD,0,3340853,27100,100000,191,7323,100,warehouse-10-20-10-2-1-random-3.scen
340,warehouse-10-20-10-2-1.map,PIBT,0,844153,27100,100000,191,19974,1000,warehouse-10-20-10-2-1-random-3.scen
340,warehouse-10-20-10-2-1.map,PIBTOLD,0,3340853,27100,100000,191,7391,1000,warehouse-10-20-10-2-1-random-3.scen
380,warehouse-10-20-10-2-1.map,PIBT,0,4047546,30258,100000,191,19469,0,warehouse-10-20-10-2-1-random-3.scen
380,warehouse-10-20-10-2-1.map,PIBTOLD,0,4047546,30258,100000,191,8038,0,warehouse-10-20-10-2-1-random-3.scen
20,warehouse-10-20-10-2-1.map,PIBT,1,1727,1604,162,162,3,0,warehouse-10-20-10-2-1-random-5.scen
20,warehouse-10-20-10-2-1.map,PIBTOLD,1,1727,1604,162,162,3,0,warehouse-10-20-10-2-1-random-5.scen
20,warehouse-10-20-10-2-1.map,PIBT,1,1690,1604,170,162,3,1,warehouse-10-20-10-2-1-random-5.scen
20,warehouse-10-20-10-2-1.map,PIBTOLD,1,1727,1604,162,162,3,1,warehouse-10-20-10-2-1-random-5.scen
20,warehouse-10-20-10-2-1.map,PIBT,1,1690,1604,170,162,3,10,warehouse-10-20-10-2-1-random-5.scen
20,warehouse-10-20-10-2-1.map,PIBTOLD,1,1727,1604,162,162,3,10,warehouse-10-20-10-2-1-random-5.scen
20,warehouse-10-20-10-2-1.map,PIBT,1,1690,1604,170,162,2,100,warehouse-10-20-10-2-1-random-5.scen
20,warehouse-10-20-10-2-1.map,PIBTOLD,1,1727,1604,162,162,3,100,warehouse-10-20-10-2-1-random-5.scen
20,warehouse-10-20-10-2-1.map,PIBT,1,1690,1604,170,162,3,1000,warehouse-10-20-10-2-1-random-5.scen
20,warehouse-10-20-10-2-1.map,PIBTOLD,1,1727,1604,162,162,3,1000,warehouse-10-20-10-2-1-random-5.scen
60,warehouse-10-20-10-2-1.map,PIBT,1,6061,5198,192,185,8,0,warehouse-10-20-10-2-1-random-5.scen
60,warehouse-10-20-10-2-1.map,PIBTOLD,1,6061,5198,192,185,8,0,warehouse-10-20-10-2-1-random-5.scen
60,warehouse-10-20-10-2-1.map,PIBT,0,5909,5198,100000,185,1942,1,warehouse-10-20-10-2-1-random-5.scen
60,warehouse-10-20-10-2-1.map,PIBTOLD,1,6061,5198,192,185,8,1,warehouse-10-20-10-2-1-random-5.scen
60,warehouse-10-20-10-2-1.map,PIBT,0,5909,5198,100000,185,1974,10,warehouse-10-20-10-2-1-random-5.scen
60,warehouse-10-20-10-2-1.map,PIBTOLD,1,6061,5198,192,185,8,10,warehouse-10-20-10-2-1-random-5.scen
60,warehouse-10-20-10-2-1.map,PIBT,0,5909,5198,100000,185,1951,100,warehouse-10-20-10-2-1-random-5.scen
60,warehouse-10-20-10-2-1.map,PIBTOLD,1,6061,5198,192,185,8,100,warehouse-10-20-10-2-1-random-5.scen
60,warehouse-10-20-10-2-1.map,PIBT,0,5909,5198,100000,185,1980,1000,warehouse-10-20-10-2-1-random-5.scen
60,warehouse-10-20-10-2-1.map,PIBTOLD,1,6061,5198,192,185,8,1000,warehouse-10-20-10-2-1-random-5.scen
100,warehouse-10-20-10-2-1.map,PIBT,0,410642,8626,100000,185,3122,0,warehouse-10-20-10-2-1-random-5.scen
100,warehouse-10-20-10-2-1.map,PIBTOLD,0,410642,8626,100000,185,2163,0,warehouse-10-20-10-2-1-random-5.scen
100,warehouse-10-20-10-2-1.map,PIBT,0,209851,8626,100000,185,3932,1,warehouse-10-20-10-2-1-random-5.scen
100,warehouse-10-20-10-2-1.map,PIBTOLD,0,410642,8626,100000,185,2159,1,warehouse-10-20-10-2-1-random-5.scen
100,warehouse-10-20-10-2-1.map,PIBT,0,209851,8626,100000,185,3943,10,warehouse-10-20-10-2-1-random-5.scen
100,warehouse-10-20-10-2-1.map,PIBTOLD,0,410642,8626,100000,185,2125,10,warehouse-10-20-10-2-1-random-5.scen
100,warehouse-10-20-10-2-1.map,PIBT,0,209851,8626,100000,185,3923,100,warehouse-10-20-10-2-1-random-5.scen
100,warehouse-10-20-10-2-1.map,PIBTOLD,0,410642,8626,100000,185,2125,100,warehouse-10-20-10-2-1-random-5.scen
100,warehouse-10-20-10-2-1.map,PIBT,0,209851,8626,100000,185,3977,1000,warehouse-10-20-10-2-1-random-5.scen
100,warehouse-10-20-10-2-1.map,PIBTOLD,0,410642,8626,100000,185,2145,1000,warehouse-10-20-10-2-1-random-5.scen
140,warehouse-10-20-10-2-1.map,PIBT,0,815517,12220,100000,185,4636,0,warehouse-10-20-10-2-1-random-5.scen
140,warehouse-10-20-10-2-1.map,PIBTOLD,0,815517,12220,100000,185,2836,0,warehouse-10-20-10-2-1-random-5.scen
140,warehouse-10-20-10-2-1.map,PIBT,0,215436,12220,100000,185,6077,1,warehouse-10-20-10-2-1-random-5.scen
140,warehouse-10-20-10-2-1.map,PIBTOLD,0,815517,12220,100000,185,2844,1,warehouse-10-20-10-2-1-random-5.scen
140,warehouse-10-20-10-2-1.map,PIBT,0,215436,12220,100000,185,6125,10,warehouse-10-20-10-2-1-random-5.scen
140,warehouse-10-20-10-2-1.map,PIBTOLD,0,815517,12220,100000,185,2822,10,warehouse-10-20-10-2-1-random-5.scen
140,warehouse-10-20-10-2-1.map,PIBT,0,215436,12220,100000,185,6039,100,warehouse-10-20-10-2-1-random-5.scen
140,warehouse-10-20-10-2-1.map,PIBTOLD,0,815517,12220,100000,185,2867,100,warehouse-10-20-10-2-1-random-5.scen
140,warehouse-10-20-10-2-1.map,PIBT,0,215436,12220,100000,185,6045,1000,warehouse-10-20-10-2-1-random-5.scen
140,warehouse-10-20-10-2-1.map,PIBTOLD,0,815517,12220,100000,185,2856,1000,warehouse-10-20-10-2-1-random-5.scen
180,warehouse-10-20-10-2-1.map,PIBT,0,920025,14852,100000,185,6247,0,warehouse-10-20-10-2-1-random-5.scen
180,warehouse-10-20-10-2-1.map,PIBTOLD,0,920025,14852,100000,185,3588,0,warehouse-10-20-10-2-1-random-5.scen
180,warehouse-10-20-10-2-1.map,PIBT,0,419990,14852,100000,185,7279,1,warehouse-10-20-10-2-1-random-5.scen
180,warehouse-10-20-10-2-1.map,PIBTOLD,0,920025,14852,100000,185,3597,1,warehouse-10-20-10-2-1-random-5.scen
180,warehouse-10-20-10-2-1.map,PIBT,0,419990,14852,100000,185,7168,10,warehouse-10-20-10-2-1-random-5.scen
180,warehouse-10-20-10-2-1.map,PIBTOLD,0,920025,14852,100000,185,3626,10,warehouse-10-20-10-2-1-random-5.scen
180,warehouse-10-20-10-2-1.map,PIBT,0,419990,14852,100000,185,7152,100,warehouse-10-20-10-2-1-random-5.scen
180,warehouse-10-20-10-2-1.map,PIBTOLD,0,920025,14852,100000,185,3570,100,warehouse-10-20-10-2-1-random-5.scen
180,warehouse-10-20-10-2-1.map,PIBT,0,419990,14852,100000,185,7173,1000,warehouse-10-20-10-2-1-random-5.scen
180,warehouse-10-20-10-2-1.map,PIBTOLD,0,920025,14852,100000,185,3581,1000,warehouse-10-20-10-2-1-random-5.scen
220,warehouse-10-20-10-2-1.map,PIBT,0,1025739,17820,100000,185,8123,0,warehouse-10-20-10-2-1-random-5.scen
220,warehouse-10-20-10-2-1.map,PIBTOLD,0,1025739,17820,100000,185,4446,0,warehouse-10-20-10-2-1-random-5.scen
220,warehouse-10-20-10-2-1.map,PIBT,0,227604,17820,100000,185,8934,1,warehouse-10-20-10-2-1-random-5.scen
220,warehouse-10-20-10-2-1.map,PIBTOLD,0,1025739,17820,100000,185,4328,1,warehouse-10-20-10-2-1-random-5.scen
220,warehouse-10-20-10-2-1.map,PIBT,0,227604,17820,100000,185,8958,10,warehouse-10-20-10-2-1-random-5.scen
220,warehouse-10-20-10-2-1.map,PIBTOLD,0,1025739,17820,100000,185,4328,10,warehouse-10-20-10-2-1-random-5.scen
220,warehouse-10-20-10-2-1.map,PIBT,0,227604,17820,100000,185,8913,100,warehouse-10-20-10-2-1-random-5.scen
220,warehouse-10-20-10-2-1.map,PIBTOLD,0,1025739,17820,100000,185,4357,100,warehouse-10-20-10-2-1-random-5.scen
220,warehouse-10-20-10-2-1.map,PIBT,0,227604,17820,100000,185,8984,1000,warehouse-10-20-10-2-1-random-5.scen
220,warehouse-10-20-10-2-1.map,PIBTOLD,0,1025739,17820,100000,185,4454,1000,warehouse-10-20-10-2-1-random-5.scen
260,warehouse-10-20-10-2-1.map,PIBT,0,1529853,20766,100000,185,10316,0,warehouse-10-20-10-2-1-random-5.scen
260,warehouse-10-20-10-2-1.map,PIBTOLD,0,1529853,20766,100000,185,5268,0,warehouse-10-20-10-2-1-random-5.scen
260,warehouse-10-20-10-2-1.map,PIBT,0,433399,20766,100000,185,13595,1,warehouse-10-20-10-2-1-random-5.scen
260,warehouse-10-20-10-2-1.map,PIBTOLD,0,1529853,20766,100000,185,5268,1,warehouse-10-20-10-2-1-random-5.scen
260,warehouse-10-20-10-2-1.map,PIBT,0,433399,20766,100000,185,13470,10,warehouse-10-20-10-2-1-random-5.scen
260,warehouse-10-20-10-2-1.map,PIBTOLD,0,1529853,20766,100000,185,5285,10,warehouse-10-20-10-2-1-random-5.scen
260,warehouse-10-20-10-2-1.map,PIBT,0,433399,20766,100000,185,13504,100,warehouse-10-20-10-2-1-random-5.scen
260,warehouse-10-20-10-2-1.map,PIBTOLD,0,1529853,20766,100000,185,5272,100,warehouse-10-20-10-2-1-random-5.scen
260,warehouse-10-20-10-2-1.map,PIBT,0,433399,20766,100000,185,13490,1000,warehouse-10-20-10-2-1-random-5.scen
260,warehouse-10-20-10-2-1.map,PIBTOLD,0,1529853,20766,100000,185,5443,1000,warehouse-10-20-10-2-1-random-5.scen
300,warehouse-10-20-10-2-1.map,PIBT,0,2234973,23905,100000,185,13433,0,warehouse-10-20-10-2-1-random-5.scen
300,warehouse-10-20-10-2-1.map,PIBTOLD,0,2234973,23905,100000,185,6161,0,warehouse-10-20-10-2-1-random-5.scen
300,warehouse-10-20-10-2-1.map,PIBT,0,1235008,23905,100000,185,18129,1,warehouse-10-20-10-2-1-random-5.scen
300,warehouse-10-20-10-2-1.map,PIBTOLD,0,2234973,23905,100000,185,6142,1,warehouse-10-20-10-2-1-random-5.scen
300,warehouse-10-20-10-2-1.map,PIBT,0,1235008,23905,100000,185,18093,10,warehouse-10-20-10-2-1-random-5.scen
300,warehouse-10-20-10-2-1.map,PIBTOLD,0,2234973,23905,100000,185,6089,10,warehouse-10-20-10-2-1-random-5.scen
300,warehouse-10-20-10-2-1.map,PIBT,0,1235008,23905,100000,185,18225,100,warehouse-10-20-10-2-1-random-5.scen
300,warehouse-10-20-10-2-1.map,PIBTOLD,0,2234973,23905,100000,185,6140,100,warehouse-10-20-10-2-1-random-5.scen
300,warehouse-10-20-10-2-1.map,PIBT,0,1235008,23905,100000,185,18232,1000,warehouse-10-20-10-2-1-random-5.scen
300,warehouse-10-20-10-2-1.map,PIBTOLD,0,2234973,23905,100000,185,6069,1000,warehouse-10-20-10-2-1-random-5.scen
340,warehouse-10-20-10-2-1.map,PIBT,0,3340853,27100,100000,191,16318,0,warehouse-10-20-10-2-1-random-5.scen
340,warehouse-10-20-10-2-1.map,PIBTOLD,0,3340853,27100,100000,191,7260,0,warehouse-10-20-10-2-1-random-5.scen
340,warehouse-10-20-10-2-1.map,PIBT,0,245818,27100,100000,191,21392,1,warehouse-10-20-10-2-1-random-5.scen
340,warehouse-10-20-10-2-1.map,PIBTOLD,0,3340853,27100,100000,191,7400,1,warehouse-10-20-10-2-1-random-5.scen
340,warehouse-10-20-10-2-1.map,PIBT,0,844153,27100,100000,191,20071,10,warehouse-10-20-10-2-1-random-5.scen
340,warehouse-10-20-10-2-1.map,PIBTOLD,0,3340853,27100,100000,191,7363,10,warehouse-10-20-10-2-1-random-5.scen
340,warehouse-10-20-10-2-1.map,PIBT,0,844153,27100,100000,191,19926,100,warehouse-10-20-10-2-1-random-5.scen
340,warehouse-10-20-10-2-1.map,PIBTOLD,0,3340853,27100,100000,191,7384,100,warehouse-10-20-10-2-1-random-5.scen
340,warehouse-10-20-10-2-1.map,PIBT,0,844153,27100,100000,191,20014,1000,warehouse-10-20-10-2-1-random-5.scen
340,warehouse-10-20-10-2-1.map,PIBTOLD,0,3340853,27100,100000,191,7175,1000,warehouse-10-20-10-2-1-random-5.scen
380,warehouse-10-20-10-2-1.map,PIBT,0,4047546,30258,100000,191,19556,0,warehouse-10-20-10-2-1-random-5.scen
380,warehouse-10-20-10-2-1.map,PIBTOLD,0,4047546,30258,100000,191,8248,0,warehouse-10-20-10-2-1-random-5.scen
380,warehouse-10-20-10-2-1.map,PIBT,0,647601,30258,100000,191,27856,1,warehouse-10-20-10-2-1-random-5.scen
380,warehouse-10-20-10-2-1.map,PIBTOLD,0,4047546,30258,100000,191,8070,1,warehouse-10-20-10-2-1-random-5.scen
380,warehouse-10-20-10-2-1.map,PIBT,0,850483,30258,100000,191,24737,10,warehouse-10-20-10-2-1-random-5.scen
380,warehouse-10-20-10-2-1.map,PIBTOLD,0,4047546,30258,100000,191,8283,10,warehouse-10-20-10-2-1-random-5.scen
380,warehouse-10-20-10-2-1.map,PIBT,0,850483,30258,100000,191,24738,100,warehouse-10-20-10-2-1-random-5.scen
380,warehouse-10-20-10-2-1.map,PIBTOLD,0,4047546,30258,100000,191,8382,100,warehouse-10-20-10-2-1-random-5.scen
380,warehouse-10-20-10-2-1.map,PIBT,0,850483,30258,100000,191,24695,1000,warehouse-10-20-10-2-1-random-5.scen
380,warehouse-10-20-10-2-1.map,PIBTOLD,0,4047546,30258,100000,191,8117,1000,warehouse-10-20-10-2-1-random-5.scen
20,warehouse-10-20-10-2-1.map,PIBT,1,1727,1604,162,162,2,0,warehouse-10-20-10-2-1-random-23.scen
20,warehouse-10-20-10-2-1.map,PIBTOLD,1,1727,1604,162,162,2,0,warehouse-10-20-10-2-1-random-23.scen
20,warehouse-10-20-10-2-1.map,PIBT,1,1690,1604,170,162,3,1,warehouse-10-20-10-2-1-random-23.scen
20,warehouse-10-20-10-2-1.map,PIBTOLD,1,1727,1604,162,162,3,1,warehouse-10-20-10-2-1-random-23.scen
20,warehouse-10-20-10-2-1.map,PIBT,1,1690,1604,170,162,2,10,warehouse-10-20-10-2-1-random-23.scen
20,warehouse-10-20-10-2-1.map,PIBTOLD,1,1727,1604,162,162,3,10,warehouse-10-20-10-2-1-random-23.scen
20,warehouse-10-20-10-2-1.map,PIBT,1,1690,1604,170,162,3,100,warehouse-10-20-10-2-1-random-23.scen
20,warehouse-10-20-10-2-1.map,PIBTOLD,1,1727,1604,162,162,3,100,warehouse-10-20-10-2-1-random-23.scen
20,warehouse-10-20-10-2-1.map,PIBT,1,1690,1604,170,162,3,1000,warehouse-10-20-10-2-1-random-23.scen
20,warehouse-10-20-10-2-1.map,PIBTOLD,1,1727,1604,162,162,3,1000,warehouse-10-20-10-2-1-random-23.scen
60,warehouse-10-20-10-2-1.map,PIBT,1,6061,5198,192,185,9,0,warehouse-10-20-10-2-1-random-23.scen
60,warehouse-10-20-10-2-1.map,PIBTOLD,1,6061,5198,192,185,8,0,warehouse-10-20-10-2-1-random-23.scen
60,warehouse-10-20-10-2-1.map,PIBT,0,5909,5198,100000,185,1980,1,warehouse-10-20-10-2-1-random-23.scen
60,warehouse-10-20-10-2-1.map,PIBTOLD,1,6061,5198,192,185,8,1,warehouse-10-20-10-2-1-random-23.scen
60,warehouse-10-20-10-2-1.map,PIBT,0,5909,5198,100000,185,2002,10,warehouse-10-20-10-2-1-random-23.scen
60,warehouse-10-20-10-2-1.map,PIBTOLD,1,6061,5198,192,185,7,10,warehouse-10-20-10-2-1-random-23.scen
60,warehouse-10-20-10-2-1.map,PIBT,0,5909,5198,100000,185,1962,100,warehouse-10-20-10-2-1-random-23.scen
60,warehouse-10-20-10-2-1.map,PIBTOLD,1,6061,5198,192,185,8,100,warehouse-10-20-10-2-1-random-23.scen
60,warehouse-10-20-10-2-1.map,PIBT,0,5909,5198,100000,185,1950,1000,warehouse-10-20-10-2-1-random-23.scen
60,warehouse-10-20-10-2-1.map,PIBTOLD,1,6061,5198,192,185,8,1000,warehouse-10-20-10-2-1-random-23.scen
100,warehouse-10-20-10-2-1.map,PIBT,0,410642,8626,100000,185,3021,0,warehouse-10-20-10-2-1-random-23.scen
100,warehouse-10-20-10-2-1.map,PIBTOLD,0,410642,8626,100000,185,2159,0,warehouse-10-20-10-2-1-random-23.scen
100,warehouse-10-20-10-2-1.map,PIBT,0,209851,8626,100000,185,3974,1,warehouse-10-20-10-2-1-random-23.scen
100,warehouse-10-20-10-2-1.map,PIBTOLD,0,410642,8626,100000,185,2160,1,warehouse-10-20-10-2-1-random-23.scen
100,warehouse-10-20-10-2-1.map,PIBT,0,209851,8626,100000,185,3945,10,warehouse-10-20-10-2-1-random-23.scen
100,warehouse-10-20-10-2-1.map,PIBTOLD,0,410642,8626,100000,185,2120,10,warehouse-10-20-10-2-1-random-23.scen
100,warehouse-10-20-10-2-1.map,PIBT,0,209851,8626,100000,185,3950,100,warehouse-10-20-10-2-1-random-23.scen
100,warehouse-10-20-10-2-1.map,PIBTOLD,0,410642,8626,100000,185,2142,100,warehouse-10-20-10-2-1-random-23.scen
100,warehouse-10-20-10-2-1.map,PIBT,0,209851,8626,100000,185,3930,1000,warehouse-10-20-10-2-1-random-23.scen
100,warehouse-10-20-10-2-1.map,PIBTOLD,0,410642,8626,100000,185,2140,1000,warehouse-10-20-10-2-1-random-23.scen
140,warehouse-10-20-10-2-1.map,PIBT,0,815517,12220,100000,185,4593,0,warehouse-10-20-10-2-1-random-23.scen
140,warehouse-10-20-10-2-1.map,PIBTOLD,0,815517,12220,100000,185,2813,0,warehouse-10-20-10-2-1-random-23.scen
140,warehouse-10-20-10-2-1.map,PIBT,0,215436,12220,100000,185,6044,1,warehouse-10-20-10-2-1-random-23.scen
140,warehouse-10-20-10-2-1.map,PIBTOLD,0,815517,12220,100000,185,2926,1,warehouse-10-20-10-2-1-random-23.scen
140,warehouse-10-20-10-2-1.map,PIBT,0,215436,12220,100000,185,6019,10,warehouse-10-20-10-2-1-random-23.scen
140,warehouse-10-20-10-2-1.map,PIBTOLD,0,815517,12220,100000,185,2889,10,warehouse-10-20-10-2-1-random-23.scen
140,warehouse-10-20-10-2-1.map,PIBT,0,215436,12220,100000,185,6058,100,warehouse-10-20-10-2-1-random-23.scen
140,warehouse-10-20-10-2-1.map,PIBTOLD,0,815517,12220,100000,185,2861,100,warehouse-10-20-10-2-1-random-23.scen
140,warehouse-10-20-10-2-1.map,PIBT,0,215436,12220,100000,185,6046,1000,warehouse-10-20-10-2-1-random-23.scen
140,warehouse-10-20-10-2-1.map,PIBTOLD,0,815517,12220,100000,185,2862,1000,warehouse-10-20-10-2-1-random-23.scen
180,warehouse-10-20-10-2-1.map,PIBT,0,920025,14852,100000,185,6147,0,warehouse-10-20-10-2-1-random-23.scen
180,warehouse-10-20-10-2-1.map,PIBTOLD,0,920025,14852,100000,185,3593,0,warehouse-10-20-10-2-1-random-23.scen
180,warehouse-10-20-10-2-1.map,PIBT,0,419990,14852,100000,185,7146,1,warehouse-10-20-10-2-1-random-23.scen
180,warehouse-10-20-10-2-1.map,PIBTOLD,0,920025,14852,100000,185,3566,1,warehouse-10-20-10-2-1-random-23.scen
180,warehouse-10-20-10-2-1.map,PIBT,0,419990,14852,100000,185,7137,10,warehouse-10-20-10-2-1-random-23.scen
180,warehouse-10-20-10-2-1.map,PIBTOLD,0,920025,14852,100000,185,3614,10,warehouse-10-20-10-2-1-random-23.scen
180,warehouse-10-20-10-2-1.map,PIBT,0,419990,14852,100000,185,7133,100,warehouse-10-20-10-2-1-random-23.scen
180,warehouse-10-20-10-2-1.map,PIBTOLD,0,920025,14852,100000,185,3627,100,warehouse-10-20-10-2-1-random-23.scen
180,warehouse-10-20-10-2-1.map,PIBT,0,419990,14852,100000,185,7160,1000,warehouse-10-20-10-2-1-random-23.scen
180,warehouse-10-20-10-2-1.map,PIBTOLD,0,920025,14852,100000,185,3617,1000,warehouse-10-20-10-2-1-random-23.scen
220,warehouse-10-20-10-2-1.map,PIBT,0,1025739,17820,100000,185,8091,0,warehouse-10-20-10-2-1-random-23.scen
220,warehouse-10-20-10-2-1.map,PIBTOLD,0,1025739,17820,100000,185,4445,0,warehouse-10-20-10-2-1-random-23.scen
220,warehouse-10-20-10-2-1.map,PIBT,0,227604,17820,100000,185,8943,1,warehouse-10-20-10-2-1-random-23.scen
220,warehouse-10-20-10-2-1.map,PIBTOLD,0,1025739,17820,100000,185,4346,1,warehouse-10-20-10-2-1-random-23.scen
220,warehouse-10-20-10-2-1.map,PIBT,0,227604,17820,100000,185,8989,10,warehouse-10-20-10-2-1-random-23.scen
220,warehouse-10-20-10-2-1.map,PIBTOLD,0,1025739,17820,100000,185,4343,10,warehouse-10-20-10-2-1-random-23.scen
220,warehouse-10-20-10-2-1.map,PIBT,0,227604,17820,100000,185,8996,100,warehouse-10-20-10-2-1-random-23.scen
220,warehouse-10-20-10-2-1.map,PIBTOLD,0,1025739,17820,100000,185,4421,100,warehouse-10-20-10-2-1-random-23.scen
220,warehouse-10-20-10-2-1.map,PIBT,0,227604,17820,100000,185,8961,1000,warehouse-10-20-10-2-1-random-23.scen
220,warehouse-10-20-10-2-1.map,PIBTOLD,0,1025739,17820,100000,185,4392,1000,warehouse-10-20-10-2-1-random-23.scen
260,warehouse-10-20-10-2-1.map,PIBT,0,1529853,20766,100000,185,10311,0,warehouse-10-20-10-2-1-random-23.scen
260,warehouse-10-20-10-2-1.map,PIBTOLD,0,1529853,20766,100000,185,5272,0,warehouse-10-20-10-2-1-random-23.scen
260,warehouse-10-20-10-2-1.map,PIBT,0,433399,20766,100000,185,13505,1,warehouse-10-20-10-2-1-random-23.scen
260,warehouse-10-20-10-2-1.map,PIBTOLD,0,1529853,20766,100000,185,5279,1,warehouse-10-20-10-2-1-random-23.scen
260,warehouse-10-20-10-2-1.map,PIBT,0,433399,20766,100000,185,13524,10,warehouse-10-20-10-2-1-random-23.scen
260,warehouse-10-20-10-2-1.map,PIBTOLD,0,1529853,20766,100000,185,5355,10,warehouse-10-20-10-2-1-random-23.scen
260,warehouse-10-20-10-2-1.map,PIBT,0,433399,20766,100000,185,13565,100,warehouse-10-20-10-2-1-random-23.scen
260,warehouse-10-20-10-2-1.map,PIBTOLD,0,1529853,20766,100000,185,5473,100,warehouse-10-20-10-2-1-random-23.scen
260,warehouse-10-20-10-2-1.map,PIBT,0,433399,20766,100000,185,13563,1000,warehouse-10-20-10-2-1-random-23.scen
260,warehouse-10-20-10-2-1.map,PIBTOLD,0,1529853,20766,100000,185,5342,1000,warehouse-10-20-10-2-1-random-23.scen
300,warehouse-10-20-10-2-1.map,PIBT,0,2234973,23905,100000,185,13458,0,warehouse-10-20-10-2-1-random-23.scen
300,warehouse-10-20-10-2-1.map,PIBTOLD,0,2234973,23905,100000,185,6175,0,warehouse-10-20-10-2-1-random-23.scen
300,warehouse-10-20-10-2-1.map,PIBT,0,1235008,23905,100000,185,18095,1,warehouse-10-20-10-2-1-random-23.scen
300,warehouse-10-20-10-2-1.map,PIBTOLD,0,2234973,23905,100000,185,6246,1,warehouse-10-20-10-2-1-random-23.scen
300,warehouse-10-20-10-2-1.map,PIBT,0,1235008,23905,100000,185,18357,10,warehouse-10-20-10-2-1-random-23.scen
300,warehouse-10-20-10-2-1.map,PIBTOLD,0,2234973,23905,100000,185,6255,10,warehouse-10-20-10-2-1-random-23.scen
300,warehouse-10-20-10-2-1.map,PIBT,0,1235008,23905,100000,185,18052,100,warehouse-10-20-10-2-1-random-23.scen
300,warehouse-10-20-10-2-1.map,PIBTOLD,0,2234973,23905,100000,185,6148,100,warehouse-10-20-10-2-1-random-23.scen
300,warehouse-10-20-10-2-1.map,PIBT,0,1235008,23905,100000,185,18056,1000,warehouse-10-20-10-2-1-random-23.scen
300,warehouse-10-20-10-2-1.map,PIBTOLD,0,2234973,23905,100000,185,6138,1000,warehouse-10-20-10-2-1-random-23.scen
340,warehouse-10-20-10-2-1.map,PIBT,0,3340853,27100,100000,191,16420,0,warehouse-10-20-10-2-1-random-23.scen
340,warehouse-10-20-10-2-1.map,PIBTOLD,0,3340853,27100,100000,191,7257,0,warehouse-10-20-10-2-1-random-23.scen
340,warehouse-10-20-10-2-1.map,PIBT,0,244256,27100,100000,191,20804,1,warehouse-10-20-10-2-1-random-23.scen
340,warehouse-10-20-10-2-1.map,PIBTOLD,0,3340853,27100,100000,191,7378,1,warehouse-10-20-10-2-1-random-23.scen
340,warehouse-10-20-10-2-1.map,PIBT,0,844153,27100,100000,191,20125,10,warehouse-10-20-10-2-1-random-23.scen
340,warehouse-10-20-10-2-1.map,PIBTOLD,0,3340853,27100,100000,191,7186,10,warehouse-10-20-10-2-1-random-23.scen
340,warehouse-10-20-10-2-1.map,PIBT,0,844153,27100,100000,191,20057,100,warehouse-10-20-10-2-1-random-23.scen
340,warehouse-10-20-10-2-1.map,PIBTOLD,0,3340853,27100,100000,191,7329,100,warehouse-10-20-10-2-1-random-23.scen
340,warehouse-10-20-10-2-1.map,PIBT,0,844153,27100,100000,191,19933,1000,warehouse-10-20-10-2-1-random-23.scen
340,warehouse-10-20-10-2-1.map,PIBTOLD,0,3340853,27100,100000,191,7129,1000,warehouse-10-20-10-2-1-random-23.scen
380,warehouse-10-20-10-2-1.map,PIBT,0,4047546,30258,100000,191,19743,0,warehouse-10-20-10-2-1-random-23.scen
380,warehouse-10-20-10-2-1.map,PIBTOLD,0,4047546,30258,100000,191,8130,0,warehouse-10-20-10-2-1-random-23.scen
380,warehouse-10-20-10-2-1.map,PIBT,0,648136,30258,100000,191,26610,1,warehouse-10-20-10-2-1-random-23.scen
380,warehouse-10-20-10-2-1.map,PIBTOLD,0,4047546,30258,100000,191,8176,1,warehouse-10-20-10-2-1-random-23.scen
380,warehouse-10-20-10-2-1.map,PIBT,0,850483,30258,100000,191,24717,10,warehouse-10-20-10-2-1-random-23.scen
380,warehouse-10-20-10-2-1.map,PIBTOLD,0,4047546,30258,100000,191,8190,10,warehouse-10-20-10-2-1-random-23.scen
380,warehouse-10-20-10-2-1.map,PIBT,0,850483,30258,100000,191,25178,100,warehouse-10-20-10-2-1-random-23.scen
380,warehouse-10-20-10-2-1.map,PIBTOLD,0,4047546,30258,100000,191,8107,100,warehouse-10-20-10-2-1-random-23.scen
380,warehouse-10-20-10-2-1.map,PIBT,0,850483,30258,100000,191,24771,1000,warehouse-10-20-10-2-1-random-23.scen
380,warehouse-10-20-10-2-1.map,PIBTOLD,0,4047546,30258,100000,191,8073,1000,warehouse-10-20-10-2-1-random-23.scen
20,warehouse-10-20-10-2-1.map,PIBT,1,1727,1604,162,162,3,0,warehouse-10-20-10-2-1-random-11.scen
20,warehouse-10-20-10-2-1.map,PIBTOLD,1,1727,1604,162,162,3,0,warehouse-10-20-10-2-1-random-11.scen
20,warehouse-10-20-10-2-1.map,PIBT,1,1690,1604,170,162,3,1,warehouse-10-20-10-2-1-random-11.scen
20,warehouse-10-20-10-2-1.map,PIBTOLD,1,1727,1604,162,162,3,1,warehouse-10-20-10-2-1-random-11.scen
20,warehouse-10-20-10-2-1.map,PIBT,1,1690,1604,170,162,3,10,warehouse-10-20-10-2-1-random-11.scen
20,warehouse-10-20-10-2-1.map,PIBTOLD,1,1727,1604,162,162,3,10,warehouse-10-20-10-2-1-random-11.scen
20,warehouse-10-20-10-2-1.map,PIBT,1,1690,1604,170,162,3,100,warehouse-10-20-10-2-1-random-11.scen
20,warehouse-10-20-10-2-1.map,PIBTOLD,1,1727,1604,162,162,3,100,warehouse-10-20-10-2-1-random-11.scen
20,warehouse-10-20-10-2-1.map,PIBT,1,1690,1604,170,162,3,1000,warehouse-10-20-10-2-1-random-11.scen
20,warehouse-10-20-10-2-1.map,PIBTOLD,1,1727,1604,162,162,3,1000,warehouse-10-20-10-2-1-random-11.scen
60,warehouse-10-20-10-2-1.map,PIBT,1,6061,5198,192,185,9,0,warehouse-10-20-10-2-1-random-11.scen
60,warehouse-10-20-10-2-1.map,PIBTOLD,1,6061,5198,192,185,8,0,warehouse-10-20-10-2-1-random-11.scen
60,warehouse-10-20-10-2-1.map,PIBT,0,5909,5198,100000,185,1960,1,warehouse-10-20-10-2-1-random-11.scen
60,warehouse-10-20-10-2-1.map,PIBTOLD,1,6061,5198,192,185,8,1,warehouse-10-20-10-2-1-random-11.scen
60,warehouse-10-20-10-2-1.map,PIBT,0,5909,5198,100000,185,1989,10,warehouse-10-20-10-2-1-random-11.scen
60,warehouse-10-20-10-2-1.map,PIBTOLD,1,6061,5198,192,185,7,10,warehouse-10-20-10-2-1-random-11.scen
60,warehouse-10-20-10-2-1.map,PIBT,0,5909,5198,100000,185,1970,100,warehouse-10-20-10-2-1-random-11.scen
60,warehouse-10-20-10-2-1.map,PIBTOLD,1,6061,5198,192,185,7,100,warehouse-10-20-10-2-1-random-11.scen
60,warehouse-10-20-10-2-1.map,PIBT,0,5909,5198,100000,185,1968,1000,warehouse-10-20-10-2-1-random-11.scen
60,warehouse-10-20-10-2-1.map,PIBTOLD,1,6061,5198,192,185,8,1000,warehouse-10-20-10-2-1-random-11.scen
100,warehouse-10-20-10-2-1.map,PIBT,0,410642,8626,100000,185,3009,0,warehouse-10-20-10-2-1-random-11.scen
100,warehouse-10-20-10-2-1.map,PIBTOLD,0,410642,8626,100000,185,2121,0,warehouse-10-20-10-2-1-random-11.scen
100,warehouse-10-20-10-2-1.map,PIBT,0,209851,8626,100000,185,4010,1,warehouse-10-20-10-2-1-random-11.scen
100,warehouse-10-20-10-2-1.map,PIBTOLD,0,410642,8626,100000,185,2119,1,warehouse-10-20-10-2-1-random-11.scen
100,warehouse-10-20-10-2-1.map,PIBT,0,209851,8626,100000,185,3956,10,warehouse-10-20-10-2-1-random-11.scen
100,warehouse-10-20-10-2-1.map,PIBTOLD,0,410642,8626,100000,185,2138,10,warehouse-10-20-10-2-1-random-11.scen
100,warehouse-10-20-10-2-1.map,PIBT,0,209851,8626,100000,185,3952,100,warehouse-10-20-10-2-1-random-11.scen
100,warehouse-10-20-10-2-1.map,PIBTOLD,0,410642,8626,100000,185,2130,100,warehouse-10-20-10-2-1-random-11.scen
100,warehouse-10-20-10-2-1.map,PIBT,0,209851,8626,100000,185,3991,1000,warehouse-10-20-10-2-1-random-11.scen
100,warehouse-10-20-10-2-1.map,PIBTOLD,0,410642,8626,100000,185,2188,1000,warehouse-10-20-10-2-1-random-11.scen
140,warehouse-10-20-10-2-1.map,PIBT,0,815517,12220,100000,185,4659,0,warehouse-10-20-10-2-1-random-11.scen
140,warehouse-10-20-10-2-1.map,PIBTOLD,0,815517,12220,100000,185,2886,0,warehouse-10-20-10-2-1-random-11.scen
140,warehouse-10-20-10-2-1.map,PIBT,0,215436,12220,100000,185,6079,1,warehouse-10-20-10-2-1-random-11.scen
140,warehouse-10-20-10-2-1.map,PIBTOLD,0,815517,12220,100000,185,2858,1,warehouse-10-20-10-2-1-random-11.scen
140,warehouse-10-20-10-2-1.map,PIBT,0,215436,12220,100000,185,6057,10,warehouse-10-20-10-2-1-random-11.scen
140,warehouse-10-20-10-2-1.map,PIBTOLD,0,815517,12220,100000,185,2862,10,warehouse-10-20-10-2-1-random-11.scen
140,warehouse-10-20-10-2-1.map,PIBT,0,215436,12220,100000,185,6023,100,warehouse-10-20-10-2-1-random-11.scen
140,warehouse-10-20-10-2-1.map,PIBTOLD,0,815517,12220,100000,185,2877,100,warehouse-10-20-10-2-1-random-11.scen
140,warehouse-10-20-10-2-1.map,PIBT,0,215436,12220,100000,185,6015,1000,warehouse-10-20-10-2-1-random-11.scen
140,warehouse-10-20-10-2-1.map,PIBTOLD,0,815517,12220,100000,185,2838,1000,warehouse-10-20-10-2-1-random-11.scen
180,warehouse-10-20-10-2-1.map,PIBT,0,920025,14852,100000,185,6172,0,warehouse-10-20-10-2-1-random-11.scen
180,warehouse-10-20-10-2-1.map,PIBTOLD,0,920025,14852,100000,185,3615,0,warehouse-10-20-10-2-1-random-11.scen
180,warehouse-10-20-10-2-1.map,PIBT,0,419990,14852,100000,185,7172,1,warehouse-10-20-10-2-1-random-11.scen
180,warehouse-10-20-10-2-1.map,PIBTOLD,0,920025,14852,100000,185,3592,1,warehouse-10-20-10-2-1-random-11.scen
180,warehouse-10-20-10-2-1.map,PIBT,0,419990,14852,100000,185,7106,10,warehouse-10-20-10-2-1-random-11.scen
180,warehouse-10-20-10-2-1.map,PIBTOLD,0,920025,14852,100000,185,3565,10,warehouse-10-20-10-2-1-random-11.scen
180,warehouse-10-20-10-2-1.map,PIBT,0,419990,14852,100000,185,7189,100,warehouse-10-20-10-2-1-random-11.scen
180,warehouse-10-20-10-2-1.map,PIBTOLD,0,920025,14852,100000,185,3627,100,warehouse-10-20-10-2-1-random-11.scen
180,warehouse-10-20-10-2-1.map,PIBT,0,419990,14852,100000,185,7092,1000,warehouse-10-20-10-2-1-random-11.scen
180,warehouse-10-20-10-2-1.map,PIBTOLD,0,920025,14852,100000,185,3600,1000,warehouse-10-20-10-2-1-random-11.scen
220,warehouse-10-20-10-2-1.map,PIBT,0,1025739,17820,100000,185,8195,0,warehouse-10-20-10-2-1-random-11.scen
220,warehouse-10-20-10-2-1.map,PIBTOLD,0,1025739,17820,100000,185,4396,0,warehouse-10-20-10-2-1-random-11.scen
220,warehouse-10-20-10-2-1.map,PIBT,0,227604,17820,100000,185,9017,1,warehouse-10-20-10-2-1-random-11.scen
220,warehouse-10-20-10-2-1.map,PIBTOLD,0,1025739,17820,100000,185,4345,1,warehouse-10-20-10-2-1-random-11.scen
220,warehouse-10-20-10-2-1.map,PIBT,0,227604,17820,100000,185,8960,10,warehouse-10-20-10-2-1-random-11.scen
220,warehouse-10-20-10-2-1.map,PIBTOLD,0,1025739,17820,100000,185,4526,10,warehouse-10-20-10-2-1-random-11.scen
220,warehouse-10-20-10-2-1.map,PIBT,0,227604,17820,100000,185,8946,100,warehouse-10-20-10-2-1-random-11.scen
220,warehouse-10-20-10-2-1.map,PIBTOLD,0,1025739,17820,100000,185,4338,100,warehouse-10-20-10-2-1-random-11.scen
220,warehouse-10-20-10-2-1.map,PIBT,0,227604,17820,100000,185,8932,1000,warehouse-10-20-10-2-1-random-11.scen
220,warehouse-10-20-10-2-1.map,PIBTOLD,0,1025739,17820,100000,185,4368,1000,warehouse-10-20-10-2-1-random-11.scen
260,warehouse-10-20-10-2-1.map,PIBT,0,1529853,20766,100000,185,10354,0,warehouse-10-20-10-2-1-random-11.scen
260,warehouse-10-20-10-2-1.map,PIBTOLD,0,1529853,20766,100000,185,5220,0,warehouse-10-20-10-2-1-random-11.scen
260,warehouse-10-20-10-2-1.map,PIBT,0,433399,20766,100000,185,13589,1,warehouse-10-20-10-2-1-random-11.scen
260,warehouse-10-20-10-2-1.map,PIBTOLD,0,1529853,20766,100000,185,5211,1,warehouse-10-20-10-2-1-random-11.scen
260,warehouse-10-20-10-2-1.map,PIBT,0,433399,20766,100000,185,13539,10,warehouse-10-20-10-2-1-random-11.scen
260,warehouse-10-20-10-2-1.map,PIBTOLD,0,1529853,20766,100000,185,5340,10,warehouse-10-20-10-2-1-random-11.scen
260,warehouse-10-20-10-2-1.map,PIBT,0,433399,20766,100000,185,13540,100,warehouse-10-20-10-2-1-random-11.scen
260,warehouse-10-20-10-2-1.map,PIBTOLD,0,1529853,20766,100000,185,5252,100,warehouse-10-20-10-2-1-random-11.scen
260,warehouse-10-20-10-2-1.map,PIBT,0,433399,20766,100000,185,13545,1000,warehouse-10-20-10-2-1-random-11.scen
260,warehouse-10-20-10-2-1.map,PIBTOLD,0,1529853,20766,100000,185,5257,1000,warehouse-10-20-10-2-1-random-11.scen
300,warehouse-10-20-10-2-1.map,PIBT,0,2234973,23905,100000,185,13431,0,warehouse-10-20-10-2-1-random-11.scen
300,warehouse-10-20-10-2-1.map,PIBTOLD,0,2234973,23905,100000,185,6181,0,warehouse-10-20-10-2-1-random-11.scen
300,warehouse-10-20-10-2-1.map,PIBT,0,1235008,23905,100000,185,18241,1,warehouse-10-20-10-2-1-random-11.scen
300,warehouse-10-20-10-2-1.map,PIBTOLD,0,2234973,23905,100000,185,6209,1,warehouse-10-20-10-2-1-random-11.scen
300,warehouse-10-20-10-2-1.map,PIBT,0,1235008,23905,100000,185,18058,10,warehouse-10-20-10-2-1-random-11.scen
300,warehouse-10-20-10-2-1.map,PIBTOLD,0,2234973,23905,100000,185,6401,10,warehouse-10-20-10-2-1-random-11.scen
300,warehouse-10-20-10-2-1.map,PIBT,0,1235008,23905,100000,185,18121,100,warehouse-10-20-10-2-1-random-11.scen
300,warehouse-10-20-10-2-1.map,PIBTOLD,0,2234973,23905,100000,185,6232,100,warehouse-10-20-10-2-1-random-11.scen
300,warehouse-10-20-10-2-1.map,PIBT,0,1235008,23905,100000,185,18043,1000,warehouse-10-20-10-2-1-random-11.scen
300,warehouse-10-20-10-2-1.map,PIBTOLD,0,2234973,23905,100000,185,6244,1000,warehouse-10-20-10-2-1-random-11.scen
340,warehouse-10-20-10-2-1.map,PIBT,0,3340853,27100,100000,191,16293,0,warehouse-10-20-10-2-1-random-11.scen
340,warehouse-10-20-10-2-1.map,PIBTOLD,0,3340853,27100,100000,191,7157,0,warehouse-10-20-10-2-1-random-11.scen
340,warehouse-10-20-10-2-1.map,PIBT,0,241871,27100,100000,191,31328,1,warehouse-10-20-10-2-1-random-11.scen
340,warehouse-10-20-10-2-1.map,PIBTOLD,0,3340853,27100,100000,191,7303,1,warehouse-10-20-10-2-1-random-11.scen
340,warehouse-10-20-10-2-1.map,PIBT,0,844153,27100,100000,191,20034,10,warehouse-10-20-10-2-1-random-11.scen
340,warehouse-10-20-10-2-1.map,PIBTOLD,0,3340853,27100,100000,191,7215,10,warehouse-10-20-10-2-1-random-11.scen
340,warehouse-10-20-10-2-1.map,PIBT,0,844153,27100,100000,191,19899,100,warehouse-10-20-10-2-1-random-11.scen
340,warehouse-10-20-10-2-1.map,PIBTOLD,0,3340853,27100,100000,191,7479,100,warehouse-10-20-10-2-1-random-11.scen
340,warehouse-10-20-10-2-1.map,PIBT,0,844153,27100,100000,191,20196,1000,warehouse-10-20-10-2-1-random-11.scen
340,warehouse-10-20-10-2-1.map,PIBTOLD,0,3340853,27100,100000,191,7219,1000,warehouse-10-20-10-2-1-random-11.scen
380,warehouse-10-20-10-2-1.map,PIBT,0,4047546,30258,100000,191,19754,0,warehouse-10-20-10-2-1-random-11.scen
380,warehouse-10-20-10-2-1.map,PIBTOLD,0,4047546,30258,100000,191,8366,0,warehouse-10-20-10-2-1-random-11.scen
380,warehouse-10-20-10-2-1.map,PIBT,0,246689,30258,100000,191,28122,1,warehouse-10-20-10-2-1-random-11.scen
380,warehouse-10-20-10-2-1.map,PIBTOLD,0,4047546,30258,100000,191,8116,1,warehouse-10-20-10-2-1-random-11.scen
380,warehouse-10-20-10-2-1.map,PIBT,0,850483,30258,100000,191,24874,10,warehouse-10-20-10-2-1-random-11.scen
380,warehouse-10-20-10-2-1.map,PIBTOLD,0,4047546,30258,100000,191,8141,10,warehouse-10-20-10-2-1-random-11.scen
380,warehouse-10-20-10-2-1.map,PIBT,0,850483,30258,100000,191,25100,100,warehouse-10-20-10-2-1-random-11.scen
380,warehouse-10-20-10-2-1.map,PIBTOLD,0,4047546,30258,100000,191,8292,100,warehouse-10-20-10-2-1-random-11.scen
380,warehouse-10-20-10-2-1.map,PIBT,0,850483,30258,100000,191,25296,1000,warehouse-10-20-10-2-1-random-11.scen
380,warehouse-10-20-10-2-1.map,PIBTOLD,0,4047546,30258,100000,191,8306,1000,warehouse-10-20-10-2-1-random-11.scen
20,warehouse-10-20-10-2-1.map,PIBT,1,1727,1604,162,162,2,0,warehouse-10-20-10-2-1-random-18.scen
20,warehouse-10-20-10-2-1.map,PIBTOLD,1,1727,1604,162,162,2,0,warehouse-10-20-10-2-1-random-18.scen
20,warehouse-10-20-10-2-1.map,PIBT,1,1690,1604,170,162,3,1,warehouse-10-20-10-2-1-random-18.scen
20,warehouse-10-20-10-2-1.map,PIBTOLD,1,1727,1604,162,162,2,1,warehouse-10-20-10-2-1-random-18.scen
20,warehouse-10-20-10-2-1.map,PIBT,1,1690,1604,170,162,3,10,warehouse-10-20-10-2-1-random-18.scen
20,warehouse-10-20-10-2-1.map,PIBTOLD,1,1727,1604,162,162,2,10,warehouse-10-20-10-2-1-random-18.scen
20,warehouse-10-20-10-2-1.map,PIBT,1,1690,1604,170,162,3,100,warehouse-10-20-10-2-1-random-18.scen
20,warehouse-10-20-10-2-1.map,PIBTOLD,1,1727,1604,162,162,2,100,warehouse-10-20-10-2-1-random-18.scen
20,warehouse-10-20-10-2-1.map,PIBT,1,1690,1604,170,162,3,1000,warehouse-10-20-10-2-1-random-18.scen
20,warehouse-10-20-10-2-1.map,PIBTOLD,1,1727,1604,162,162,2,1000,warehouse-10-20-10-2-1-random-18.scen
60,warehouse-10-20-10-2-1.map,PIBT,1,6061,5198,192,185,9,0,warehouse-10-20-10-2-1-random-18.scen
60,warehouse-10-20-10-2-1.map,PIBTOLD,1,6061,5198,192,185,8,0,warehouse-10-20-10-2-1-random-18.scen
60,warehouse-10-20-10-2-1.map,PIBT,0,5909,5198,100000,185,2014,1,warehouse-10-20-10-2-1-random-18.scen
60,warehouse-10-20-10-2-1.map,PIBTOLD,1,6061,5198,192,185,8,1,warehouse-10-20-10-2-1-random-18.scen
60,warehouse-10-20-10-2-1.map,PIBT,0,5909,5198,100000,185,1983,10,warehouse-10-20-10-2-1-random-18.scen
60,warehouse-10-20-10-2-1.map,PIBTOLD,1,6061,5198,192,185,8,10,warehouse-10-20-10-2-1-random-18.scen
60,warehouse-10-20-10-2-1.map,PIBT,0,5909,5198,100000,185,2013,100,warehouse-10-20-10-2-1-random-18.scen
60,warehouse-10-20-10-2-1.map,PIBTOLD,1,6061,5198,192,185,8,100,warehouse-10-20-10-2-1-random-18.scen
60,warehouse-10-20-10-2-1.map,PIBT,0,5909,5198,100000,185,2000,1000,warehouse-10-20-10-2-1-random-18.scen
60,warehouse-10-20-10-2-1.map,PIBTOLD,1,6061,5198,192,185,8,1000,warehouse-10-20-10-2-1-random-18.scen
100,warehouse-10-20-10-2-1.map,PIBT,0,410642,8626,100000,185,3061,0,warehouse-10-20-10-2-1-random-18.scen
100,warehouse-10-20-10-2-1.map,PIBTOLD,0,410642,8626,100000,185,2205,0,warehouse-10-20-10-2-1-random-18.scen
100,warehouse-10-20-10-2-1.map,PIBT,0,209851,8626,100000,185,4045,1,warehouse-10-20-10-2-1-random-18.scen
100,warehouse-10-20-10-2-1.map,PIBTOLD,0,410642,8626,100000,185,2202,1,warehouse-10-20-10-2-1-random-18.scen
100,warehouse-10-20-10-2-1.map,PIBT,0,209851,8626,100000,185,4127,10,warehouse-10-20-10-2-1-random-18.scen
100,warehouse-10-20-10-2-1.map,PIBTOLD,0,410642,8626,100000,185,2178,10,warehouse-10-20-10-2-1-random-18.scen
100,warehouse-10-20-10-2-1.map,PIBT,0,209851,8626,100000,185,3990,100,warehouse-10-20-10-2-1-random-18.scen
100,warehouse-10-20-10-2-1.map,PIBTOLD,0,410642,8626,100000,185,2156,100,warehouse-10-20-10-2-1-random-18.scen
100,warehouse-10-20-10-2-1.map,PIBT,0,209851,8626,100000,185,3976,1000,warehouse-10-20-10-2-1-random-18.scen
100,warehouse-10-20-10-2-1.map,PIBTOLD,0,410642,8626,100000,185,2185,1000,warehouse-10-20-10-2-1-random-18.scen
140,warehouse-10-20-10-2-1.map,PIBT,0,815517,12220,100000,185,4668,0,warehouse-10-20-10-2-1-random-18.scen
140,warehouse-10-20-10-2-1.map,PIBTOLD,0,815517,12220,100000,185,2979,0,warehouse-10-20-10-2-1-random-18.scen
140,warehouse-10-20-10-2-1.map,PIBT,0,215436,12220,100000,185,6178,1,warehouse-10-20-10-2-1-random-18.scen
140,warehouse-10-20-10-2-1.map,PIBTOLD,0,815517,12220,100000,185,2900,1,warehouse-10-20-10-2-1-random-18.scen
140,warehouse-10-20-10-2-1.map,PIBT,0,215436,12220,100000,185,6184,10,warehouse-10-20-10-2-1-random-18.scen
140,warehouse-10-20-10-2-1.map,PIBTOLD,0,815517,12220,100000,185,2926,10,warehouse-10-20-10-2-1-random-18.scen
140,warehouse-10-20-10-2-1.map,PIBT,0,215436,12220,100000,185,6110,100,warehouse-10-20-10-2-1-random-18.scen
140,warehouse-10-20-10-2-1.map,PIBTOLD,0,815517,12220,100000,185,2886,100,warehouse-10-20-10-2-1-random-18.scen
140,warehouse-10-20-10-2-1.map,PIBT,0,215436,12220,100000,185,6469,1000,warehouse-10-20-10-2-1-random-18.scen
140,warehouse-10-20-10-2-1.map,PIBTOLD,0,815517,12220,100000,185,3029,1000,warehouse-10-20-10-2-1-random-18.scen
180,warehouse-10-20-10-2-1.map,PIBT,0,920025,14852,100000,185,6325,0,warehouse-10-20-10-2-1-random-18.scen
180,warehouse-10-20-10-2-1.map,PIBTOLD,0,920025,14852,100000,185,3636,0,warehouse-10-20-10-2-1-random-18.scen
180,warehouse-10-20-10-2-1.map,PIBT,0,419990,14852,100000,185,7305,1,warehouse-10-20-10-2-1-random-18.scen
180,warehouse-10-20-10-2-1.map,PIBTOLD,0,920025,14852,100000,185,3681,1,warehouse-10-20-10-2-1-random-18.scen
180,warehouse-10-20-10-2-1.map,PIBT,0,419990,14852,100000,185,7357,10,warehouse-10-20-10-2-1-random-18.scen
180,warehouse-10-20-10-2-1.map,PIBTOLD,0,920025,14852,100000,185,3639,10,warehouse-10-20-10-2-1-random-18.scen
180,warehouse-10-20-10-2-1.map,PIBT,0,419990,14852,100000,185,7351,100,warehouse-10-20-10-2-1-random-18.scen
180,warehouse-10-20-10-2-1.map,PIBTOLD,0,920025,14852,100000,185,3614,100,warehouse-10-20-10-2-1-random-18.scen
180,warehouse-10-20-10-2-1.map,PIBT,0,419990,14852,100000,185,7240,1000,warehouse-10-20-10-2-1-random-18.scen
180,warehouse-10-20-10-2-1.map,PIBTOLD,0,920025,14852,100000,185,3621,1000,warehouse-10-20-10-2-1-random-18.scen
220,warehouse-10-20-10-2-1.map,PIBT,0,1025739,17820,100000,185,8185,0,warehouse-10-20-10-2-1-random-18.scen
220,warehouse-10-20-10-2-1.map,PIBTOLD,0,1025739,17820,100000,185,4410,0,warehouse-10-20-10-2-1-random-18.scen
220,warehouse-10-20-10-2-1.map,PIBT,0,227604,17820,100000,185,9142,1,warehouse-10-20-10-2-1-random-18.scen
220,warehouse-10-20-10-2-1.map,PIBTOLD,0,1025739,17820,100000,185,4490,1,warehouse-10-20-10-2-1-random-18.scen
220,warehouse-10-20-10-2-1.map,PIBT,0,227604,17820,100000,185,9301,10,warehouse-10-20-10-2-1-random-18.scen
220,warehouse-10-20-10-2-1.map,PIBTOLD,0,1025739,17820,100000,185,4501,10,warehouse-10-20-10-2-1-random-18.scen
220,warehouse-10-20-10-2-1.map,PIBT,0,227604,17820,100000,185,9275,100,warehouse-10-20-10-2-1-random-18.scen
220,warehouse-10-20-10-2-1.map,PIBTOLD,0,1025739,17820,100000,185,4441,100,warehouse-10-20-10-2-1-random-18.scen
220,warehouse-10-20-10-2-1.map,PIBT,0,227604,17820,100000,185,9117,1000,warehouse-10-20-10-2-1-random-18.scen
220,warehouse-10-20-10-2-1.map,PIBTOLD,0,1025739,17820,100000,185,4510,1000,warehouse-10-20-10-2-1-random-18.scen
260,warehouse-10-20-10-2-1.map,PIBT,0,1529853,20766,100000,185,10764,0,warehouse-10-20-10-2-1-random-18.scen
260,warehouse-10-20-10-2-1.map,PIBTOLD,0,1529853,20766,100000,185,5402,0,warehouse-10-20-10-2-1-random-18.scen
260,warehouse-10-20-10-2-1.map,PIBT,0,433399,20766,100000,185,13581,1,warehouse-10-20-10-2-1-random-18.scen
260,warehouse-10-20-10-2-1.map,PIBTOLD,0,1529853,20766,100000,185,5469,1,warehouse-10-20-10-2-1-random-18.scen
260,warehouse-10-20-10-2-1.map,PIBT,0,433399,20766,100000,185,13777,10,warehouse-10-20-10-2-1-random-18.scen
260,warehouse-10-20-10-2-1.map,PIBTOLD,0,1529853,20766,100000,185,5449,10,warehouse-10-20-10-2-1-random-18.scen
260,warehouse-10-20-10-2-1.map,PIBT,0,433399,20766,100000,185,13919,100,warehouse-10-20-10-2-1-random-18.scen
260,warehouse-10-20-10-2-1.map,PIBTOLD,0,1529853,20766,100000,185,5290,100,warehouse-10-20-10-2-1-random-18.scen
260,warehouse-10-20-10-2-1.map,PIBT,0,433399,20766,100000,185,13709,1000,warehouse-10-20-10-2-1-random-18.scen
260,warehouse-10-20-10-2-1.map,PIBTOLD,0,1529853,20766,100000,185,5441,1000,warehouse-10-20-10-2-1-random-18.scen
300,warehouse-10-20-10-2-1.map,PIBT,0,2234973,23905,100000,185,13812,0,warehouse-10-20-10-2-1-random-18.scen
300,warehouse-10-20-10-2-1.map,PIBTOLD,0,2234973,23905,100000,185,6429,0,warehouse-10-20-10-2-1-random-18.scen
300,warehouse-10-20-10-2-1.map,PIBT,0,1235008,23905,100000,185,18436,1,warehouse-10-20-10-2-1-random-18.scen
300,warehouse-10-20-10-2-1.map,PIBTOLD,0,2234973,23905,100000,185,6345,1,warehouse-10-20-10-2-1-random-18.scen
300,warehouse-10-20-10-2-1.map,PIBT,0,1235008,23905,100000,185,18287,10,warehouse-10-20-10-2-1-random-18.scen
300,warehouse-10-20-10-2-1.map,PIBTOLD,0,2234973,23905,100000,185,6431,10,warehouse-10-20-10-2-1-random-18.scen
300,warehouse-10-20-10-2-1.map,PIBT,0,1235008,23905,100000,185,18379,100,warehouse-10-20-10-2-1-random-18.scen
300,warehouse-10-20-10-2-1.map,PIBTOLD,0,2234973,23905,100000,185,6288,100,warehouse-10-20-10-2-1-random-18.scen
300,warehouse-10-20-10-2-1.map,PIBT,0,1235008,23905,100000,185,18583,1000,warehouse-10-20-10-2-1-random-18.scen
300,warehouse-10-20-10-2-1.map,PIBTOLD,0,2234973,23905,100000,185,6312,1000,warehouse-10-20-10-2-1-random-18.scen
340,warehouse-10-20-10-2-1.map,PIBT,0,3340853,27100,100000,191,16824,0,warehouse-10-20-10-2-1-random-18.scen
340,warehouse-10-20-10-2-1.map,PIBTOLD,0,3340853,27100,100000,191,7371,0,warehouse-10-20-10-2-1-random-18.scen
340,warehouse-10-20-10-2-1.map,PIBT,0,1242590,27100,100000,191,22266,1,warehouse-10-20-10-2-1-random-18.scen
340,warehouse-10-20-10-2-1.map,PIBTOLD,0,3340853,27100,100000,191,7386,1,warehouse-10-20-10-2-1-random-18.scen
340,warehouse-10-20-10-2-1.map,PIBT,0,844153,27100,100000,191,20509,10,warehouse-10-20-10-2-1-random-18.scen
340,warehouse-10-20-10-2-1.map,PIBTOLD,0,3340853,27100,100000,191,7332,10,warehouse-10-20-10-2-1-random-18.scen
340,warehouse-10-20-10-2-1.map,PIBT,0,844153,27100,100000,191,20387,100,warehouse-10-20-10-2-1-random-18.scen
340,warehouse-10-20-10-2-1.map,PIBTOLD,0,3340853,27100,100000,191,7271,100,warehouse-10-20-10-2-1-random-18.scen
340,warehouse-10-20-10-2-1.map,PIBT,0,844153,27100,100000,191,20498,1000,warehouse-10-20-10-2-1-random-18.scen
340,warehouse-10-20-10-2-1.map,PIBTOLD,0,3340853,27100,100000,191,7543,1000,warehouse-10-20-10-2-1-random-18.scen
380,warehouse-10-20-10-2-1.map,PIBT,0,4047546,30258,100000,191,19841,0,warehouse-10-20-10-2-1-random-18.scen
380,warehouse-10-20-10-2-1.map,PIBTOLD,0,4047546,30258,100000,191,8375,0,warehouse-10-20-10-2-1-random-18.scen
380,warehouse-10-20-10-2-1.map,PIBT,0,847348,30258,100000,191,30570,1,warehouse-10-20-10-2-1-random-18.scen
380,warehouse-10-20-10-2-1.map,PIBTOLD,0,4047546,30258,100000,191,8330,1,warehouse-10-20-10-2-1-random-18.scen
380,warehouse-10-20-10-2-1.map,PIBT,0,850483,30258,100000,191,25098,10,warehouse-10-20-10-2-1-random-18.scen
380,warehouse-10-20-10-2-1.map,PIBTOLD,0,4047546,30258,100000,191,8196,10,warehouse-10-20-10-2-1-random-18.scen
380,warehouse-10-20-10-2-1.map,PIBT,0,850483,30258,100000,191,24866,100,warehouse-10-20-10-2-1-random-18.scen
380,warehouse-10-20-10-2-1.map,PIBTOLD,0,4047546,30258,100000,191,8184,100,warehouse-10-20-10-2-1-random-18.scen
380,warehouse-10-20-10-2-1.map,PIBT,0,850483,30258,100000,191,24845,1000,warehouse-10-20-10-2-1-random-18.scen
380,warehouse-10-20-10-2-1.map,PIBTOLD,0,4047546,30258,100000,191,8171,1000,warehouse-10-20-10-2-1-random-18.scen
20,warehouse-10-20-10-2-1.map,PIBT,1,1727,1604,162,162,3,0,warehouse-10-20-10-2-1-random-25.scen
20,warehouse-10-20-10-2-1.map,PIBTOLD,1,1727,1604,162,162,3,0,warehouse-10-20-10-2-1-random-25.scen
20,warehouse-10-20-10-2-1.map,PIBT,1,1690,1604,170,162,3,1,warehouse-10-20-10-2-1-random-25.scen
20,warehouse-10-20-10-2-1.map,PIBTOLD,1,1727,1604,162,162,3,1,warehouse-10-20-10-2-1-random-25.scen
20,warehouse-10-20-10-2-1.map,PIBT,1,1690,1604,170,162,2,10,warehouse-10-20-10-2-1-random-25.scen
20,warehouse-10-20-10-2-1.map,PIBTOLD,1,1727,1604,162,162,3,10,warehouse-10-20-10-2-1-random-25.scen
20,warehouse-10-20-10-2-1.map,PIBT,1,1690,1604,170,162,3,100,warehouse-10-20-10-2-1-random-25.scen
20,warehouse-10-20-10-2-1.map,PIBTOLD,1,1727,1604,162,162,3,100,warehouse-10-20-10-2-1-random-25.scen
20,warehouse-10-20-10-2-1.map,PIBT,1,1690,1604,170,162,3,1000,warehouse-10-20-10-2-1-random-25.scen
20,warehouse-10-20-10-2-1.map,PIBTOLD,1,1727,1604,162,162,3,1000,warehouse-10-20-10-2-1-random-25.scen
60,warehouse-10-20-10-2-1.map,PIBT,1,6061,5198,192,185,8,0,warehouse-10-20-10-2-1-random-25.scen
60,warehouse-10-20-10-2-1.map,PIBTOLD,1,6061,5198,192,185,8,0,warehouse-10-20-10-2-1-random-25.scen
60,warehouse-10-20-10-2-1.map,PIBT,0,5909,5198,100000,185,1970,1,warehouse-10-20-10-2-1-random-25.scen
60,warehouse-10-20-10-2-1.map,PIBTOLD,1,6061,5198,192,185,8,1,warehouse-10-20-10-2-1-random-25.scen
60,warehouse-10-20-10-2-1.map,PIBT,0,5909,5198,100000,185,1983,10,warehouse-10-20-10-2-1-random-25.scen
60,warehouse-10-20-10-2-1.map,PIBTOLD,1,6061,5198,192,185,7,10,warehouse-10-20-10-2-1-random-25.scen
60,warehouse-10-20-10-2-1.map,PIBT,0,5909,5198,100000,185,1986,100,warehouse-10-20-10-2-1-random-25.scen
60,warehouse-10-20-10-2-1.map,PIBTOLD,1,6061,5198,192,185,8,100,warehouse-10-20-10-2-1-random-25.scen
60,warehouse-10-20-10-2-1.map,PIBT,0,5909,5198,100000,185,1958,1000,warehouse-10-20-10-2-1-random-25.scen
60,warehouse-10-20-10-2-1.map,PIBTOLD,1,6061,5198,192,185,8,1000,warehouse-10-20-10-2-1-random-25.scen
100,warehouse-10-20-10-2-1.map,PIBT,0,410642,8626,100000,185,3029,0,warehouse-10-20-10-2-1-random-25.scen
100,warehouse-10-20-10-2-1.map,PIBTOLD,0,410642,8626,100000,185,2166,0,warehouse-10-20-10-2-1-random-25.scen
100,warehouse-10-20-10-2-1.map,PIBT,0,209851,8626,100000,185,4000,1,warehouse-10-20-10-2-1-random-25.scen
100,warehouse-10-20-10-2-1.map,PIBTOLD,0,410642,8626,100000,185,2151,1,warehouse-10-20-10-2-1-random-25.scen
100,warehouse-10-20-10-2-1.map,PIBT,0,209851,8626,100000,185,4005,10,warehouse-10-20-10-2-1-random-25.scen
100,warehouse-10-20-10-2-1.map,PIBTOLD,0,410642,8626,100000,185,2096,10,warehouse-10-20-10-2-1-random-25.scen
100,warehouse-10-20-10-2-1.map,PIBT,0,209851,8626,100000,185,4024,100,warehouse-10-20-10-2-1-random-25.scen
100,warehouse-10-20-10-2-1.map,PIBTOLD,0,410642,8626,100000,185,2159,100,warehouse-10-20-10-2-1-random-25.scen
100,warehouse-10-20-10-2-1.map,PIBT,0,209851,8626,100000,185,3934,1000,warehouse-10-20-10-2-1-random-25.scen
100,warehouse-10-20-10-2-1.map,PIBTOLD,0,410642,8626,100000,185,2111,1000,warehouse-10-20-10-2-1-random-25.scen
140,warehouse-10-20-10-2-1.map,PIBT,0,815517,12220,100000,185,4625,0,warehouse-10-20-10-2-1-random-25.scen
140,warehouse-10-20-10-2-1.map,PIBTOLD,0,815517,12220,100000,185,2901,0,warehouse-10-20-10-2-1-random-25.scen
140,warehouse-10-20-10-2-1.map,PIBT,0,215436,12220,100000,185,6117,1,warehouse-10-20-10-2-1-random-25.scen
140,warehouse-10-20-10-2-1.map,PIBTOLD,0,815517,12220,100000,185,2847,1,warehouse-10-20-10-2-1-random-25.scen
140,warehouse-10-20-10-2-1.map,PIBT,0,215436,12220,100000,185,6114,10,warehouse-10-20-10-2-1-random-25.scen
140,warehouse-10-20-10-2-1.map,PIBTOLD,0,815517,12220,100000,185,2849,10,warehouse-10-20-10-2-1-random-25.scen
140,warehouse-10-20-10-2-1.map,PIBT,0,215436,12220,100000,185,6083,100,warehouse-10-20-10-2-1-random-25.scen
140,warehouse-10-20-10-2-1.map,PIBTOLD,0,815517,12220,100000,185,2853,100,warehouse-10-20-10-2-1-random-25.scen
140,warehouse-10-20-10-2-1.map,PIBT,0,215436,12220,100000,185,5988,1000,warehouse-10-20-10-2-1-random-25.scen
140,warehouse-10-20-10-2-1.map,PIBTOLD,0,815517,12220,100000,185,2836,1000,warehouse-10-20-10-2-1-random-25.scen
180,warehouse-10-20-10-2-1.map,PIBT,0,920025,14852,100000,185,6183,0,warehouse-10-20-10-2-1-random-25.scen
180,warehouse-10-20-10-2-1.map,PIBTOLD,0,920025,14852,100000,185,3607,0,warehouse-10-20-10-2-1-random-25.scen
180,warehouse-10-20-10-2-1.map,PIBT,0,419990,14852,100000,185,7118,1,warehouse-10-20-10-2-1-random-25.scen
180,warehouse-10-20-10-2-1.map,PIBTOLD,0,920025,14852,100000,185,3635,1,warehouse-10-20-10-2-1-random-25.scen
180,warehouse-10-20-10-2-1.map,PIBT,0,419990,14852,100000,185,7198,10,warehouse-10-20-10-2-1-random-25.scen
180,warehouse-10-20-10-2-1.map,PIBTOLD,0,920025,14852,100000,185,3648,10,warehouse-10-20-10-2-1-random-25.scen
180,warehouse-10-20-10-2-1.map,PIBT,0,419990,14852,100000,185,7224,100,warehouse-10-20-10-2-1-random-25.scen
180,warehouse-10-20-10-2-1.map,PIBTOLD,0,920025,14852,100000,185,3584,100,warehouse-10-20-10-2-1-random-25.scen
180,warehouse-10-20-10-2-1.map,PIBT,0,419990,14852,100000,185,7141,1000,warehouse-10-20-10-2-1-random-25.scen
180,warehouse-10-20-10-2-1.map,PIBTOLD,0,920025,14852,100000,185,3684,1000,warehouse-10-20-10-2-1-random-25.scen
220,warehouse-10-20-10-2-1.map,PIBT,0,1025739,17820,100000,185,8126,0,warehouse-10-20-10-2-1-random-25.scen
220,warehouse-10-20-10-2-1.map,PIBTOLD,0,1025739,17820,100000,185,4423,0,warehouse-10-20-10-2-1-random-25.scen
220,warehouse-10-20-10-2-1.map,PIBT,0,227604,17820,100000,185,9010,1,warehouse-10-20-10-2-1-random-25.scen
220,warehouse-10-20-10-2-1.map,PIBTOLD,0,1025739,17820,100000,185,4365,1,warehouse-10-20-10-2-1-random-25.scen
220,warehouse-10-20-10-2-1.map,PIBT,0,227604,17820,100000,185,9031,10,warehouse-10-20-10-2-1-random-25.scen
220,warehouse-10-20-10-2-1.map,PIBTOLD,0,1025739,17820,100000,185,4348,10,warehouse-10-20-10-2-1-random-25.scen
220,warehouse-10-20-10-2-1.map,PIBT,0,227604,17820,100000,185,8982,100,warehouse-10-20-10-2-1-random-25.scen
220,warehouse-10-20-10-2-1.map,PIBTOLD,0,1025739,17820,100000,185,4356,100,warehouse-10-20-10-2-1-random-25.scen
220,warehouse-10-20-10-2-1.map,PIBT,0,227604,17820,100000,185,8967,1000,warehouse-10-20-10-2-1-random-25.scen
220,warehouse-10-20-10-2-1.map,PIBTOLD,0,1025739,17820,100000,185,4420,1000,warehouse-10-20-10-2-1-random-25.scen
260,warehouse-10-20-10-2-1.map,PIBT,0,1529853,20766,100000,185,10394,0,warehouse-10-20-10-2-1-random-25.scen
260,warehouse-10-20-10-2-1.map,PIBTOLD,0,1529853,20766,100000,185,5241,0,warehouse-10-20-10-2-1-random-25.scen
260,warehouse-10-20-10-2-1.map,PIBT,0,433399,20766,100000,185,13767,1,warehouse-10-20-10-2-1-random-25.scen
260,warehouse-10-20-10-2-1.map,PIBTOLD,0,1529853,20766,100000,185,5312,1,warehouse-10-20-10-2-1-random-25.scen
260,warehouse-10-20-10-2-1.map,PIBT,0,433399,20766,100000,185,13850,10,warehouse-10-20-10-2-1-random-25.scen
260,warehouse-10-20-10-2-1.map,PIBTOLD,0,1529853,20766,100000,185,5645,10,warehouse-10-20-10-2-1-random-25.scen
260,warehouse-10-20-10-2-1.map,PIBT,0,433399,20766,100000,185,13744,100,warehouse-10-20-10-2-1-random-25.scen
260,warehouse-10-20-10-2-1.map,PIBTOLD,0,1529853,20766,100000,185,5433,100,warehouse-10-20-10-2-1-random-25.scen
260,warehouse-10-20-10-2-1.map,PIBT,0,433399,20766,100000,185,13767,1000,warehouse-10-20-10-2-1-random-25.scen
260,warehouse-10-20-10-2-1.map,PIBTOLD,0,1529853,20766,100000,185,5453,1000,warehouse-10-20-10-2-1-random-25.scen
300,warehouse-10-20-10-2-1.map,PIBT,0,2234973,23905,100000,185,13575,0,warehouse-10-20-10-2-1-random-25.scen
300,warehouse-10-20-10-2-1.map,PIBTOLD,0,2234973,23905,100000,185,6103,0,warehouse-10-20-10-2-1-random-25.scen
300,warehouse-10-20-10-2-1.map,PIBT,0,1235008,23905,100000,185,18218,1,warehouse-10-20-10-2-1-random-25.scen
300,warehouse-10-20-10-2-1.map,PIBTOLD,0,2234973,23905,100000,185,6271,1,warehouse-10-20-10-2-1-random-25.scen
300,warehouse-10-20-10-2-1.map,PIBT,0,1235008,23905,100000,185,18044,10,warehouse-10-20-10-2-1-random-25.scen
300,warehouse-10-20-10-2-1.map,PIBTOLD,0,2234973,23905,100000,185,6213,10,warehouse-10-20-10-2-1-random-25.scen
300,warehouse-10-20-10-2-1.map,PIBT,0,1235008,23905,100000,185,18392,100,warehouse-10-20-10-2-1-random-25.scen
300,warehouse-10-20-10-2-1.map,PIBTOLD,0,2234973,23905,100000,185,6212,100,warehouse-10-20-10-2-1-random-25.scen
300,warehouse-10-20-10-2-1.map,PIBT,0,1235008,23905,100000,185,18287,1000,warehouse-10-20-10-2-1-random-25.scen
300,warehouse-10-20-10-2-1.map,PIBTOLD,0,2234973,23905,100000,185,6164,1000,warehouse-10-20-10-2-1-random-25.scen
340,warehouse-10-20-10-2-1.map,PIBT,0,3340853,27100,100000,191,16394,0,warehouse-10-20-10-2-1-random-25.scen
340,warehouse-10-20-10-2-1.map,PIBTOLD,0,3340853,27100,100000,191,7153,0,warehouse-10-20-10-2-1-random-25.scen
340,warehouse-10-20-10-2-1.map,PIBT,0,247835,27100,100000,191,20190,1,warehouse-10-20-10-2-1-random-25.scen
340,warehouse-10-20-10-2-1.map,PIBTOLD,0,3340853,27100,100000,191,7299,1,warehouse-10-20-10-2-1-random-25.scen
340,warehouse-10-20-10-2-1.map,PIBT,0,844153,27100,100000,191,20098,10,warehouse-10-20-10-2-1-random-25.scen
340,warehouse-10-20-10-2-1.map,PIBTOLD,0,3340853,27100,100000,191,7477,10,warehouse-10-20-10-2-1-random-25.scen
340,warehouse-10-20-10-2-1.map,PIBT,0,844153,27100,100000,191,21222,100,warehouse-10-20-10-2-1-random-25.scen
340,warehouse-10-20-10-2-1.map,PIBTOLD,0,3340853,27100,100000,191,7371,100,warehouse-10-20-10-2-1-random-25.scen
340,warehouse-10-20-10-2-1.map,PIBT,0,844153,27100,100000,191,20065,1000,warehouse-10-20-10-2-1-random-25.scen
340,warehouse-10-20-10-2-1.map,PIBTOLD,0,3340853,27100,100000,191,7186,1000,warehouse-10-20-10-2-1-random-25.scen
380,warehouse-10-20-10-2-1.map,PIBT,0,4047546,30258,100000,191,19627,0,warehouse-10-20-10-2-1-random-25.scen
380,warehouse-10-20-10-2-1.map,PIBTOLD,0,4047546,30258,100000,191,8018,0,warehouse-10-20-10-2-1-random-25.scen
380,warehouse-10-20-10-2-1.map,PIBT,0,1048270,30258,100000,191,26384,1,warehouse-10-20-10-2-1-random-25.scen
380,warehouse-10-20-10-2-1.map,PIBTOLD,0,4047546,30258,100000,191,8052,1,warehouse-10-20-10-2-1-random-25.scen
380,warehouse-10-20-10-2-1.map,PIBT,0,850483,30258,100000,191,24637,10,warehouse-10-20-10-2-1-random-25.scen
380,warehouse-10-20-10-2-1.map,PIBTOLD,0,4047546,30258,100000,191,8067,10,warehouse-10-20-10-2-1-random-25.scen
380,warehouse-10-20-10-2-1.map,PIBT,0,850483,30258,100000,191,25009,100,warehouse-10-20-10-2-1-random-25.scen
380,warehouse-10-20-10-2-1.map,PIBTOLD,0,4047546,30258,100000,191,8234,100,warehouse-10-20-10-2-1-random-25.scen
380,warehouse-10-20-10-2-1.map,PIBT,0,850483,30258,100000,191,24838,1000,warehouse-10-20-10-2-1-random-25.scen
380,warehouse-10-20-10-2-1.map,PIBTOLD,0,4047546,30258,100000,191,8071,1000,warehouse-10-20-10-2-1-random-25.scen
20,warehouse-10-20-10-2-1.map,PIBT,1,1727,1604,162,162,3,0,warehouse-10-20-10-2-1-random-19.scen
20,warehouse-10-20-10-2-1.map,PIBTOLD,1,1727,1604,162,162,2,0,warehouse-10-20-10-2-1-random-19.scen
20,warehouse-10-20-10-2-1.map,PIBT,1,1690,1604,170,162,3,1,warehouse-10-20-10-2-1-random-19.scen
20,warehouse-10-20-10-2-1.map,PIBTOLD,1,1727,1604,162,162,3,1,warehouse-10-20-10-2-1-random-19.scen
20,warehouse-10-20-10-2-1.map,PIBT,1,1690,1604,170,162,3,10,warehouse-10-20-10-2-1-random-19.scen
20,warehouse-10-20-10-2-1.map,PIBTOLD,1,1727,1604,162,162,3,10,warehouse-10-20-10-2-1-random-19.scen
20,warehouse-10-20-10-2-1.map,PIBT,1,1690,1604,170,162,3,100,warehouse-10-20-10-2-1-random-19.scen
20,warehouse-10-20-10-2-1.map,PIBTOLD,1,1727,1604,162,162,3,100,warehouse-10-20-10-2-1-random-19.scen
20,warehouse-10-20-10-2-1.map,PIBT,1,1690,1604,170,162,3,1000,warehouse-10-20-10-2-1-random-19.scen
20,warehouse-10-20-10-2-1.map,PIBTOLD,1,1727,1604,162,162,3,1000,warehouse-10-20-10-2-1-random-19.scen
60,warehouse-10-20-10-2-1.map,PIBT,1,6061,5198,192,185,9,0,warehouse-10-20-10-2-1-random-19.scen
60,warehouse-10-20-10-2-1.map,PIBTOLD,1,6061,5198,192,185,8,0,warehouse-10-20-10-2-1-random-19.scen
60,warehouse-10-20-10-2-1.map,PIBT,0,5909,5198,100000,185,1955,1,warehouse-10-20-10-2-1-random-19.scen
60,warehouse-10-20-10-2-1.map,PIBTOLD,1,6061,5198,192,185,8,1,warehouse-10-20-10-2-1-random-19.scen
60,warehouse-10-20-10-2-1.map,PIBT,0,5909,5198,100000,185,1956,10,warehouse-10-20-10-2-1-random-19.scen
60,warehouse-10-20-10-2-1.map,PIBTOLD,1,6061,5198,192,185,8,10,warehouse-10-20-10-2-1-random-19.scen
60,warehouse-10-20-10-2-1.map,PIBT,0,5909,5198,100000,185,1947,100,warehouse-10-20-10-2-1-random-19.scen
60,warehouse-10-20-10-2-1.map,PIBTOLD,1,6061,5198,192,185,8,100,warehouse-10-20-10-2-1-random-19.scen
60,warehouse-10-20-10-2-1.map,PIBT,0,5909,5198,100000,185,1950,1000,warehouse-10-20-10-2-1-random-19.scen
60,warehouse-10-20-10-2-1.map,PIBTOLD,1,6061,5198,192,185,7,1000,warehouse-10-20-10-2-1-random-19.scen
100,warehouse-10-20-10-2-1.map,PIBT,0,410642,8626,100000,185,3010,0,warehouse-10-20-10-2-1-random-19.scen
100,warehouse-10-20-10-2-1.map,PIBTOLD,0,410642,8626,100000,185,2119,0,warehouse-10-20-10-2-1-random-19.scen
100,warehouse-10-20-10-2-1.map,PIBT,0,209851,8626,100000,185,3976,1,warehouse-10-20-10-2-1-random-19.scen
100,warehouse-10-20-10-2-1.map,PIBTOLD,0,410642,8626,100000,185,2149,1,warehouse-10-20-10-2-1-random-19.scen
100,warehouse-10-20-10-2-1.map,PIBT,0,209851,8626,100000,185,3987,10,warehouse-10-20-10-2-1-random-19.scen
100,warehouse-10-20-10-2-1.map,PIBTOLD,0,410642,8626,100000,185,2155,10,warehouse-10-20-10-2-1-random-19.scen
100,warehouse-10-20-10-2-1.map,PIBT,0,209851,8626,100000,185,4009,100,warehouse-10-20-10-2-1-random-19.scen
100,warehouse-10-20-10-2-1.map,PIBTOLD,0,410642,8626,100000,185,2149,100,warehouse-10-20-10-2-1-random-19.scen
100,warehouse-10-20-10-2-1.map,PIBT,0,209851,8626,100000,185,3974,1000,warehouse-10-20-10-2-1-random-19.scen
100,warehouse-10-20-10-2-1.map,PIBTOLD,0,410642,8626,100000,185,2104,1000,warehouse-10-20-10-2-1-random-19.scen
140,warehouse-10-20-10-2-1.map,PIBT,0,815517,12220,100000,185,4611,0,warehouse-10-20-10-2-1-random-19.scen
140,warehouse-10-20-10-2-1.map,PIBTOLD,0,815517,12220,100000,185,2858,0,warehouse-10-20-10-2-1-random-19.scen
140,warehouse-10-20-10-2-1.map,PIBT,0,215436,12220,100000,185,6065,1,warehouse-10-20-10-2-1-random-19.scen
140,warehouse-10-20-10-2-1.map,PIBTOLD,0,815517,12220,100000,185,2877,1,warehouse-10-20-10-2-1-random-19.scen
140,warehouse-10-20-10-2-1.map,PIBT,0,215436,12220,100000,185,6004,10,warehouse-10-20-10-2-1-random-19.scen
140,warehouse-10-20-10-2-1.map,PIBTOLD,0,815517,12220,100000,185,2849,10,warehouse-10-20-10-2-1-random-19.scen
140,warehouse-10-20-10-2-1.map,PIBT,0,215436,12220,100000,185,6090,100,warehouse-10-20-10-2-1-random-19.scen
140,warehouse-10-20-10-2-1.map,PIBTOLD,0,815517,12220,100000,185,2901,100,warehouse-10-20-10-2-1-random-19.scen
140,warehouse-10-20-10-2-1.map,PIBT,0,215436,12220,100000,185,6073,1000,warehouse-10-20-10-2-1-random-19.scen
140,warehouse-10-20-10-2-1.map,PIBTOLD,0,815517,12220,100000,185,2852,1000,warehouse-10-20-10-2-1-random-19.scen
180,warehouse-10-20-10-2-1.map,PIBT,0,920025,14852,100000,185,6171,0,warehouse-10-20-10-2-1-random-19.scen
180,warehouse-10-20-10-2-1.map,PIBTOLD,0,920025,14852,100000,185,3620,0,warehouse-10-20-10-2-1-random-19.scen
180,warehouse-10-20-10-2-1.map,PIBT,0,419990,14852,100000,185,7115,1,warehouse-10-20-10-2-1-random-19.scen
180,warehouse-10-20-10-2-1.map,PIBTOLD,0,920025,14852,100000,185,3579,1,warehouse-10-20-10-2-1-random-19.scen
180,warehouse-10-20-10-2-1.map,PIBT,0,419990,14852,100000,185,7139,10,warehouse-10-20-10-2-1-random-19.scen
180,warehouse-10-20-10-2-1.map,PIBTOLD,0,920025,14852,100000,185,3592,10,warehouse-10-20-10-2-1-random-19.scen
180,warehouse-10-20-10-2-1.map,PIBT,0,419990,14852,100000,185,7161,100,warehouse-10-20-10-2-1-random-19.scen
180,warehouse-10-20-10-2-1.map,PIBTOLD,0,920025,14852,100000,185,3631,100,warehouse-10-20-10-2-1-random-19.scen
180,warehouse-10-20-10-2-1.map,PIBT,0,419990,14852,100000,185,7110,1000,warehouse-10-20-10-2-1-random-19.scen
180,warehouse-10-20-10-2-1.map,PIBTOLD,0,920025,14852,100000,185,3635,1000,warehouse-10-20-10-2-1-random-19.scen
220,warehouse-10-20-10-2-1.map,PIBT,0,1025739,17820,100000,185,8180,0,warehouse-10-20-10-2-1-random-19.scen
220,warehouse-10-20-10-2-1.map,PIBTOLD,0,1025739,17820,100000,185,4390,0,warehouse-10-20-10-2-1-random-19.scen
220,warehouse-10-20-10-2-1.map,PIBT,0,227604,17820,100000,185,9011,1,warehouse-10-20-10-2-1-random-19.scen
220,warehouse-10-20-10-2-1.map,PIBTOLD,0,1025739,17820,100000,185,4354,1,warehouse-10-20-10-2-1-random-19.scen
220,warehouse-10-20-10-2-1.map,PIBT,0,227604,17820,100000,185,8942,10,warehouse-10-20-10-2-1-random-19.scen
220,warehouse-10-20-10-2-1.map,PIBTOLD,0,1025739,17820,100000,185,4393,10,warehouse-10-20-10-2-1-random-19.scen
220,warehouse-10-20-10-2-1.map,PIBT,0,227604,17820,100000,185,9308,100,warehouse-10-20-10-2-1-random-19.scen
220,warehouse-10-20-10-2-1.map,PIBTOLD,0,1025739,17820,100000,185,4388,100,warehouse-10-20-10-2-1-random-19.scen
220,warehouse-10-20-10-2-1.map,PIBT,0,227604,17820,100000,185,9077,1000,warehouse-10-20-10-2-1-random-19.scen
220,warehouse-10-20-10-2-1.map,PIBTOLD,0,1025739,17820,100000,185,4395,1000,warehouse-10-20-10-2-1-random-19.scen
260,warehouse-10-20-10-2-1.map,PIBT,0,1529853,20766,100000,185,10373,0,warehouse-10-20-10-2-1-random-19.scen
260,warehouse-10-20-10-2-1.map,PIBTOLD,0,1529853,20766,100000,185,5288,0,warehouse-10-20-10-2-1-random-19.scen
260,warehouse-10-20-10-2-1.map,PIBT,0,433399,20766,100000,185,13813,1,warehouse-10-20-10-2-1-random-19.scen
260,warehouse-10-20-10-2-1.map,PIBTOLD,0,1529853,20766,100000,185,5210,1,warehouse-10-20-10-2-1-random-19.scen
260,warehouse-10-20-10-2-1.map,PIBT,0,433399,20766,100000,185,13640,10,warehouse-10-20-10-2-1-random-19.scen
260,warehouse-10-20-10-2-1.map,PIBTOLD,0,1529853,20766,100000,185,5413,10,warehouse-10-20-10-2-1-random-19.scen
260,warehouse-10-20-10-2-1.map,PIBT,0,433399,20766,100000,185,13871,100,warehouse-10-20-10-2-1-random-19.scen
260,warehouse-10-20-10-2-1.map,PIBTOLD,0,1529853,20766,100000,185,5335,100,warehouse-10-20-10-2-1-random-19.scen
260,warehouse-10-20-10-2-1.map,PIBT,0,433399,20766,100000,185,13641,1000,warehouse-10-20-10-2-1-random-19.scen
260,warehouse-10-20-10-2-1.map,PIBTOLD,0,1529853,20766,100000,185,5287,1000,warehouse-10-20-10-2-1-random-19.scen
300,warehouse-10-20-10-2-1.map,PIBT,0,2234973,23905,100000,185,13543,0,warehouse-10-20-10-2-1-random-19.scen
300,warehouse-10-20-10-2-1.map,PIBTOLD,0,2234973,23905,100000,185,6323,0,warehouse-10-20-10-2-1-random-19.scen
300,warehouse-10-20-10-2-1.map,PIBT,0,1235008,23905,100000,185,18236,1,warehouse-10-20-10-2-1-random-19.scen
300,warehouse-10-20-10-2-1.map,PIBTOLD,0,2234973,23905,100000,185,6234,1,warehouse-10-20-10-2-1-random-19.scen
300,warehouse-10-20-10-2-1.map,PIBT,0,1235008,23905,100000,185,18039,10,warehouse-10-20-10-2-1-random-19.scen
300,warehouse-10-20-10-2-1.map,PIBTOLD,0,2234973,23905,100000,185,6169,10,warehouse-10-20-10-2-1-random-19.scen
300,warehouse-10-20-10-2-1.map,PIBT,0,1235008,23905,100000,185,18049,100,warehouse-10-20-10-2-1-random-19.scen
300,warehouse-10-20-10-2-1.map,PIBTOLD,0,2234973,23905,100000,185,6324,100,warehouse-10-20-10-2-1-random-19.scen
300,warehouse-10-20-10-2-1.map,PIBT,0,1235008,23905,100000,185,18233,1000,warehouse-10-20-10-2-1-random-19.scen
300,warehouse-10-20-10-2-1.map,PIBTOLD,0,2234973,23905,100000,185,6215,1000,warehouse-10-20-10-2-1-random-19.scen
340,warehouse-10-20-10-2-1.map,PIBT,0,3340853,27100,100000,191,16640,0,warehouse-10-20-10-2-1-random-19.scen
340,warehouse-10-20-10-2-1.map,PIBTOLD,0,3340853,27100,100000,191,7598,0,warehouse-10-20-10-2-1-random-19.scen
340,warehouse-10-20-10-2-1.map,PIBT,0,1042911,27100,100000,191,19546,1,warehouse-10-20-10-2-1-random-19.scen
340,warehouse-10-20-10-2-1.map,PIBTOLD,0,3340853,27100,100000,191,7407,1,warehouse-10-20-10-2-1-random-19.scen
340,warehouse-10-20-10-2-1.map,PIBT,0,844153,27100,100000,191,20086,10,warehouse-10-20-10-2-1-random-19.scen
340,warehouse-10-20-10-2-1.map,PIBTOLD,0,3340853,27100,100000,191,7296,10,warehouse-10-20-10-2-1-random-19.scen
340,warehouse-10-20-10-2-1.map,PIBT,0,844153,27100,100000,191,20090,100,warehouse-10-20-10-2-1-random-19.scen
340,warehouse-10-20-10-2-1.map,PIBTOLD,0,3340853,27100,100000,191,7327,100,warehouse-10-20-10-2-1-random-19.scen
340,warehouse-10-20-10-2-1.map,PIBT,0,844153,27100,100000,191,20073,1000,warehouse-10-20-10-2-1-random-19.scen
340,warehouse-10-20-10-2-1.map,PIBTOLD,0,3340853,27100,100000,191,7054,1000,warehouse-10-20-10-2-1-random-19.scen
380,warehouse-10-20-10-2-1.map,PIBT,0,4047546,30258,100000,191,19693,0,warehouse-10-20-10-2-1-random-19.scen
380,warehouse-10-20-10-2-1.map,PIBTOLD,0,4047546,30258,100000,191,8168,0,warehouse-10-20-10-2-1-random-19.scen
380,warehouse-10-20-10-2-1.map,PIBT,0,449413,30258,100000,191,27450,1,warehouse-10-20-10-2-1-random-19.scen
380,warehouse-10-20-10-2-1.map,PIBTOLD,0,4047546,30258,100000,191,8177,1,warehouse-10-20-10-2-1-random-19.scen
380,warehouse-10-20-10-2-1.map,PIBT,0,850483,30258,100000,191,24848,10,warehouse-10-20-10-2-1-random-19.scen
380,warehouse-10-20-10-2-1.map,PIBTOLD,0,4047546,30258,100000,191,8093,10,warehouse-10-20-10-2-1-random-19.scen
380,warehouse-10-20-10-2-1.map,PIBT,0,850483,30258,100000,191,25036,100,warehouse-10-20-10-2-1-random-19.scen
380,warehouse-10-20-10-2-1.map,PIBTOLD,0,4047546,30258,100000,191,8120,100,warehouse-10-20-10-2-1-random-19.scen
380,warehouse-10-20-10-2-1.map,PIBT,0,850483,30258,100000,191,25217,1000,warehouse-10-20-10-2-1-random-19.scen
380,warehouse-10-20-10-2-1.map,PIBTOLD,0,4047546,30258,100000,191,8168,1000,warehouse-10-20-10-2-1-random-19.scen
20,warehouse-10-20-10-2-1.map,PIBT,1,1727,1604,162,162,3,0,warehouse-10-20-10-2-1-random-1.scen
20,warehouse-10-20-10-2-1.map,PIBTOLD,1,1727,1604,162,162,2,0,warehouse-10-20-10-2-1-random-1.scen
20,warehouse-10-20-10-2-1.map,PIBT,1,1690,1604,170,162,3,1,warehouse-10-20-10-2-1-random-1.scen
20,warehouse-10-20-10-2-1.map,PIBTOLD,1,1727,1604,162,162,2,1,warehouse-10-20-10-2-1-random-1.scen
20,warehouse-10-20-10-2-1.map,PIBT,1,1690,1604,170,162,3,10,warehouse-10-20-10-2-1-random-1.scen
20,warehouse-10-20-10-2-1.map,PIBTOLD,1,1727,1604,162,162,3,10,warehouse-10-20-10-2-1-random-1.scen
20,warehouse-10-20-10-2-1.map,PIBT,1,1690,1604,170,162,3,100,warehouse-10-20-10-2-1-random-1.scen
20,warehouse-10-20-10-2-1.map,PIBTOLD,1,1727,1604,162,162,3,100,warehouse-10-20-10-2-1-random-1.scen
20,warehouse-10-20-10-2-1.map,PIBT,1,1690,1604,170,162,3,1000,warehouse-10-20-10-2-1-random-1.scen
20,warehouse-10-20-10-2-1.map,PIBTOLD,1,1727,1604,162,162,2,1000,warehouse-10-20-10-2-1-random-1.scen
60,warehouse-10-20-10-2-1.map,PIBT,1,6061,5198,192,185,9,0,warehouse-10-20-10-2-1-random-1.scen
60,warehouse-10-20-10-2-1.map,PIBTOLD,1,6061,5198,192,185,8,0,warehouse-10-20-10-2-1-random-1.scen
60,warehouse-10-20-10-2-1.map,PIBT,0,5909,5198,100000,185,2049,1,warehouse-10-20-10-2-1-random-1.scen
60,warehouse-10-20-10-2-1.map,PIBTOLD,1,6061,5198,192,185,8,1,warehouse-10-20-10-2-1-random-1.scen
60,warehouse-10-20-10-2-1.map,PIBT,0,5909,5198,100000,185,1988,10,warehouse-10-20-10-2-1-random-1.scen
60,warehouse-10-20-10-2-1.map,PIBTOLD,1,6061,5198,192,185,8,10,warehouse-10-20-10-2-1-random-1.scen
60,warehouse-10-20-10-2-1.map,PIBT,0,5909,5198,100000,185,1994,100,warehouse-10-20-10-2-1-random-1.scen
60,warehouse-10-20-10-2-1.map,PIBTOLD,1,6061,5198,192,185,8,100,warehouse-10-20-10-2-1-random-1.scen
60,warehouse-10-20-10-2-1.map,PIBT,0,5909,5198,100000,185,1972,1000,warehouse-10-20-10-2-1-random-1.scen
60,warehouse-10-20-10-2-1.map,PIBTOLD,1,6061,5198,192,185,8,1000,warehouse-10-20-10-2-1-random-1.scen
100,warehouse-10-20-10-2-1.map,PIBT,0,410642,8626,100000,185,3093,0,warehouse-10-20-10-2-1-random-1.scen
100,warehouse-10-20-10-2-1.map,PIBTOLD,0,410642,8626,100000,185,2181,0,warehouse-10-20-10-2-1-random-1.scen
100,warehouse-10-20-10-2-1.map,PIBT,0,209851,8626,100000,185,3973,1,warehouse-10-20-10-2-1-random-1.scen
100,warehouse-10-20-10-2-1.map,PIBTOLD,0,410642,8626,100000,185,2191,1,warehouse-10-20-10-2-1-random-1.scen
100,warehouse-10-20-10-2-1.map,PIBT,0,209851,8626,100000,185,4080,10,warehouse-10-20-10-2-1-random-1.scen
100,warehouse-10-20-10-2-1.map,PIBTOLD,0,410642,8626,100000,185,2189,10,warehouse-10-20-10-2-1-random-1.scen
100,warehouse-10-20-10-2-1.map,PIBT,0,209851,8626,100000,185,4094,100,warehouse-10-20-10-2-1-random-1.scen
100,warehouse-10-20-10-2-1.map,PIBTOLD,0,410642,8626,100000,185,2195,100,warehouse-10-20-10-2-1-random-1.scen
100,warehouse-10-20-10-2-1.map,PIBT,0,209851,8626,100000,185,4033,1000,warehouse-10-20-10-2-1-random-1.scen
100,warehouse-10-20-10-2-1.map,PIBTOLD,0,410642,8626,100000,185,2182,1000,warehouse-10-20-10-2-1-random-1.scen
140,warehouse-10-20-10-2-1.map,PIBT,0,815517,12220,100000,185,4721,0,warehouse-10-20-10-2-1-random-1.scen
140,warehouse-10-20-10-2-1.map,PIBTOLD,0,815517,12220,100000,185,2904,0,warehouse-10-20-10-2-1-random-1.scen
140,warehouse-10-20-10-2-1.map,PIBT,0,215436,12220,100000,185,6116,1,warehouse-10-20-10-2-1-random-1.scen
140,warehouse-10-20-10-2-1.map,PIBTOLD,0,815517,12220,100000,185,2919,1,warehouse-10-20-10-2-1-random-1.scen
140,warehouse-10-20-10-2-1.map,PIBT,0,215436,12220,100000,185,6176,10,warehouse-10-20-10-2-1-random-1.scen
140,warehouse-10-20-10-2-1.map,PIBTOLD,0,815517,12220,100000,185,2967,10,warehouse-10-20-10-2-1-random-1.scen
140,warehouse-10-20-10-2-1.map,PIBT,0,215436,12220,100000,185,6141,100,warehouse-10-20-10-2-1-random-1.scen
140,warehouse-10-20-10-2-1.map,PIBTOLD,0,815517,12220,100000,185,2867,100,warehouse-10-20-10-2-1-random-1.scen
140,warehouse-10-20-10-2-1.map,PIBT,0,215436,12220,100000,185,6148,1000,warehouse-10-20-10-2-1-random-1.scen
140,warehouse-10-20-10-2-1.map,PIBTOLD,0,815517,12220,100000,185,2924,1000,warehouse-10-20-10-2-1-random-1.scen
180,warehouse-10-20-10-2-1.map,PIBT,0,920025,14852,100000,185,6233,0,warehouse-10-20-10-2-1-random-1.scen
180,warehouse-10-20-10-2-1.map,PIBTOLD,0,920025,14852,100000,185,3585,0,warehouse-10-20-10-2-1-random-1.scen
180,warehouse-10-20-10-2-1.map,PIBT,0,419990,14852,100000,185,7202,1,warehouse-10-20-10-2-1-random-1.scen
180,warehouse-10-20-10-2-1.map,PIBTOLD,0,920025,14852,100000,185,3612,1,warehouse-10-20-10-2-1-random-1.scen
180,warehouse-10-20-10-2-1.map,PIBT,0,419990,14852,100000,185,7195,10,warehouse-10-20-10-2-1-random-1.scen
180,warehouse-10-20-10-2-1.map,PIBTOLD,0,920025,14852,100000,185,3645,10,warehouse-10-20-10-2-1-random-1.scen
180,warehouse-10-20-10-2-1.map,PIBT,0,419990,14852,100000,185,7268,100,warehouse-10-20-10-2-1-random-1.scen
180,warehouse-10-20-10-2-1.map,PIBTOLD,0,920025,14852,100000,185,3626,100,warehouse-10-20-10-2-1-random-1.scen
180,warehouse-10-20-10-2-1.map,PIBT,0,419990,14852,100000,185,7231,1000,warehouse-10-20-10-2-1-random-1.scen
180,warehouse-10-20-10-2-1.map,PIBTOLD,0,920025,14852,100000,185,3615,1000,warehouse-10-20-10-2-1-random-1.scen
220,warehouse-10-20-10-2-1.map,PIBT,0,1025739,17820,100000,185,8182,0,warehouse-10-20-10-2-1-random-1.scen
220,warehouse-10-20-10-2-1.map,PIBTOLD,0,1025739,17820,100000,185,4414,0,warehouse-10-20-10-2-1-random-1.scen
220,warehouse-10-20-10-2-1.map,PIBT,0,227604,17820,100000,185,9098,1,warehouse-10-20-10-2-1-random-1.scen
220,warehouse-10-20-10-2-1.map,PIBTOLD,0,1025739,17820,100000,185,4321,1,warehouse-10-20-10-2-1-random-1.scen
220,warehouse-10-20-10-2-1.map,PIBT,0,227604,17820,100000,185,9112,10,warehouse-10-20-10-2-1-random-1.scen
220,warehouse-10-20-10-2-1.map,PIBTOLD,0,1025739,17820,100000,185,4430,10,warehouse-10-20-10-2-1-random-1.scen
220,warehouse-10-20-10-2-1.map,PIBT,0,227604,17820,100000,185,9082,100,warehouse-10-20-10-2-1-random-1.scen
220,warehouse-10-20-10-2-1.map,PIBTOLD,0,1025739,17820,100000,185,4440,100,warehouse-10-20-10-2-1-random-1.scen
220,warehouse-10-20-10-2-1.map,PIBT,0,227604,17820,100000,185,9011,1000,warehouse-10-20-10-2-1-random-1.scen
220,warehouse-10-20-10-2-1.map,PIBTOLD,0,1025739,17820,100000,185,4496,1000,warehouse-10-20-10-2-1-random-1.scen
260,warehouse-10-20-10-2-1.map,PIBT,0,1529853,20766,100000,185,10485,0,warehouse-10-20-10-2-1-random-1.scen
260,warehouse-10-20-10-2-1.map,PIBTOLD,0,1529853,20766,100000,185,5320,0,warehouse-10-20-10-2-1-random-1.scen
260,warehouse-10-20-10-2-1.map,PIBT,0,433399,20766,100000,185,13574,1,warehouse-10-20-10-2-1-random-1.scen
260,warehouse-10-20-10-2-1.map,PIBTOLD,0,1529853,20766,100000,185,5303,1,warehouse-10-20-10-2-1-random-1.scen
260,warehouse-10-20-10-2-1.map,PIBT,0,433399,20766,100000,185,13732,10,warehouse-10-20-10-2-1-random-1.scen
260,warehouse-10-20-10-2-1.map,PIBTOLD,0,1529853,20766,100000,185,5462,10,warehouse-10-20-10-2-1-random-1.scen
260,warehouse-10-20-10-2-1.map,PIBT,0,433399,20766,100000,185,13691,100,warehouse-10-20-10-2-1-random-1.scen
260,warehouse-10-20-10-2-1.map,PIBTOLD,0,1529853,20766,100000,185,5401,100,warehouse-10-20-10-2-1-random-1.scen
260,warehouse-10-20-10-2-1.map,PIBT,0,433399,20766,100000,185,13614,1000,warehouse-10-20-10-2-1-random-1.scen
260,warehouse-10-20-10-2-1.map,PIBTOLD,0,1529853,20766,100000,185,5346,1000,warehouse-10-20-10-2-1-random-1.scen
300,warehouse-10-20-10-2-1.map,PIBT,0,2234973,23905,100000,185,13929,0,warehouse-10-20-10-2-1-random-1.scen
300,warehouse-10-20-10-2-1.map,PIBTOLD,0,2234973,23905,100000,185,6434,0,warehouse-10-20-10-2-1-random-1.scen
300,warehouse-10-20-10-2-1.map,PIBT,0,1235008,23905,100000,185,18337,1,warehouse-10-20-10-2-1-random-1.scen
300,warehouse-10-20-10-2-1.map,PIBTOLD,0,2234973,23905,100000,185,6141,1,warehouse-10-20-10-2-1-random-1.scen
300,warehouse-10-20-10-2-1.map,PIBT,0,1235008,23905,100000,185,18413,10,warehouse-10-20-10-2-1-random-1.scen
300,warehouse-10-20-10-2-1.map,PIBTOLD,0,2234973,23905,100000,185,6268,10,warehouse-10-20-10-2-1-random-1.scen
300,warehouse-10-20-10-2-1.map,PIBT,0,1235008,23905,100000,185,18427,100,warehouse-10-20-10-2-1-random-1.scen
300,warehouse-10-20-10-2-1.map,PIBTOLD,0,2234973,23905,100000,185,6218,100,warehouse-10-20-10-2-1-random-1.scen
300,warehouse-10-20-10-2-1.map,PIBT,0,1235008,23905,100000,185,18127,1000,warehouse-10-20-10-2-1-random-1.scen
300,warehouse-10-20-10-2-1.map,PIBTOLD,0,2234973,23905,100000,185,6322,1000,warehouse-10-20-10-2-1-random-1.scen
340,warehouse-10-20-10-2-1.map,PIBT,0,3340853,27100,100000,191,16390,0,warehouse-10-20-10-2-1-random-1.scen
340,warehouse-10-20-10-2-1.map,PIBTOLD,0,3340853,27100,100000,191,8063,0,warehouse-10-20-10-2-1-random-1.scen
340,warehouse-10-20-10-2-1.map,PIBT,0,246396,27100,100000,191,20676,1,warehouse-10-20-10-2-1-random-1.scen
340,warehouse-10-20-10-2-1.map,PIBTOLD,0,3340853,27100,100000,191,7409,1,warehouse-10-20-10-2-1-random-1.scen
340,warehouse-10-20-10-2-1.map,PIBT,0,844153,27100,100000,191,20157,10,warehouse-10-20-10-2-1-random-1.scen
340,warehouse-10-20-10-2-1.map,PIBTOLD,0,3340853,27100,100000,191,7427,10,warehouse-10-20-10-2-1-random-1.scen
340,warehouse-10-20-10-2-1.map,PIBT,0,844153,27100,100000,191,20073,100,warehouse-10-20-10-2-1-random-1.scen
340,warehouse-10-20-10-2-1.map,PIBTOLD,0,3340853,27100,100000,191,7463,100,warehouse-10-20-10-2-1-random-1.scen
340,warehouse-10-20-10-2-1.map,PIBT,0,844153,27100,100000,191,20325,1000,warehouse-10-20-10-2-1-random-1.scen
340,warehouse-10-20-10-2-1.map,PIBTOLD,0,3340853,27100,100000,191,7271,1000,warehouse-10-20-10-2-1-random-1.scen
380,warehouse-10-20-10-2-1.map,PIBT,0,4047546,30258,100000,191,19746,0,warehouse-10-20-10-2-1-random-1.scen
380,warehouse-10-20-10-2-1.map,PIBTOLD,0,4047546,30258,100000,191,8237,0,warehouse-10-20-10-2-1-random-1.scen
380,warehouse-10-20-10-2-1.map,PIBT,0,1048557,30258,100000,191,28544,1,warehouse-10-20-10-2-1-random-1.scen
380,warehouse-10-20-10-2-1.map,PIBTOLD,0,4047546,30258,100000,191,8159,1,warehouse-10-20-10-2-1-random-1.scen
380,warehouse-10-20-10-2-1.map,PIBT,0,850483,30258,100000,191,25144,10,warehouse-10-20-10-2-1-random-1.scen
380,warehouse-10-20-10-2-1.map,PIBTOLD,0,4047546,30258,100000,191,8537,10,warehouse-10-20-10-2-1-random-1.scen
380,warehouse-10-20-10-2-1.map,PIBT,0,850483,30258,100000,191,25542,100,warehouse-10-20-10-2-1-random-1.scen
380,warehouse-10-20-10-2-1.map,PIBTOLD,0,4047546,30258,100000,191,8188,100,warehouse-10-20-10-2-1-random-1.scen
380,warehouse-10-20-10-2-1.map,PIBT,0,850483,30258,100000,191,24862,1000,warehouse-10-20-10-2-1-random-1.scen
380,warehouse-10-20-10-2-1.map,PIBTOLD,0,4047546,30258,100000,191,8295,1000,warehouse-10-20-10-2-1-random-1.scen
20,warehouse-10-20-10-2-1.map,PIBT,1,1727,1604,162,162,3,0,warehouse-10-20-10-2-1-random-10.scen
20,warehouse-10-20-10-2-1.map,PIBTOLD,1,1727,1604,162,162,3,0,warehouse-10-20-10-2-1-random-10.scen
20,warehouse-10-20-10-2-1.map,PIBT,1,1690,1604,170,162,3,1,warehouse-10-20-10-2-1-random-10.scen
20,warehouse-10-20-10-2-1.map,PIBTOLD,1,1727,1604,162,162,3,1,warehouse-10-20-10-2-1-random-10.scen
20,warehouse-10-20-10-2-1.map,PIBT,1,1690,1604,170,162,3,10,warehouse-10-20-10-2-1-random-10.scen
20,warehouse-10-20-10-2-1.map,PIBTOLD,1,1727,1604,162,162,2,10,warehouse-10-20-10-2-1-random-10.scen
20,warehouse-10-20-10-2-1.map,PIBT,1,1690,1604,170,162,2,100,warehouse-10-20-10-2-1-random-10.scen
20,warehouse-10-20-10-2-1.map,PIBTOLD,1,1727,1604,162,162,2,100,warehouse-10-20-10-2-1-random-10.scen
20,warehouse-10-20-10-2-1.map,PIBT,1,1690,1604,170,162,3,1000,warehouse-10-20-10-2-1-random-10.scen
20,warehouse-10-20-10-2-1.map,PIBTOLD,1,1727,1604,162,162,3,1000,warehouse-10-20-10-2-1-random-10.scen
60,warehouse-10-20-10-2-1.map,PIBT,1,6061,5198,192,185,9,0,warehouse-10-20-10-2-1-random-10.scen
60,warehouse-10-20-10-2-1.map,PIBTOLD,1,6061,5198,192,185,8,0,warehouse-10-20-10-2-1-random-10.scen
60,warehouse-10-20-10-2-1.map,PIBT,0,5909,5198,100000,185,1957,1,warehouse-10-20-10-2-1-random-10.scen
60,warehouse-10-20-10-2-1.map,PIBTOLD,1,6061,5198,192,185,8,1,warehouse-10-20-10-2-1-random-10.scen
60,warehouse-10-20-10-2-1.map,PIBT,0,5909,5198,100000,185,1954,10,warehouse-10-20-10-2-1-random-10.scen
60,warehouse-10-20-10-2-1.map,PIBTOLD,1,6061,5198,192,185,8,10,warehouse-10-20-10-2-1-random-10.scen
60,warehouse-10-20-10-2-1.map,PIBT,0,5909,5198,100000,185,1977,100,warehouse-10-20-10-2-1-random-10.scen
60,warehouse-10-20-10-2-1.map,PIBTOLD,1,6061,5198,192,185,8,100,warehouse-10-20-10-2-1-random-10.scen
60,warehouse-10-20-10-2-1.map,PIBT,0,5909,5198,100000,185,1914,1000,warehouse-10-20-10-2-1-random-10.scen
60,warehouse-10-20-10-2-1.map,PIBTOLD,1,6061,5198,192,185,7,1000,warehouse-10-20-10-2-1-random-10.scen
100,warehouse-10-20-10-2-1.map,PIBT,0,410642,8626,100000,185,3052,0,warehouse-10-20-10-2-1-random-10.scen
100,warehouse-10-20-10-2-1.map,PIBTOLD,0,410642,8626,100000,185,2148,0,warehouse-10-20-10-2-1-random-10.scen
100,warehouse-10-20-10-2-1.map,PIBT,0,209851,8626,100000,185,4065,1,warehouse-10-20-10-2-1-random-10.scen
100,warehouse-10-20-10-2-1.map,PIBTOLD,0,410642,8626,100000,185,2128,1,warehouse-10-20-10-2-1-random-10.scen
100,warehouse-10-20-10-2-1.map,PIBT,0,209851,8626,100000,185,4006,10,warehouse-10-20-10-2-1-random-10.scen
100,warehouse-10-20-10-2-1.map,PIBTOLD,0,410642,8626,100000,185,2152,10,warehouse-10-20-10-2-1-random-10.scen
100,warehouse-10-20-10-2-1.map,PIBT,0,209851,8626,100000,185,3942,100,warehouse-10-20-10-2-1-random-10.scen
100,warehouse-10-20-10-2-1.map,PIBTOLD,0,410642,8626,100000,185,2195,100,warehouse-10-20-10-2-1-random-10.scen
100,warehouse-10-20-10-2-1.map,PIBT,0,209851,8626,100000,185,3985,1000,warehouse-10-20-10-2-1-random-10.scen
100,warehouse-10-20-10-2-1.map,PIBTOLD,0,410642,8626,100000,185,2122,1000,warehouse-10-20-10-2-1-random-10.scen
140,warehouse-10-20-10-2-1.map,PIBT,0,815517,12220,100000,185,4671,0,warehouse-10-20-10-2-1-random-10.scen
140,warehouse-10-20-10-2-1.map,PIBTOLD,0,815517,12220,100000,185,2894,0,warehouse-10-20-10-2-1-random-10.scen
140,warehouse-10-20-10-2-1.map,PIBT,0,215436,12220,100000,185,6126,1,warehouse-10-20-10-2-1-random-10.scen
140,warehouse-10-20-10-2-1.map,PIBTOLD,0,815517,12220,100000,185,2850,1,warehouse-10-20-10-2-1-random-10.scen
140,warehouse-10-20-10-2-1.map,PIBT,0,215436,12220,100000,185,6131,10,warehouse-10-20-10-2-1-random-10.scen
140,warehouse-10-20-10-2-1.map,PIBTOLD,0,815517,12220,100000,185,2881,10,warehouse-10-20-10-2-1-random-10.scen
140,warehouse-10-20-10-2-1.map,PIBT,0,215436,12220,100000,185,6092,100,warehouse-10-20-10-2-1-random-10.scen
140,warehouse-10-20-10-2-1.map,PIBTOLD,0,815517,12220,100000,185,2857,100,warehouse-10-20-10-2-1-random-10.scen
140,warehouse-10-20-10-2-1.map,PIBT,0,215436,12220,100000,185,6065,1000,warehouse-10-20-10-2-1-random-10.scen
140,warehouse-10-20-10-2-1.map,PIBTOLD,0,815517,12220,100000,185,2843,1000,warehouse-10-20-10-2-1-random-10.scen
180,warehouse-10-20-10-2-1.map,PIBT,0,920025,14852,100000,185,6102,0,warehouse-10-20-10-2-1-random-10.scen
180,warehouse-10-20-10-2-1.map,PIBTOLD,0,920025,14852,100000,185,3587,0,warehouse-10-20-10-2-1-random-10.scen
180,warehouse-10-20-10-2-1.map,PIBT,0,419990,14852,100000,185,7164,1,warehouse-10-20-10-2-1-random-10.scen
180,warehouse-10-20-10-2-1.map,PIBTOLD,0,920025,14852,100000,185,3571,1,warehouse-10-20-10-2-1-random-10.scen
180,warehouse-10-20-10-2-1.map,PIBT,0,419990,14852,100000,185,7154,10,warehouse-10-20-10-2-1-random-10.scen
180,warehouse-10-20-10-2-1.map,PIBTOLD,0,920025,14852,100000,185,3636,10,warehouse-10-20-10-2-1-random-10.scen
180,warehouse-10-20-10-2-1.map,PIBT,0,419990,14852,100000,185,7185,100,warehouse-10-20-10-2-1-random-10.scen
180,warehouse-10-20-10-2-1.map,PIBTOLD,0,920025,14852,100000,185,3567,100,warehouse-10-20-10-2-1-random-10.scen
180,warehouse-10-20-10-2-1.map,PIBT,0,419990,14852,100000,185,7197,1000,warehouse-10-20-10-2-1-random-10.scen
180,warehouse-10-20-10-2-1.map,PIBTOLD,0,920025,14852,100000,185,3634,1000,warehouse-10-20-10-2-1-random-10.scen
220,warehouse-10-20-10-2-1.map,PIBT,0,1025739,17820,100000,185,8898,0,warehouse-10-20-10-2-1-random-10.scen
220,warehouse-10-20-10-2-1.map,PIBTOLD,0,1025739,17820,100000,185,4410,0,warehouse-10-20-10-2-1-random-10.scen
220,warehouse-10-20-10-2-1.map,PIBT,0,227604,17820,100000,185,8990,1,warehouse-10-20-10-2-1-random-10.scen
220,warehouse-10-20-10-2-1.map,PIBTOLD,0,1025739,17820,100000,185,4371,1,warehouse-10-20-10-2-1-random-10.scen
220,warehouse-10-20-10-2-1.map,PIBT,0,227604,17820,100000,185,9001,10,warehouse-10-20-10-2-1-random-10.scen
220,warehouse-10-20-10-2-1.map,PIBTOLD,0,1025739,17820,100000,185,4341,10,warehouse-10-20-10-2-1-random-10.scen
220,warehouse-10-20-10-2-1.map,PIBT,0,227604,17820,100000,185,9091,100,warehouse-10-20-10-2-1-random-10.scen
220,warehouse-10-20-10-2-1.map,PIBTOLD,0,1025739,17820,100000,185,4394,100,warehouse-10-20-10-2-1-random-10.scen
220,warehouse-10-20-10-2-1.map,PIBT,0,227604,17820,100000,185,9237,1000,warehouse-10-20-10-2-1-random-10.scen
220,warehouse-10-20-10-2-1.map,PIBTOLD,0,1025739,17820,100000,185,4425,1000,warehouse-10-20-10-2-1-random-10.scen
260,warehouse-10-20-10-2-1.map,PIBT,0,1529853,20766,100000,185,10659,0,warehouse-10-20-10-2-1-random-10.scen
260,warehouse-10-20-10-2-1.map,PIBTOLD,0,1529853,20766,100000,185,5276,0,warehouse-10-20-10-2-1-random-10.scen
260,warehouse-10-20-10-2-1.map,PIBT,0,433399,20766,100000,185,13690,1,warehouse-10-20-10-2-1-random-10.scen
260,warehouse-10-20-10-2-1.map,PIBTOLD,0,1529853,20766,100000,185,5292,1,warehouse-10-20-10-2-1-random-10.scen
260,warehouse-10-20-10-2-1.map,PIBT,0,433399,20766,100000,185,13795,10,warehouse-10-20-10-2-1-random-10.scen
260,warehouse-10-20-10-2-1.map,PIBTOLD,0,1529853,20766,100000,185,5504,10,warehouse-10-20-10-2-1-random-10.scen
260,warehouse-10-20-10-2-1.map,PIBT,0,433399,20766,100000,185,13724,100,warehouse-10-20-10-2-1-random-10.scen
260,warehouse-10-20-10-2-1.map,PIBTOLD,0,1529853,20766,100000,185,5357,100,warehouse-10-20-10-2-1-random-10.scen
260,warehouse-10-20-10-2-1.map,PIBT,0,433399,20766,100000,185,13489,1000,warehouse-10-20-10-2-1-random-10.scen
260,warehouse-10-20-10-2-1.map,PIBTOLD,0,1529853,20766,100000,185,5329,1000,warehouse-10-20-10-2-1-random-10.scen
300,warehouse-10-20-10-2-1.map,PIBT,0,2234973,23905,100000,185,13613,0,warehouse-10-20-10-2-1-random-10.scen
300,warehouse-10-20-10-2-1.map,PIBTOLD,0,2234973,23905,100000,185,6222,0,warehouse-10-20-10-2-1-random-10.scen
300,warehouse-10-20-10-2-1.map,PIBT,0,1235008,23905,100000,185,18151,1,warehouse-10-20-10-2-1-random-10.scen
300,warehouse-10-20-10-2-1.map,PIBTOLD,0,2234973,23905,100000,185,6359,1,warehouse-10-20-10-2-1-random-10.scen
300,warehouse-10-20-10-2-1.map,PIBT,0,1235008,23905,100000,185,18347,10,warehouse-10-20-10-2-1-random-10.scen
300,warehouse-10-20-10-2-1.map,PIBTOLD,0,2234973,23905,100000,185,6214,10,warehouse-10-20-10-2-1-random-10.scen
300,warehouse-10-20-10-2-1.map,PIBT,0,1235008,23905,100000,185,18075,100,warehouse-10-20-10-2-1-random-10.scen
300,warehouse-10-20-10-2-1.map,PIBTOLD,0,2234973,23905,100000,185,6211,100,warehouse-10-20-10-2-1-random-10.scen
300,warehouse-10-20-10-2-1.map,PIBT,0,1235008,23905,100000,185,18235,1000,warehouse-10-20-10-2-1-random-10.scen
300,warehouse-10-20-10-2-1.map,PIBTOLD,0,2234973,23905,100000,185,6322,1000,warehouse-10-20-10-2-1-random-10.scen
340,warehouse-10-20-10-2-1.map,PIBT,0,3340853,27100,100000,191,16790,0,warehouse-10-20-10-2-1-random-10.scen
340,warehouse-10-20-10-2-1.map,PIBTOLD,0,3340853,27100,100000,191,7232,0,warehouse-10-20-10-2-1-random-10.scen
340,warehouse-10-20-10-2-1.map,PIBT,0,241979,27100,100000,191,31838,1,warehouse-10-20-10-2-1-random-10.scen
340,warehouse-10-20-10-2-1.map,PIBTOLD,0,3340853,27100,100000,191,7147,1,warehouse-10-20-10-2-1-random-10.scen
340,warehouse-10-20-10-2-1.map,PIBT,0,844153,27100,100000,191,20115,10,warehouse-10-20-10-2-1-random-10.scen
340,warehouse-10-20-10-2-1.map,PIBTOLD,0,3340853,27100,100000,191,7188,10,warehouse-10-20-10-2-1-random-10.scen
340,warehouse-10-20-10-2-1.map,PIBT,0,844153,27100,100000,191,20547,100,warehouse-10-20-10-2-1-random-10.scen
340,warehouse-10-20-10-2-1.map,PIBTOLD,0,3340853,27100,100000,191,7242,100,warehouse-10-20-10-2-1-random-10.scen
340,warehouse-10-20-10-2-1.map,PIBT,0,844153,27100,100000,191,20533,1000,warehouse-10-20-10-2-1-random-10.scen
340,warehouse-10-20-10-2-1.map,PIBTOLD,0,3340853,27100,100000,191,7263,1000,warehouse-10-20-10-2-1-random-10.scen
380,warehouse-10-20-10-2-1.map,PIBT,0,4047546,30258,100000,191,19616,0,warehouse-10-20-10-2-1-random-10.scen
380,warehouse-10-20-10-2-1.map,PIBTOLD,0,4047546,30258,100000,191,8178,0,warehouse-10-20-10-2-1-random-10.scen
380,warehouse-10-20-10-2-1.map,PIBT,0,1446916,30258,100000,191,28952,1,warehouse-10-20-10-2-1-random-10.scen
380,warehouse-10-20-10-2-1.map,PIBTOLD,0,4047546,30258,100000,191,8276,1,warehouse-10-20-10-2-1-random-10.scen
380,warehouse-10-20-10-2-1.map,PIBT,0,850483,30258,100000,191,24947,10,warehouse-10-20-10-2-1-random-10.scen
380,warehouse-10-20-10-2-1.map,PIBTOLD,0,4047546,30258,100000,191,8169,10,warehouse-10-20-10-2-1-random-10.scen
380,warehouse-10-20-10-2-1.map,PIBT,0,850483,30258,100000,191,25145,100,warehouse-10-20-10-2-1-random-10.scen
380,warehouse-10-20-10-2-1.map,PIBTOLD,0,4047546,30258,100000,191,8261,100,warehouse-10-20-10-2-1-random-10.scen
380,warehouse-10-20-10-2-1.map,PIBT,0,850483,30258,100000,191,25036,1000,warehouse-10-20-10-2-1-random-10.scen
380,warehouse-10-20-10-2-1.map,PIBTOLD,0,4047546,30258,100000,191,8174,1000,warehouse-10-20-10-2-1-random-10.scen
