agents,map_file,solver,solved,soc,lb_soc,makespan,lb_makespan,comp_time,Opti_Deadline,Scenario_File
20,random-32-32-20.map,PIBT,1,577,505,42,42,0,0,random-32-32-20-random-3.scen
20,random-32-32-20.map,PIBTOLD,1,577,505,42,42,0,0,random-32-32-20-random-3.scen
20,random-32-32-20.map,PIBT,1,566,505,42,42,0,1,random-32-32-20-random-3.scen
20,random-32-32-20.map,PIBTOLD,1,577,505,42,42,0,1,random-32-32-20-random-3.scen
20,random-32-32-20.map,PIBT,1,566,505,42,42,0,10,random-32-32-20-random-3.scen
20,random-32-32-20.map,PIBTOLD,1,577,505,42,42,0,10,random-32-32-20-random-3.scen
20,random-32-32-20.map,PIBT,1,566,505,42,42,0,100,random-32-32-20-random-3.scen
20,random-32-32-20.map,PIBTOLD,1,577,505,42,42,0,100,random-32-32-20-random-3.scen
20,random-32-32-20.map,PIBT,1,566,505,42,42,0,1000,random-32-32-20-random-3.scen
20,random-32-32-20.map,PIBTOLD,1,577,505,42,42,0,1000,random-32-32-20-random-3.scen
60,random-32-32-20.map,PIBT,1,1711,1445,48,48,1,0,random-32-32-20-random-3.scen
60,random-32-32-20.map,PIBTOLD,1,1711,1445,48,48,1,0,random-32-32-20-random-3.scen
60,random-32-32-20.map,PIBT,1,1751,1445,49,48,2,1,random-32-32-20-random-3.scen
60,random-32-32-20.map,PIBTOLD,1,1711,1445,48,48,1,1,random-32-32-20-random-3.scen
60,random-32-32-20.map,PIBT,1,1751,1445,49,48,2,10,random-32-32-20-random-3.scen
60,random-32-32-20.map,PIBTOLD,1,1711,1445,48,48,1,10,random-32-32-20-random-3.scen
60,random-32-32-20.map,PIBT,1,1751,1445,49,48,2,100,random-32-32-20-random-3.scen
60,random-32-32-20.map,PIBTOLD,1,1711,1445,48,48,1,100,random-32-32-20-random-3.scen
60,random-32-32-20.map,PIBT,1,1751,1445,49,48,2,1000,random-32-32-20-random-3.scen
60,random-32-32-20.map,PIBTOLD,1,1711,1445,48,48,1,1000,random-32-32-20-random-3.scen
100,random-32-32-20.map,PIBT,1,3446,2420,54,54,3,0,random-32-32-20-random-3.scen
100,random-32-32-20.map,PIBTOLD,1,3446,2420,54,54,2,0,random-32-32-20-random-3.scen
100,random-32-32-20.map,PIBT,1,3284,2420,54,54,9,1,random-32-32-20-random-3.scen
100,random-32-32-20.map,PIBTOLD,1,3446,2420,54,54,2,1,random-32-32-20-random-3.scen
100,random-32-32-20.map,PIBT,0,3088,2420,100000,54,4111,10,random-32-32-20-random-3.scen
100,random-32-32-20.map,PIBTOLD,1,3446,2420,54,54,2,10,random-32-32-20-random-3.scen
100,random-32-32-20.map,PIBT,0,3117,2420,100000,54,4091,100,random-32-32-20-random-3.scen
100,random-32-32-20.map,PIBTOLD,1,3446,2420,54,54,2,100,random-32-32-20-random-3.scen
100,random-32-32-20.map,PIBT,0,3117,2420,100000,54,4089,1000,random-32-32-20-random-3.scen
100,random-32-32-20.map,PIBTOLD,1,3446,2420,54,54,2,1000,random-32-32-20-random-3.scen
140,random-32-32-20.map,PIBT,1,5501,3549,71,59,6,0,random-32-32-20-random-3.scen
140,random-32-32-20.map,PIBTOLD,1,5501,3549,71,59,4,0,random-32-32-20-random-3.scen
140,random-32-32-20.map,PIBT,0,136702,3549,100000,59,6173,1,random-32-32-20-random-3.scen
140,random-32-32-20.map,PIBTOLD,1,5501,3549,71,59,4,1,random-32-32-20-random-3.scen
140,random-32-32-20.map,PIBT,1,5353,3549,63,59,168,10,random-32-32-20-random-3.scen
140,random-32-32-20.map,PIBTOLD,1,5501,3549,71,59,4,10,random-32-32-20-random-3.scen
140,random-32-32-20.map,PIBT,0,5203,3549,100000,59,7507,100,random-32-32-20-random-3.scen
140,random-32-32-20.map,PIBTOLD,1,5501,3549,71,59,4,100,random-32-32-20-random-3.scen
140,random-32-32-20.map,PIBT,0,5173,3549,100000,59,15940,1000,random-32-32-20-random-3.scen
140,random-32-32-20.map,PIBTOLD,1,5501,3549,71,59,4,1000,random-32-32-20-random-3.scen
180,random-32-32-20.map,PIBT,0,407441,4369,100000,59,7141,0,random-32-32-20-random-3.scen
180,random-32-32-20.map,PIBTOLD,0,407441,4369,100000,59,4257,0,random-32-32-20-random-3.scen
180,random-32-32-20.map,PIBT,0,207025,4369,100000,59,7934,1,random-32-32-20-random-3.scen
180,random-32-32-20.map,PIBTOLD,0,407441,4369,100000,59,4317,1,random-32-32-20-random-3.scen
180,random-32-32-20.map,PIBT,0,6946,4369,100000,59,11052,10,random-32-32-20-random-3.scen
180,random-32-32-20.map,PIBTOLD,0,407441,4369,100000,59,4187,10,random-32-32-20-random-3.scen
180,random-32-32-20.map,PIBT,0,7116,4369,100000,59,10903,100,random-32-32-20-random-3.scen
180,random-32-32-20.map,PIBTOLD,0,407441,4369,100000,59,4190,100,random-32-32-20-random-3.scen
180,random-32-32-20.map,PIBT,0,207066,4369,100000,59,34188,1000,random-32-32-20-random-3.scen
180,random-32-32-20.map,PIBTOLD,0,407441,4369,100000,59,4218,1000,random-32-32-20-random-3.scen
220,random-32-32-20.map,PIBT,0,210083,5386,100000,59,9346,0,random-32-32-20-random-3.scen
220,random-32-32-20.map,PIBTOLD,0,210083,5386,100000,59,5051,0,random-32-32-20-random-3.scen
220,random-32-32-20.map,PIBT,0,9977,5386,100000,59,11067,1,random-32-32-20-random-3.scen
220,random-32-32-20.map,PIBTOLD,0,210083,5386,100000,59,5132,1,random-32-32-20-random-3.scen
220,random-32-32-20.map,PIBT,0,10487,5386,100000,59,12207,10,random-32-32-20-random-3.scen
220,random-32-32-20.map,PIBTOLD,0,210083,5386,100000,59,5059,10,random-32-32-20-random-3.scen
220,random-32-32-20.map,PIBT,0,209903,5386,100000,59,18792,100,random-32-32-20-random-3.scen
220,random-32-32-20.map,PIBTOLD,0,210083,5386,100000,59,5106,100,random-32-32-20-random-3.scen
20,random-32-32-20.map,PIBT,1,577,505,42,42,0,0,random-32-32-20-random-2.scen
20,random-32-32-20.map,PIBTOLD,1,577,505,42,42,0,0,random-32-32-20-random-2.scen
20,random-32-32-20.map,PIBT,1,566,505,42,42,0,1,random-32-32-20-random-2.scen
20,random-32-32-20.map,PIBTOLD,1,577,505,42,42,0,1,random-32-32-20-random-2.scen
20,random-32-32-20.map,PIBT,1,566,505,42,42,0,10,random-32-32-20-random-2.scen
20,random-32-32-20.map,PIBTOLD,1,577,505,42,42,0,10,random-32-32-20-random-2.scen
20,random-32-32-20.map,PIBT,1,566,505,42,42,0,100,random-32-32-20-random-2.scen
20,random-32-32-20.map,PIBTOLD,1,577,505,42,42,0,100,random-32-32-20-random-2.scen
20,random-32-32-20.map,PIBT,1,566,505,42,42,0,1000,random-32-32-20-random-2.scen
20,random-32-32-20.map,PIBTOLD,1,577,505,42,42,0,1000,random-32-32-20-random-2.scen
60,random-32-32-20.map,PIBT,1,1711,1445,48,48,1,0,random-32-32-20-random-2.scen
60,random-32-32-20.map,PIBTOLD,1,1711,1445,48,48,1,0,random-32-32-20-random-2.scen
60,random-32-32-20.map,PIBT,1,1751,1445,49,48,2,1,random-32-32-20-random-2.scen
60,random-32-32-20.map,PIBTOLD,1,1711,1445,48,48,1,1,random-32-32-20-random-2.scen
60,random-32-32-20.map,PIBT,1,1751,1445,49,48,2,10,random-32-32-20-random-2.scen
60,random-32-32-20.map,PIBTOLD,1,1711,1445,48,48,1,10,random-32-32-20-random-2.scen
60,random-32-32-20.map,PIBT,1,1751,1445,49,48,2,100,random-32-32-20-random-2.scen
60,random-32-32-20.map,PIBTOLD,1,1711,1445,48,48,1,100,random-32-32-20-random-2.scen
60,random-32-32-20.map,PIBT,1,1751,1445,49,48,2,1000,random-32-32-20-random-2.scen
60,random-32-32-20.map,PIBTOLD,1,1711,1445,48,48,1,1000,random-32-32-20-random-2.scen
100,random-32-32-20.map,PIBT,1,3446,2420,54,54,3,0,random-32-32-20-random-2.scen
100,random-32-32-20.map,PIBTOLD,1,3446,2420,54,54,2,0,random-32-32-20-random-2.scen
100,random-32-32-20.map,PIBT,1,3285,2420,54,54,9,1,random-32-32-20-random-2.scen
100,random-32-32-20.map,PIBTOLD,1,3446,2420,54,54,2,1,random-32-32-20-random-2.scen
100,random-32-32-20.map,PIBT,1,3294,2420,55,54,30,10,random-32-32-20-random-2.scen
100,random-32-32-20.map,PIBTOLD,1,3446,2420,54,54,2,10,random-32-32-20-random-2.scen
100,random-32-32-20.map,PIBT,0,3117,2420,100000,54,4047,100,random-32-32-20-random-2.scen
100,random-32-32-20.map,PIBTOLD,1,3446,2420,54,54,2,100,random-32-32-20-random-2.scen
100,random-32-32-20.map,PIBT,0,3117,2420,100000,54,4043,1000,random-32-32-20-random-2.scen
100,random-32-32-20.map,PIBTOLD,1,3446,2420,54,54,2,1000,random-32-32-20-random-2.scen
140,random-32-32-20.map,PIBT,1,5501,3549,71,59,5,0,random-32-32-20-random-2.scen
140,random-32-32-20.map,PIBTOLD,1,5501,3549,71,59,4,0,random-32-32-20-random-2.scen
140,random-32-32-20.map,PIBT,0,198511,3549,100000,59,6443,1,random-32-32-20-random-2.scen
140,random-32-32-20.map,PIBTOLD,1,5501,3549,71,59,4,1,random-32-32-20-random-2.scen
140,random-32-32-20.map,PIBT,0,5335,3549,100000,59,6217,10,random-32-32-20-random-2.scen
140,random-32-32-20.map,PIBTOLD,1,5501,3549,71,59,4,10,random-32-32-20-random-2.scen
140,random-32-32-20.map,PIBT,0,5271,3549,100000,59,8248,100,random-32-32-20-random-2.scen
140,random-32-32-20.map,PIBTOLD,1,5501,3549,71,59,4,100,random-32-32-20-random-2.scen
140,random-32-32-20.map,PIBT,0,5051,3549,100000,59,18364,1000,random-32-32-20-random-2.scen
140,random-32-32-20.map,PIBTOLD,1,5501,3549,71,59,4,1000,random-32-32-20-random-2.scen
180,random-32-32-20.map,PIBT,0,407441,4369,100000,59,7081,0,random-32-32-20-random-2.scen
180,random-32-32-20.map,PIBTOLD,0,407441,4369,100000,59,4264,0,random-32-32-20-random-2.scen
180,random-32-32-20.map,PIBT,0,7187,4369,100000,59,7991,1,random-32-32-20-random-2.scen
180,random-32-32-20.map,PIBTOLD,0,407441,4369,100000,59,4239,1,random-32-32-20-random-2.scen
180,random-32-32-20.map,PIBT,0,206893,4369,100000,59,7828,10,random-32-32-20-random-2.scen
180,random-32-32-20.map,PIBTOLD,0,407441,4369,100000,59,4232,10,random-32-32-20-random-2.scen
180,random-32-32-20.map,PIBT,0,6977,4369,100000,59,9957,100,random-32-32-20-random-2.scen
180,random-32-32-20.map,PIBTOLD,0,407441,4369,100000,59,4394,100,random-32-32-20-random-2.scen
180,random-32-32-20.map,PIBT,0,7229,4369,100000,59,31924,1000,random-32-32-20-random-2.scen
180,random-32-32-20.map,PIBTOLD,0,407441,4369,100000,59,4301,1000,random-32-32-20-random-2.scen
220,random-32-32-20.map,PIBT,0,210083,5386,100000,59,9106,0,random-32-32-20-random-2.scen
220,random-32-32-20.map,PIBTOLD,0,210083,5386,100000,59,5101,0,random-32-32-20-random-2.scen
220,random-32-32-20.map,PIBT,0,409832,5386,100000,59,11743,1,random-32-32-20-random-2.scen
220,random-32-32-20.map,PIBTOLD,0,210083,5386,100000,59,5209,1,random-32-32-20-random-2.scen
220,random-32-32-20.map,PIBT,0,9793,5386,100000,59,12303,10,random-32-32-20-random-2.scen
220,random-32-32-20.map,PIBTOLD,0,210083,5386,100000,59,5045,10,random-32-32-20-random-2.scen
220,random-32-32-20.map,PIBT,0,210445,5386,100000,59,18712,100,random-32-32-20-random-2.scen
220,random-32-32-20.map,PIBTOLD,0,210083,5386,100000,59,5158,100,random-32-32-20-random-2.scen
220,random-32-32-20.map,PIBT,0,209740,5386,100000,59,40655,1000,random-32-32-20-random-2.scen
220,random-32-32-20.map,PIBTOLD,0,210083,5386,100000,59,5241,1000,random-32-32-20-random-2.scen
20,random-32-32-20.map,PIBT,1,577,505,42,42,0,0,random-32-32-20-random-24.scen
20,random-32-32-20.map,PIBTOLD,1,577,505,42,42,0,0,random-32-32-20-random-24.scen
20,random-32-32-20.map,PIBT,1,566,505,42,42,0,1,random-32-32-20-random-24.scen
20,random-32-32-20.map,PIBTOLD,1,577,505,42,42,0,1,random-32-32-20-random-24.scen
20,random-32-32-20.map,PIBT,1,566,505,42,42,0,10,random-32-32-20-random-24.scen
20,random-32-32-20.map,PIBTOLD,1,577,505,42,42,0,10,random-32-32-20-random-24.scen
20,random-32-32-20.map,PIBT,1,566,505,42,42,0,100,random-32-32-20-random-24.scen
20,random-32-32-20.map,PIBTOLD,1,577,505,42,42,0,100,random-32-32-20-random-24.scen
20,random-32-32-20.map,PIBT,1,566,505,42,42,0,1000,random-32-32-20-random-24.scen
20,random-32-32-20.map,PIBTOLD,1,577,505,42,42,0,1000,random-32-32-20-random-24.scen
60,random-32-32-20.map,PIBT,1,1711,1445,48,48,1,0,random-32-32-20-random-24.scen
60,random-32-32-20.map,PIBTOLD,1,1711,1445,48,48,1,0,random-32-32-20-random-24.scen
60,random-32-32-20.map,PIBT,1,1751,1445,49,48,2,1,random-32-32-20-random-24.scen
60,random-32-32-20.map,PIBTOLD,1,1711,1445,48,48,1,1,random-32-32-20-random-24.scen
60,random-32-32-20.map,PIBT,1,1751,1445,49,48,2,10,random-32-32-20-random-24.scen
60,random-32-32-20.map,PIBTOLD,1,1711,1445,48,48,1,10,random-32-32-20-random-24.scen
60,random-32-32-20.map,PIBT,1,1751,1445,49,48,2,100,random-32-32-20-random-24.scen
60,random-32-32-20.map,PIBTOLD,1,1711,1445,48,48,1,100,random-32-32-20-random-24.scen
60,random-32-32-20.map,PIBT,1,1751,1445,49,48,2,1000,random-32-32-20-random-24.scen
60,random-32-32-20.map,PIBTOLD,1,1711,1445,48,48,1,1000,random-32-32-20-random-24.scen
100,random-32-32-20.map,PIBT,1,3446,2420,54,54,3,0,random-32-32-20-random-24.scen
100,random-32-32-20.map,PIBTOLD,1,3446,2420,54,54,2,0,random-32-32-20-random-24.scen
100,random-32-32-20.map,PIBT,1,3297,2420,54,54,8,1,random-32-32-20-random-24.scen
100,random-32-32-20.map,PIBTOLD,1,3446,2420,54,54,3,1,random-32-32-20-random-24.scen
100,random-32-32-20.map,PIBT,0,3153,2420,100000,54,4106,10,random-32-32-20-random-24.scen
100,random-32-32-20.map,PIBTOLD,1,3446,2420,54,54,2,10,random-32-32-20-random-24.scen
100,random-32-32-20.map,PIBT,0,3117,2420,100000,54,4194,100,random-32-32-20-random-24.scen
100,random-32-32-20.map,PIBTOLD,1,3446,2420,54,54,2,100,random-32-32-20-random-24.scen
100,random-32-32-20.map,PIBT,0,3117,2420,100000,54,4098,1000,random-32-32-20-random-24.scen
100,random-32-32-20.map,PIBTOLD,1,3446,2420,54,54,2,1000,random-32-32-20-random-24.scen
140,random-32-32-20.map,PIBT,1,5501,3549,71,59,6,0,random-32-32-20-random-24.scen
140,random-32-32-20.map,PIBTOLD,1,5501,3549,71,59,4,0,random-32-32-20-random-24.scen
140,random-32-32-20.map,PIBT,0,535888,3549,100000,59,8517,1,random-32-32-20-random-24.scen
140,random-32-32-20.map,PIBTOLD,1,5501,3549,71,59,4,1,random-32-32-20-random-24.scen
140,random-32-32-20.map,PIBT,0,5182,3549,100000,59,6180,10,random-32-32-20-random-24.scen
140,random-32-32-20.map,PIBTOLD,1,5501,3549,71,59,4,10,random-32-32-20-random-24.scen
140,random-32-32-20.map,PIBT,0,5026,3549,100000,59,7849,100,random-32-32-20-random-24.scen
140,random-32-32-20.map,PIBTOLD,1,5501,3549,71,59,4,100,random-32-32-20-random-24.scen
140,random-32-32-20.map,PIBT,0,5079,3549,100000,59,15589,1000,random-32-32-20-random-24.scen
140,random-32-32-20.map,PIBTOLD,1,5501,3549,71,59,4,1000,random-32-32-20-random-24.scen
180,random-32-32-20.map,PIBT,0,407441,4369,100000,59,7091,0,random-32-32-20-random-24.scen
180,random-32-32-20.map,PIBTOLD,0,407441,4369,100000,59,4206,0,random-32-32-20-random-24.scen
180,random-32-32-20.map,PIBT,0,207006,4369,100000,59,13955,1,random-32-32-20-random-24.scen
180,random-32-32-20.map,PIBTOLD,0,407441,4369,100000,59,4259,1,random-32-32-20-random-24.scen
180,random-32-32-20.map,PIBT,0,207208,4369,100000,59,8612,10,random-32-32-20-random-24.scen
180,random-32-32-20.map,PIBTOLD,0,407441,4369,100000,59,4277,10,random-32-32-20-random-24.scen
180,random-32-32-20.map,PIBT,0,7087,4369,100000,59,10973,100,random-32-32-20-random-24.scen
180,random-32-32-20.map,PIBTOLD,0,407441,4369,100000,59,4245,100,random-32-32-20-random-24.scen
180,random-32-32-20.map,PIBT,0,207036,4369,100000,59,29075,1000,random-32-32-20-random-24.scen
180,random-32-32-20.map,PIBTOLD,0,407441,4369,100000,59,4313,1000,random-32-32-20-random-24.scen
220,random-32-32-20.map,PIBT,0,210083,5386,100000,59,9073,0,random-32-32-20-random-24.scen
220,random-32-32-20.map,PIBTOLD,0,210083,5386,100000,59,5085,0,random-32-32-20-random-24.scen
220,random-32-32-20.map,PIBT,0,9790,5386,100000,59,10951,1,random-32-32-20-random-24.scen
220,random-32-32-20.map,PIBTOLD,0,210083,5386,100000,59,5094,1,random-32-32-20-random-24.scen
220,random-32-32-20.map,PIBT,0,209816,5386,100000,59,12290,10,random-32-32-20-random-24.scen
220,random-32-32-20.map,PIBTOLD,0,210083,5386,100000,59,5052,10,random-32-32-20-random-24.scen
220,random-32-32-20.map,PIBT,0,10221,5386,100000,59,19989,100,random-32-32-20-random-24.scen
220,random-32-32-20.map,PIBTOLD,0,210083,5386,100000,59,5126,100,random-32-32-20-random-24.scen
220,random-32-32-20.map,PIBT,0,10064,5386,100000,59,47149,1000,random-32-32-20-random-24.scen
220,random-32-32-20.map,PIBTOLD,0,210083,5386,100000,59,5103,1000,random-32-32-20-random-24.scen
20,random-32-32-20.map,PIBT,1,577,505,42,42,0,0,random-32-32-20-random-4.scen
20,random-32-32-20.map,PIBTOLD,1,577,505,42,42,0,0,random-32-32-20-random-4.scen
20,random-32-32-20.map,PIBT,1,566,505,42,42,0,1,random-32-32-20-random-4.scen
20,random-32-32-20.map,PIBTOLD,1,577,505,42,42,0,1,random-32-32-20-random-4.scen
20,random-32-32-20.map,PIBT,1,566,505,42,42,0,10,random-32-32-20-random-4.scen
20,random-32-32-20.map,PIBTOLD,1,577,505,42,42,0,10,random-32-32-20-random-4.scen
20,random-32-32-20.map,PIBT,1,566,505,42,42,0,100,random-32-32-20-random-4.scen
20,random-32-32-20.map,PIBTOLD,1,577,505,42,42,0,100,random-32-32-20-random-4.scen
20,random-32-32-20.map,PIBT,1,566,505,42,42,0,1000,random-32-32-20-random-4.scen
20,random-32-32-20.map,PIBTOLD,1,577,505,42,42,0,1000,random-32-32-20-random-4.scen
60,random-32-32-20.map,PIBT,1,1711,1445,48,48,1,0,random-32-32-20-random-4.scen
60,random-32-32-20.map,PIBTOLD,1,1711,1445,48,48,1,0,random-32-32-20-random-4.scen
60,random-32-32-20.map,PIBT,1,1751,1445,49,48,2,1,random-32-32-20-random-4.scen
60,random-32-32-20.map,PIBTOLD,1,1711,1445,48,48,1,1,random-32-32-20-random-4.scen
60,random-32-32-20.map,PIBT,1,1751,1445,49,48,2,10,random-32-32-20-random-4.scen
60,random-32-32-20.map,PIBTOLD,1,1711,1445,48,48,1,10,random-32-32-20-random-4.scen
60,random-32-32-20.map,PIBT,1,1751,1445,49,48,2,100,random-32-32-20-random-4.scen
60,random-32-32-20.map,PIBTOLD,1,1711,1445,48,48,1,100,random-32-32-20-random-4.scen
60,random-32-32-20.map,PIBT,1,1751,1445,49,48,2,1000,random-32-32-20-random-4.scen
60,random-32-32-20.map,PIBTOLD,1,1711,1445,48,48,1,1000,random-32-32-20-random-4.scen
100,random-32-32-20.map,PIBT,1,3446,2420,54,54,3,0,random-32-32-20-random-4.scen
100,random-32-32-20.map,PIBTOLD,1,3446,2420,54,54,3,0,random-32-32-20-random-4.scen
100,random-32-32-20.map,PIBT,1,3237,2420,54,54,10,1,random-32-32-20-random-4.scen
100,random-32-32-20.map,PIBTOLD,1,3446,2420,54,54,2,1,random-32-32-20-random-4.scen
100,random-32-32-20.map,PIBT,0,3258,2420,100000,54,3706,10,random-32-32-20-random-4.scen
100,random-32-32-20.map,PIBTOLD,1,3446,2420,54,54,2,10,random-32-32-20-random-4.scen
100,random-32-32-20.map,PIBT,0,3117,2420,100000,54,3966,100,random-32-32-20-random-4.scen
100,random-32-32-20.map,PIBTOLD,1,3446,2420,54,54,2,100,random-32-32-20-random-4.scen
100,random-32-32-20.map,PIBT,0,3117,2420,100000,54,4131,1000,random-32-32-20-random-4.scen
100,random-32-32-20.map,PIBTOLD,1,3446,2420,54,54,2,1000,random-32-32-20-random-4.scen
140,random-32-32-20.map,PIBT,1,5501,3549,71,59,6,0,random-32-32-20-random-4.scen
140,random-32-32-20.map,PIBTOLD,1,5501,3549,71,59,4,0,random-32-32-20-random-4.scen
140,random-32-32-20.map,PIBT,0,5259,3549,100000,59,6468,1,random-32-32-20-random-4.scen
140,random-32-32-20.map,PIBTOLD,1,5501,3549,71,59,4,1,random-32-32-20-random-4.scen
140,random-32-32-20.map,PIBT,0,5076,3549,100000,59,5727,10,random-32-32-20-random-4.scen
140,random-32-32-20.map,PIBTOLD,1,5501,3549,71,59,4,10,random-32-32-20-random-4.scen
140,random-32-32-20.map,PIBT,0,205216,3549,100000,59,6409,100,random-32-32-20-random-4.scen
140,random-32-32-20.map,PIBTOLD,1,5501,3549,71,59,4,100,random-32-32-20-random-4.scen
140,random-32-32-20.map,PIBT,0,5096,3549,100000,59,22981,1000,random-32-32-20-random-4.scen
140,random-32-32-20.map,PIBTOLD,1,5501,3549,71,59,4,1000,random-32-32-20-random-4.scen
180,random-32-32-20.map,PIBT,0,407441,4369,100000,59,7311,0,random-32-32-20-random-4.scen
180,random-32-32-20.map,PIBTOLD,0,407441,4369,100000,59,4192,0,random-32-32-20-random-4.scen
180,random-32-32-20.map,PIBT,0,592096,4369,100000,59,8555,1,random-32-32-20-random-4.scen
180,random-32-32-20.map,PIBTOLD,0,407441,4369,100000,59,4265,1,random-32-32-20-random-4.scen
180,random-32-32-20.map,PIBT,0,207373,4369,100000,59,7897,10,random-32-32-20-random-4.scen
180,random-32-32-20.map,PIBTOLD,0,407441,4369,100000,59,4211,10,random-32-32-20-random-4.scen
180,random-32-32-20.map,PIBT,0,407011,4369,100000,59,10921,100,random-32-32-20-random-4.scen
180,random-32-32-20.map,PIBTOLD,0,407441,4369,100000,59,4204,100,random-32-32-20-random-4.scen
180,random-32-32-20.map,PIBT,0,7049,4369,100000,59,32879,1000,random-32-32-20-random-4.scen
180,random-32-32-20.map,PIBTOLD,0,407441,4369,100000,59,4202,1000,random-32-32-20-random-4.scen
220,random-32-32-20.map,PIBT,0,210083,5386,100000,59,9487,0,random-32-32-20-random-4.scen
220,random-32-32-20.map,PIBTOLD,0,210083,5386,100000,59,4933,0,random-32-32-20-random-4.scen
220,random-32-32-20.map,PIBT,0,209873,5386,100000,59,13354,1,random-32-32-20-random-4.scen
220,random-32-32-20.map,PIBTOLD,0,210083,5386,100000,59,5179,1,random-32-32-20-random-4.scen
220,random-32-32-20.map,PIBT,0,210367,5386,100000,59,12436,10,random-32-32-20-random-4.scen
220,random-32-32-20.map,PIBTOLD,0,210083,5386,100000,59,5033,10,random-32-32-20-random-4.scen
220,random-32-32-20.map,PIBT,0,209984,5386,100000,59,21715,100,random-32-32-20-random-4.scen
220,random-32-32-20.map,PIBTOLD,0,210083,5386,100000,59,5124,100,random-32-32-20-random-4.scen
220,random-32-32-20.map,PIBT,0,409677,5386,100000,59,45546,1000,random-32-32-20-random-4.scen
220,random-32-32-20.map,PIBTOLD,0,210083,5386,100000,59,5215,1000,random-32-32-20-random-4.scen
20,random-32-32-20.map,PIBT,1,577,505,42,42,0,0,random-32-32-20-random-1.scen
20,random-32-32-20.map,PIBTOLD,1,577,505,42,42,0,0,random-32-32-20-random-1.scen
20,random-32-32-20.map,PIBT,1,566,505,42,42,0,1,random-32-32-20-random-1.scen
20,random-32-32-20.map,PIBTOLD,1,577,505,42,42,0,1,random-32-32-20-random-1.scen
20,random-32-32-20.map,PIBT,1,566,505,42,42,0,10,random-32-32-20-random-1.scen
20,random-32-32-20.map,PIBTOLD,1,577,505,42,42,0,10,random-32-32-20-random-1.scen
20,random-32-32-20.map,PIBT,1,566,505,42,42,0,100,random-32-32-20-random-1.scen
20,random-32-32-20.map,PIBTOLD,1,577,505,42,42,0,100,random-32-32-20-random-1.scen
20,random-32-32-20.map,PIBT,1,566,505,42,42,0,1000,random-32-32-20-random-1.scen
20,random-32-32-20.map,PIBTOLD,1,577,505,42,42,0,1000,random-32-32-20-random-1.scen
60,random-32-32-20.map,PIBT,1,1711,1445,48,48,2,0,random-32-32-20-random-1.scen
60,random-32-32-20.map,PIBTOLD,1,1711,1445,48,48,1,0,random-32-32-20-random-1.scen
60,random-32-32-20.map,PIBT,1,1751,1445,49,48,2,1,random-32-32-20-random-1.scen
60,random-32-32-20.map,PIBTOLD,1,1711,1445,48,48,1,1,random-32-32-20-random-1.scen
60,random-32-32-20.map,PIBT,1,1751,1445,49,48,2,10,random-32-32-20-random-1.scen
60,random-32-32-20.map,PIBTOLD,1,1711,1445,48,48,1,10,random-32-32-20-random-1.scen
60,random-32-32-20.map,PIBT,1,1751,1445,49,48,2,100,random-32-32-20-random-1.scen
60,random-32-32-20.map,PIBTOLD,1,1711,1445,48,48,1,100,random-32-32-20-random-1.scen
60,random-32-32-20.map,PIBT,1,1751,1445,49,48,2,1000,random-32-32-20-random-1.scen
60,random-32-32-20.map,PIBTOLD,1,1711,1445,48,48,1,1000,random-32-32-20-random-1.scen
100,random-32-32-20.map,PIBT,1,3446,2420,54,54,3,0,random-32-32-20-random-1.scen
100,random-32-32-20.map,PIBTOLD,1,3446,2420,54,54,2,0,random-32-32-20-random-1.scen
100,random-32-32-20.map,PIBT,0,3179,2420,100000,54,3667,1,random-32-32-20-random-1.scen
100,random-32-32-20.map,PIBTOLD,1,3446,2420,54,54,2,1,random-32-32-20-random-1.scen
100,random-32-32-20.map,PIBT,1,3266,2420,54,54,29,10,random-32-32-20-random-1.scen
100,random-32-32-20.map,PIBTOLD,1,3446,2420,54,54,2,10,random-32-32-20-random-1.scen
100,random-32-32-20.map,PIBT,0,3117,2420,100000,54,4019,100,random-32-32-20-random-1.scen
100,random-32-32-20.map,PIBTOLD,1,3446,2420,54,54,85,100,random-32-32-20-random-1.scen
100,random-32-32-20.map,PIBT,0,3117,2420,100000,54,4027,1000,random-32-32-20-random-1.scen
100,random-32-32-20.map,PIBTOLD,1,3446,2420,54,54,2,1000,random-32-32-20-random-1.scen
140,random-32-32-20.map,PIBT,1,5501,3549,71,59,5,0,random-32-32-20-random-1.scen
140,random-32-32-20.map,PIBTOLD,1,5501,3549,71,59,4,0,random-32-32-20-random-1.scen
140,random-32-32-20.map,PIBT,0,5103,3549,100000,59,6151,1,random-32-32-20-random-1.scen
140,random-32-32-20.map,PIBTOLD,1,5501,3549,71,59,4,1,random-32-32-20-random-1.scen
140,random-32-32-20.map,PIBT,0,5194,3549,100000,59,6888,10,random-32-32-20-random-1.scen
140,random-32-32-20.map,PIBTOLD,1,5501,3549,71,59,4,10,random-32-32-20-random-1.scen
140,random-32-32-20.map,PIBT,0,5154,3549,100000,59,7546,100,random-32-32-20-random-1.scen
140,random-32-32-20.map,PIBTOLD,1,5501,3549,71,59,4,100,random-32-32-20-random-1.scen
140,random-32-32-20.map,PIBT,0,5311,3549,100000,59,16173,1000,random-32-32-20-random-1.scen
140,random-32-32-20.map,PIBTOLD,1,5501,3549,71,59,4,1000,random-32-32-20-random-1.scen
180,random-32-32-20.map,PIBT,0,407441,4369,100000,59,7223,0,random-32-32-20-random-1.scen
180,random-32-32-20.map,PIBTOLD,0,407441,4369,100000,59,4236,0,random-32-32-20-random-1.scen
180,random-32-32-20.map,PIBT,0,260767,4369,100000,59,9448,1,random-32-32-20-random-1.scen
180,random-32-32-20.map,PIBTOLD,0,407441,4369,100000,59,4299,1,random-32-32-20-random-1.scen
180,random-32-32-20.map,PIBT,0,207009,4369,100000,59,8092,10,random-32-32-20-random-1.scen
180,random-32-32-20.map,PIBTOLD,0,407441,4369,100000,59,4211,10,random-32-32-20-random-1.scen
180,random-32-32-20.map,PIBT,0,207173,4369,100000,59,11183,100,random-32-32-20-random-1.scen
180,random-32-32-20.map,PIBTOLD,0,407441,4369,100000,59,4236,100,random-32-32-20-random-1.scen
180,random-32-32-20.map,PIBT,0,7260,4369,100000,59,32185,1000,random-32-32-20-random-1.scen
180,random-32-32-20.map,PIBTOLD,0,407441,4369,100000,59,4228,1000,random-32-32-20-random-1.scen
220,random-32-32-20.map,PIBT,0,210083,5386,100000,59,9317,0,random-32-32-20-random-1.scen
220,random-32-32-20.map,PIBTOLD,0,210083,5386,100000,59,5032,0,random-32-32-20-random-1.scen
220,random-32-32-20.map,PIBT,0,209873,5386,100000,59,12027,1,random-32-32-20-random-1.scen
220,random-32-32-20.map,PIBTOLD,0,210083,5386,100000,59,5124,1,random-32-32-20-random-1.scen
220,random-32-32-20.map,PIBT,0,209859,5386,100000,59,14004,10,random-32-32-20-random-1.scen
220,random-32-32-20.map,PIBTOLD,0,210083,5386,100000,59,5070,10,random-32-32-20-random-1.scen
220,random-32-32-20.map,PIBT,0,10012,5386,100000,59,15252,100,random-32-32-20-random-1.scen
220,random-32-32-20.map,PIBTOLD,0,210083,5386,100000,59,5055,100,random-32-32-20-random-1.scen
220,random-32-32-20.map,PIBT,0,9927,5386,100000,59,45392,1000,random-32-32-20-random-1.scen
220,random-32-32-20.map,PIBTOLD,0,210083,5386,100000,59,4977,1000,random-32-32-20-random-1.scen
20,random-32-32-20.map,PIBT,1,577,505,42,42,0,0,random-32-32-20-random-6.scen
20,random-32-32-20.map,PIBTOLD,1,577,505,42,42,0,0,random-32-32-20-random-6.scen
20,random-32-32-20.map,PIBT,1,566,505,42,42,0,1,random-32-32-20-random-6.scen
20,random-32-32-20.map,PIBTOLD,1,577,505,42,42,0,1,random-32-32-20-random-6.scen
20,random-32-32-20.map,PIBT,1,566,505,42,42,0,10,random-32-32-20-random-6.scen
20,random-32-32-20.map,PIBTOLD,1,577,505,42,42,1,10,random-32-32-20-random-6.scen
20,random-32-32-20.map,PIBT,1,566,505,42,42,0,100,random-32-32-20-random-6.scen
20,random-32-32-20.map,PIBTOLD,1,577,505,42,42,0,100,random-32-32-20-random-6.scen
20,random-32-32-20.map,PIBT,1,566,505,42,42,0,1000,random-32-32-20-random-6.scen
20,random-32-32-20.map,PIBTOLD,1,577,505,42,42,0,1000,random-32-32-20-random-6.scen
60,random-32-32-20.map,PIBT,1,1711,1445,48,48,1,0,random-32-32-20-random-6.scen
60,random-32-32-20.map,PIBTOLD,1,1711,1445,48,48,1,0,random-32-32-20-random-6.scen
60,random-32-32-20.map,PIBT,1,1751,1445,49,48,2,1,random-32-32-20-random-6.scen
60,random-32-32-20.map,PIBTOLD,1,1711,1445,48,48,1,1,random-32-32-20-random-6.scen
60,random-32-32-20.map,PIBT,1,1751,1445,49,48,2,10,random-32-32-20-random-6.scen
60,random-32-32-20.map,PIBTOLD,1,1711,1445,48,48,1,10,random-32-32-20-random-6.scen
60,random-32-32-20.map,PIBT,1,1751,1445,49,48,2,100,random-32-32-20-random-6.scen
60,random-32-32-20.map,PIBTOLD,1,1711,1445,48,48,1,100,random-32-32-20-random-6.scen
60,random-32-32-20.map,PIBT,1,1751,1445,49,48,2,1000,random-32-32-20-random-6.scen
60,random-32-32-20.map,PIBTOLD,1,1711,1445,48,48,1,1000,random-32-32-20-random-6.scen
100,random-32-32-20.map,PIBT,1,3446,2420,54,54,3,0,random-32-32-20-random-6.scen
100,random-32-32-20.map,PIBTOLD,1,3446,2420,54,54,2,0,random-32-32-20-random-6.scen
100,random-32-32-20.map,PIBT,0,3238,2420,100000,54,3815,1,random-32-32-20-random-6.scen
100,random-32-32-20.map,PIBTOLD,1,3446,2420,54,54,2,1,random-32-32-20-random-6.scen
100,random-32-32-20.map,PIBT,0,3141,2420,100000,54,4115,10,random-32-32-20-random-6.scen
100,random-32-32-20.map,PIBTOLD,1,3446,2420,54,54,2,10,random-32-32-20-random-6.scen
100,random-32-32-20.map,PIBT,0,3117,2420,100000,54,4061,100,random-32-32-20-random-6.scen
100,random-32-32-20.map,PIBTOLD,1,3446,2420,54,54,2,100,random-32-32-20-random-6.scen
100,random-32-32-20.map,PIBT,0,3117,2420,100000,54,4003,1000,random-32-32-20-random-6.scen
100,random-32-32-20.map,PIBTOLD,1,3446,2420,54,54,2,1000,random-32-32-20-random-6.scen
140,random-32-32-20.map,PIBT,1,5501,3549,71,59,5,0,random-32-32-20-random-6.scen
140,random-32-32-20.map,PIBTOLD,1,5501,3549,71,59,4,0,random-32-32-20-random-6.scen
140,random-32-32-20.map,PIBT,0,5175,3549,100000,59,6351,1,random-32-32-20-random-6.scen
140,random-32-32-20.map,PIBTOLD,1,5501,3549,71,59,4,1,random-32-32-20-random-6.scen
140,random-32-32-20.map,PIBT,0,5095,3549,100000,59,6431,10,random-32-32-20-random-6.scen
140,random-32-32-20.map,PIBTOLD,1,5501,3549,71,59,4,10,random-32-32-20-random-6.scen
140,random-32-32-20.map,PIBT,0,5291,3549,100000,59,8637,100,random-32-32-20-random-6.scen
140,random-32-32-20.map,PIBTOLD,1,5501,3549,71,59,4,100,random-32-32-20-random-6.scen
140,random-32-32-20.map,PIBT,0,5120,3549,100000,59,14784,1000,random-32-32-20-random-6.scen
140,random-32-32-20.map,PIBTOLD,1,5501,3549,71,59,4,1000,random-32-32-20-random-6.scen
180,random-32-32-20.map,PIBT,0,407441,4369,100000,59,7117,0,random-32-32-20-random-6.scen
180,random-32-32-20.map,PIBTOLD,0,407441,4369,100000,59,4468,0,random-32-32-20-random-6.scen
180,random-32-32-20.map,PIBT,0,6966,4369,100000,59,10833,1,random-32-32-20-random-6.scen
180,random-32-32-20.map,PIBTOLD,0,407441,4369,100000,59,4613,1,random-32-32-20-random-6.scen
180,random-32-32-20.map,PIBT,0,7238,4369,100000,59,9933,10,random-32-32-20-random-6.scen
180,random-32-32-20.map,PIBTOLD,0,407441,4369,100000,59,4470,10,random-32-32-20-random-6.scen
180,random-32-32-20.map,PIBT,0,7134,4369,100000,59,14080,100,random-32-32-20-random-6.scen
180,random-32-32-20.map,PIBTOLD,0,407441,4369,100000,59,4148,100,random-32-32-20-random-6.scen
180,random-32-32-20.map,PIBT,0,7292,4369,100000,59,32909,1000,random-32-32-20-random-6.scen
180,random-32-32-20.map,PIBTOLD,0,407441,4369,100000,59,4206,1000,random-32-32-20-random-6.scen
220,random-32-32-20.map,PIBT,0,210083,5386,100000,59,9194,0,random-32-32-20-random-6.scen
220,random-32-32-20.map,PIBTOLD,0,210083,5386,100000,59,5010,0,random-32-32-20-random-6.scen
220,random-32-32-20.map,PIBT,0,346941,5386,100000,59,13025,1,random-32-32-20-random-6.scen
220,random-32-32-20.map,PIBTOLD,0,210083,5386,100000,59,5094,1,random-32-32-20-random-6.scen
220,random-32-32-20.map,PIBT,0,409605,5386,100000,59,13493,10,random-32-32-20-random-6.scen
220,random-32-32-20.map,PIBTOLD,0,210083,5386,100000,59,5127,10,random-32-32-20-random-6.scen
220,random-32-32-20.map,PIBT,0,409954,5386,100000,59,14416,100,random-32-32-20-random-6.scen
220,random-32-32-20.map,PIBTOLD,0,210083,5386,100000,59,5163,100,random-32-32-20-random-6.scen
220,random-32-32-20.map,PIBT,0,9858,5386,100000,59,43819,1000,random-32-32-20-random-6.scen
220,random-32-32-20.map,PIBTOLD,0,210083,5386,100000,59,5068,1000,random-32-32-20-random-6.scen
20,random-32-32-20.map,PIBT,1,577,505,42,42,0,0,random-32-32-20-random-10.scen
20,random-32-32-20.map,PIBTOLD,1,577,505,42,42,0,0,random-32-32-20-random-10.scen
20,random-32-32-20.map,PIBT,1,566,505,42,42,0,1,random-32-32-20-random-10.scen
20,random-32-32-20.map,PIBTOLD,1,577,505,42,42,0,1,random-32-32-20-random-10.scen
20,random-32-32-20.map,PIBT,1,566,505,42,42,0,10,random-32-32-20-random-10.scen
20,random-32-32-20.map,PIBTOLD,1,577,505,42,42,0,10,random-32-32-20-random-10.scen
20,random-32-32-20.map,PIBT,1,566,505,42,42,0,100,random-32-32-20-random-10.scen
20,random-32-32-20.map,PIBTOLD,1,577,505,42,42,0,100,random-32-32-20-random-10.scen
20,random-32-32-20.map,PIBT,1,566,505,42,42,0,1000,random-32-32-20-random-10.scen
20,random-32-32-20.map,PIBTOLD,1,577,505,42,42,0,1000,random-32-32-20-random-10.scen
60,random-32-32-20.map,PIBT,1,1711,1445,48,48,1,0,random-32-32-20-random-10.scen
60,random-32-32-20.map,PIBTOLD,1,1711,1445,48,48,1,0,random-32-32-20-random-10.scen
60,random-32-32-20.map,PIBT,1,1751,1445,49,48,2,1,random-32-32-20-random-10.scen
60,random-32-32-20.map,PIBTOLD,1,1711,1445,48,48,1,1,random-32-32-20-random-10.scen
60,random-32-32-20.map,PIBT,1,1751,1445,49,48,2,10,random-32-32-20-random-10.scen
60,random-32-32-20.map,PIBTOLD,1,1711,1445,48,48,1,10,random-32-32-20-random-10.scen
60,random-32-32-20.map,PIBT,1,1751,1445,49,48,2,100,random-32-32-20-random-10.scen
60,random-32-32-20.map,PIBTOLD,1,1711,1445,48,48,1,100,random-32-32-20-random-10.scen
60,random-32-32-20.map,PIBT,1,1751,1445,49,48,2,1000,random-32-32-20-random-10.scen
60,random-32-32-20.map,PIBTOLD,1,1711,1445,48,48,1,1000,random-32-32-20-random-10.scen
100,random-32-32-20.map,PIBT,1,3446,2420,54,54,3,0,random-32-32-20-random-10.scen
100,random-32-32-20.map,PIBTOLD,1,3446,2420,54,54,2,0,random-32-32-20-random-10.scen
100,random-32-32-20.map,PIBT,1,3306,2420,56,54,12,1,random-32-32-20-random-10.scen
100,random-32-32-20.map,PIBTOLD,1,3446,2420,54,54,2,1,random-32-32-20-random-10.scen
100,random-32-32-20.map,PIBT,0,3120,2420,100000,54,4108,10,random-32-32-20-random-10.scen
100,random-32-32-20.map,PIBTOLD,1,3446,2420,54,54,2,10,random-32-32-20-random-10.scen
100,random-32-32-20.map,PIBT,0,3117,2420,100000,54,4082,100,random-32-32-20-random-10.scen
100,random-32-32-20.map,PIBTOLD,1,3446,2420,54,54,2,100,random-32-32-20-random-10.scen
100,random-32-32-20.map,PIBT,0,3117,2420,100000,54,4082,1000,random-32-32-20-random-10.scen
100,random-32-32-20.map,PIBTOLD,1,3446,2420,54,54,2,1000,random-32-32-20-random-10.scen
140,random-32-32-20.map,PIBT,1,5501,3549,71,59,6,0,random-32-32-20-random-10.scen
140,random-32-32-20.map,PIBTOLD,1,5501,3549,71,59,4,0,random-32-32-20-random-10.scen
140,random-32-32-20.map,PIBT,0,5248,3549,100000,59,6029,1,random-32-32-20-random-10.scen
140,random-32-32-20.map,PIBTOLD,1,5501,3549,71,59,4,1,random-32-32-20-random-10.scen
140,random-32-32-20.map,PIBT,0,5172,3549,100000,59,6161,10,random-32-32-20-random-10.scen
140,random-32-32-20.map,PIBTOLD,1,5501,3549,71,59,5,10,random-32-32-20-random-10.scen
140,random-32-32-20.map,PIBT,0,5171,3549,100000,59,7029,100,random-32-32-20-random-10.scen
140,random-32-32-20.map,PIBTOLD,1,5501,3549,71,59,4,100,random-32-32-20-random-10.scen
140,random-32-32-20.map,PIBT,0,5334,3549,100000,59,15273,1000,random-32-32-20-random-10.scen
140,random-32-32-20.map,PIBTOLD,1,5501,3549,71,59,4,1000,random-32-32-20-random-10.scen
180,random-32-32-20.map,PIBT,0,407441,4369,100000,59,7128,0,random-32-32-20-random-10.scen
180,random-32-32-20.map,PIBTOLD,0,407441,4369,100000,59,4396,0,random-32-32-20-random-10.scen
180,random-32-32-20.map,PIBT,0,7472,4369,100000,59,7965,1,random-32-32-20-random-10.scen
180,random-32-32-20.map,PIBTOLD,0,407441,4369,100000,59,4199,1,random-32-32-20-random-10.scen
180,random-32-32-20.map,PIBT,0,7109,4369,100000,59,10963,10,random-32-32-20-random-10.scen
180,random-32-32-20.map,PIBTOLD,0,407441,4369,100000,59,4205,10,random-32-32-20-random-10.scen
180,random-32-32-20.map,PIBT,0,207092,4369,100000,59,12288,100,random-32-32-20-random-10.scen
180,random-32-32-20.map,PIBTOLD,0,407441,4369,100000,59,4229,100,random-32-32-20-random-10.scen
180,random-32-32-20.map,PIBT,0,206945,4369,100000,59,30336,1000,random-32-32-20-random-10.scen
180,random-32-32-20.map,PIBTOLD,0,407441,4369,100000,59,4194,1000,random-32-32-20-random-10.scen
220,random-32-32-20.map,PIBT,0,210083,5386,100000,59,9095,0,random-32-32-20-random-10.scen
220,random-32-32-20.map,PIBTOLD,0,210083,5386,100000,59,4981,0,random-32-32-20-random-10.scen
220,random-32-32-20.map,PIBT,0,10327,5386,100000,59,12531,1,random-32-32-20-random-10.scen
220,random-32-32-20.map,PIBTOLD,0,210083,5386,100000,59,5022,1,random-32-32-20-random-10.scen
220,random-32-32-20.map,PIBT,0,9705,5386,100000,59,11978,10,random-32-32-20-random-10.scen
220,random-32-32-20.map,PIBTOLD,0,210083,5386,100000,59,5057,10,random-32-32-20-random-10.scen
220,random-32-32-20.map,PIBT,0,409565,5386,100000,59,15861,100,random-32-32-20-random-10.scen
220,random-32-32-20.map,PIBTOLD,0,210083,5386,100000,59,5032,100,random-32-32-20-random-10.scen
220,random-32-32-20.map,PIBT,0,9710,5386,100000,59,44436,1000,random-32-32-20-random-10.scen
220,random-32-32-20.map,PIBTOLD,0,210083,5386,100000,59,5091,1000,random-32-32-20-random-10.scen
20,random-32-32-20.map,PIBT,1,577,505,42,42,0,0,random-32-32-20-random-19.scen
20,random-32-32-20.map,PIBTOLD,1,577,505,42,42,0,0,random-32-32-20-random-19.scen
20,random-32-32-20.map,PIBT,1,566,505,42,42,0,1,random-32-32-20-random-19.scen
20,random-32-32-20.map,PIBTOLD,1,577,505,42,42,0,1,random-32-32-20-random-19.scen
20,random-32-32-20.map,PIBT,1,566,505,42,42,0,10,random-32-32-20-random-19.scen
20,random-32-32-20.map,PIBTOLD,1,577,505,42,42,0,10,random-32-32-20-random-19.scen
20,random-32-32-20.map,PIBT,1,566,505,42,42,0,100,random-32-32-20-random-19.scen
20,random-32-32-20.map,PIBTOLD,1,577,505,42,42,0,100,random-32-32-20-random-19.scen
20,random-32-32-20.map,PIBT,1,566,505,42,42,0,1000,random-32-32-20-random-19.scen
20,random-32-32-20.map,PIBTOLD,1,577,505,42,42,0,1000,random-32-32-20-random-19.scen
60,random-32-32-20.map,PIBT,1,1711,1445,48,48,1,0,random-32-32-20-random-19.scen
60,random-32-32-20.map,PIBTOLD,1,1711,1445,48,48,1,0,random-32-32-20-random-19.scen
60,random-32-32-20.map,PIBT,1,1751,1445,49,48,2,1,random-32-32-20-random-19.scen
60,random-32-32-20.map,PIBTOLD,1,1711,1445,48,48,1,1,random-32-32-20-random-19.scen
60,random-32-32-20.map,PIBT,1,1751,1445,49,48,1,10,random-32-32-20-random-19.scen
60,random-32-32-20.map,PIBTOLD,1,1711,1445,48,48,1,10,random-32-32-20-random-19.scen
60,random-32-32-20.map,PIBT,1,1751,1445,49,48,2,100,random-32-32-20-random-19.scen
60,random-32-32-20.map,PIBTOLD,1,1711,1445,48,48,1,100,random-32-32-20-random-19.scen
60,random-32-32-20.map,PIBT,1,1751,1445,49,48,2,1000,random-32-32-20-random-19.scen
60,random-32-32-20.map,PIBTOLD,1,1711,1445,48,48,1,1000,random-32-32-20-random-19.scen
100,random-32-32-20.map,PIBT,1,3446,2420,54,54,3,0,random-32-32-20-random-19.scen
100,random-32-32-20.map,PIBTOLD,1,3446,2420,54,54,2,0,random-32-32-20-random-19.scen
100,random-32-32-20.map,PIBT,1,3410,2420,69,54,15,1,random-32-32-20-random-19.scen
100,random-32-32-20.map,PIBTOLD,1,3446,2420,54,54,2,1,random-32-32-20-random-19.scen
100,random-32-32-20.map,PIBT,1,3345,2420,59,54,31,10,random-32-32-20-random-19.scen
100,random-32-32-20.map,PIBTOLD,1,3446,2420,54,54,2,10,random-32-32-20-random-19.scen
100,random-32-32-20.map,PIBT,0,3117,2420,100000,54,4047,100,random-32-32-20-random-19.scen
100,random-32-32-20.map,PIBTOLD,1,3446,2420,54,54,2,100,random-32-32-20-random-19.scen
100,random-32-32-20.map,PIBT,0,3117,2420,100000,54,4032,1000,random-32-32-20-random-19.scen
100,random-32-32-20.map,PIBTOLD,1,3446,2420,54,54,2,1000,random-32-32-20-random-19.scen
140,random-32-32-20.map,PIBT,1,5501,3549,71,59,6,0,random-32-32-20-random-19.scen
140,random-32-32-20.map,PIBTOLD,1,5501,3549,71,59,4,0,random-32-32-20-random-19.scen
140,random-32-32-20.map,PIBT,0,5081,3549,100000,59,6064,1,random-32-32-20-random-19.scen
140,random-32-32-20.map,PIBTOLD,1,5501,3549,71,59,4,1,random-32-32-20-random-19.scen
140,random-32-32-20.map,PIBT,0,5186,3549,100000,59,6394,10,random-32-32-20-random-19.scen
140,random-32-32-20.map,PIBTOLD,1,5501,3549,71,59,4,10,random-32-32-20-random-19.scen
140,random-32-32-20.map,PIBT,0,5076,3549,100000,59,8451,100,random-32-32-20-random-19.scen
140,random-32-32-20.map,PIBTOLD,1,5501,3549,71,59,4,100,random-32-32-20-random-19.scen
140,random-32-32-20.map,PIBT,0,5317,3549,100000,59,21703,1000,random-32-32-20-random-19.scen
140,random-32-32-20.map,PIBTOLD,1,5501,3549,71,59,4,1000,random-32-32-20-random-19.scen
180,random-32-32-20.map,PIBT,0,407441,4369,100000,59,7155,0,random-32-32-20-random-19.scen
180,random-32-32-20.map,PIBTOLD,0,407441,4369,100000,59,4256,0,random-32-32-20-random-19.scen
180,random-32-32-20.map,PIBT,0,7016,4369,100000,59,8900,1,random-32-32-20-random-19.scen
180,random-32-32-20.map,PIBTOLD,0,407441,4369,100000,59,4257,1,random-32-32-20-random-19.scen
180,random-32-32-20.map,PIBT,0,6814,4369,100000,59,8598,10,random-32-32-20-random-19.scen
180,random-32-32-20.map,PIBTOLD,0,407441,4369,100000,59,4199,10,random-32-32-20-random-19.scen
180,random-32-32-20.map,PIBT,0,7072,4369,100000,59,12433,100,random-32-32-20-random-19.scen
180,random-32-32-20.map,PIBTOLD,0,407441,4369,100000,59,4236,100,random-32-32-20-random-19.scen
180,random-32-32-20.map,PIBT,1,7213,4369,59,59,20873,1000,random-32-32-20-random-19.scen
180,random-32-32-20.map,PIBTOLD,0,407441,4369,100000,59,4313,1000,random-32-32-20-random-19.scen
220,random-32-32-20.map,PIBT,0,210083,5386,100000,59,9156,0,random-32-32-20-random-19.scen
220,random-32-32-20.map,PIBTOLD,0,210083,5386,100000,59,5084,0,random-32-32-20-random-19.scen
220,random-32-32-20.map,PIBT,0,210313,5386,100000,59,11023,1,random-32-32-20-random-19.scen
220,random-32-32-20.map,PIBTOLD,0,210083,5386,100000,59,5001,1,random-32-32-20-random-19.scen
220,random-32-32-20.map,PIBT,0,10126,5386,100000,59,13067,10,random-32-32-20-random-19.scen
220,random-32-32-20.map,PIBTOLD,0,210083,5386,100000,59,4932,10,random-32-32-20-random-19.scen
220,random-32-32-20.map,PIBT,0,409492,5386,100000,59,17669,100,random-32-32-20-random-19.scen
220,random-32-32-20.map,PIBTOLD,0,210083,5386,100000,59,5006,100,random-32-32-20-random-19.scen
220,random-32-32-20.map,PIBT,0,209633,5386,100000,59,43288,1000,random-32-32-20-random-19.scen
220,random-32-32-20.map,PIBTOLD,0,210083,5386,100000,59,5018,1000,random-32-32-20-random-19.scen
20,random-32-32-20.map,PIBT,1,577,505,42,42,0,0,random-32-32-20-random-20.scen
20,random-32-32-20.map,PIBTOLD,1,577,505,42,42,0,0,random-32-32-20-random-20.scen
20,random-32-32-20.map,PIBT,1,566,505,42,42,0,1,random-32-32-20-random-20.scen
20,random-32-32-20.map,PIBTOLD,1,577,505,42,42,0,1,random-32-32-20-random-20.scen
20,random-32-32-20.map,PIBT,1,566,505,42,42,0,10,random-32-32-20-random-20.scen
20,random-32-32-20.map,PIBTOLD,1,577,505,42,42,0,10,random-32-32-20-random-20.scen
20,random-32-32-20.map,PIBT,1,566,505,42,42,0,100,random-32-32-20-random-20.scen
20,random-32-32-20.map,PIBTOLD,1,577,505,42,42,0,100,random-32-32-20-random-20.scen
20,random-32-32-20.map,PIBT,1,566,505,42,42,0,1000,random-32-32-20-random-20.scen
20,random-32-32-20.map,PIBTOLD,1,577,505,42,42,0,1000,random-32-32-20-random-20.scen
60,random-32-32-20.map,PIBT,1,1711,1445,48,48,1,0,random-32-32-20-random-20.scen
60,random-32-32-20.map,PIBTOLD,1,1711,1445,48,48,1,0,random-32-32-20-random-20.scen
60,random-32-32-20.map,PIBT,1,1751,1445,49,48,2,1,random-32-32-20-random-20.scen
60,random-32-32-20.map,PIBTOLD,1,1711,1445,48,48,1,1,random-32-32-20-random-20.scen
60,random-32-32-20.map,PIBT,1,1751,1445,49,48,2,10,random-32-32-20-random-20.scen
60,random-32-32-20.map,PIBTOLD,1,1711,1445,48,48,1,10,random-32-32-20-random-20.scen
60,random-32-32-20.map,PIBT,1,1751,1445,49,48,2,100,random-32-32-20-random-20.scen
60,random-32-32-20.map,PIBTOLD,1,1711,1445,48,48,1,100,random-32-32-20-random-20.scen
60,random-32-32-20.map,PIBT,1,1751,1445,49,48,2,1000,random-32-32-20-random-20.scen
60,random-32-32-20.map,PIBTOLD,1,1711,1445,48,48,1,1000,random-32-32-20-random-20.scen
100,random-32-32-20.map,PIBT,1,3446,2420,54,54,3,0,random-32-32-20-random-20.scen
100,random-32-32-20.map,PIBTOLD,1,3446,2420,54,54,2,0,random-32-32-20-random-20.scen
100,random-32-32-20.map,PIBT,0,3427,2420,100000,54,3718,1,random-32-32-20-random-20.scen
100,random-32-32-20.map,PIBTOLD,1,3446,2420,54,54,2,1,random-32-32-20-random-20.scen
100,random-32-32-20.map,PIBT,1,3283,2420,58,54,32,10,random-32-32-20-random-20.scen
100,random-32-32-20.map,PIBTOLD,1,3446,2420,54,54,2,10,random-32-32-20-random-20.scen
100,random-32-32-20.map,PIBT,0,3117,2420,100000,54,4079,100,random-32-32-20-random-20.scen
100,random-32-32-20.map,PIBTOLD,1,3446,2420,54,54,2,100,random-32-32-20-random-20.scen
100,random-32-32-20.map,PIBT,0,3117,2420,100000,54,4249,1000,random-32-32-20-random-20.scen
100,random-32-32-20.map,PIBTOLD,1,3446,2420,54,54,2,1000,random-32-32-20-random-20.scen
140,random-32-32-20.map,PIBT,1,5501,3549,71,59,6,0,random-32-32-20-random-20.scen
140,random-32-32-20.map,PIBTOLD,1,5501,3549,71,59,4,0,random-32-32-20-random-20.scen
140,random-32-32-20.map,PIBT,0,5244,3549,100000,59,8442,1,random-32-32-20-random-20.scen
140,random-32-32-20.map,PIBTOLD,1,5501,3549,71,59,4,1,random-32-32-20-random-20.scen
140,random-32-32-20.map,PIBT,0,5263,3549,100000,59,6196,10,random-32-32-20-random-20.scen
140,random-32-32-20.map,PIBTOLD,1,5501,3549,71,59,4,10,random-32-32-20-random-20.scen
140,random-32-32-20.map,PIBT,0,5134,3549,100000,59,7729,100,random-32-32-20-random-20.scen
140,random-32-32-20.map,PIBTOLD,1,5501,3549,71,59,4,100,random-32-32-20-random-20.scen
140,random-32-32-20.map,PIBT,0,205021,3549,100000,59,17827,1000,random-32-32-20-random-20.scen
140,random-32-32-20.map,PIBTOLD,1,5501,3549,71,59,4,1000,random-32-32-20-random-20.scen
180,random-32-32-20.map,PIBT,0,407441,4369,100000,59,7241,0,random-32-32-20-random-20.scen
180,random-32-32-20.map,PIBTOLD,0,407441,4369,100000,59,4265,0,random-32-32-20-random-20.scen
180,random-32-32-20.map,PIBT,0,7356,4369,100000,59,8148,1,random-32-32-20-random-20.scen
180,random-32-32-20.map,PIBTOLD,0,407441,4369,100000,59,4252,1,random-32-32-20-random-20.scen
180,random-32-32-20.map,PIBT,0,7016,4369,100000,59,11270,10,random-32-32-20-random-20.scen
180,random-32-32-20.map,PIBTOLD,0,407441,4369,100000,59,4312,10,random-32-32-20-random-20.scen
180,random-32-32-20.map,PIBT,0,7014,4369,100000,59,13368,100,random-32-32-20-random-20.scen
180,random-32-32-20.map,PIBTOLD,0,407441,4369,100000,59,4203,100,random-32-32-20-random-20.scen
180,random-32-32-20.map,PIBT,0,6872,4369,100000,59,32484,1000,random-32-32-20-random-20.scen
180,random-32-32-20.map,PIBTOLD,0,407441,4369,100000,59,4181,1000,random-32-32-20-random-20.scen
220,random-32-32-20.map,PIBT,0,210083,5386,100000,59,9042,0,random-32-32-20-random-20.scen
220,random-32-32-20.map,PIBTOLD,0,210083,5386,100000,59,4958,0,random-32-32-20-random-20.scen
220,random-32-32-20.map,PIBT,0,210255,5386,100000,59,11214,1,random-32-32-20-random-20.scen
220,random-32-32-20.map,PIBTOLD,0,210083,5386,100000,59,5140,1,random-32-32-20-random-20.scen
220,random-32-32-20.map,PIBT,0,209896,5386,100000,59,15439,10,random-32-32-20-random-20.scen
220,random-32-32-20.map,PIBTOLD,0,210083,5386,100000,59,5034,10,random-32-32-20-random-20.scen
220,random-32-32-20.map,PIBT,0,10035,5386,100000,59,16743,100,random-32-32-20-random-20.scen
220,random-32-32-20.map,PIBTOLD,0,210083,5386,100000,59,5079,100,random-32-32-20-random-20.scen
220,random-32-32-20.map,PIBT,0,209435,5386,100000,59,44106,1000,random-32-32-20-random-20.scen
220,random-32-32-20.map,PIBTOLD,0,210083,5386,100000,59,5122,1000,random-32-32-20-random-20.scen
20,random-32-32-20.map,PIBT,1,577,505,42,42,0,0,random-32-32-20-random-12.scen
20,random-32-32-20.map,PIBTOLD,1,577,505,42,42,0,0,random-32-32-20-random-12.scen
20,random-32-32-20.map,PIBT,1,566,505,42,42,0,1,random-32-32-20-random-12.scen
20,random-32-32-20.map,PIBTOLD,1,577,505,42,42,0,1,random-32-32-20-random-12.scen
20,random-32-32-20.map,PIBT,1,566,505,42,42,0,10,random-32-32-20-random-12.scen
20,random-32-32-20.map,PIBTOLD,1,577,505,42,42,0,10,random-32-32-20-random-12.scen
20,random-32-32-20.map,PIBT,1,566,505,42,42,0,100,random-32-32-20-random-12.scen
20,random-32-32-20.map,PIBTOLD,1,577,505,42,42,1,100,random-32-32-20-random-12.scen
20,random-32-32-20.map,PIBT,1,566,505,42,42,0,1000,random-32-32-20-random-12.scen
20,random-32-32-20.map,PIBTOLD,1,577,505,42,42,0,1000,random-32-32-20-random-12.scen
60,random-32-32-20.map,PIBT,1,1711,1445,48,48,1,0,random-32-32-20-random-12.scen
60,random-32-32-20.map,PIBTOLD,1,1711,1445,48,48,1,0,random-32-32-20-random-12.scen
60,random-32-32-20.map,PIBT,1,1751,1445,49,48,2,1,random-32-32-20-random-12.scen
60,random-32-32-20.map,PIBTOLD,1,1711,1445,48,48,1,1,random-32-32-20-random-12.scen
60,random-32-32-20.map,PIBT,1,1751,1445,49,48,2,10,random-32-32-20-random-12.scen
60,random-32-32-20.map,PIBTOLD,1,1711,1445,48,48,1,10,random-32-32-20-random-12.scen
60,random-32-32-20.map,PIBT,1,1751,1445,49,48,2,100,random-32-32-20-random-12.scen
60,random-32-32-20.map,PIBTOLD,1,1711,1445,48,48,1,100,random-32-32-20-random-12.scen
60,random-32-32-20.map,PIBT,1,1751,1445,49,48,2,1000,random-32-32-20-random-12.scen
60,random-32-32-20.map,PIBTOLD,1,1711,1445,48,48,1,1000,random-32-32-20-random-12.scen
100,random-32-32-20.map,PIBT,1,3446,2420,54,54,3,0,random-32-32-20-random-12.scen
100,random-32-32-20.map,PIBTOLD,1,3446,2420,54,54,2,0,random-32-32-20-random-12.scen
100,random-32-32-20.map,PIBT,0,3203,2420,100000,54,3727,1,random-32-32-20-random-12.scen
100,random-32-32-20.map,PIBTOLD,1,3446,2420,54,54,2,1,random-32-32-20-random-12.scen
100,random-32-32-20.map,PIBT,1,3347,2420,56,54,40,10,random-32-32-20-random-12.scen
100,random-32-32-20.map,PIBTOLD,1,3446,2420,54,54,2,10,random-32-32-20-random-12.scen
100,random-32-32-20.map,PIBT,0,3117,2420,100000,54,4172,100,random-32-32-20-random-12.scen
100,random-32-32-20.map,PIBTOLD,1,3446,2420,54,54,2,100,random-32-32-20-random-12.scen
100,random-32-32-20.map,PIBT,0,3117,2420,100000,54,4212,1000,random-32-32-20-random-12.scen
100,random-32-32-20.map,PIBTOLD,1,3446,2420,54,54,2,1000,random-32-32-20-random-12.scen
140,random-32-32-20.map,PIBT,1,5501,3549,71,59,6,0,random-32-32-20-random-12.scen
140,random-32-32-20.map,PIBTOLD,1,5501,3549,71,59,4,0,random-32-32-20-random-12.scen
140,random-32-32-20.map,PIBT,0,5189,3549,100000,59,6395,1,random-32-32-20-random-12.scen
140,random-32-32-20.map,PIBTOLD,1,5501,3549,71,59,4,1,random-32-32-20-random-12.scen
140,random-32-32-20.map,PIBT,0,5193,3549,100000,59,6213,10,random-32-32-20-random-12.scen
140,random-32-32-20.map,PIBTOLD,1,5501,3549,71,59,4,10,random-32-32-20-random-12.scen
140,random-32-32-20.map,PIBT,0,5155,3549,100000,59,8153,100,random-32-32-20-random-12.scen
140,random-32-32-20.map,PIBTOLD,1,5501,3549,71,59,4,100,random-32-32-20-random-12.scen
140,random-32-32-20.map,PIBT,0,5051,3549,100000,59,21403,1000,random-32-32-20-random-12.scen
140,random-32-32-20.map,PIBTOLD,1,5501,3549,71,59,4,1000,random-32-32-20-random-12.scen
180,random-32-32-20.map,PIBT,0,407441,4369,100000,59,7072,0,random-32-32-20-random-12.scen
180,random-32-32-20.map,PIBTOLD,0,407441,4369,100000,59,4529,0,random-32-32-20-random-12.scen
180,random-32-32-20.map,PIBT,0,6966,4369,100000,59,9104,1,random-32-32-20-random-12.scen
180,random-32-32-20.map,PIBTOLD,0,407441,4369,100000,59,4171,1,random-32-32-20-random-12.scen
180,random-32-32-20.map,PIBT,0,6982,4369,100000,59,8321,10,random-32-32-20-random-12.scen
180,random-32-32-20.map,PIBTOLD,0,407441,4369,100000,59,4268,10,random-32-32-20-random-12.scen
180,random-32-32-20.map,PIBT,1,7106,4369,63,59,2426,100,random-32-32-20-random-12.scen
180,random-32-32-20.map,PIBTOLD,0,407441,4369,100000,59,4242,100,random-32-32-20-random-12.scen
180,random-32-32-20.map,PIBT,0,7089,4369,100000,59,35957,1000,random-32-32-20-random-12.scen
180,random-32-32-20.map,PIBTOLD,0,407441,4369,100000,59,4230,1000,random-32-32-20-random-12.scen
220,random-32-32-20.map,PIBT,0,210083,5386,100000,59,9172,0,random-32-32-20-random-12.scen
220,random-32-32-20.map,PIBTOLD,0,210083,5386,100000,59,5128,0,random-32-32-20-random-12.scen
220,random-32-32-20.map,PIBT,0,9788,5386,100000,59,17336,1,random-32-32-20-random-12.scen
220,random-32-32-20.map,PIBTOLD,0,210083,5386,100000,59,5000,1,random-32-32-20-random-12.scen
220,random-32-32-20.map,PIBT,0,409824,5386,100000,59,15228,10,random-32-32-20-random-12.scen
220,random-32-32-20.map,PIBTOLD,0,210083,5386,100000,59,5029,10,random-32-32-20-random-12.scen
220,random-32-32-20.map,PIBT,0,209223,5386,100000,59,15639,100,random-32-32-20-random-12.scen
220,random-32-32-20.map,PIBTOLD,0,210083,5386,100000,59,5062,100,random-32-32-20-random-12.scen
220,random-32-32-20.map,PIBT,0,9827,5386,100000,59,44917,1000,random-32-32-20-random-12.scen
220,random-32-32-20.map,PIBTOLD,0,210083,5386,100000,59,5160,1000,random-32-32-20-random-12.scen
20,random-32-32-20.map,PIBT,1,577,505,42,42,0,0,random-32-32-20-random-25.scen
20,random-32-32-20.map,PIBTOLD,1,577,505,42,42,0,0,random-32-32-20-random-25.scen
20,random-32-32-20.map,PIBT,1,566,505,42,42,0,1,random-32-32-20-random-25.scen
20,random-32-32-20.map,PIBTOLD,1,577,505,42,42,0,1,random-32-32-20-random-25.scen
20,random-32-32-20.map,PIBT,1,566,505,42,42,0,10,random-32-32-20-random-25.scen
20,random-32-32-20.map,PIBTOLD,1,577,505,42,42,0,10,random-32-32-20-random-25.scen
20,random-32-32-20.map,PIBT,1,566,505,42,42,0,100,random-32-32-20-random-25.scen
20,random-32-32-20.map,PIBTOLD,1,577,505,42,42,0,100,random-32-32-20-random-25.scen
20,random-32-32-20.map,PIBT,1,566,505,42,42,0,1000,random-32-32-20-random-25.scen
20,random-32-32-20.map,PIBTOLD,1,577,505,42,42,0,1000,random-32-32-20-random-25.scen
60,random-32-32-20.map,PIBT,1,1711,1445,48,48,1,0,random-32-32-20-random-25.scen
60,random-32-32-20.map,PIBTOLD,1,1711,1445,48,48,1,0,random-32-32-20-random-25.scen
60,random-32-32-20.map,PIBT,1,1751,1445,49,48,2,1,random-32-32-20-random-25.scen
60,random-32-32-20.map,PIBTOLD,1,1711,1445,48,48,1,1,random-32-32-20-random-25.scen
60,random-32-32-20.map,PIBT,1,1751,1445,49,48,2,10,random-32-32-20-random-25.scen
60,random-32-32-20.map,PIBTOLD,1,1711,1445,48,48,1,10,random-32-32-20-random-25.scen
60,random-32-32-20.map,PIBT,1,1751,1445,49,48,2,100,random-32-32-20-random-25.scen
60,random-32-32-20.map,PIBTOLD,1,1711,1445,48,48,1,100,random-32-32-20-random-25.scen
60,random-32-32-20.map,PIBT,1,1751,1445,49,48,2,1000,random-32-32-20-random-25.scen
60,random-32-32-20.map,PIBTOLD,1,1711,1445,48,48,1,1000,random-32-32-20-random-25.scen
100,random-32-32-20.map,PIBT,1,3446,2420,54,54,3,0,random-32-32-20-random-25.scen
100,random-32-32-20.map,PIBTOLD,1,3446,2420,54,54,2,0,random-32-32-20-random-25.scen
100,random-32-32-20.map,PIBT,1,3291,2420,54,54,9,1,random-32-32-20-random-25.scen
100,random-32-32-20.map,PIBTOLD,1,3446,2420,54,54,2,1,random-32-32-20-random-25.scen
100,random-32-32-20.map,PIBT,1,3241,2420,54,54,31,10,random-32-32-20-random-25.scen
100,random-32-32-20.map,PIBTOLD,1,3446,2420,54,54,2,10,random-32-32-20-random-25.scen
100,random-32-32-20.map,PIBT,0,3117,2420,100000,54,4048,100,random-32-32-20-random-25.scen
100,random-32-32-20.map,PIBTOLD,1,3446,2420,54,54,2,100,random-32-32-20-random-25.scen
100,random-32-32-20.map,PIBT,0,3117,2420,100000,54,4103,1000,random-32-32-20-random-25.scen
100,random-32-32-20.map,PIBTOLD,1,3446,2420,54,54,3,1000,random-32-32-20-random-25.scen
140,random-32-32-20.map,PIBT,1,5501,3549,71,59,6,0,random-32-32-20-random-25.scen
140,random-32-32-20.map,PIBTOLD,1,5501,3549,71,59,4,0,random-32-32-20-random-25.scen
140,random-32-32-20.map,PIBT,0,5376,3549,100000,59,6190,1,random-32-32-20-random-25.scen
140,random-32-32-20.map,PIBTOLD,1,5501,3549,71,59,4,1,random-32-32-20-random-25.scen
140,random-32-32-20.map,PIBT,0,5137,3549,100000,59,6101,10,random-32-32-20-random-25.scen
140,random-32-32-20.map,PIBTOLD,1,5501,3549,71,59,4,10,random-32-32-20-random-25.scen
140,random-32-32-20.map,PIBT,0,5173,3549,100000,59,8110,100,random-32-32-20-random-25.scen
140,random-32-32-20.map,PIBTOLD,1,5501,3549,71,59,4,100,random-32-32-20-random-25.scen
140,random-32-32-20.map,PIBT,0,5089,3549,100000,59,19561,1000,random-32-32-20-random-25.scen
140,random-32-32-20.map,PIBTOLD,1,5501,3549,71,59,4,1000,random-32-32-20-random-25.scen
180,random-32-32-20.map,PIBT,0,407441,4369,100000,59,7151,0,random-32-32-20-random-25.scen
180,random-32-32-20.map,PIBTOLD,0,407441,4369,100000,59,4279,0,random-32-32-20-random-25.scen
180,random-32-32-20.map,PIBT,0,207091,4369,100000,59,8519,1,random-32-32-20-random-25.scen
180,random-32-32-20.map,PIBTOLD,0,407441,4369,100000,59,4207,1,random-32-32-20-random-25.scen
180,random-32-32-20.map,PIBT,0,207519,4369,100000,59,9218,10,random-32-32-20-random-25.scen
180,random-32-32-20.map,PIBTOLD,0,407441,4369,100000,59,4233,10,random-32-32-20-random-25.scen
180,random-32-32-20.map,PIBT,0,6882,4369,100000,59,9738,100,random-32-32-20-random-25.scen
180,random-32-32-20.map,PIBTOLD,0,407441,4369,100000,59,4184,100,random-32-32-20-random-25.scen
180,random-32-32-20.map,PIBT,0,6896,4369,100000,59,34349,1000,random-32-32-20-random-25.scen
180,random-32-32-20.map,PIBTOLD,0,407441,4369,100000,59,4146,1000,random-32-32-20-random-25.scen
220,random-32-32-20.map,PIBT,0,210083,5386,100000,59,9018,0,random-32-32-20-random-25.scen
220,random-32-32-20.map,PIBTOLD,0,210083,5386,100000,59,5139,0,random-32-32-20-random-25.scen
220,random-32-32-20.map,PIBT,0,10389,5386,100000,59,12621,1,random-32-32-20-random-25.scen
220,random-32-32-20.map,PIBTOLD,0,210083,5386,100000,59,5024,1,random-32-32-20-random-25.scen
220,random-32-32-20.map,PIBT,0,210420,5386,100000,59,11787,10,random-32-32-20-random-25.scen
220,random-32-32-20.map,PIBTOLD,0,210083,5386,100000,59,5084,10,random-32-32-20-random-25.scen
220,random-32-32-20.map,PIBT,0,10059,5386,100000,59,20694,100,random-32-32-20-random-25.scen
220,random-32-32-20.map,PIBTOLD,0,210083,5386,100000,59,5035,100,random-32-32-20-random-25.scen
220,random-32-32-20.map,PIBT,0,10068,5386,100000,59,42693,1000,random-32-32-20-random-25.scen
220,random-32-32-20.map,PIBTOLD,0,210083,5386,100000,59,5207,1000,random-32-32-20-random-25.scen
20,random-32-32-20.map,PIBT,1,577,505,42,42,0,0,random-32-32-20-random-22.scen
20,random-32-32-20.map,PIBTOLD,1,577,505,42,42,0,0,random-32-32-20-random-22.scen
20,random-32-32-20.map,PIBT,1,566,505,42,42,0,1,random-32-32-20-random-22.scen
20,random-32-32-20.map,PIBTOLD,1,577,505,42,42,0,1,random-32-32-20-random-22.scen
20,random-32-32-20.map,PIBT,1,566,505,42,42,0,10,random-32-32-20-random-22.scen
20,random-32-32-20.map,PIBTOLD,1,577,505,42,42,0,10,random-32-32-20-random-22.scen
20,random-32-32-20.map,PIBT,1,566,505,42,42,0,100,random-32-32-20-random-22.scen
20,random-32-32-20.map,PIBTOLD,1,577,505,42,42,0,100,random-32-32-20-random-22.scen
20,random-32-32-20.map,PIBT,1,566,505,42,42,0,1000,random-32-32-20-random-22.scen
20,random-32-32-20.map,PIBTOLD,1,577,505,42,42,0,1000,random-32-32-20-random-22.scen
60,random-32-32-20.map,PIBT,1,1711,1445,48,48,1,0,random-32-32-20-random-22.scen
60,random-32-32-20.map,PIBTOLD,1,1711,1445,48,48,1,0,random-32-32-20-random-22.scen
60,random-32-32-20.map,PIBT,1,1751,1445,49,48,2,1,random-32-32-20-random-22.scen
60,random-32-32-20.map,PIBTOLD,1,1711,1445,48,48,1,1,random-32-32-20-random-22.scen
60,random-32-32-20.map,PIBT,1,1751,1445,49,48,2,10,random-32-32-20-random-22.scen
60,random-32-32-20.map,PIBTOLD,1,1711,1445,48,48,1,10,random-32-32-20-random-22.scen
60,random-32-32-20.map,PIBT,1,1751,1445,49,48,2,100,random-32-32-20-random-22.scen
60,random-32-32-20.map,PIBTOLD,1,1711,1445,48,48,1,100,random-32-32-20-random-22.scen
60,random-32-32-20.map,PIBT,1,1751,1445,49,48,2,1000,random-32-32-20-random-22.scen
60,random-32-32-20.map,PIBTOLD,1,1711,1445,48,48,1,1000,random-32-32-20-random-22.scen
100,random-32-32-20.map,PIBT,1,3446,2420,54,54,3,0,random-32-32-20-random-22.scen
100,random-32-32-20.map,PIBTOLD,1,3446,2420,54,54,2,0,random-32-32-20-random-22.scen
100,random-32-32-20.map,PIBT,1,3260,2420,59,54,9,1,random-32-32-20-random-22.scen
100,random-32-32-20.map,PIBTOLD,1,3446,2420,54,54,2,1,random-32-32-20-random-22.scen
100,random-32-32-20.map,PIBT,0,3183,2420,100000,54,4160,10,random-32-32-20-random-22.scen
100,random-32-32-20.map,PIBTOLD,1,3446,2420,54,54,3,10,random-32-32-20-random-22.scen
100,random-32-32-20.map,PIBT,0,3117,2420,100000,54,3990,100,random-32-32-20-random-22.scen
100,random-32-32-20.map,PIBTOLD,1,3446,2420,54,54,3,100,random-32-32-20-random-22.scen
100,random-32-32-20.map,PIBT,0,3117,2420,100000,54,4002,1000,random-32-32-20-random-22.scen
100,random-32-32-20.map,PIBTOLD,1,3446,2420,54,54,2,1000,random-32-32-20-random-22.scen
140,random-32-32-20.map,PIBT,1,5501,3549,71,59,5,0,random-32-32-20-random-22.scen
140,random-32-32-20.map,PIBTOLD,1,5501,3549,71,59,4,0,random-32-32-20-random-22.scen
140,random-32-32-20.map,PIBT,0,5165,3549,100000,59,6458,1,random-32-32-20-random-22.scen
140,random-32-32-20.map,PIBTOLD,1,5501,3549,71,59,4,1,random-32-32-20-random-22.scen
140,random-32-32-20.map,PIBT,0,5450,3549,100000,59,6129,10,random-32-32-20-random-22.scen
140,random-32-32-20.map,PIBTOLD,1,5501,3549,71,59,4,10,random-32-32-20-random-22.scen
140,random-32-32-20.map,PIBT,0,5011,3549,100000,59,7840,100,random-32-32-20-random-22.scen
140,random-32-32-20.map,PIBTOLD,1,5501,3549,71,59,4,100,random-32-32-20-random-22.scen
140,random-32-32-20.map,PIBT,0,5084,3549,100000,59,18904,1000,random-32-32-20-random-22.scen
140,random-32-32-20.map,PIBTOLD,1,5501,3549,71,59,4,1000,random-32-32-20-random-22.scen
180,random-32-32-20.map,PIBT,0,407441,4369,100000,59,7120,0,random-32-32-20-random-22.scen
180,random-32-32-20.map,PIBTOLD,0,407441,4369,100000,59,4182,0,random-32-32-20-random-22.scen
180,random-32-32-20.map,PIBT,0,7012,4369,100000,59,10245,1,random-32-32-20-random-22.scen
180,random-32-32-20.map,PIBTOLD,0,407441,4369,100000,59,4196,1,random-32-32-20-random-22.scen
180,random-32-32-20.map,PIBT,0,6977,4369,100000,59,8713,10,random-32-32-20-random-22.scen
180,random-32-32-20.map,PIBTOLD,0,407441,4369,100000,59,4233,10,random-32-32-20-random-22.scen
180,random-32-32-20.map,PIBT,0,6735,4369,100000,59,9805,100,random-32-32-20-random-22.scen
180,random-32-32-20.map,PIBTOLD,0,407441,4369,100000,59,4222,100,random-32-32-20-random-22.scen
180,random-32-32-20.map,PIBT,0,207104,4369,100000,59,30274,1000,random-32-32-20-random-22.scen
180,random-32-32-20.map,PIBTOLD,0,407441,4369,100000,59,4247,1000,random-32-32-20-random-22.scen
220,random-32-32-20.map,PIBT,0,210083,5386,100000,59,9168,0,random-32-32-20-random-22.scen
220,random-32-32-20.map,PIBTOLD,0,210083,5386,100000,59,5033,0,random-32-32-20-random-22.scen
220,random-32-32-20.map,PIBT,0,210092,5386,100000,59,14005,1,random-32-32-20-random-22.scen
220,random-32-32-20.map,PIBTOLD,0,210083,5386,100000,59,5003,1,random-32-32-20-random-22.scen
220,random-32-32-20.map,PIBT,0,209747,5386,100000,59,19452,10,random-32-32-20-random-22.scen
220,random-32-32-20.map,PIBTOLD,0,210083,5386,100000,59,5024,10,random-32-32-20-random-22.scen
220,random-32-32-20.map,PIBT,0,210097,5386,100000,59,14826,100,random-32-32-20-random-22.scen
220,random-32-32-20.map,PIBTOLD,0,210083,5386,100000,59,5092,100,random-32-32-20-random-22.scen
220,random-32-32-20.map,PIBT,0,209800,5386,100000,59,49408,1000,random-32-32-20-random-22.scen
220,random-32-32-20.map,PIBTOLD,0,210083,5386,100000,59,5013,1000,random-32-32-20-random-22.scen
20,random-32-32-20.map,PIBT,1,577,505,42,42,0,0,random-32-32-20-random-21.scen
20,random-32-32-20.map,PIBTOLD,1,577,505,42,42,0,0,random-32-32-20-random-21.scen
20,random-32-32-20.map,PIBT,1,566,505,42,42,0,1,random-32-32-20-random-21.scen
20,random-32-32-20.map,PIBTOLD,1,577,505,42,42,0,1,random-32-32-20-random-21.scen
20,random-32-32-20.map,PIBT,1,566,505,42,42,0,10,random-32-32-20-random-21.scen
20,random-32-32-20.map,PIBTOLD,1,577,505,42,42,0,10,random-32-32-20-random-21.scen
20,random-32-32-20.map,PIBT,1,566,505,42,42,0,100,random-32-32-20-random-21.scen
20,random-32-32-20.map,PIBTOLD,1,577,505,42,42,0,100,random-32-32-20-random-21.scen
20,random-32-32-20.map,PIBT,1,566,505,42,42,1,1000,random-32-32-20-random-21.scen
20,random-32-32-20.map,PIBTOLD,1,577,505,42,42,0,1000,random-32-32-20-random-21.scen
60,random-32-32-20.map,PIBT,1,1711,1445,48,48,1,0,random-32-32-20-random-21.scen
60,random-32-32-20.map,PIBTOLD,1,1711,1445,48,48,1,0,random-32-32-20-random-21.scen
60,random-32-32-20.map,PIBT,1,1751,1445,49,48,2,1,random-32-32-20-random-21.scen
60,random-32-32-20.map,PIBTOLD,1,1711,1445,48,48,1,1,random-32-32-20-random-21.scen
60,random-32-32-20.map,PIBT,1,1751,1445,49,48,2,10,random-32-32-20-random-21.scen
60,random-32-32-20.map,PIBTOLD,1,1711,1445,48,48,1,10,random-32-32-20-random-21.scen
60,random-32-32-20.map,PIBT,1,1751,1445,49,48,2,100,random-32-32-20-random-21.scen
60,random-32-32-20.map,PIBTOLD,1,1711,1445,48,48,1,100,random-32-32-20-random-21.scen
60,random-32-32-20.map,PIBT,1,1751,1445,49,48,2,1000,random-32-32-20-random-21.scen
60,random-32-32-20.map,PIBTOLD,1,1711,1445,48,48,1,1000,random-32-32-20-random-21.scen
100,random-32-32-20.map,PIBT,1,3446,2420,54,54,3,0,random-32-32-20-random-21.scen
100,random-32-32-20.map,PIBTOLD,1,3446,2420,54,54,2,0,random-32-32-20-random-21.scen
100,random-32-32-20.map,PIBT,1,3275,2420,57,54,8,1,random-32-32-20-random-21.scen
100,random-32-32-20.map,PIBTOLD,1,3446,2420,54,54,2,1,random-32-32-20-random-21.scen
100,random-32-32-20.map,PIBT,1,3307,2420,57,54,30,10,random-32-32-20-random-21.scen
100,random-32-32-20.map,PIBTOLD,1,3446,2420,54,54,2,10,random-32-32-20-random-21.scen
100,random-32-32-20.map,PIBT,0,3117,2420,100000,54,3998,100,random-32-32-20-random-21.scen
100,random-32-32-20.map,PIBTOLD,1,3446,2420,54,54,2,100,random-32-32-20-random-21.scen
100,random-32-32-20.map,PIBT,0,3117,2420,100000,54,3977,1000,random-32-32-20-random-21.scen
100,random-32-32-20.map,PIBTOLD,1,3446,2420,54,54,2,1000,random-32-32-20-random-21.scen
140,random-32-32-20.map,PIBT,1,5501,3549,71,59,6,0,random-32-32-20-random-21.scen
140,random-32-32-20.map,PIBTOLD,1,5501,3549,71,59,4,0,random-32-32-20-random-21.scen
140,random-32-32-20.map,PIBT,0,5213,3549,100000,59,5572,1,random-32-32-20-random-21.scen
140,random-32-32-20.map,PIBTOLD,1,5501,3549,71,59,4,1,random-32-32-20-random-21.scen
140,random-32-32-20.map,PIBT,0,5228,3549,100000,59,6529,10,random-32-32-20-random-21.scen
140,random-32-32-20.map,PIBTOLD,1,5501,3549,71,59,4,10,random-32-32-20-random-21.scen
140,random-32-32-20.map,PIBT,0,205217,3549,100000,59,8589,100,random-32-32-20-random-21.scen
140,random-32-32-20.map,PIBTOLD,1,5501,3549,71,59,4,100,random-32-32-20-random-21.scen
140,random-32-32-20.map,PIBT,0,5111,3549,100000,59,17507,1000,random-32-32-20-random-21.scen
140,random-32-32-20.map,PIBTOLD,1,5501,3549,71,59,4,1000,random-32-32-20-random-21.scen
180,random-32-32-20.map,PIBT,0,407441,4369,100000,59,7146,0,random-32-32-20-random-21.scen
180,random-32-32-20.map,PIBTOLD,0,407441,4369,100000,59,4305,0,random-32-32-20-random-21.scen
180,random-32-32-20.map,PIBT,0,207139,4369,100000,59,9152,1,random-32-32-20-random-21.scen
180,random-32-32-20.map,PIBTOLD,0,407441,4369,100000,59,4208,1,random-32-32-20-random-21.scen
180,random-32-32-20.map,PIBT,0,7006,4369,100000,59,8539,10,random-32-32-20-random-21.scen
180,random-32-32-20.map,PIBTOLD,0,407441,4369,100000,59,4211,10,random-32-32-20-random-21.scen
180,random-32-32-20.map,PIBT,0,7317,4369,100000,59,11289,100,random-32-32-20-random-21.scen
180,random-32-32-20.map,PIBTOLD,0,407441,4369,100000,59,4260,100,random-32-32-20-random-21.scen
180,random-32-32-20.map,PIBT,0,6999,4369,100000,59,33512,1000,random-32-32-20-random-21.scen
180,random-32-32-20.map,PIBTOLD,0,407441,4369,100000,59,4161,1000,random-32-32-20-random-21.scen
220,random-32-32-20.map,PIBT,0,210083,5386,100000,59,9045,0,random-32-32-20-random-21.scen
220,random-32-32-20.map,PIBTOLD,0,210083,5386,100000,59,5029,0,random-32-32-20-random-21.scen
220,random-32-32-20.map,PIBT,0,410284,5386,100000,59,11958,1,random-32-32-20-random-21.scen
220,random-32-32-20.map,PIBTOLD,0,210083,5386,100000,59,5016,1,random-32-32-20-random-21.scen
220,random-32-32-20.map,PIBT,0,209395,5386,100000,59,46429,10,random-32-32-20-random-21.scen
220,random-32-32-20.map,PIBTOLD,0,210083,5386,100000,59,5031,10,random-32-32-20-random-21.scen
220,random-32-32-20.map,PIBT,0,209466,5386,100000,59,14067,100,random-32-32-20-random-21.scen
220,random-32-32-20.map,PIBTOLD,0,210083,5386,100000,59,5037,100,random-32-32-20-random-21.scen
220,random-32-32-20.map,PIBT,0,9600,5386,100000,59,42830,1000,random-32-32-20-random-21.scen
220,random-32-32-20.map,PIBTOLD,0,210083,5386,100000,59,5056,1000,random-32-32-20-random-21.scen
20,random-32-32-20.map,PIBT,1,577,505,42,42,0,0,random-32-32-20-random-13.scen
20,random-32-32-20.map,PIBTOLD,1,577,505,42,42,1,0,random-32-32-20-random-13.scen
20,random-32-32-20.map,PIBT,1,566,505,42,42,0,1,random-32-32-20-random-13.scen
20,random-32-32-20.map,PIBTOLD,1,577,505,42,42,0,1,random-32-32-20-random-13.scen
20,random-32-32-20.map,PIBT,1,566,505,42,42,0,10,random-32-32-20-random-13.scen
20,random-32-32-20.map,PIBTOLD,1,577,505,42,42,0,10,random-32-32-20-random-13.scen
20,random-32-32-20.map,PIBT,1,566,505,42,42,0,100,random-32-32-20-random-13.scen
20,random-32-32-20.map,PIBTOLD,1,577,505,42,42,0,100,random-32-32-20-random-13.scen
20,random-32-32-20.map,PIBT,1,566,505,42,42,0,1000,random-32-32-20-random-13.scen
20,random-32-32-20.map,PIBTOLD,1,577,505,42,42,0,1000,random-32-32-20-random-13.scen
60,random-32-32-20.map,PIBT,1,1711,1445,48,48,1,0,random-32-32-20-random-13.scen
60,random-32-32-20.map,PIBTOLD,1,1711,1445,48,48,1,0,random-32-32-20-random-13.scen
60,random-32-32-20.map,PIBT,1,1751,1445,49,48,2,1,random-32-32-20-random-13.scen
60,random-32-32-20.map,PIBTOLD,1,1711,1445,48,48,1,1,random-32-32-20-random-13.scen
60,random-32-32-20.map,PIBT,1,1751,1445,49,48,2,10,random-32-32-20-random-13.scen
60,random-32-32-20.map,PIBTOLD,1,1711,1445,48,48,1,10,random-32-32-20-random-13.scen
60,random-32-32-20.map,PIBT,1,1751,1445,49,48,2,100,random-32-32-20-random-13.scen
60,random-32-32-20.map,PIBTOLD,1,1711,1445,48,48,1,100,random-32-32-20-random-13.scen
60,random-32-32-20.map,PIBT,1,1751,1445,49,48,2,1000,random-32-32-20-random-13.scen
60,random-32-32-20.map,PIBTOLD,1,1711,1445,48,48,1,1000,random-32-32-20-random-13.scen
100,random-32-32-20.map,PIBT,1,3446,2420,54,54,3,0,random-32-32-20-random-13.scen
100,random-32-32-20.map,PIBTOLD,1,3446,2420,54,54,2,0,random-32-32-20-random-13.scen
100,random-32-32-20.map,PIBT,1,3260,2420,54,54,9,1,random-32-32-20-random-13.scen
100,random-32-32-20.map,PIBTOLD,1,3446,2420,54,54,2,1,random-32-32-20-random-13.scen
100,random-32-32-20.map,PIBT,0,3255,2420,100000,54,3706,10,random-32-32-20-random-13.scen
100,random-32-32-20.map,PIBTOLD,1,3446,2420,54,54,2,10,random-32-32-20-random-13.scen
100,random-32-32-20.map,PIBT,0,3117,2420,100000,54,4043,100,random-32-32-20-random-13.scen
100,random-32-32-20.map,PIBTOLD,1,3446,2420,54,54,2,100,random-32-32-20-random-13.scen
100,random-32-32-20.map,PIBT,0,3117,2420,100000,54,4020,1000,random-32-32-20-random-13.scen
100,random-32-32-20.map,PIBTOLD,1,3446,2420,54,54,2,1000,random-32-32-20-random-13.scen
140,random-32-32-20.map,PIBT,1,5501,3549,71,59,5,0,random-32-32-20-random-13.scen
140,random-32-32-20.map,PIBTOLD,1,5501,3549,71,59,4,0,random-32-32-20-random-13.scen
140,random-32-32-20.map,PIBT,0,5105,3549,100000,59,6048,1,random-32-32-20-random-13.scen
140,random-32-32-20.map,PIBTOLD,1,5501,3549,71,59,4,1,random-32-32-20-random-13.scen
140,random-32-32-20.map,PIBT,0,5169,3549,100000,59,6156,10,random-32-32-20-random-13.scen
140,random-32-32-20.map,PIBTOLD,1,5501,3549,71,59,4,10,random-32-32-20-random-13.scen
140,random-32-32-20.map,PIBT,0,5144,3549,100000,59,7502,100,random-32-32-20-random-13.scen
140,random-32-32-20.map,PIBTOLD,1,5501,3549,71,59,4,100,random-32-32-20-random-13.scen
140,random-32-32-20.map,PIBT,0,5229,3549,100000,59,19484,1000,random-32-32-20-random-13.scen
140,random-32-32-20.map,PIBTOLD,1,5501,3549,71,59,4,1000,random-32-32-20-random-13.scen
180,random-32-32-20.map,PIBT,0,407441,4369,100000,59,7110,0,random-32-32-20-random-13.scen
180,random-32-32-20.map,PIBTOLD,0,407441,4369,100000,59,4192,0,random-32-32-20-random-13.scen
180,random-32-32-20.map,PIBT,0,207145,4369,100000,59,7356,1,random-32-32-20-random-13.scen
180,random-32-32-20.map,PIBTOLD,0,407441,4369,100000,59,4161,1,random-32-32-20-random-13.scen
180,random-32-32-20.map,PIBT,0,206751,4369,100000,59,8168,10,random-32-32-20-random-13.scen
180,random-32-32-20.map,PIBTOLD,0,407441,4369,100000,59,4236,10,random-32-32-20-random-13.scen
180,random-32-32-20.map,PIBT,0,7325,4369,100000,59,10587,100,random-32-32-20-random-13.scen
180,random-32-32-20.map,PIBTOLD,0,407441,4369,100000,59,4169,100,random-32-32-20-random-13.scen
180,random-32-32-20.map,PIBT,0,6995,4369,100000,59,35920,1000,random-32-32-20-random-13.scen
180,random-32-32-20.map,PIBTOLD,0,407441,4369,100000,59,4221,1000,random-32-32-20-random-13.scen
220,random-32-32-20.map,PIBT,0,210083,5386,100000,59,9143,0,random-32-32-20-random-13.scen
220,random-32-32-20.map,PIBTOLD,0,210083,5386,100000,59,5060,0,random-32-32-20-random-13.scen
220,random-32-32-20.map,PIBT,0,9563,5386,100000,59,13333,1,random-32-32-20-random-13.scen
220,random-32-32-20.map,PIBTOLD,0,210083,5386,100000,59,5101,1,random-32-32-20-random-13.scen
220,random-32-32-20.map,PIBT,0,10154,5386,100000,59,15941,10,random-32-32-20-random-13.scen
220,random-32-32-20.map,PIBTOLD,0,210083,5386,100000,59,5055,10,random-32-32-20-random-13.scen
220,random-32-32-20.map,PIBT,0,9711,5386,100000,59,16452,100,random-32-32-20-random-13.scen
220,random-32-32-20.map,PIBTOLD,0,210083,5386,100000,59,5090,100,random-32-32-20-random-13.scen
220,random-32-32-20.map,PIBT,0,209929,5386,100000,59,49149,1000,random-32-32-20-random-13.scen
220,random-32-32-20.map,PIBTOLD,0,210083,5386,100000,59,5001,1000,random-32-32-20-random-13.scen
20,random-32-32-20.map,PIBT,1,577,505,42,42,0,0,random-32-32-20-random-17.scen
20,random-32-32-20.map,PIBTOLD,1,577,505,42,42,0,0,random-32-32-20-random-17.scen
20,random-32-32-20.map,PIBT,1,566,505,42,42,0,1,random-32-32-20-random-17.scen
20,random-32-32-20.map,PIBTOLD,1,577,505,42,42,0,1,random-32-32-20-random-17.scen
20,random-32-32-20.map,PIBT,1,566,505,42,42,0,10,random-32-32-20-random-17.scen
20,random-32-32-20.map,PIBTOLD,1,577,505,42,42,0,10,random-32-32-20-random-17.scen
20,random-32-32-20.map,PIBT,1,566,505,42,42,0,100,random-32-32-20-random-17.scen
20,random-32-32-20.map,PIBTOLD,1,577,505,42,42,0,100,random-32-32-20-random-17.scen
20,random-32-32-20.map,PIBT,1,566,505,42,42,0,1000,random-32-32-20-random-17.scen
20,random-32-32-20.map,PIBTOLD,1,577,505,42,42,0,1000,random-32-32-20-random-17.scen
60,random-32-32-20.map,PIBT,1,1711,1445,48,48,1,0,random-32-32-20-random-17.scen
60,random-32-32-20.map,PIBTOLD,1,1711,1445,48,48,1,0,random-32-32-20-random-17.scen
60,random-32-32-20.map,PIBT,1,1751,1445,49,48,2,1,random-32-32-20-random-17.scen
60,random-32-32-20.map,PIBTOLD,1,1711,1445,48,48,1,1,random-32-32-20-random-17.scen
60,random-32-32-20.map,PIBT,1,1751,1445,49,48,2,10,random-32-32-20-random-17.scen
60,random-32-32-20.map,PIBTOLD,1,1711,1445,48,48,1,10,random-32-32-20-random-17.scen
60,random-32-32-20.map,PIBT,1,1751,1445,49,48,2,100,random-32-32-20-random-17.scen
60,random-32-32-20.map,PIBTOLD,1,1711,1445,48,48,1,100,random-32-32-20-random-17.scen
60,random-32-32-20.map,PIBT,1,1751,1445,49,48,2,1000,random-32-32-20-random-17.scen
60,random-32-32-20.map,PIBTOLD,1,1711,1445,48,48,1,1000,random-32-32-20-random-17.scen
100,random-32-32-20.map,PIBT,1,3446,2420,54,54,3,0,random-32-32-20-random-17.scen
100,random-32-32-20.map,PIBTOLD,1,3446,2420,54,54,2,0,random-32-32-20-random-17.scen
100,random-32-32-20.map,PIBT,1,3353,2420,65,54,13,1,random-32-32-20-random-17.scen
100,random-32-32-20.map,PIBTOLD,1,3446,2420,54,54,2,1,random-32-32-20-random-17.scen
100,random-32-32-20.map,PIBT,0,3118,2420,100000,54,4091,10,random-32-32-20-random-17.scen
100,random-32-32-20.map,PIBTOLD,1,3446,2420,54,54,2,10,random-32-32-20-random-17.scen
100,random-32-32-20.map,PIBT,0,3117,2420,100000,54,4014,100,random-32-32-20-random-17.scen
100,random-32-32-20.map,PIBTOLD,1,3446,2420,54,54,2,100,random-32-32-20-random-17.scen
100,random-32-32-20.map,PIBT,0,3117,2420,100000,54,4005,1000,random-32-32-20-random-17.scen
100,random-32-32-20.map,PIBTOLD,1,3446,2420,54,54,2,1000,random-32-32-20-random-17.scen
140,random-32-32-20.map,PIBT,1,5501,3549,71,59,5,0,random-32-32-20-random-17.scen
140,random-32-32-20.map,PIBTOLD,1,5501,3549,71,59,4,0,random-32-32-20-random-17.scen
140,random-32-32-20.map,PIBT,0,5414,3549,100000,59,6532,1,random-32-32-20-random-17.scen
140,random-32-32-20.map,PIBTOLD,1,5501,3549,71,59,4,1,random-32-32-20-random-17.scen
140,random-32-32-20.map,PIBT,0,5345,3549,100000,59,6171,10,random-32-32-20-random-17.scen
140,random-32-32-20.map,PIBTOLD,1,5501,3549,71,59,4,10,random-32-32-20-random-17.scen
140,random-32-32-20.map,PIBT,0,5295,3549,100000,59,7387,100,random-32-32-20-random-17.scen
140,random-32-32-20.map,PIBTOLD,1,5501,3549,71,59,4,100,random-32-32-20-random-17.scen
140,random-32-32-20.map,PIBT,0,5166,3549,100000,59,18760,1000,random-32-32-20-random-17.scen
140,random-32-32-20.map,PIBTOLD,1,5501,3549,71,59,4,1000,random-32-32-20-random-17.scen
180,random-32-32-20.map,PIBT,0,407441,4369,100000,59,7110,0,random-32-32-20-random-17.scen
180,random-32-32-20.map,PIBTOLD,0,407441,4369,100000,59,4196,0,random-32-32-20-random-17.scen
180,random-32-32-20.map,PIBT,0,207008,4369,100000,59,8383,1,random-32-32-20-random-17.scen
180,random-32-32-20.map,PIBTOLD,0,407441,4369,100000,59,4240,1,random-32-32-20-random-17.scen
180,random-32-32-20.map,PIBT,0,207026,4369,100000,59,9903,10,random-32-32-20-random-17.scen
180,random-32-32-20.map,PIBTOLD,0,407441,4369,100000,59,4258,10,random-32-32-20-random-17.scen
180,random-32-32-20.map,PIBT,0,7258,4369,100000,59,13100,100,random-32-32-20-random-17.scen
180,random-32-32-20.map,PIBTOLD,0,407441,4369,100000,59,4268,100,random-32-32-20-random-17.scen
180,random-32-32-20.map,PIBT,0,7138,4369,100000,59,31460,1000,random-32-32-20-random-17.scen
180,random-32-32-20.map,PIBTOLD,0,407441,4369,100000,59,4279,1000,random-32-32-20-random-17.scen
220,random-32-32-20.map,PIBT,0,210083,5386,100000,59,9064,0,random-32-32-20-random-17.scen
220,random-32-32-20.map,PIBTOLD,0,210083,5386,100000,59,5071,0,random-32-32-20-random-17.scen
220,random-32-32-20.map,PIBT,0,410158,5386,100000,59,11274,1,random-32-32-20-random-17.scen
220,random-32-32-20.map,PIBTOLD,0,210083,5386,100000,59,5103,1,random-32-32-20-random-17.scen
220,random-32-32-20.map,PIBT,0,410222,5386,100000,59,12009,10,random-32-32-20-random-17.scen
220,random-32-32-20.map,PIBTOLD,0,210083,5386,100000,59,5200,10,random-32-32-20-random-17.scen
220,random-32-32-20.map,PIBT,0,409955,5386,100000,59,16830,100,random-32-32-20-random-17.scen
220,random-32-32-20.map,PIBTOLD,0,210083,5386,100000,59,5148,100,random-32-32-20-random-17.scen
220,random-32-32-20.map,PIBT,0,209411,5386,100000,59,38643,1000,random-32-32-20-random-17.scen
220,random-32-32-20.map,PIBTOLD,0,210083,5386,100000,59,5075,1000,random-32-32-20-random-17.scen
20,random-32-32-20.map,PIBT,1,577,505,42,42,0,0,random-32-32-20-random-9.scen
20,random-32-32-20.map,PIBTOLD,1,577,505,42,42,0,0,random-32-32-20-random-9.scen
20,random-32-32-20.map,PIBT,1,566,505,42,42,0,1,random-32-32-20-random-9.scen
20,random-32-32-20.map,PIBTOLD,1,577,505,42,42,0,1,random-32-32-20-random-9.scen
20,random-32-32-20.map,PIBT,1,566,505,42,42,0,10,random-32-32-20-random-9.scen
20,random-32-32-20.map,PIBTOLD,1,577,505,42,42,0,10,random-32-32-20-random-9.scen
20,random-32-32-20.map,PIBT,1,566,505,42,42,0,100,random-32-32-20-random-9.scen
20,random-32-32-20.map,PIBTOLD,1,577,505,42,42,0,100,random-32-32-20-random-9.scen
20,random-32-32-20.map,PIBT,1,566,505,42,42,0,1000,random-32-32-20-random-9.scen
20,random-32-32-20.map,PIBTOLD,1,577,505,42,42,0,1000,random-32-32-20-random-9.scen
60,random-32-32-20.map,PIBT,1,1711,1445,48,48,1,0,random-32-32-20-random-9.scen
60,random-32-32-20.map,PIBTOLD,1,1711,1445,48,48,1,0,random-32-32-20-random-9.scen
60,random-32-32-20.map,PIBT,1,1751,1445,49,48,2,1,random-32-32-20-random-9.scen
60,random-32-32-20.map,PIBTOLD,1,1711,1445,48,48,1,1,random-32-32-20-random-9.scen
60,random-32-32-20.map,PIBT,1,1751,1445,49,48,2,10,random-32-32-20-random-9.scen
60,random-32-32-20.map,PIBTOLD,1,1711,1445,48,48,1,10,random-32-32-20-random-9.scen
60,random-32-32-20.map,PIBT,1,1751,1445,49,48,2,100,random-32-32-20-random-9.scen
60,random-32-32-20.map,PIBTOLD,1,1711,1445,48,48,1,100,random-32-32-20-random-9.scen
60,random-32-32-20.map,PIBT,1,1751,1445,49,48,2,1000,random-32-32-20-random-9.scen
60,random-32-32-20.map,PIBTOLD,1,1711,1445,48,48,1,1000,random-32-32-20-random-9.scen
100,random-32-32-20.map,PIBT,1,3446,2420,54,54,3,0,random-32-32-20-random-9.scen
100,random-32-32-20.map,PIBTOLD,1,3446,2420,54,54,2,0,random-32-32-20-random-9.scen
100,random-32-32-20.map,PIBT,0,3232,2420,100000,54,4050,1,random-32-32-20-random-9.scen
100,random-32-32-20.map,PIBTOLD,1,3446,2420,54,54,2,1,random-32-32-20-random-9.scen
100,random-32-32-20.map,PIBT,0,3174,2420,100000,54,3971,10,random-32-32-20-random-9.scen
100,random-32-32-20.map,PIBTOLD,1,3446,2420,54,54,2,10,random-32-32-20-random-9.scen
100,random-32-32-20.map,PIBT,0,3117,2420,100000,54,4054,100,random-32-32-20-random-9.scen
100,random-32-32-20.map,PIBTOLD,1,3446,2420,54,54,2,100,random-32-32-20-random-9.scen
100,random-32-32-20.map,PIBT,0,3117,2420,100000,54,4041,1000,random-32-32-20-random-9.scen
100,random-32-32-20.map,PIBTOLD,1,3446,2420,54,54,2,1000,random-32-32-20-random-9.scen
140,random-32-32-20.map,PIBT,1,5501,3549,71,59,6,0,random-32-32-20-random-9.scen
140,random-32-32-20.map,PIBTOLD,1,5501,3549,71,59,4,0,random-32-32-20-random-9.scen
140,random-32-32-20.map,PIBT,0,5214,3549,100000,59,6957,1,random-32-32-20-random-9.scen
140,random-32-32-20.map,PIBTOLD,1,5501,3549,71,59,4,1,random-32-32-20-random-9.scen
140,random-32-32-20.map,PIBT,0,5071,3549,100000,59,6261,10,random-32-32-20-random-9.scen
140,random-32-32-20.map,PIBTOLD,1,5501,3549,71,59,4,10,random-32-32-20-random-9.scen
140,random-32-32-20.map,PIBT,0,5133,3549,100000,59,7771,100,random-32-32-20-random-9.scen
140,random-32-32-20.map,PIBTOLD,1,5501,3549,71,59,4,100,random-32-32-20-random-9.scen
140,random-32-32-20.map,PIBT,0,5146,3549,100000,59,14974,1000,random-32-32-20-random-9.scen
140,random-32-32-20.map,PIBTOLD,1,5501,3549,71,59,4,1000,random-32-32-20-random-9.scen
180,random-32-32-20.map,PIBT,0,407441,4369,100000,59,7151,0,random-32-32-20-random-9.scen
180,random-32-32-20.map,PIBTOLD,0,407441,4369,100000,59,4263,0,random-32-32-20-random-9.scen
180,random-32-32-20.map,PIBT,0,207088,4369,100000,59,12570,1,random-32-32-20-random-9.scen
180,random-32-32-20.map,PIBTOLD,0,407441,4369,100000,59,4286,1,random-32-32-20-random-9.scen
180,random-32-32-20.map,PIBT,0,7125,4369,100000,59,9656,10,random-32-32-20-random-9.scen
180,random-32-32-20.map,PIBTOLD,0,407441,4369,100000,59,4171,10,random-32-32-20-random-9.scen
180,random-32-32-20.map,PIBT,0,7266,4369,100000,59,11264,100,random-32-32-20-random-9.scen
180,random-32-32-20.map,PIBTOLD,0,407441,4369,100000,59,4231,100,random-32-32-20-random-9.scen
180,random-32-32-20.map,PIBT,0,7050,4369,100000,59,33198,1000,random-32-32-20-random-9.scen
180,random-32-32-20.map,PIBTOLD,0,407441,4369,100000,59,4291,1000,random-32-32-20-random-9.scen
220,random-32-32-20.map,PIBT,0,210083,5386,100000,59,9186,0,random-32-32-20-random-9.scen
220,random-32-32-20.map,PIBTOLD,0,210083,5386,100000,59,5022,0,random-32-32-20-random-9.scen
220,random-32-32-20.map,PIBT,0,210039,5386,100000,59,13715,1,random-32-32-20-random-9.scen
220,random-32-32-20.map,PIBTOLD,0,210083,5386,100000,59,5000,1,random-32-32-20-random-9.scen
220,random-32-32-20.map,PIBT,0,410016,5386,100000,59,12072,10,random-32-32-20-random-9.scen
220,random-32-32-20.map,PIBTOLD,0,210083,5386,100000,59,5071,10,random-32-32-20-random-9.scen
220,random-32-32-20.map,PIBT,0,10122,5386,100000,59,22117,100,random-32-32-20-random-9.scen
220,random-32-32-20.map,PIBTOLD,0,210083,5386,100000,59,5111,100,random-32-32-20-random-9.scen
220,random-32-32-20.map,PIBT,0,209713,5386,100000,59,45105,1000,random-32-32-20-random-9.scen
220,random-32-32-20.map,PIBTOLD,0,210083,5386,100000,59,5139,1000,random-32-32-20-random-9.scen
20,random-32-32-20.map,PIBT,1,577,505,42,42,0,0,random-32-32-20-random-15.scen
20,random-32-32-20.map,PIBTOLD,1,577,505,42,42,0,0,random-32-32-20-random-15.scen
20,random-32-32-20.map,PIBT,1,566,505,42,42,0,1,random-32-32-20-random-15.scen
20,random-32-32-20.map,PIBTOLD,1,577,505,42,42,0,1,random-32-32-20-random-15.scen
20,random-32-32-20.map,PIBT,1,566,505,42,42,0,10,random-32-32-20-random-15.scen
20,random-32-32-20.map,PIBTOLD,1,577,505,42,42,0,10,random-32-32-20-random-15.scen
20,random-32-32-20.map,PIBT,1,566,505,42,42,0,100,random-32-32-20-random-15.scen
20,random-32-32-20.map,PIBTOLD,1,577,505,42,42,0,100,random-32-32-20-random-15.scen
20,random-32-32-20.map,PIBT,1,566,505,42,42,0,1000,random-32-32-20-random-15.scen
20,random-32-32-20.map,PIBTOLD,1,577,505,42,42,0,1000,random-32-32-20-random-15.scen
60,random-32-32-20.map,PIBT,1,1711,1445,48,48,1,0,random-32-32-20-random-15.scen
60,random-32-32-20.map,PIBTOLD,1,1711,1445,48,48,1,0,random-32-32-20-random-15.scen
60,random-32-32-20.map,PIBT,1,1751,1445,49,48,2,1,random-32-32-20-random-15.scen
60,random-32-32-20.map,PIBTOLD,1,1711,1445,48,48,1,1,random-32-32-20-random-15.scen
60,random-32-32-20.map,PIBT,1,1751,1445,49,48,2,10,random-32-32-20-random-15.scen
60,random-32-32-20.map,PIBTOLD,1,1711,1445,48,48,1,10,random-32-32-20-random-15.scen
60,random-32-32-20.map,PIBT,1,1751,1445,49,48,2,100,random-32-32-20-random-15.scen
60,random-32-32-20.map,PIBTOLD,1,1711,1445,48,48,1,100,random-32-32-20-random-15.scen
60,random-32-32-20.map,PIBT,1,1751,1445,49,48,2,1000,random-32-32-20-random-15.scen
60,random-32-32-20.map,PIBTOLD,1,1711,1445,48,48,1,1000,random-32-32-20-random-15.scen
100,random-32-32-20.map,PIBT,1,3446,2420,54,54,3,0,random-32-32-20-random-15.scen
100,random-32-32-20.map,PIBTOLD,1,3446,2420,54,54,2,0,random-32-32-20-random-15.scen
100,random-32-32-20.map,PIBT,1,3320,2420,57,54,11,1,random-32-32-20-random-15.scen
100,random-32-32-20.map,PIBTOLD,1,3446,2420,54,54,2,1,random-32-32-20-random-15.scen
100,random-32-32-20.map,PIBT,0,3143,2420,100000,54,4133,10,random-32-32-20-random-15.scen
100,random-32-32-20.map,PIBTOLD,1,3446,2420,54,54,3,10,random-32-32-20-random-15.scen
100,random-32-32-20.map,PIBT,0,3117,2420,100000,54,3980,100,random-32-32-20-random-15.scen
100,random-32-32-20.map,PIBTOLD,1,3446,2420,54,54,2,100,random-32-32-20-random-15.scen
100,random-32-32-20.map,PIBT,0,3117,2420,100000,54,3947,1000,random-32-32-20-random-15.scen
100,random-32-32-20.map,PIBTOLD,1,3446,2420,54,54,2,1000,random-32-32-20-random-15.scen
140,random-32-32-20.map,PIBT,1,5501,3549,71,59,5,0,random-32-32-20-random-15.scen
140,random-32-32-20.map,PIBTOLD,1,5501,3549,71,59,4,0,random-32-32-20-random-15.scen
140,random-32-32-20.map,PIBT,0,5196,3549,100000,59,6498,1,random-32-32-20-random-15.scen
140,random-32-32-20.map,PIBTOLD,1,5501,3549,71,59,4,1,random-32-32-20-random-15.scen
140,random-32-32-20.map,PIBT,0,5205,3549,100000,59,7181,10,random-32-32-20-random-15.scen
140,random-32-32-20.map,PIBTOLD,1,5501,3549,71,59,4,10,random-32-32-20-random-15.scen
140,random-32-32-20.map,PIBT,0,5030,3549,100000,59,10889,100,random-32-32-20-random-15.scen
140,random-32-32-20.map,PIBTOLD,1,5501,3549,71,59,4,100,random-32-32-20-random-15.scen
140,random-32-32-20.map,PIBT,0,5129,3549,100000,59,19390,1000,random-32-32-20-random-15.scen
140,random-32-32-20.map,PIBTOLD,1,5501,3549,71,59,4,1000,random-32-32-20-random-15.scen
180,random-32-32-20.map,PIBT,0,407441,4369,100000,59,7377,0,random-32-32-20-random-15.scen
180,random-32-32-20.map,PIBTOLD,0,407441,4369,100000,59,4171,0,random-32-32-20-random-15.scen
180,random-32-32-20.map,PIBT,0,6875,4369,100000,59,11947,1,random-32-32-20-random-15.scen
180,random-32-32-20.map,PIBTOLD,0,407441,4369,100000,59,4250,1,random-32-32-20-random-15.scen
180,random-32-32-20.map,PIBT,0,7617,4369,100000,59,7867,10,random-32-32-20-random-15.scen
180,random-32-32-20.map,PIBTOLD,0,407441,4369,100000,59,4254,10,random-32-32-20-random-15.scen
180,random-32-32-20.map,PIBT,0,7036,4369,100000,59,10357,100,random-32-32-20-random-15.scen
180,random-32-32-20.map,PIBTOLD,0,407441,4369,100000,59,4315,100,random-32-32-20-random-15.scen
180,random-32-32-20.map,PIBT,0,206919,4369,100000,59,32259,1000,random-32-32-20-random-15.scen
180,random-32-32-20.map,PIBTOLD,0,407441,4369,100000,59,4444,1000,random-32-32-20-random-15.scen
220,random-32-32-20.map,PIBT,0,210083,5386,100000,59,9182,0,random-32-32-20-random-15.scen
220,random-32-32-20.map,PIBTOLD,0,210083,5386,100000,59,5374,0,random-32-32-20-random-15.scen
220,random-32-32-20.map,PIBT,0,9883,5386,100000,59,11254,1,random-32-32-20-random-15.scen
220,random-32-32-20.map,PIBTOLD,0,210083,5386,100000,59,5027,1,random-32-32-20-random-15.scen
220,random-32-32-20.map,PIBT,0,10106,5386,100000,59,17243,10,random-32-32-20-random-15.scen
220,random-32-32-20.map,PIBTOLD,0,210083,5386,100000,59,5051,10,random-32-32-20-random-15.scen
220,random-32-32-20.map,PIBT,0,209961,5386,100000,59,15214,100,random-32-32-20-random-15.scen
220,random-32-32-20.map,PIBTOLD,0,210083,5386,100000,59,4981,100,random-32-32-20-random-15.scen
220,random-32-32-20.map,PIBT,0,209953,5386,100000,59,42696,1000,random-32-32-20-random-15.scen
220,random-32-32-20.map,PIBTOLD,0,210083,5386,100000,59,5060,1000,random-32-32-20-random-15.scen
20,random-32-32-20.map,PIBT,1,577,505,42,42,0,0,random-32-32-20-random-7.scen
20,random-32-32-20.map,PIBTOLD,1,577,505,42,42,0,0,random-32-32-20-random-7.scen
20,random-32-32-20.map,PIBT,1,566,505,42,42,0,1,random-32-32-20-random-7.scen
20,random-32-32-20.map,PIBTOLD,1,577,505,42,42,0,1,random-32-32-20-random-7.scen
20,random-32-32-20.map,PIBT,1,566,505,42,42,0,10,random-32-32-20-random-7.scen
20,random-32-32-20.map,PIBTOLD,1,577,505,42,42,0,10,random-32-32-20-random-7.scen
20,random-32-32-20.map,PIBT,1,566,505,42,42,0,100,random-32-32-20-random-7.scen
20,random-32-32-20.map,PIBTOLD,1,577,505,42,42,0,100,random-32-32-20-random-7.scen
20,random-32-32-20.map,PIBT,1,566,505,42,42,0,1000,random-32-32-20-random-7.scen
20,random-32-32-20.map,PIBTOLD,1,577,505,42,42,0,1000,random-32-32-20-random-7.scen
60,random-32-32-20.map,PIBT,1,1711,1445,48,48,1,0,random-32-32-20-random-7.scen
60,random-32-32-20.map,PIBTOLD,1,1711,1445,48,48,1,0,random-32-32-20-random-7.scen
60,random-32-32-20.map,PIBT,1,1751,1445,49,48,2,1,random-32-32-20-random-7.scen
60,random-32-32-20.map,PIBTOLD,1,1711,1445,48,48,1,1,random-32-32-20-random-7.scen
60,random-32-32-20.map,PIBT,1,1751,1445,49,48,2,10,random-32-32-20-random-7.scen
60,random-32-32-20.map,PIBTOLD,1,1711,1445,48,48,1,10,random-32-32-20-random-7.scen
60,random-32-32-20.map,PIBT,1,1751,1445,49,48,2,100,random-32-32-20-random-7.scen
60,random-32-32-20.map,PIBTOLD,1,1711,1445,48,48,1,100,random-32-32-20-random-7.scen
60,random-32-32-20.map,PIBT,1,1751,1445,49,48,2,1000,random-32-32-20-random-7.scen
60,random-32-32-20.map,PIBTOLD,1,1711,1445,48,48,1,1000,random-32-32-20-random-7.scen
100,random-32-32-20.map,PIBT,1,3446,2420,54,54,3,0,random-32-32-20-random-7.scen
100,random-32-32-20.map,PIBTOLD,1,3446,2420,54,54,2,0,random-32-32-20-random-7.scen
100,random-32-32-20.map,PIBT,1,3297,2420,54,54,8,1,random-32-32-20-random-7.scen
100,random-32-32-20.map,PIBTOLD,1,3446,2420,54,54,2,1,random-32-32-20-random-7.scen
100,random-32-32-20.map,PIBT,1,3291,2420,54,54,30,10,random-32-32-20-random-7.scen
100,random-32-32-20.map,PIBTOLD,1,3446,2420,54,54,3,10,random-32-32-20-random-7.scen
100,random-32-32-20.map,PIBT,0,3117,2420,100000,54,4011,100,random-32-32-20-random-7.scen
100,random-32-32-20.map,PIBTOLD,1,3446,2420,54,54,2,100,random-32-32-20-random-7.scen
100,random-32-32-20.map,PIBT,0,3117,2420,100000,54,4034,1000,random-32-32-20-random-7.scen
100,random-32-32-20.map,PIBTOLD,1,3446,2420,54,54,2,1000,random-32-32-20-random-7.scen
140,random-32-32-20.map,PIBT,1,5501,3549,71,59,6,0,random-32-32-20-random-7.scen
140,random-32-32-20.map,PIBTOLD,1,5501,3549,71,59,4,0,random-32-32-20-random-7.scen
140,random-32-32-20.map,PIBT,0,205148,3549,100000,59,5628,1,random-32-32-20-random-7.scen
140,random-32-32-20.map,PIBTOLD,1,5501,3549,71,59,4,1,random-32-32-20-random-7.scen
140,random-32-32-20.map,PIBT,0,5150,3549,100000,59,5919,10,random-32-32-20-random-7.scen
140,random-32-32-20.map,PIBTOLD,1,5501,3549,71,59,4,10,random-32-32-20-random-7.scen
140,random-32-32-20.map,PIBT,0,5128,3549,100000,59,7009,100,random-32-32-20-random-7.scen
140,random-32-32-20.map,PIBTOLD,1,5501,3549,71,59,4,100,random-32-32-20-random-7.scen
140,random-32-32-20.map,PIBT,0,5485,3549,100000,59,20568,1000,random-32-32-20-random-7.scen
140,random-32-32-20.map,PIBTOLD,1,5501,3549,71,59,4,1000,random-32-32-20-random-7.scen
180,random-32-32-20.map,PIBT,0,407441,4369,100000,59,7472,0,random-32-32-20-random-7.scen
180,random-32-32-20.map,PIBTOLD,0,407441,4369,100000,59,4233,0,random-32-32-20-random-7.scen
180,random-32-32-20.map,PIBT,0,207246,4369,100000,59,10120,1,random-32-32-20-random-7.scen
180,random-32-32-20.map,PIBTOLD,0,407441,4369,100000,59,4262,1,random-32-32-20-random-7.scen
180,random-32-32-20.map,PIBT,0,207080,4369,100000,59,7904,10,random-32-32-20-random-7.scen
180,random-32-32-20.map,PIBTOLD,0,407441,4369,100000,59,4268,10,random-32-32-20-random-7.scen
180,random-32-32-20.map,PIBT,0,6770,4369,100000,59,9776,100,random-32-32-20-random-7.scen
180,random-32-32-20.map,PIBTOLD,0,407441,4369,100000,59,4186,100,random-32-32-20-random-7.scen
180,random-32-32-20.map,PIBT,0,207138,4369,100000,59,30598,1000,random-32-32-20-random-7.scen
180,random-32-32-20.map,PIBTOLD,0,407441,4369,100000,59,4242,1000,random-32-32-20-random-7.scen
220,random-32-32-20.map,PIBT,0,210083,5386,100000,59,9124,0,random-32-32-20-random-7.scen
220,random-32-32-20.map,PIBTOLD,0,210083,5386,100000,59,5054,0,random-32-32-20-random-7.scen
220,random-32-32-20.map,PIBT,0,10283,5386,100000,59,10194,1,random-32-32-20-random-7.scen
220,random-32-32-20.map,PIBTOLD,0,210083,5386,100000,59,5014,1,random-32-32-20-random-7.scen
220,random-32-32-20.map,PIBT,0,210039,5386,100000,59,14304,10,random-32-32-20-random-7.scen
220,random-32-32-20.map,PIBTOLD,0,210083,5386,100000,59,5114,10,random-32-32-20-random-7.scen
220,random-32-32-20.map,PIBT,0,10362,5386,100000,59,14827,100,random-32-32-20-random-7.scen
220,random-32-32-20.map,PIBTOLD,0,210083,5386,100000,59,5111,100,random-32-32-20-random-7.scen
220,random-32-32-20.map,PIBT,0,9860,5386,100000,59,51065,1000,random-32-32-20-random-7.scen
220,random-32-32-20.map,PIBTOLD,0,210083,5386,100000,59,4981,1000,random-32-32-20-random-7.scen
20,random-32-32-20.map,PIBT,1,577,505,42,42,0,0,random-32-32-20-random-14.scen
20,random-32-32-20.map,PIBTOLD,1,577,505,42,42,0,0,random-32-32-20-random-14.scen
20,random-32-32-20.map,PIBT,1,566,505,42,42,0,1,random-32-32-20-random-14.scen
20,random-32-32-20.map,PIBTOLD,1,577,505,42,42,0,1,random-32-32-20-random-14.scen
20,random-32-32-20.map,PIBT,1,566,505,42,42,0,10,random-32-32-20-random-14.scen
20,random-32-32-20.map,PIBTOLD,1,577,505,42,42,0,10,random-32-32-20-random-14.scen
20,random-32-32-20.map,PIBT,1,566,505,42,42,0,100,random-32-32-20-random-14.scen
20,random-32-32-20.map,PIBTOLD,1,577,505,42,42,0,100,random-32-32-20-random-14.scen
20,random-32-32-20.map,PIBT,1,566,505,42,42,0,1000,random-32-32-20-random-14.scen
20,random-32-32-20.map,PIBTOLD,1,577,505,42,42,0,1000,random-32-32-20-random-14.scen
60,random-32-32-20.map,PIBT,1,1711,1445,48,48,1,0,random-32-32-20-random-14.scen
60,random-32-32-20.map,PIBTOLD,1,1711,1445,48,48,1,0,random-32-32-20-random-14.scen
60,random-32-32-20.map,PIBT,1,1751,1445,49,48,2,1,random-32-32-20-random-14.scen
60,random-32-32-20.map,PIBTOLD,1,1711,1445,48,48,1,1,random-32-32-20-random-14.scen
60,random-32-32-20.map,PIBT,1,1751,1445,49,48,2,10,random-32-32-20-random-14.scen
60,random-32-32-20.map,PIBTOLD,1,1711,1445,48,48,1,10,random-32-32-20-random-14.scen
60,random-32-32-20.map,PIBT,1,1751,1445,49,48,2,100,random-32-32-20-random-14.scen
60,random-32-32-20.map,PIBTOLD,1,1711,1445,48,48,1,100,random-32-32-20-random-14.scen
60,random-32-32-20.map,PIBT,1,1751,1445,49,48,2,1000,random-32-32-20-random-14.scen
60,random-32-32-20.map,PIBTOLD,1,1711,1445,48,48,1,1000,random-32-32-20-random-14.scen
100,random-32-32-20.map,PIBT,1,3446,2420,54,54,3,0,random-32-32-20-random-14.scen
100,random-32-32-20.map,PIBTOLD,1,3446,2420,54,54,2,0,random-32-32-20-random-14.scen
100,random-32-32-20.map,PIBT,0,3247,2420,100000,54,3740,1,random-32-32-20-random-14.scen
100,random-32-32-20.map,PIBTOLD,1,3446,2420,54,54,2,1,random-32-32-20-random-14.scen
100,random-32-32-20.map,PIBT,0,3267,2420,100000,54,3660,10,random-32-32-20-random-14.scen
100,random-32-32-20.map,PIBTOLD,1,3446,2420,54,54,2,10,random-32-32-20-random-14.scen
100,random-32-32-20.map,PIBT,0,3117,2420,100000,54,4083,100,random-32-32-20-random-14.scen
100,random-32-32-20.map,PIBTOLD,1,3446,2420,54,54,2,100,random-32-32-20-random-14.scen
100,random-32-32-20.map,PIBT,0,3117,2420,100000,54,4054,1000,random-32-32-20-random-14.scen
100,random-32-32-20.map,PIBTOLD,1,3446,2420,54,54,2,1000,random-32-32-20-random-14.scen
140,random-32-32-20.map,PIBT,1,5501,3549,71,59,6,0,random-32-32-20-random-14.scen
140,random-32-32-20.map,PIBTOLD,1,5501,3549,71,59,4,0,random-32-32-20-random-14.scen
140,random-32-32-20.map,PIBT,0,5131,3549,100000,59,6217,1,random-32-32-20-random-14.scen
140,random-32-32-20.map,PIBTOLD,1,5501,3549,71,59,4,1,random-32-32-20-random-14.scen
140,random-32-32-20.map,PIBT,0,5022,3549,100000,59,7255,10,random-32-32-20-random-14.scen
140,random-32-32-20.map,PIBTOLD,1,5501,3549,71,59,4,10,random-32-32-20-random-14.scen
140,random-32-32-20.map,PIBT,0,5340,3549,100000,59,7325,100,random-32-32-20-random-14.scen
140,random-32-32-20.map,PIBTOLD,1,5501,3549,71,59,4,100,random-32-32-20-random-14.scen
140,random-32-32-20.map,PIBT,0,5151,3549,100000,59,17051,1000,random-32-32-20-random-14.scen
140,random-32-32-20.map,PIBTOLD,1,5501,3549,71,59,4,1000,random-32-32-20-random-14.scen
180,random-32-32-20.map,PIBT,0,407441,4369,100000,59,7118,0,random-32-32-20-random-14.scen
180,random-32-32-20.map,PIBTOLD,0,407441,4369,100000,59,4242,0,random-32-32-20-random-14.scen
180,random-32-32-20.map,PIBT,0,7435,4369,100000,59,8911,1,random-32-32-20-random-14.scen
180,random-32-32-20.map,PIBTOLD,0,407441,4369,100000,59,4185,1,random-32-32-20-random-14.scen
180,random-32-32-20.map,PIBT,0,207024,4369,100000,59,8485,10,random-32-32-20-random-14.scen
180,random-32-32-20.map,PIBTOLD,0,407441,4369,100000,59,4231,10,random-32-32-20-random-14.scen
180,random-32-32-20.map,PIBT,0,7258,4369,100000,59,10849,100,random-32-32-20-random-14.scen
180,random-32-32-20.map,PIBTOLD,0,407441,4369,100000,59,4177,100,random-32-32-20-random-14.scen
180,random-32-32-20.map,PIBT,0,6881,4369,100000,59,29685,1000,random-32-32-20-random-14.scen
180,random-32-32-20.map,PIBTOLD,0,407441,4369,100000,59,4270,1000,random-32-32-20-random-14.scen
220,random-32-32-20.map,PIBT,0,210083,5386,100000,59,9145,0,random-32-32-20-random-14.scen
220,random-32-32-20.map,PIBTOLD,0,210083,5386,100000,59,5076,0,random-32-32-20-random-14.scen
220,random-32-32-20.map,PIBT,0,10425,5386,100000,59,13301,1,random-32-32-20-random-14.scen
220,random-32-32-20.map,PIBTOLD,0,210083,5386,100000,59,5100,1,random-32-32-20-random-14.scen
220,random-32-32-20.map,PIBT,0,210099,5386,100000,59,12132,10,random-32-32-20-random-14.scen
220,random-32-32-20.map,PIBTOLD,0,210083,5386,100000,59,5110,10,random-32-32-20-random-14.scen
220,random-32-32-20.map,PIBT,0,210267,5386,100000,59,16365,100,random-32-32-20-random-14.scen
220,random-32-32-20.map,PIBTOLD,0,210083,5386,100000,59,4997,100,random-32-32-20-random-14.scen
220,random-32-32-20.map,PIBT,0,9878,5386,100000,59,42240,1000,random-32-32-20-random-14.scen
220,random-32-32-20.map,PIBTOLD,0,210083,5386,100000,59,5041,1000,random-32-32-20-random-14.scen
20,random-32-32-20.map,PIBT,1,577,505,42,42,0,0,random-32-32-20-random-18.scen
20,random-32-32-20.map,PIBTOLD,1,577,505,42,42,0,0,random-32-32-20-random-18.scen
20,random-32-32-20.map,PIBT,1,566,505,42,42,0,1,random-32-32-20-random-18.scen
20,random-32-32-20.map,PIBTOLD,1,577,505,42,42,0,1,random-32-32-20-random-18.scen
20,random-32-32-20.map,PIBT,1,566,505,42,42,0,10,random-32-32-20-random-18.scen
20,random-32-32-20.map,PIBTOLD,1,577,505,42,42,0,10,random-32-32-20-random-18.scen
20,random-32-32-20.map,PIBT,1,566,505,42,42,0,100,random-32-32-20-random-18.scen
20,random-32-32-20.map,PIBTOLD,1,577,505,42,42,0,100,random-32-32-20-random-18.scen
20,random-32-32-20.map,PIBT,1,566,505,42,42,0,1000,random-32-32-20-random-18.scen
20,random-32-32-20.map,PIBTOLD,1,577,505,42,42,0,1000,random-32-32-20-random-18.scen
60,random-32-32-20.map,PIBT,1,1711,1445,48,48,1,0,random-32-32-20-random-18.scen
60,random-32-32-20.map,PIBTOLD,1,1711,1445,48,48,1,0,random-32-32-20-random-18.scen
60,random-32-32-20.map,PIBT,1,1751,1445,49,48,2,1,random-32-32-20-random-18.scen
60,random-32-32-20.map,PIBTOLD,1,1711,1445,48,48,1,1,random-32-32-20-random-18.scen
60,random-32-32-20.map,PIBT,1,1751,1445,49,48,2,10,random-32-32-20-random-18.scen
60,random-32-32-20.map,PIBTOLD,1,1711,1445,48,48,1,10,random-32-32-20-random-18.scen
60,random-32-32-20.map,PIBT,1,1751,1445,49,48,2,100,random-32-32-20-random-18.scen
60,random-32-32-20.map,PIBTOLD,1,1711,1445,48,48,1,100,random-32-32-20-random-18.scen
60,random-32-32-20.map,PIBT,1,1751,1445,49,48,2,1000,random-32-32-20-random-18.scen
60,random-32-32-20.map,PIBTOLD,1,1711,1445,48,48,2,1000,random-32-32-20-random-18.scen
100,random-32-32-20.map,PIBT,1,3446,2420,54,54,3,0,random-32-32-20-random-18.scen
100,random-32-32-20.map,PIBTOLD,1,3446,2420,54,54,2,0,random-32-32-20-random-18.scen
100,random-32-32-20.map,PIBT,1,3332,2420,65,54,14,1,random-32-32-20-random-18.scen
100,random-32-32-20.map,PIBTOLD,1,3446,2420,54,54,2,1,random-32-32-20-random-18.scen
100,random-32-32-20.map,PIBT,0,3128,2420,100000,54,4194,10,random-32-32-20-random-18.scen
100,random-32-32-20.map,PIBTOLD,1,3446,2420,54,54,2,10,random-32-32-20-random-18.scen
100,random-32-32-20.map,PIBT,0,3117,2420,100000,54,4086,100,random-32-32-20-random-18.scen
100,random-32-32-20.map,PIBTOLD,1,3446,2420,54,54,2,100,random-32-32-20-random-18.scen
100,random-32-32-20.map,PIBT,0,3117,2420,100000,54,4009,1000,random-32-32-20-random-18.scen
100,random-32-32-20.map,PIBTOLD,1,3446,2420,54,54,3,1000,random-32-32-20-random-18.scen
140,random-32-32-20.map,PIBT,1,5501,3549,71,59,6,0,random-32-32-20-random-18.scen
140,random-32-32-20.map,PIBTOLD,1,5501,3549,71,59,4,0,random-32-32-20-random-18.scen
140,random-32-32-20.map,PIBT,0,5323,3549,100000,59,6352,1,random-32-32-20-random-18.scen
140,random-32-32-20.map,PIBTOLD,1,5501,3549,71,59,4,1,random-32-32-20-random-18.scen
140,random-32-32-20.map,PIBT,0,5079,3549,100000,59,6612,10,random-32-32-20-random-18.scen
140,random-32-32-20.map,PIBTOLD,1,5501,3549,71,59,4,10,random-32-32-20-random-18.scen
140,random-32-32-20.map,PIBT,0,5178,3549,100000,59,7684,100,random-32-32-20-random-18.scen
140,random-32-32-20.map,PIBTOLD,1,5501,3549,71,59,4,100,random-32-32-20-random-18.scen
140,random-32-32-20.map,PIBT,0,5156,3549,100000,59,16159,1000,random-32-32-20-random-18.scen
140,random-32-32-20.map,PIBTOLD,1,5501,3549,71,59,4,1000,random-32-32-20-random-18.scen
180,random-32-32-20.map,PIBT,0,407441,4369,100000,59,7081,0,random-32-32-20-random-18.scen
180,random-32-32-20.map,PIBTOLD,0,407441,4369,100000,59,4201,0,random-32-32-20-random-18.scen
180,random-32-32-20.map,PIBT,0,207038,4369,100000,59,7738,1,random-32-32-20-random-18.scen
180,random-32-32-20.map,PIBTOLD,0,407441,4369,100000,59,4241,1,random-32-32-20-random-18.scen
180,random-32-32-20.map,PIBT,0,7084,4369,100000,59,10050,10,random-32-32-20-random-18.scen
180,random-32-32-20.map,PIBTOLD,0,407441,4369,100000,59,4155,10,random-32-32-20-random-18.scen
180,random-32-32-20.map,PIBT,0,206883,4369,100000,59,11399,100,random-32-32-20-random-18.scen
180,random-32-32-20.map,PIBTOLD,0,407441,4369,100000,59,4316,100,random-32-32-20-random-18.scen
180,random-32-32-20.map,PIBT,0,207027,4369,100000,59,38390,1000,random-32-32-20-random-18.scen
180,random-32-32-20.map,PIBTOLD,0,407441,4369,100000,59,4181,1000,random-32-32-20-random-18.scen
220,random-32-32-20.map,PIBT,0,210083,5386,100000,59,9534,0,random-32-32-20-random-18.scen
220,random-32-32-20.map,PIBTOLD,0,210083,5386,100000,59,5079,0,random-32-32-20-random-18.scen
220,random-32-32-20.map,PIBT,0,410184,5386,100000,59,11495,1,random-32-32-20-random-18.scen
220,random-32-32-20.map,PIBTOLD,0,210083,5386,100000,59,5085,1,random-32-32-20-random-18.scen
220,random-32-32-20.map,PIBT,0,209883,5386,100000,59,12677,10,random-32-32-20-random-18.scen
220,random-32-32-20.map,PIBTOLD,0,210083,5386,100000,59,5100,10,random-32-32-20-random-18.scen
220,random-32-32-20.map,PIBT,0,10647,5386,100000,59,18077,100,random-32-32-20-random-18.scen
220,random-32-32-20.map,PIBTOLD,0,210083,5386,100000,59,5220,100,random-32-32-20-random-18.scen
220,random-32-32-20.map,PIBT,0,10010,5386,100000,59,43890,1000,random-32-32-20-random-18.scen
220,random-32-32-20.map,PIBTOLD,0,210083,5386,100000,59,5180,1000,random-32-32-20-random-18.scen
20,random-32-32-20.map,PIBT,1,577,505,42,42,0,0,random-32-32-20-random-23.scen
20,random-32-32-20.map,PIBTOLD,1,577,505,42,42,0,0,random-32-32-20-random-23.scen
20,random-32-32-20.map,PIBT,1,566,505,42,42,0,1,random-32-32-20-random-23.scen
20,random-32-32-20.map,PIBTOLD,1,577,505,42,42,0,1,random-32-32-20-random-23.scen
20,random-32-32-20.map,PIBT,1,566,505,42,42,0,10,random-32-32-20-random-23.scen
20,random-32-32-20.map,PIBTOLD,1,577,505,42,42,0,10,random-32-32-20-random-23.scen
20,random-32-32-20.map,PIBT,1,566,505,42,42,0,100,random-32-32-20-random-23.scen
20,random-32-32-20.map,PIBTOLD,1,577,505,42,42,0,100,random-32-32-20-random-23.scen
20,random-32-32-20.map,PIBT,1,566,505,42,42,0,1000,random-32-32-20-random-23.scen
20,random-32-32-20.map,PIBTOLD,1,577,505,42,42,0,1000,random-32-32-20-random-23.scen
60,random-32-32-20.map,PIBT,1,1711,1445,48,48,1,0,random-32-32-20-random-23.scen
60,random-32-32-20.map,PIBTOLD,1,1711,1445,48,48,1,0,random-32-32-20-random-23.scen
60,random-32-32-20.map,PIBT,1,1751,1445,49,48,2,1,random-32-32-20-random-23.scen
60,random-32-32-20.map,PIBTOLD,1,1711,1445,48,48,1,1,random-32-32-20-random-23.scen
60,random-32-32-20.map,PIBT,1,1751,1445,49,48,2,10,random-32-32-20-random-23.scen
60,random-32-32-20.map,PIBTOLD,1,1711,1445,48,48,1,10,random-32-32-20-random-23.scen
60,random-32-32-20.map,PIBT,1,1751,1445,49,48,1,100,random-32-32-20-random-23.scen
60,random-32-32-20.map,PIBTOLD,1,1711,1445,48,48,1,100,random-32-32-20-random-23.scen
60,random-32-32-20.map,PIBT,1,1751,1445,49,48,2,1000,random-32-32-20-random-23.scen
60,random-32-32-20.map,PIBTOLD,1,1711,1445,48,48,1,1000,random-32-32-20-random-23.scen
100,random-32-32-20.map,PIBT,1,3446,2420,54,54,3,0,random-32-32-20-random-23.scen
100,random-32-32-20.map,PIBTOLD,1,3446,2420,54,54,2,0,random-32-32-20-random-23.scen
100,random-32-32-20.map,PIBT,1,3232,2420,54,54,7,1,random-32-32-20-random-23.scen
100,random-32-32-20.map,PIBTOLD,1,3446,2420,54,54,2,1,random-32-32-20-random-23.scen
100,random-32-32-20.map,PIBT,1,3250,2420,54,54,29,10,random-32-32-20-random-23.scen
100,random-32-32-20.map,PIBTOLD,1,3446,2420,54,54,2,10,random-32-32-20-random-23.scen
100,random-32-32-20.map,PIBT,0,3117,2420,100000,54,4094,100,random-32-32-20-random-23.scen
100,random-32-32-20.map,PIBTOLD,1,3446,2420,54,54,3,100,random-32-32-20-random-23.scen
100,random-32-32-20.map,PIBT,0,3117,2420,100000,54,4099,1000,random-32-32-20-random-23.scen
100,random-32-32-20.map,PIBTOLD,1,3446,2420,54,54,2,1000,random-32-32-20-random-23.scen
140,random-32-32-20.map,PIBT,1,5501,3549,71,59,6,0,random-32-32-20-random-23.scen
140,random-32-32-20.map,PIBTOLD,1,5501,3549,71,59,4,0,random-32-32-20-random-23.scen
140,random-32-32-20.map,PIBT,0,5028,3549,100000,59,10227,1,random-32-32-20-random-23.scen
140,random-32-32-20.map,PIBTOLD,1,5501,3549,71,59,4,1,random-32-32-20-random-23.scen
140,random-32-32-20.map,PIBT,0,5099,3549,100000,59,6679,10,random-32-32-20-random-23.scen
140,random-32-32-20.map,PIBTOLD,1,5501,3549,71,59,4,10,random-32-32-20-random-23.scen
140,random-32-32-20.map,PIBT,0,5101,3549,100000,59,7582,100,random-32-32-20-random-23.scen
140,random-32-32-20.map,PIBTOLD,1,5501,3549,71,59,4,100,random-32-32-20-random-23.scen
140,random-32-32-20.map,PIBT,0,5056,3549,100000,59,16763,1000,random-32-32-20-random-23.scen
140,random-32-32-20.map,PIBTOLD,1,5501,3549,71,59,4,1000,random-32-32-20-random-23.scen
180,random-32-32-20.map,PIBT,0,407441,4369,100000,59,7132,0,random-32-32-20-random-23.scen
180,random-32-32-20.map,PIBTOLD,0,407441,4369,100000,59,4298,0,random-32-32-20-random-23.scen
180,random-32-32-20.map,PIBT,0,7025,4369,100000,59,8226,1,random-32-32-20-random-23.scen
180,random-32-32-20.map,PIBTOLD,0,407441,4369,100000,59,4302,1,random-32-32-20-random-23.scen
180,random-32-32-20.map,PIBT,0,207089,4369,100000,59,8510,10,random-32-32-20-random-23.scen
180,random-32-32-20.map,PIBTOLD,0,407441,4369,100000,59,4239,10,random-32-32-20-random-23.scen
180,random-32-32-20.map,PIBT,0,207033,4369,100000,59,11848,100,random-32-32-20-random-23.scen
180,random-32-32-20.map,PIBTOLD,0,407441,4369,100000,59,4404,100,random-32-32-20-random-23.scen
180,random-32-32-20.map,PIBT,0,206871,4369,100000,59,32349,1000,random-32-32-20-random-23.scen
180,random-32-32-20.map,PIBTOLD,0,407441,4369,100000,59,4227,1000,random-32-32-20-random-23.scen
220,random-32-32-20.map,PIBT,0,210083,5386,100000,59,9264,0,random-32-32-20-random-23.scen
220,random-32-32-20.map,PIBTOLD,0,210083,5386,100000,59,5086,0,random-32-32-20-random-23.scen
220,random-32-32-20.map,PIBT,0,11023,5386,100000,59,13478,1,random-32-32-20-random-23.scen
220,random-32-32-20.map,PIBTOLD,0,210083,5386,100000,59,5119,1,random-32-32-20-random-23.scen
220,random-32-32-20.map,PIBT,0,210068,5386,100000,59,11119,10,random-32-32-20-random-23.scen
220,random-32-32-20.map,PIBTOLD,0,210083,5386,100000,59,5167,10,random-32-32-20-random-23.scen
220,random-32-32-20.map,PIBT,0,9790,5386,100000,59,15544,100,random-32-32-20-random-23.scen
220,random-32-32-20.map,PIBTOLD,0,210083,5386,100000,59,5177,100,random-32-32-20-random-23.scen
220,random-32-32-20.map,PIBT,0,9986,5386,100000,59,44442,1000,random-32-32-20-random-23.scen
220,random-32-32-20.map,PIBTOLD,0,210083,5386,100000,59,5174,1000,random-32-32-20-random-23.scen
20,random-32-32-20.map,PIBT,1,577,505,42,42,0,0,random-32-32-20-random-5.scen
20,random-32-32-20.map,PIBTOLD,1,577,505,42,42,0,0,random-32-32-20-random-5.scen
20,random-32-32-20.map,PIBT,1,566,505,42,42,0,1,random-32-32-20-random-5.scen
20,random-32-32-20.map,PIBTOLD,1,577,505,42,42,0,1,random-32-32-20-random-5.scen
20,random-32-32-20.map,PIBT,1,566,505,42,42,0,10,random-32-32-20-random-5.scen
20,random-32-32-20.map,PIBTOLD,1,577,505,42,42,0,10,random-32-32-20-random-5.scen
20,random-32-32-20.map,PIBT,1,566,505,42,42,0,100,random-32-32-20-random-5.scen
20,random-32-32-20.map,PIBTOLD,1,577,505,42,42,0,100,random-32-32-20-random-5.scen
20,random-32-32-20.map,PIBT,1,566,505,42,42,0,1000,random-32-32-20-random-5.scen
20,random-32-32-20.map,PIBTOLD,1,577,505,42,42,0,1000,random-32-32-20-random-5.scen
60,random-32-32-20.map,PIBT,1,1711,1445,48,48,1,0,random-32-32-20-random-5.scen
60,random-32-32-20.map,PIBTOLD,1,1711,1445,48,48,1,0,random-32-32-20-random-5.scen
60,random-32-32-20.map,PIBT,1,1751,1445,49,48,2,1,random-32-32-20-random-5.scen
60,random-32-32-20.map,PIBTOLD,1,1711,1445,48,48,1,1,random-32-32-20-random-5.scen
60,random-32-32-20.map,PIBT,1,1751,1445,49,48,2,10,random-32-32-20-random-5.scen
60,random-32-32-20.map,PIBTOLD,1,1711,1445,48,48,1,10,random-32-32-20-random-5.scen
60,random-32-32-20.map,PIBT,1,1751,1445,49,48,2,100,random-32-32-20-random-5.scen
60,random-32-32-20.map,PIBTOLD,1,1711,1445,48,48,1,100,random-32-32-20-random-5.scen
60,random-32-32-20.map,PIBT,1,1751,1445,49,48,2,1000,random-32-32-20-random-5.scen
60,random-32-32-20.map,PIBTOLD,1,1711,1445,48,48,1,1000,random-32-32-20-random-5.scen
100,random-32-32-20.map,PIBT,1,3446,2420,54,54,3,0,random-32-32-20-random-5.scen
100,random-32-32-20.map,PIBTOLD,1,3446,2420,54,54,2,0,random-32-32-20-random-5.scen
100,random-32-32-20.map,PIBT,1,3285,2420,54,54,9,1,random-32-32-20-random-5.scen
100,random-32-32-20.map,PIBTOLD,1,3446,2420,54,54,2,1,random-32-32-20-random-5.scen
100,random-32-32-20.map,PIBT,0,3183,2420,100000,54,4044,10,random-32-32-20-random-5.scen
100,random-32-32-20.map,PIBTOLD,1,3446,2420,54,54,2,10,random-32-32-20-random-5.scen
100,random-32-32-20.map,PIBT,0,3117,2420,100000,54,3994,100,random-32-32-20-random-5.scen
100,random-32-32-20.map,PIBTOLD,1,3446,2420,54,54,2,100,random-32-32-20-random-5.scen
100,random-32-32-20.map,PIBT,0,3117,2420,100000,54,4024,1000,random-32-32-20-random-5.scen
100,random-32-32-20.map,PIBTOLD,1,3446,2420,54,54,2,1000,random-32-32-20-random-5.scen
140,random-32-32-20.map,PIBT,1,5501,3549,71,59,6,0,random-32-32-20-random-5.scen
140,random-32-32-20.map,PIBTOLD,1,5501,3549,71,59,4,0,random-32-32-20-random-5.scen
140,random-32-32-20.map,PIBT,0,5136,3549,100000,59,6351,1,random-32-32-20-random-5.scen
140,random-32-32-20.map,PIBTOLD,1,5501,3549,71,59,4,1,random-32-32-20-random-5.scen
140,random-32-32-20.map,PIBT,0,4947,3549,100000,59,7950,10,random-32-32-20-random-5.scen
140,random-32-32-20.map,PIBTOLD,1,5501,3549,71,59,4,10,random-32-32-20-random-5.scen
140,random-32-32-20.map,PIBT,0,5259,3549,100000,59,7607,100,random-32-32-20-random-5.scen
140,random-32-32-20.map,PIBTOLD,1,5501,3549,71,59,4,100,random-32-32-20-random-5.scen
140,random-32-32-20.map,PIBT,0,5087,3549,100000,59,19281,1000,random-32-32-20-random-5.scen
140,random-32-32-20.map,PIBTOLD,1,5501,3549,71,59,4,1000,random-32-32-20-random-5.scen
180,random-32-32-20.map,PIBT,0,407441,4369,100000,59,7306,0,random-32-32-20-random-5.scen
180,random-32-32-20.map,PIBTOLD,0,407441,4369,100000,59,4288,0,random-32-32-20-random-5.scen
180,random-32-32-20.map,PIBT,0,7407,4369,100000,59,8024,1,random-32-32-20-random-5.scen
180,random-32-32-20.map,PIBTOLD,0,407441,4369,100000,59,4204,1,random-32-32-20-random-5.scen
180,random-32-32-20.map,PIBT,0,7151,4369,100000,59,13325,10,random-32-32-20-random-5.scen
180,random-32-32-20.map,PIBTOLD,0,407441,4369,100000,59,4282,10,random-32-32-20-random-5.scen
180,random-32-32-20.map,PIBT,0,206772,4369,100000,59,11965,100,random-32-32-20-random-5.scen
180,random-32-32-20.map,PIBTOLD,0,407441,4369,100000,59,4226,100,random-32-32-20-random-5.scen
180,random-32-32-20.map,PIBT,0,7165,4369,100000,59,32667,1000,random-32-32-20-random-5.scen
180,random-32-32-20.map,PIBTOLD,0,407441,4369,100000,59,4190,1000,random-32-32-20-random-5.scen
220,random-32-32-20.map,PIBT,0,210083,5386,100000,59,9145,0,random-32-32-20-random-5.scen
220,random-32-32-20.map,PIBTOLD,0,210083,5386,100000,59,5058,0,random-32-32-20-random-5.scen
220,random-32-32-20.map,PIBT,0,10177,5386,100000,59,15125,1,random-32-32-20-random-5.scen
220,random-32-32-20.map,PIBTOLD,0,210083,5386,100000,59,5051,1,random-32-32-20-random-5.scen
220,random-32-32-20.map,PIBT,0,9664,5386,100000,59,11546,10,random-32-32-20-random-5.scen
220,random-32-32-20.map,PIBTOLD,0,210083,5386,100000,59,4990,10,random-32-32-20-random-5.scen
220,random-32-32-20.map,PIBT,0,409522,5386,100000,59,16534,100,random-32-32-20-random-5.scen
220,random-32-32-20.map,PIBTOLD,0,210083,5386,100000,59,5024,100,random-32-32-20-random-5.scen
220,random-32-32-20.map,PIBT,0,9559,5386,100000,59,40913,1000,random-32-32-20-random-5.scen
220,random-32-32-20.map,PIBTOLD,0,210083,5386,100000,59,5043,1000,random-32-32-20-random-5.scen
20,random-32-32-20.map,PIBT,1,577,505,42,42,0,0,random-32-32-20-random-8.scen
20,random-32-32-20.map,PIBTOLD,1,577,505,42,42,0,0,random-32-32-20-random-8.scen
20,random-32-32-20.map,PIBT,1,566,505,42,42,0,1,random-32-32-20-random-8.scen
20,random-32-32-20.map,PIBTOLD,1,577,505,42,42,0,1,random-32-32-20-random-8.scen
20,random-32-32-20.map,PIBT,1,566,505,42,42,0,10,random-32-32-20-random-8.scen
20,random-32-32-20.map,PIBTOLD,1,577,505,42,42,0,10,random-32-32-20-random-8.scen
20,random-32-32-20.map,PIBT,1,566,505,42,42,0,100,random-32-32-20-random-8.scen
20,random-32-32-20.map,PIBTOLD,1,577,505,42,42,0,100,random-32-32-20-random-8.scen
20,random-32-32-20.map,PIBT,1,566,505,42,42,0,1000,random-32-32-20-random-8.scen
20,random-32-32-20.map,PIBTOLD,1,577,505,42,42,0,1000,random-32-32-20-random-8.scen
60,random-32-32-20.map,PIBT,1,1711,1445,48,48,1,0,random-32-32-20-random-8.scen
60,random-32-32-20.map,PIBTOLD,1,1711,1445,48,48,1,0,random-32-32-20-random-8.scen
60,random-32-32-20.map,PIBT,1,1751,1445,49,48,2,1,random-32-32-20-random-8.scen
60,random-32-32-20.map,PIBTOLD,1,1711,1445,48,48,1,1,random-32-32-20-random-8.scen
60,random-32-32-20.map,PIBT,1,1751,1445,49,48,2,10,random-32-32-20-random-8.scen
60,random-32-32-20.map,PIBTOLD,1,1711,1445,48,48,1,10,random-32-32-20-random-8.scen
60,random-32-32-20.map,PIBT,1,1751,1445,49,48,2,100,random-32-32-20-random-8.scen
60,random-32-32-20.map,PIBTOLD,1,1711,1445,48,48,1,100,random-32-32-20-random-8.scen
60,random-32-32-20.map,PIBT,1,1751,1445,49,48,2,1000,random-32-32-20-random-8.scen
60,random-32-32-20.map,PIBTOLD,1,1711,1445,48,48,1,1000,random-32-32-20-random-8.scen
100,random-32-32-20.map,PIBT,1,3446,2420,54,54,3,0,random-32-32-20-random-8.scen
100,random-32-32-20.map,PIBTOLD,1,3446,2420,54,54,3,0,random-32-32-20-random-8.scen
100,random-32-32-20.map,PIBT,0,3324,2420,100000,54,3713,1,random-32-32-20-random-8.scen
100,random-32-32-20.map,PIBTOLD,1,3446,2420,54,54,2,1,random-32-32-20-random-8.scen
100,random-32-32-20.map,PIBT,1,3270,2420,57,54,30,10,random-32-32-20-random-8.scen
100,random-32-32-20.map,PIBTOLD,1,3446,2420,54,54,2,10,random-32-32-20-random-8.scen
100,random-32-32-20.map,PIBT,0,3117,2420,100000,54,4052,100,random-32-32-20-random-8.scen
100,random-32-32-20.map,PIBTOLD,1,3446,2420,54,54,2,100,random-32-32-20-random-8.scen
100,random-32-32-20.map,PIBT,0,3117,2420,100000,54,4028,1000,random-32-32-20-random-8.scen
100,random-32-32-20.map,PIBTOLD,1,3446,2420,54,54,2,1000,random-32-32-20-random-8.scen
140,random-32-32-20.map,PIBT,1,5501,3549,71,59,6,0,random-32-32-20-random-8.scen
140,random-32-32-20.map,PIBTOLD,1,5501,3549,71,59,4,0,random-32-32-20-random-8.scen
140,random-32-32-20.map,PIBT,0,5451,3549,100000,59,6035,1,random-32-32-20-random-8.scen
140,random-32-32-20.map,PIBTOLD,1,5501,3549,71,59,4,1,random-32-32-20-random-8.scen
140,random-32-32-20.map,PIBT,0,5251,3549,100000,59,6210,10,random-32-32-20-random-8.scen
140,random-32-32-20.map,PIBTOLD,1,5501,3549,71,59,4,10,random-32-32-20-random-8.scen
140,random-32-32-20.map,PIBT,0,4998,3549,100000,59,8335,100,random-32-32-20-random-8.scen
140,random-32-32-20.map,PIBTOLD,1,5501,3549,71,59,4,100,random-32-32-20-random-8.scen
140,random-32-32-20.map,PIBT,0,205081,3549,100000,59,15998,1000,random-32-32-20-random-8.scen
140,random-32-32-20.map,PIBTOLD,1,5501,3549,71,59,4,1000,random-32-32-20-random-8.scen
180,random-32-32-20.map,PIBT,0,407441,4369,100000,59,7126,0,random-32-32-20-random-8.scen
180,random-32-32-20.map,PIBTOLD,0,407441,4369,100000,59,4216,0,random-32-32-20-random-8.scen
180,random-32-32-20.map,PIBT,0,206890,4369,100000,59,8246,1,random-32-32-20-random-8.scen
180,random-32-32-20.map,PIBTOLD,0,407441,4369,100000,59,4185,1,random-32-32-20-random-8.scen
180,random-32-32-20.map,PIBT,0,7755,4369,100000,59,8284,10,random-32-32-20-random-8.scen
180,random-32-32-20.map,PIBTOLD,0,407441,4369,100000,59,4319,10,random-32-32-20-random-8.scen
180,random-32-32-20.map,PIBT,0,6963,4369,100000,59,10414,100,random-32-32-20-random-8.scen
180,random-32-32-20.map,PIBTOLD,0,407441,4369,100000,59,4229,100,random-32-32-20-random-8.scen
180,random-32-32-20.map,PIBT,0,206909,4369,100000,59,29470,1000,random-32-32-20-random-8.scen
180,random-32-32-20.map,PIBTOLD,0,407441,4369,100000,59,4228,1000,random-32-32-20-random-8.scen
220,random-32-32-20.map,PIBT,0,210083,5386,100000,59,9107,0,random-32-32-20-random-8.scen
220,random-32-32-20.map,PIBTOLD,0,210083,5386,100000,59,5054,0,random-32-32-20-random-8.scen
220,random-32-32-20.map,PIBT,0,210649,5386,100000,59,13253,1,random-32-32-20-random-8.scen
220,random-32-32-20.map,PIBTOLD,0,210083,5386,100000,59,5061,1,random-32-32-20-random-8.scen
220,random-32-32-20.map,PIBT,0,409798,5386,100000,59,11431,10,random-32-32-20-random-8.scen
220,random-32-32-20.map,PIBTOLD,0,210083,5386,100000,59,4997,10,random-32-32-20-random-8.scen
220,random-32-32-20.map,PIBT,0,10022,5386,100000,59,15643,100,random-32-32-20-random-8.scen
220,random-32-32-20.map,PIBTOLD,0,210083,5386,100000,59,5077,100,random-32-32-20-random-8.scen
220,random-32-32-20.map,PIBT,0,10096,5386,100000,59,52140,1000,random-32-32-20-random-8.scen
220,random-32-32-20.map,PIBTOLD,0,210083,5386,100000,59,5178,1000,random-32-32-20-random-8.scen
20,random-32-32-20.map,PIBT,1,577,505,42,42,0,0,random-32-32-20-random-16.scen
20,random-32-32-20.map,PIBTOLD,1,577,505,42,42,0,0,random-32-32-20-random-16.scen
20,random-32-32-20.map,PIBT,1,566,505,42,42,0,1,random-32-32-20-random-16.scen
20,random-32-32-20.map,PIBTOLD,1,577,505,42,42,0,1,random-32-32-20-random-16.scen
20,random-32-32-20.map,PIBT,1,566,505,42,42,0,10,random-32-32-20-random-16.scen
20,random-32-32-20.map,PIBTOLD,1,577,505,42,42,0,10,random-32-32-20-random-16.scen
20,random-32-32-20.map,PIBT,1,566,505,42,42,0,100,random-32-32-20-random-16.scen
20,random-32-32-20.map,PIBTOLD,1,577,505,42,42,1,100,random-32-32-20-random-16.scen
20,random-32-32-20.map,PIBT,1,566,505,42,42,0,1000,random-32-32-20-random-16.scen
20,random-32-32-20.map,PIBTOLD,1,577,505,42,42,0,1000,random-32-32-20-random-16.scen
60,random-32-32-20.map,PIBT,1,1711,1445,48,48,2,0,random-32-32-20-random-16.scen
60,random-32-32-20.map,PIBTOLD,1,1711,1445,48,48,1,0,random-32-32-20-random-16.scen
60,random-32-32-20.map,PIBT,1,1751,1445,49,48,2,1,random-32-32-20-random-16.scen
60,random-32-32-20.map,PIBTOLD,1,1711,1445,48,48,1,1,random-32-32-20-random-16.scen
60,random-32-32-20.map,PIBT,1,1751,1445,49,48,2,10,random-32-32-20-random-16.scen
60,random-32-32-20.map,PIBTOLD,1,1711,1445,48,48,1,10,random-32-32-20-random-16.scen
60,random-32-32-20.map,PIBT,1,1751,1445,49,48,2,100,random-32-32-20-random-16.scen
60,random-32-32-20.map,PIBTOLD,1,1711,1445,48,48,1,100,random-32-32-20-random-16.scen
60,random-32-32-20.map,PIBT,1,1751,1445,49,48,2,1000,random-32-32-20-random-16.scen
60,random-32-32-20.map,PIBTOLD,1,1711,1445,48,48,1,1000,random-32-32-20-random-16.scen
100,random-32-32-20.map,PIBT,1,3446,2420,54,54,3,0,random-32-32-20-random-16.scen
100,random-32-32-20.map,PIBTOLD,1,3446,2420,54,54,2,0,random-32-32-20-random-16.scen
100,random-32-32-20.map,PIBT,0,3210,2420,100000,54,3701,1,random-32-32-20-random-16.scen
100,random-32-32-20.map,PIBTOLD,1,3446,2420,54,54,2,1,random-32-32-20-random-16.scen
100,random-32-32-20.map,PIBT,1,3291,2420,54,54,31,10,random-32-32-20-random-16.scen
100,random-32-32-20.map,PIBTOLD,1,3446,2420,54,54,2,10,random-32-32-20-random-16.scen
100,random-32-32-20.map,PIBT,0,3117,2420,100000,54,3996,100,random-32-32-20-random-16.scen
100,random-32-32-20.map,PIBTOLD,1,3446,2420,54,54,2,100,random-32-32-20-random-16.scen
100,random-32-32-20.map,PIBT,0,3117,2420,100000,54,4038,1000,random-32-32-20-random-16.scen
100,random-32-32-20.map,PIBTOLD,1,3446,2420,54,54,2,1000,random-32-32-20-random-16.scen
140,random-32-32-20.map,PIBT,1,5501,3549,71,59,6,0,random-32-32-20-random-16.scen
140,random-32-32-20.map,PIBTOLD,1,5501,3549,71,59,4,0,random-32-32-20-random-16.scen
140,random-32-32-20.map,PIBT,0,5204,3549,100000,59,7593,1,random-32-32-20-random-16.scen
140,random-32-32-20.map,PIBTOLD,1,5501,3549,71,59,4,1,random-32-32-20-random-16.scen
140,random-32-32-20.map,PIBT,0,5090,3549,100000,59,6721,10,random-32-32-20-random-16.scen
140,random-32-32-20.map,PIBTOLD,1,5501,3549,71,59,4,10,random-32-32-20-random-16.scen
140,random-32-32-20.map,PIBT,0,4891,3549,100000,59,8864,100,random-32-32-20-random-16.scen
140,random-32-32-20.map,PIBTOLD,1,5501,3549,71,59,4,100,random-32-32-20-random-16.scen
140,random-32-32-20.map,PIBT,0,5434,3549,100000,59,13567,1000,random-32-32-20-random-16.scen
140,random-32-32-20.map,PIBTOLD,1,5501,3549,71,59,4,1000,random-32-32-20-random-16.scen
180,random-32-32-20.map,PIBT,0,407441,4369,100000,59,7039,0,random-32-32-20-random-16.scen
180,random-32-32-20.map,PIBTOLD,0,407441,4369,100000,59,4223,0,random-32-32-20-random-16.scen
180,random-32-32-20.map,PIBT,0,6951,4369,100000,59,8767,1,random-32-32-20-random-16.scen
180,random-32-32-20.map,PIBTOLD,0,407441,4369,100000,59,4320,1,random-32-32-20-random-16.scen
180,random-32-32-20.map,PIBT,0,6979,4369,100000,59,8276,10,random-32-32-20-random-16.scen
180,random-32-32-20.map,PIBTOLD,0,407441,4369,100000,59,4278,10,random-32-32-20-random-16.scen
180,random-32-32-20.map,PIBT,0,7198,4369,100000,59,11840,100,random-32-32-20-random-16.scen
180,random-32-32-20.map,PIBTOLD,0,407441,4369,100000,59,4240,100,random-32-32-20-random-16.scen
180,random-32-32-20.map,PIBT,0,207130,4369,100000,59,29538,1000,random-32-32-20-random-16.scen
180,random-32-32-20.map,PIBTOLD,0,407441,4369,100000,59,4301,1000,random-32-32-20-random-16.scen
220,random-32-32-20.map,PIBT,0,210083,5386,100000,59,9179,0,random-32-32-20-random-16.scen
220,random-32-32-20.map,PIBTOLD,0,210083,5386,100000,59,5101,0,random-32-32-20-random-16.scen
220,random-32-32-20.map,PIBT,0,410111,5386,100000,59,12726,1,random-32-32-20-random-16.scen
220,random-32-32-20.map,PIBTOLD,0,210083,5386,100000,59,4991,1,random-32-32-20-random-16.scen
220,random-32-32-20.map,PIBT,0,209773,5386,100000,59,10877,10,random-32-32-20-random-16.scen
220,random-32-32-20.map,PIBTOLD,0,210083,5386,100000,59,5049,10,random-32-32-20-random-16.scen
220,random-32-32-20.map,PIBT,0,9972,5386,100000,59,17514,100,random-32-32-20-random-16.scen
220,random-32-32-20.map,PIBTOLD,0,210083,5386,100000,59,5108,100,random-32-32-20-random-16.scen
220,random-32-32-20.map,PIBT,0,209792,5386,100000,59,47553,1000,random-32-32-20-random-16.scen
220,random-32-32-20.map,PIBTOLD,0,210083,5386,100000,59,5100,1000,random-32-32-20-random-16.scen
20,random-32-32-20.map,PIBT,1,577,505,42,42,0,0,random-32-32-20-random-11.scen
20,random-32-32-20.map,PIBTOLD,1,577,505,42,42,0,0,random-32-32-20-random-11.scen
20,random-32-32-20.map,PIBT,1,566,505,42,42,0,1,random-32-32-20-random-11.scen
20,random-32-32-20.map,PIBTOLD,1,577,505,42,42,0,1,random-32-32-20-random-11.scen
20,random-32-32-20.map,PIBT,1,566,505,42,42,0,10,random-32-32-20-random-11.scen
20,random-32-32-20.map,PIBTOLD,1,577,505,42,42,0,10,random-32-32-20-random-11.scen
20,random-32-32-20.map,PIBT,1,566,505,42,42,0,100,random-32-32-20-random-11.scen
20,random-32-32-20.map,PIBTOLD,1,577,505,42,42,0,100,random-32-32-20-random-11.scen
20,random-32-32-20.map,PIBT,1,566,505,42,42,0,1000,random-32-32-20-random-11.scen
20,random-32-32-20.map,PIBTOLD,1,577,505,42,42,0,1000,random-32-32-20-random-11.scen
60,random-32-32-20.map,PIBT,1,1711,1445,48,48,2,0,random-32-32-20-random-11.scen
60,random-32-32-20.map,PIBTOLD,1,1711,1445,48,48,1,0,random-32-32-20-random-11.scen
60,random-32-32-20.map,PIBT,1,1751,1445,49,48,2,1,random-32-32-20-random-11.scen
60,random-32-32-20.map,PIBTOLD,1,1711,1445,48,48,1,1,random-32-32-20-random-11.scen
60,random-32-32-20.map,PIBT,1,1751,1445,49,48,2,10,random-32-32-20-random-11.scen
60,random-32-32-20.map,PIBTOLD,1,1711,1445,48,48,1,10,random-32-32-20-random-11.scen
60,random-32-32-20.map,PIBT,1,1751,1445,49,48,2,100,random-32-32-20-random-11.scen
60,random-32-32-20.map,PIBTOLD,1,1711,1445,48,48,1,100,random-32-32-20-random-11.scen
60,random-32-32-20.map,PIBT,1,1751,1445,49,48,2,1000,random-32-32-20-random-11.scen
60,random-32-32-20.map,PIBTOLD,1,1711,1445,48,48,1,1000,random-32-32-20-random-11.scen
100,random-32-32-20.map,PIBT,1,3446,2420,54,54,3,0,random-32-32-20-random-11.scen
100,random-32-32-20.map,PIBTOLD,1,3446,2420,54,54,2,0,random-32-32-20-random-11.scen
100,random-32-32-20.map,PIBT,1,3302,2420,56,54,8,1,random-32-32-20-random-11.scen
100,random-32-32-20.map,PIBTOLD,1,3446,2420,54,54,2,1,random-32-32-20-random-11.scen
100,random-32-32-20.map,PIBT,0,3125,2420,100000,54,4058,10,random-32-32-20-random-11.scen
100,random-32-32-20.map,PIBTOLD,1,3446,2420,54,54,2,10,random-32-32-20-random-11.scen
100,random-32-32-20.map,PIBT,0,3117,2420,100000,54,4050,100,random-32-32-20-random-11.scen
100,random-32-32-20.map,PIBTOLD,1,3446,2420,54,54,2,100,random-32-32-20-random-11.scen
100,random-32-32-20.map,PIBT,0,3117,2420,100000,54,4033,1000,random-32-32-20-random-11.scen
100,random-32-32-20.map,PIBTOLD,1,3446,2420,54,54,2,1000,random-32-32-20-random-11.scen
140,random-32-32-20.map,PIBT,1,5501,3549,71,59,6,0,random-32-32-20-random-11.scen
140,random-32-32-20.map,PIBTOLD,1,5501,3549,71,59,4,0,random-32-32-20-random-11.scen
140,random-32-32-20.map,PIBT,0,205144,3549,100000,59,6532,1,random-32-32-20-random-11.scen
140,random-32-32-20.map,PIBTOLD,1,5501,3549,71,59,4,1,random-32-32-20-random-11.scen
140,random-32-32-20.map,PIBT,0,5253,3549,100000,59,6225,10,random-32-32-20-random-11.scen
140,random-32-32-20.map,PIBTOLD,1,5501,3549,71,59,4,10,random-32-32-20-random-11.scen
140,random-32-32-20.map,PIBT,0,5134,3549,100000,59,7982,100,random-32-32-20-random-11.scen
140,random-32-32-20.map,PIBTOLD,1,5501,3549,71,59,4,100,random-32-32-20-random-11.scen
140,random-32-32-20.map,PIBT,0,5135,3549,100000,59,21232,1000,random-32-32-20-random-11.scen
140,random-32-32-20.map,PIBTOLD,1,5501,3549,71,59,4,1000,random-32-32-20-random-11.scen
180,random-32-32-20.map,PIBT,0,407441,4369,100000,59,7104,0,random-32-32-20-random-11.scen
180,random-32-32-20.map,PIBTOLD,0,407441,4369,100000,59,4262,0,random-32-32-20-random-11.scen
180,random-32-32-20.map,PIBT,0,207199,4369,100000,59,15119,1,random-32-32-20-random-11.scen
180,random-32-32-20.map,PIBTOLD,0,407441,4369,100000,59,4218,1,random-32-32-20-random-11.scen
180,random-32-32-20.map,PIBT,0,7816,4369,100000,59,8263,10,random-32-32-20-random-11.scen
180,random-32-32-20.map,PIBTOLD,0,407441,4369,100000,59,4187,10,random-32-32-20-random-11.scen
180,random-32-32-20.map,PIBT,0,7217,4369,100000,59,10057,100,random-32-32-20-random-11.scen
180,random-32-32-20.map,PIBTOLD,0,407441,4369,100000,59,4154,100,random-32-32-20-random-11.scen
180,random-32-32-20.map,PIBT,0,7139,4369,100000,59,35801,1000,random-32-32-20-random-11.scen
180,random-32-32-20.map,PIBTOLD,0,407441,4369,100000,59,4204,1000,random-32-32-20-random-11.scen
220,random-32-32-20.map,PIBT,0,210083,5386,100000,59,9078,0,random-32-32-20-random-11.scen
220,random-32-32-20.map,PIBTOLD,0,210083,5386,100000,59,5070,0,random-32-32-20-random-11.scen
220,random-32-32-20.map,PIBT,0,209521,5386,100000,59,12628,1,random-32-32-20-random-11.scen
220,random-32-32-20.map,PIBTOLD,0,210083,5386,100000,59,5214,1,random-32-32-20-random-11.scen
220,random-32-32-20.map,PIBT,0,10287,5386,100000,59,12329,10,random-32-32-20-random-11.scen
220,random-32-32-20.map,PIBTOLD,0,210083,5386,100000,59,5068,10,random-32-32-20-random-11.scen
220,random-32-32-20.map,PIBT,0,9787,5386,100000,59,16062,100,random-32-32-20-random-11.scen
220,random-32-32-20.map,PIBTOLD,0,210083,5386,100000,59,4962,100,random-32-32-20-random-11.scen
220,random-32-32-20.map,PIBT,0,209397,5386,100000,59,41227,1000,random-32-32-20-random-11.scen
220,random-32-32-20.map,PIBTOLD,0,210083,5386,100000,59,5074,1000,random-32-32-20-random-11.scen
