agents,map_file,solver,solved,soc,makespan,comp_time,Opti_Deadline,Scenario_File
20,warehouse-10-20-10-2-1.map,PIBT,1,1727,162,4,0,warehouse-10-20-10-2-1-random-16.scen
20,warehouse-10-20-10-2-1.map,PIBTOLD,1,1727,162,3,0,warehouse-10-20-10-2-1-random-16.scen
20,warehouse-10-20-10-2-1.map,PIBT,1,1690,170,4,1,warehouse-10-20-10-2-1-random-16.scen
20,warehouse-10-20-10-2-1.map,PIBTOLD,1,1727,162,3,1,warehouse-10-20-10-2-1-random-16.scen
20,warehouse-10-20-10-2-1.map,PIBT,1,1690,170,4,10,warehouse-10-20-10-2-1-random-16.scen
20,warehouse-10-20-10-2-1.map,PIBTOLD,1,1727,162,3,10,warehouse-10-20-10-2-1-random-16.scen
20,warehouse-10-20-10-2-1.map,PIBT,1,1690,170,4,100,warehouse-10-20-10-2-1-random-16.scen
20,warehouse-10-20-10-2-1.map,PIBTOLD,1,1727,162,3,100,warehouse-10-20-10-2-1-random-16.scen
20,warehouse-10-20-10-2-1.map,PIBT,1,1690,170,3,1000,warehouse-10-20-10-2-1-random-16.scen
20,warehouse-10-20-10-2-1.map,PIBTOLD,1,1727,162,3,1000,warehouse-10-20-10-2-1-random-16.scen
60,warehouse-10-20-10-2-1.map,PIBT,1,6061,192,10,0,warehouse-10-20-10-2-1-random-16.scen
60,warehouse-10-20-10-2-1.map,PIBTOLD,1,6061,192,9,0,warehouse-10-20-10-2-1-random-16.scen
60,warehouse-10-20-10-2-1.map,PIBT,0,5909,100000,2874,1,warehouse-10-20-10-2-1-random-16.scen
60,warehouse-10-20-10-2-1.map,PIBTOLD,1,6061,192,15,1,warehouse-10-20-10-2-1-random-16.scen
60,warehouse-10-20-10-2-1.map,PIBT,0,5909,100000,2850,10,warehouse-10-20-10-2-1-random-16.scen
60,warehouse-10-20-10-2-1.map,PIBTOLD,1,6061,192,9,10,warehouse-10-20-10-2-1-random-16.scen
60,warehouse-10-20-10-2-1.map,PIBT,0,5909,100000,2863,100,warehouse-10-20-10-2-1-random-16.scen
60,warehouse-10-20-10-2-1.map,PIBTOLD,1,6061,192,9,100,warehouse-10-20-10-2-1-random-16.scen
60,warehouse-10-20-10-2-1.map,PIBT,0,5909,100000,2872,1000,warehouse-10-20-10-2-1-random-16.scen
60,warehouse-10-20-10-2-1.map,PIBTOLD,1,6061,192,9,1000,warehouse-10-20-10-2-1-random-16.scen
100,warehouse-10-20-10-2-1.map,PIBT,0,410642,100000,3975,0,warehouse-10-20-10-2-1-random-16.scen
100,warehouse-10-20-10-2-1.map,PIBTOLD,0,410642,100000,3117,0,warehouse-10-20-10-2-1-random-16.scen
100,warehouse-10-20-10-2-1.map,PIBT,0,209851,100000,5050,1,warehouse-10-20-10-2-1-random-16.scen
100,warehouse-10-20-10-2-1.map,PIBTOLD,0,410642,100000,3020,1,warehouse-10-20-10-2-1-random-16.scen
100,warehouse-10-20-10-2-1.map,PIBT,0,209851,100000,4892,10,warehouse-10-20-10-2-1-random-16.scen
100,warehouse-10-20-10-2-1.map,PIBTOLD,0,410642,100000,2876,10,warehouse-10-20-10-2-1-random-16.scen
100,warehouse-10-20-10-2-1.map,PIBT,0,209851,100000,4916,100,warehouse-10-20-10-2-1-random-16.scen
100,warehouse-10-20-10-2-1.map,PIBTOLD,0,410642,100000,3068,100,warehouse-10-20-10-2-1-random-16.scen
100,warehouse-10-20-10-2-1.map,PIBT,0,209851,100000,4927,1000,warehouse-10-20-10-2-1-random-16.scen
100,warehouse-10-20-10-2-1.map,PIBTOLD,0,410642,100000,2973,1000,warehouse-10-20-10-2-1-random-16.scen
140,warehouse-10-20-10-2-1.map,PIBT,0,815517,100000,5697,0,warehouse-10-20-10-2-1-random-16.scen
140,warehouse-10-20-10-2-1.map,PIBTOLD,0,815517,100000,3773,0,warehouse-10-20-10-2-1-random-16.scen
140,warehouse-10-20-10-2-1.map,PIBT,0,215436,100000,7502,1,warehouse-10-20-10-2-1-random-16.scen
140,warehouse-10-20-10-2-1.map,PIBTOLD,0,815517,100000,3885,1,warehouse-10-20-10-2-1-random-16.scen
140,warehouse-10-20-10-2-1.map,PIBT,0,215436,100000,7240,10,warehouse-10-20-10-2-1-random-16.scen
140,warehouse-10-20-10-2-1.map,PIBTOLD,0,815517,100000,3824,10,warehouse-10-20-10-2-1-random-16.scen
140,warehouse-10-20-10-2-1.map,PIBT,0,215436,100000,7337,100,warehouse-10-20-10-2-1-random-16.scen
140,warehouse-10-20-10-2-1.map,PIBTOLD,0,815517,100000,3787,100,warehouse-10-20-10-2-1-random-16.scen
140,warehouse-10-20-10-2-1.map,PIBT,0,215436,100000,7368,1000,warehouse-10-20-10-2-1-random-16.scen
140,warehouse-10-20-10-2-1.map,PIBTOLD,0,815517,100000,3829,1000,warehouse-10-20-10-2-1-random-16.scen
180,warehouse-10-20-10-2-1.map,PIBT,0,920025,100000,7321,0,warehouse-10-20-10-2-1-random-16.scen
180,warehouse-10-20-10-2-1.map,PIBTOLD,0,920025,100000,4583,0,warehouse-10-20-10-2-1-random-16.scen
180,warehouse-10-20-10-2-1.map,PIBT,0,419990,100000,8469,1,warehouse-10-20-10-2-1-random-16.scen
180,warehouse-10-20-10-2-1.map,PIBTOLD,0,920025,100000,4592,1,warehouse-10-20-10-2-1-random-16.scen
180,warehouse-10-20-10-2-1.map,PIBT,0,419990,100000,8459,10,warehouse-10-20-10-2-1-random-16.scen
180,warehouse-10-20-10-2-1.map,PIBTOLD,0,920025,100000,4856,10,warehouse-10-20-10-2-1-random-16.scen
180,warehouse-10-20-10-2-1.map,PIBT,0,419990,100000,8490,100,warehouse-10-20-10-2-1-random-16.scen
180,warehouse-10-20-10-2-1.map,PIBTOLD,0,920025,100000,4673,100,warehouse-10-20-10-2-1-random-16.scen
180,warehouse-10-20-10-2-1.map,PIBT,0,419990,100000,8518,1000,warehouse-10-20-10-2-1-random-16.scen
180,warehouse-10-20-10-2-1.map,PIBTOLD,0,920025,100000,4589,1000,warehouse-10-20-10-2-1-random-16.scen
220,warehouse-10-20-10-2-1.map,PIBT,0,1025739,100000,9471,0,warehouse-10-20-10-2-1-random-16.scen
220,warehouse-10-20-10-2-1.map,PIBTOLD,0,1025739,100000,5469,0,warehouse-10-20-10-2-1-random-16.scen
220,warehouse-10-20-10-2-1.map,PIBT,0,227604,100000,10758,1,warehouse-10-20-10-2-1-random-16.scen
220,warehouse-10-20-10-2-1.map,PIBTOLD,0,1025739,100000,5432,1,warehouse-10-20-10-2-1-random-16.scen
220,warehouse-10-20-10-2-1.map,PIBT,0,227604,100000,11527,10,warehouse-10-20-10-2-1-random-16.scen
220,warehouse-10-20-10-2-1.map,PIBTOLD,0,1025739,100000,5616,10,warehouse-10-20-10-2-1-random-16.scen
220,warehouse-10-20-10-2-1.map,PIBT,0,227604,100000,11053,100,warehouse-10-20-10-2-1-random-16.scen
220,warehouse-10-20-10-2-1.map,PIBTOLD,0,1025739,100000,5532,100,warehouse-10-20-10-2-1-random-16.scen
220,warehouse-10-20-10-2-1.map,PIBT,0,227604,100000,10949,1000,warehouse-10-20-10-2-1-random-16.scen
220,warehouse-10-20-10-2-1.map,PIBTOLD,0,1025739,100000,5412,1000,warehouse-10-20-10-2-1-random-16.scen
260,warehouse-10-20-10-2-1.map,PIBT,0,1529853,100000,12156,0,warehouse-10-20-10-2-1-random-16.scen
260,warehouse-10-20-10-2-1.map,PIBTOLD,0,1529853,100000,6681,0,warehouse-10-20-10-2-1-random-16.scen
260,warehouse-10-20-10-2-1.map,PIBT,0,433399,100000,15378,1,warehouse-10-20-10-2-1-random-16.scen
260,warehouse-10-20-10-2-1.map,PIBTOLD,0,1529853,100000,6424,1,warehouse-10-20-10-2-1-random-16.scen
260,warehouse-10-20-10-2-1.map,PIBT,0,433399,100000,15530,10,warehouse-10-20-10-2-1-random-16.scen
260,warehouse-10-20-10-2-1.map,PIBTOLD,0,1529853,100000,6621,10,warehouse-10-20-10-2-1-random-16.scen
260,warehouse-10-20-10-2-1.map,PIBT,0,433399,100000,15607,100,warehouse-10-20-10-2-1-random-16.scen
260,warehouse-10-20-10-2-1.map,PIBTOLD,0,1529853,100000,6509,100,warehouse-10-20-10-2-1-random-16.scen
260,warehouse-10-20-10-2-1.map,PIBT,0,433399,100000,15987,1000,warehouse-10-20-10-2-1-random-16.scen
260,warehouse-10-20-10-2-1.map,PIBTOLD,0,1529853,100000,6641,1000,warehouse-10-20-10-2-1-random-16.scen
300,warehouse-10-20-10-2-1.map,PIBT,0,2234973,100000,15861,0,warehouse-10-20-10-2-1-random-16.scen
300,warehouse-10-20-10-2-1.map,PIBTOLD,0,2234973,100000,7609,0,warehouse-10-20-10-2-1-random-16.scen
300,warehouse-10-20-10-2-1.map,PIBT,0,1235008,100000,20787,1,warehouse-10-20-10-2-1-random-16.scen
300,warehouse-10-20-10-2-1.map,PIBTOLD,0,2234973,100000,7637,1,warehouse-10-20-10-2-1-random-16.scen
300,warehouse-10-20-10-2-1.map,PIBT,0,1235008,100000,20458,10,warehouse-10-20-10-2-1-random-16.scen
300,warehouse-10-20-10-2-1.map,PIBTOLD,0,2234973,100000,7626,10,warehouse-10-20-10-2-1-random-16.scen
300,warehouse-10-20-10-2-1.map,PIBT,0,1235008,100000,20456,100,warehouse-10-20-10-2-1-random-16.scen
300,warehouse-10-20-10-2-1.map,PIBTOLD,0,2234973,100000,7509,100,warehouse-10-20-10-2-1-random-16.scen
300,warehouse-10-20-10-2-1.map,PIBT,0,1235008,100000,20310,1000,warehouse-10-20-10-2-1-random-16.scen
300,warehouse-10-20-10-2-1.map,PIBTOLD,0,2234973,100000,7693,1000,warehouse-10-20-10-2-1-random-16.scen
340,warehouse-10-20-10-2-1.map,PIBT,0,3340853,100000,18286,0,warehouse-10-20-10-2-1-random-16.scen
340,warehouse-10-20-10-2-1.map,PIBTOLD,0,3340853,100000,8506,0,warehouse-10-20-10-2-1-random-16.scen
340,warehouse-10-20-10-2-1.map,PIBT,0,843039,100000,22278,1,warehouse-10-20-10-2-1-random-16.scen
340,warehouse-10-20-10-2-1.map,PIBTOLD,0,3340853,100000,8541,1,warehouse-10-20-10-2-1-random-16.scen
340,warehouse-10-20-10-2-1.map,PIBT,0,844153,100000,22220,10,warehouse-10-20-10-2-1-random-16.scen
340,warehouse-10-20-10-2-1.map,PIBTOLD,0,3340853,100000,8882,10,warehouse-10-20-10-2-1-random-16.scen
340,warehouse-10-20-10-2-1.map,PIBT,0,844153,100000,22492,100,warehouse-10-20-10-2-1-random-16.scen
340,warehouse-10-20-10-2-1.map,PIBTOLD,0,3340853,100000,8694,100,warehouse-10-20-10-2-1-random-16.scen
340,warehouse-10-20-10-2-1.map,PIBT,0,844153,100000,22554,1000,warehouse-10-20-10-2-1-random-16.scen
340,warehouse-10-20-10-2-1.map,PIBTOLD,0,3340853,100000,8580,1000,warehouse-10-20-10-2-1-random-16.scen
380,warehouse-10-20-10-2-1.map,PIBT,0,4047546,100000,22070,0,warehouse-10-20-10-2-1-random-16.scen
380,warehouse-10-20-10-2-1.map,PIBTOLD,0,4047546,100000,9592,0,warehouse-10-20-10-2-1-random-16.scen
380,warehouse-10-20-10-2-1.map,PIBT,0,1048497,100000,32454,1,warehouse-10-20-10-2-1-random-16.scen
380,warehouse-10-20-10-2-1.map,PIBTOLD,0,4047546,100000,9994,1,warehouse-10-20-10-2-1-random-16.scen
380,warehouse-10-20-10-2-1.map,PIBT,0,850483,100000,27592,10,warehouse-10-20-10-2-1-random-16.scen
380,warehouse-10-20-10-2-1.map,PIBTOLD,0,4047546,100000,9787,10,warehouse-10-20-10-2-1-random-16.scen
380,warehouse-10-20-10-2-1.map,PIBT,0,850483,100000,27311,100,warehouse-10-20-10-2-1-random-16.scen
380,warehouse-10-20-10-2-1.map,PIBTOLD,0,4047546,100000,9853,100,warehouse-10-20-10-2-1-random-16.scen
380,warehouse-10-20-10-2-1.map,PIBT,0,850483,100000,27440,1000,warehouse-10-20-10-2-1-random-16.scen
380,warehouse-10-20-10-2-1.map,PIBTOLD,0,4047546,100000,9549,1000,warehouse-10-20-10-2-1-random-16.scen
420,warehouse-10-20-10-2-1.map,PIBT,0,3556026,100000,25709,0,warehouse-10-20-10-2-1-random-16.scen
420,warehouse-10-20-10-2-1.map,PIBTOLD,0,3556026,100000,10787,0,warehouse-10-20-10-2-1-random-16.scen
420,warehouse-10-20-10-2-1.map,PIBT,0,1858046,100000,35578,1,warehouse-10-20-10-2-1-random-16.scen
420,warehouse-10-20-10-2-1.map,PIBTOLD,0,3556026,100000,10524,1,warehouse-10-20-10-2-1-random-16.scen
420,warehouse-10-20-10-2-1.map,PIBT,0,863578,100000,32920,10,warehouse-10-20-10-2-1-random-16.scen
420,warehouse-10-20-10-2-1.map,PIBTOLD,0,3556026,100000,10808,10,warehouse-10-20-10-2-1-random-16.scen
420,warehouse-10-20-10-2-1.map,PIBT,0,658371,100000,35690,100,warehouse-10-20-10-2-1-random-16.scen
420,warehouse-10-20-10-2-1.map,PIBTOLD,0,3556026,100000,10558,100,warehouse-10-20-10-2-1-random-16.scen
420,warehouse-10-20-10-2-1.map,PIBT,0,457143,100000,41523,1000,warehouse-10-20-10-2-1-random-16.scen
420,warehouse-10-20-10-2-1.map,PIBTOLD,0,3556026,100000,10707,1000,warehouse-10-20-10-2-1-random-16.scen
460,warehouse-10-20-10-2-1.map,PIBT,0,4162670,100000,30731,0,warehouse-10-20-10-2-1-random-16.scen
460,warehouse-10-20-10-2-1.map,PIBTOLD,0,4162670,100000,11932,0,warehouse-10-20-10-2-1-random-16.scen
460,warehouse-10-20-10-2-1.map,PIBT,0,1060723,100000,55122,1,warehouse-10-20-10-2-1-random-16.scen
460,warehouse-10-20-10-2-1.map,PIBTOLD,0,4162670,100000,12116,1,warehouse-10-20-10-2-1-random-16.scen
460,warehouse-10-20-10-2-1.map,PIBT,0,1061699,100000,53409,10,warehouse-10-20-10-2-1-random-16.scen
460,warehouse-10-20-10-2-1.map,PIBTOLD,0,4162670,100000,12006,10,warehouse-10-20-10-2-1-random-16.scen
20,warehouse-10-20-10-2-1.map,PIBT,1,1727,162,4,0,warehouse-10-20-10-2-1-random-17.scen
20,warehouse-10-20-10-2-1.map,PIBTOLD,1,1727,162,3,0,warehouse-10-20-10-2-1-random-17.scen
20,warehouse-10-20-10-2-1.map,PIBT,1,1690,170,4,1,warehouse-10-20-10-2-1-random-17.scen
20,warehouse-10-20-10-2-1.map,PIBTOLD,1,1727,162,3,1,warehouse-10-20-10-2-1-random-17.scen
20,warehouse-10-20-10-2-1.map,PIBT,1,1690,170,4,10,warehouse-10-20-10-2-1-random-17.scen
20,warehouse-10-20-10-2-1.map,PIBTOLD,1,1727,162,3,10,warehouse-10-20-10-2-1-random-17.scen
20,warehouse-10-20-10-2-1.map,PIBT,1,1690,170,4,100,warehouse-10-20-10-2-1-random-17.scen
20,warehouse-10-20-10-2-1.map,PIBTOLD,1,1727,162,3,100,warehouse-10-20-10-2-1-random-17.scen
20,warehouse-10-20-10-2-1.map,PIBT,1,1690,170,4,1000,warehouse-10-20-10-2-1-random-17.scen
20,warehouse-10-20-10-2-1.map,PIBTOLD,1,1727,162,3,1000,warehouse-10-20-10-2-1-random-17.scen
60,warehouse-10-20-10-2-1.map,PIBT,1,6061,192,10,0,warehouse-10-20-10-2-1-random-17.scen
60,warehouse-10-20-10-2-1.map,PIBTOLD,1,6061,192,9,0,warehouse-10-20-10-2-1-random-17.scen
60,warehouse-10-20-10-2-1.map,PIBT,0,5909,100000,2891,1,warehouse-10-20-10-2-1-random-17.scen
60,warehouse-10-20-10-2-1.map,PIBTOLD,1,6061,192,9,1,warehouse-10-20-10-2-1-random-17.scen
60,warehouse-10-20-10-2-1.map,PIBT,0,5909,100000,2849,10,warehouse-10-20-10-2-1-random-17.scen
60,warehouse-10-20-10-2-1.map,PIBTOLD,1,6061,192,9,10,warehouse-10-20-10-2-1-random-17.scen
60,warehouse-10-20-10-2-1.map,PIBT,0,5909,100000,2835,100,warehouse-10-20-10-2-1-random-17.scen
60,warehouse-10-20-10-2-1.map,PIBTOLD,1,6061,192,9,100,warehouse-10-20-10-2-1-random-17.scen
60,warehouse-10-20-10-2-1.map,PIBT,0,5909,100000,2761,1000,warehouse-10-20-10-2-1-random-17.scen
60,warehouse-10-20-10-2-1.map,PIBTOLD,1,6061,192,9,1000,warehouse-10-20-10-2-1-random-17.scen
100,warehouse-10-20-10-2-1.map,PIBT,0,410642,100000,4012,0,warehouse-10-20-10-2-1-random-17.scen
100,warehouse-10-20-10-2-1.map,PIBTOLD,0,410642,100000,2977,0,warehouse-10-20-10-2-1-random-17.scen
100,warehouse-10-20-10-2-1.map,PIBT,0,209851,100000,4834,1,warehouse-10-20-10-2-1-random-17.scen
100,warehouse-10-20-10-2-1.map,PIBTOLD,0,410642,100000,3004,1,warehouse-10-20-10-2-1-random-17.scen
100,warehouse-10-20-10-2-1.map,PIBT,0,209851,100000,4997,10,warehouse-10-20-10-2-1-random-17.scen
100,warehouse-10-20-10-2-1.map,PIBTOLD,0,410642,100000,3024,10,warehouse-10-20-10-2-1-random-17.scen
100,warehouse-10-20-10-2-1.map,PIBT,0,209851,100000,4980,100,warehouse-10-20-10-2-1-random-17.scen
100,warehouse-10-20-10-2-1.map,PIBTOLD,0,410642,100000,2959,100,warehouse-10-20-10-2-1-random-17.scen
100,warehouse-10-20-10-2-1.map,PIBT,0,209851,100000,4923,1000,warehouse-10-20-10-2-1-random-17.scen
100,warehouse-10-20-10-2-1.map,PIBTOLD,0,410642,100000,3049,1000,warehouse-10-20-10-2-1-random-17.scen
140,warehouse-10-20-10-2-1.map,PIBT,0,815517,100000,5668,0,warehouse-10-20-10-2-1-random-17.scen
140,warehouse-10-20-10-2-1.map,PIBTOLD,0,815517,100000,3790,0,warehouse-10-20-10-2-1-random-17.scen
140,warehouse-10-20-10-2-1.map,PIBT,0,215436,100000,7233,1,warehouse-10-20-10-2-1-random-17.scen
140,warehouse-10-20-10-2-1.map,PIBTOLD,0,815517,100000,3693,1,warehouse-10-20-10-2-1-random-17.scen
140,warehouse-10-20-10-2-1.map,PIBT,0,215436,100000,7338,10,warehouse-10-20-10-2-1-random-17.scen
140,warehouse-10-20-10-2-1.map,PIBTOLD,0,815517,100000,3759,10,warehouse-10-20-10-2-1-random-17.scen
140,warehouse-10-20-10-2-1.map,PIBT,0,215436,100000,7229,100,warehouse-10-20-10-2-1-random-17.scen
140,warehouse-10-20-10-2-1.map,PIBTOLD,0,815517,100000,3904,100,warehouse-10-20-10-2-1-random-17.scen
140,warehouse-10-20-10-2-1.map,PIBT,0,215436,100000,7317,1000,warehouse-10-20-10-2-1-random-17.scen
140,warehouse-10-20-10-2-1.map,PIBTOLD,0,815517,100000,3831,1000,warehouse-10-20-10-2-1-random-17.scen
180,warehouse-10-20-10-2-1.map,PIBT,0,920025,100000,7437,0,warehouse-10-20-10-2-1-random-17.scen
180,warehouse-10-20-10-2-1.map,PIBTOLD,0,920025,100000,4762,0,warehouse-10-20-10-2-1-random-17.scen
180,warehouse-10-20-10-2-1.map,PIBT,0,419990,100000,8588,1,warehouse-10-20-10-2-1-random-17.scen
180,warehouse-10-20-10-2-1.map,PIBTOLD,0,920025,100000,4708,1,warehouse-10-20-10-2-1-random-17.scen
180,warehouse-10-20-10-2-1.map,PIBT,0,419990,100000,8530,10,warehouse-10-20-10-2-1-random-17.scen
180,warehouse-10-20-10-2-1.map,PIBTOLD,0,920025,100000,4654,10,warehouse-10-20-10-2-1-random-17.scen
180,warehouse-10-20-10-2-1.map,PIBT,0,419990,100000,8563,100,warehouse-10-20-10-2-1-random-17.scen
180,warehouse-10-20-10-2-1.map,PIBTOLD,0,920025,100000,4671,100,warehouse-10-20-10-2-1-random-17.scen
180,warehouse-10-20-10-2-1.map,PIBT,0,419990,100000,8645,1000,warehouse-10-20-10-2-1-random-17.scen
180,warehouse-10-20-10-2-1.map,PIBTOLD,0,920025,100000,4637,1000,warehouse-10-20-10-2-1-random-17.scen
220,warehouse-10-20-10-2-1.map,PIBT,0,1025739,100000,9600,0,warehouse-10-20-10-2-1-random-17.scen
220,warehouse-10-20-10-2-1.map,PIBTOLD,0,1025739,100000,5663,0,warehouse-10-20-10-2-1-random-17.scen
220,warehouse-10-20-10-2-1.map,PIBT,0,227604,100000,10913,1,warehouse-10-20-10-2-1-random-17.scen
220,warehouse-10-20-10-2-1.map,PIBTOLD,0,1025739,100000,5563,1,warehouse-10-20-10-2-1-random-17.scen
220,warehouse-10-20-10-2-1.map,PIBT,0,227604,100000,10414,10,warehouse-10-20-10-2-1-random-17.scen
220,warehouse-10-20-10-2-1.map,PIBTOLD,0,1025739,100000,5641,10,warehouse-10-20-10-2-1-random-17.scen
220,warehouse-10-20-10-2-1.map,PIBT,0,227604,100000,10550,100,warehouse-10-20-10-2-1-random-17.scen
220,warehouse-10-20-10-2-1.map,PIBTOLD,0,1025739,100000,5454,100,warehouse-10-20-10-2-1-random-17.scen
220,warehouse-10-20-10-2-1.map,PIBT,0,227604,100000,11080,1000,warehouse-10-20-10-2-1-random-17.scen
220,warehouse-10-20-10-2-1.map,PIBTOLD,0,1025739,100000,5556,1000,warehouse-10-20-10-2-1-random-17.scen
260,warehouse-10-20-10-2-1.map,PIBT,0,1529853,100000,11983,0,warehouse-10-20-10-2-1-random-17.scen
260,warehouse-10-20-10-2-1.map,PIBTOLD,0,1529853,100000,6668,0,warehouse-10-20-10-2-1-random-17.scen
260,warehouse-10-20-10-2-1.map,PIBT,0,433399,100000,15582,1,warehouse-10-20-10-2-1-random-17.scen
260,warehouse-10-20-10-2-1.map,PIBTOLD,0,1529853,100000,6887,1,warehouse-10-20-10-2-1-random-17.scen
260,warehouse-10-20-10-2-1.map,PIBT,0,433399,100000,15684,10,warehouse-10-20-10-2-1-random-17.scen
260,warehouse-10-20-10-2-1.map,PIBTOLD,0,1529853,100000,6598,10,warehouse-10-20-10-2-1-random-17.scen
260,warehouse-10-20-10-2-1.map,PIBT,0,433399,100000,15444,100,warehouse-10-20-10-2-1-random-17.scen
260,warehouse-10-20-10-2-1.map,PIBTOLD,0,1529853,100000,6511,100,warehouse-10-20-10-2-1-random-17.scen
260,warehouse-10-20-10-2-1.map,PIBT,0,433399,100000,15937,1000,warehouse-10-20-10-2-1-random-17.scen
260,warehouse-10-20-10-2-1.map,PIBTOLD,0,1529853,100000,6681,1000,warehouse-10-20-10-2-1-random-17.scen
300,warehouse-10-20-10-2-1.map,PIBT,0,2234973,100000,15994,0,warehouse-10-20-10-2-1-random-17.scen
300,warehouse-10-20-10-2-1.map,PIBTOLD,0,2234973,100000,7363,0,warehouse-10-20-10-2-1-random-17.scen
300,warehouse-10-20-10-2-1.map,PIBT,0,1235008,100000,20434,1,warehouse-10-20-10-2-1-random-17.scen
300,warehouse-10-20-10-2-1.map,PIBTOLD,0,2234973,100000,7491,1,warehouse-10-20-10-2-1-random-17.scen
300,warehouse-10-20-10-2-1.map,PIBT,0,1235008,100000,20528,10,warehouse-10-20-10-2-1-random-17.scen
300,warehouse-10-20-10-2-1.map,PIBTOLD,0,2234973,100000,7390,10,warehouse-10-20-10-2-1-random-17.scen
300,warehouse-10-20-10-2-1.map,PIBT,0,1235008,100000,20389,100,warehouse-10-20-10-2-1-random-17.scen
300,warehouse-10-20-10-2-1.map,PIBTOLD,0,2234973,100000,7397,100,warehouse-10-20-10-2-1-random-17.scen
300,warehouse-10-20-10-2-1.map,PIBT,0,1235008,100000,20250,1000,warehouse-10-20-10-2-1-random-17.scen
300,warehouse-10-20-10-2-1.map,PIBTOLD,0,2234973,100000,7620,1000,warehouse-10-20-10-2-1-random-17.scen
340,warehouse-10-20-10-2-1.map,PIBT,0,3340853,100000,18315,0,warehouse-10-20-10-2-1-random-17.scen
340,warehouse-10-20-10-2-1.map,PIBTOLD,0,3340853,100000,9213,0,warehouse-10-20-10-2-1-random-17.scen
340,warehouse-10-20-10-2-1.map,PIBT,0,443374,100000,26171,1,warehouse-10-20-10-2-1-random-17.scen
340,warehouse-10-20-10-2-1.map,PIBTOLD,0,3340853,100000,9096,1,warehouse-10-20-10-2-1-random-17.scen
340,warehouse-10-20-10-2-1.map,PIBT,0,844153,100000,22846,10,warehouse-10-20-10-2-1-random-17.scen
340,warehouse-10-20-10-2-1.map,PIBTOLD,0,3340853,100000,8604,10,warehouse-10-20-10-2-1-random-17.scen
340,warehouse-10-20-10-2-1.map,PIBT,0,844153,100000,22278,100,warehouse-10-20-10-2-1-random-17.scen
340,warehouse-10-20-10-2-1.map,PIBTOLD,0,3340853,100000,8535,100,warehouse-10-20-10-2-1-random-17.scen
340,warehouse-10-20-10-2-1.map,PIBT,0,844153,100000,23466,1000,warehouse-10-20-10-2-1-random-17.scen
340,warehouse-10-20-10-2-1.map,PIBTOLD,0,3340853,100000,8541,1000,warehouse-10-20-10-2-1-random-17.scen
380,warehouse-10-20-10-2-1.map,PIBT,0,4047546,100000,22092,0,warehouse-10-20-10-2-1-random-17.scen
380,warehouse-10-20-10-2-1.map,PIBTOLD,0,4047546,100000,10173,0,warehouse-10-20-10-2-1-random-17.scen
380,warehouse-10-20-10-2-1.map,PIBT,0,448127,100000,30650,1,warehouse-10-20-10-2-1-random-17.scen
380,warehouse-10-20-10-2-1.map,PIBTOLD,0,4047546,100000,9853,1,warehouse-10-20-10-2-1-random-17.scen
380,warehouse-10-20-10-2-1.map,PIBT,0,850483,100000,27443,10,warehouse-10-20-10-2-1-random-17.scen
380,warehouse-10-20-10-2-1.map,PIBTOLD,0,4047546,100000,9997,10,warehouse-10-20-10-2-1-random-17.scen
380,warehouse-10-20-10-2-1.map,PIBT,0,850483,100000,27831,100,warehouse-10-20-10-2-1-random-17.scen
380,warehouse-10-20-10-2-1.map,PIBTOLD,0,4047546,100000,9650,100,warehouse-10-20-10-2-1-random-17.scen
380,warehouse-10-20-10-2-1.map,PIBT,0,850483,100000,28168,1000,warehouse-10-20-10-2-1-random-17.scen
380,warehouse-10-20-10-2-1.map,PIBTOLD,0,4047546,100000,9639,1000,warehouse-10-20-10-2-1-random-17.scen
420,warehouse-10-20-10-2-1.map,PIBT,0,3556026,100000,25835,0,warehouse-10-20-10-2-1-random-17.scen
420,warehouse-10-20-10-2-1.map,PIBTOLD,0,3556026,100000,11086,0,warehouse-10-20-10-2-1-random-17.scen
20,warehouse-10-20-10-2-1.map,PIBT,1,1727,162,3,0,warehouse-10-20-10-2-1-random-9.scen
20,warehouse-10-20-10-2-1.map,PIBTOLD,1,1727,162,3,0,warehouse-10-20-10-2-1-random-9.scen
20,warehouse-10-20-10-2-1.map,PIBT,1,1690,170,4,1,warehouse-10-20-10-2-1-random-9.scen
20,warehouse-10-20-10-2-1.map,PIBTOLD,1,1727,162,3,1,warehouse-10-20-10-2-1-random-9.scen
20,warehouse-10-20-10-2-1.map,PIBT,1,1690,170,4,10,warehouse-10-20-10-2-1-random-9.scen
20,warehouse-10-20-10-2-1.map,PIBTOLD,1,1727,162,3,10,warehouse-10-20-10-2-1-random-9.scen
20,warehouse-10-20-10-2-1.map,PIBT,1,1690,170,4,100,warehouse-10-20-10-2-1-random-9.scen
20,warehouse-10-20-10-2-1.map,PIBTOLD,1,1727,162,3,100,warehouse-10-20-10-2-1-random-9.scen
20,warehouse-10-20-10-2-1.map,PIBT,1,1690,170,4,1000,warehouse-10-20-10-2-1-random-9.scen
20,warehouse-10-20-10-2-1.map,PIBTOLD,1,1727,162,3,1000,warehouse-10-20-10-2-1-random-9.scen
60,warehouse-10-20-10-2-1.map,PIBT,1,6061,192,10,0,warehouse-10-20-10-2-1-random-9.scen
60,warehouse-10-20-10-2-1.map,PIBTOLD,1,6061,192,10,0,warehouse-10-20-10-2-1-random-9.scen
60,warehouse-10-20-10-2-1.map,PIBT,0,5909,100000,2780,1,warehouse-10-20-10-2-1-random-9.scen
60,warehouse-10-20-10-2-1.map,PIBTOLD,1,6061,192,10,1,warehouse-10-20-10-2-1-random-9.scen
60,warehouse-10-20-10-2-1.map,PIBT,0,5909,100000,2837,10,warehouse-10-20-10-2-1-random-9.scen
60,warehouse-10-20-10-2-1.map,PIBTOLD,1,6061,192,8,10,warehouse-10-20-10-2-1-random-9.scen
60,warehouse-10-20-10-2-1.map,PIBT,0,5909,100000,2752,100,warehouse-10-20-10-2-1-random-9.scen
60,warehouse-10-20-10-2-1.map,PIBTOLD,1,6061,192,10,100,warehouse-10-20-10-2-1-random-9.scen
60,warehouse-10-20-10-2-1.map,PIBT,0,5909,100000,2801,1000,warehouse-10-20-10-2-1-random-9.scen
60,warehouse-10-20-10-2-1.map,PIBTOLD,1,6061,192,9,1000,warehouse-10-20-10-2-1-random-9.scen
100,warehouse-10-20-10-2-1.map,PIBT,0,410642,100000,3919,0,warehouse-10-20-10-2-1-random-9.scen
100,warehouse-10-20-10-2-1.map,PIBTOLD,0,410642,100000,3038,0,warehouse-10-20-10-2-1-random-9.scen
100,warehouse-10-20-10-2-1.map,PIBT,0,209851,100000,4979,1,warehouse-10-20-10-2-1-random-9.scen
100,warehouse-10-20-10-2-1.map,PIBTOLD,0,410642,100000,2905,1,warehouse-10-20-10-2-1-random-9.scen
100,warehouse-10-20-10-2-1.map,PIBT,0,209851,100000,5009,10,warehouse-10-20-10-2-1-random-9.scen
100,warehouse-10-20-10-2-1.map,PIBTOLD,0,410642,100000,2998,10,warehouse-10-20-10-2-1-random-9.scen
100,warehouse-10-20-10-2-1.map,PIBT,0,209851,100000,5027,100,warehouse-10-20-10-2-1-random-9.scen
100,warehouse-10-20-10-2-1.map,PIBTOLD,0,410642,100000,3023,100,warehouse-10-20-10-2-1-random-9.scen
100,warehouse-10-20-10-2-1.map,PIBT,0,209851,100000,5047,1000,warehouse-10-20-10-2-1-random-9.scen
100,warehouse-10-20-10-2-1.map,PIBTOLD,0,410642,100000,2992,1000,warehouse-10-20-10-2-1-random-9.scen
140,warehouse-10-20-10-2-1.map,PIBT,0,815517,100000,5668,0,warehouse-10-20-10-2-1-random-9.scen
140,warehouse-10-20-10-2-1.map,PIBTOLD,0,815517,100000,3856,0,warehouse-10-20-10-2-1-random-9.scen
140,warehouse-10-20-10-2-1.map,PIBT,0,215436,100000,7273,1,warehouse-10-20-10-2-1-random-9.scen
140,warehouse-10-20-10-2-1.map,PIBTOLD,0,815517,100000,3849,1,warehouse-10-20-10-2-1-random-9.scen
140,warehouse-10-20-10-2-1.map,PIBT,0,215436,100000,7252,10,warehouse-10-20-10-2-1-random-9.scen
140,warehouse-10-20-10-2-1.map,PIBTOLD,0,815517,100000,3829,10,warehouse-10-20-10-2-1-random-9.scen
140,warehouse-10-20-10-2-1.map,PIBT,0,215436,100000,7246,100,warehouse-10-20-10-2-1-random-9.scen
140,warehouse-10-20-10-2-1.map,PIBTOLD,0,815517,100000,3946,100,warehouse-10-20-10-2-1-random-9.scen
140,warehouse-10-20-10-2-1.map,PIBT,0,215436,100000,7307,1000,warehouse-10-20-10-2-1-random-9.scen
140,warehouse-10-20-10-2-1.map,PIBTOLD,0,815517,100000,3933,1000,warehouse-10-20-10-2-1-random-9.scen
180,warehouse-10-20-10-2-1.map,PIBT,0,920025,100000,7446,0,warehouse-10-20-10-2-1-random-9.scen
180,warehouse-10-20-10-2-1.map,PIBTOLD,0,920025,100000,4562,0,warehouse-10-20-10-2-1-random-9.scen
180,warehouse-10-20-10-2-1.map,PIBT,0,419990,100000,8437,1,warehouse-10-20-10-2-1-random-9.scen
180,warehouse-10-20-10-2-1.map,PIBTOLD,0,920025,100000,4562,1,warehouse-10-20-10-2-1-random-9.scen
180,warehouse-10-20-10-2-1.map,PIBT,0,419990,100000,8460,10,warehouse-10-20-10-2-1-random-9.scen
180,warehouse-10-20-10-2-1.map,PIBTOLD,0,920025,100000,4571,10,warehouse-10-20-10-2-1-random-9.scen
180,warehouse-10-20-10-2-1.map,PIBT,0,419990,100000,8637,100,warehouse-10-20-10-2-1-random-9.scen
180,warehouse-10-20-10-2-1.map,PIBTOLD,0,920025,100000,4685,100,warehouse-10-20-10-2-1-random-9.scen
180,warehouse-10-20-10-2-1.map,PIBT,0,419990,100000,8551,1000,warehouse-10-20-10-2-1-random-9.scen
180,warehouse-10-20-10-2-1.map,PIBTOLD,0,920025,100000,4592,1000,warehouse-10-20-10-2-1-random-9.scen
220,warehouse-10-20-10-2-1.map,PIBT,0,1025739,100000,9787,0,warehouse-10-20-10-2-1-random-9.scen
220,warehouse-10-20-10-2-1.map,PIBTOLD,0,1025739,100000,5513,0,warehouse-10-20-10-2-1-random-9.scen
220,warehouse-10-20-10-2-1.map,PIBT,0,227604,100000,10608,1,warehouse-10-20-10-2-1-random-9.scen
220,warehouse-10-20-10-2-1.map,PIBTOLD,0,1025739,100000,5504,1,warehouse-10-20-10-2-1-random-9.scen
220,warehouse-10-20-10-2-1.map,PIBT,0,227604,100000,10726,10,warehouse-10-20-10-2-1-random-9.scen
220,warehouse-10-20-10-2-1.map,PIBTOLD,0,1025739,100000,5469,10,warehouse-10-20-10-2-1-random-9.scen
220,warehouse-10-20-10-2-1.map,PIBT,0,227604,100000,10662,100,warehouse-10-20-10-2-1-random-9.scen
220,warehouse-10-20-10-2-1.map,PIBTOLD,0,1025739,100000,5630,100,warehouse-10-20-10-2-1-random-9.scen
220,warehouse-10-20-10-2-1.map,PIBT,0,227604,100000,10468,1000,warehouse-10-20-10-2-1-random-9.scen
220,warehouse-10-20-10-2-1.map,PIBTOLD,0,1025739,100000,5715,1000,warehouse-10-20-10-2-1-random-9.scen
260,warehouse-10-20-10-2-1.map,PIBT,0,1529853,100000,12158,0,warehouse-10-20-10-2-1-random-9.scen
260,warehouse-10-20-10-2-1.map,PIBTOLD,0,1529853,100000,6361,0,warehouse-10-20-10-2-1-random-9.scen
260,warehouse-10-20-10-2-1.map,PIBT,0,433399,100000,15150,1,warehouse-10-20-10-2-1-random-9.scen
260,warehouse-10-20-10-2-1.map,PIBTOLD,0,1529853,100000,6429,1,warehouse-10-20-10-2-1-random-9.scen
260,warehouse-10-20-10-2-1.map,PIBT,0,433399,100000,15734,10,warehouse-10-20-10-2-1-random-9.scen
260,warehouse-10-20-10-2-1.map,PIBTOLD,0,1529853,100000,6684,10,warehouse-10-20-10-2-1-random-9.scen
260,warehouse-10-20-10-2-1.map,PIBT,0,433399,100000,15504,100,warehouse-10-20-10-2-1-random-9.scen
260,warehouse-10-20-10-2-1.map,PIBTOLD,0,1529853,100000,6365,100,warehouse-10-20-10-2-1-random-9.scen
260,warehouse-10-20-10-2-1.map,PIBT,0,433399,100000,15445,1000,warehouse-10-20-10-2-1-random-9.scen
260,warehouse-10-20-10-2-1.map,PIBTOLD,0,1529853,100000,6692,1000,warehouse-10-20-10-2-1-random-9.scen
300,warehouse-10-20-10-2-1.map,PIBT,0,2234973,100000,15293,0,warehouse-10-20-10-2-1-random-9.scen
300,warehouse-10-20-10-2-1.map,PIBTOLD,0,2234973,100000,7634,0,warehouse-10-20-10-2-1-random-9.scen
300,warehouse-10-20-10-2-1.map,PIBT,0,1235008,100000,20696,1,warehouse-10-20-10-2-1-random-9.scen
300,warehouse-10-20-10-2-1.map,PIBTOLD,0,2234973,100000,7441,1,warehouse-10-20-10-2-1-random-9.scen
300,warehouse-10-20-10-2-1.map,PIBT,0,1235008,100000,20265,10,warehouse-10-20-10-2-1-random-9.scen
300,warehouse-10-20-10-2-1.map,PIBTOLD,0,2234973,100000,7459,10,warehouse-10-20-10-2-1-random-9.scen
300,warehouse-10-20-10-2-1.map,PIBT,0,1235008,100000,20528,100,warehouse-10-20-10-2-1-random-9.scen
300,warehouse-10-20-10-2-1.map,PIBTOLD,0,2234973,100000,7372,100,warehouse-10-20-10-2-1-random-9.scen
300,warehouse-10-20-10-2-1.map,PIBT,0,1235008,100000,21492,1000,warehouse-10-20-10-2-1-random-9.scen
300,warehouse-10-20-10-2-1.map,PIBTOLD,0,2234973,100000,7541,1000,warehouse-10-20-10-2-1-random-9.scen
340,warehouse-10-20-10-2-1.map,PIBT,0,3340853,100000,19185,0,warehouse-10-20-10-2-1-random-9.scen
340,warehouse-10-20-10-2-1.map,PIBTOLD,0,3340853,100000,8834,0,warehouse-10-20-10-2-1-random-9.scen
340,warehouse-10-20-10-2-1.map,PIBT,0,243932,100000,24441,1,warehouse-10-20-10-2-1-random-9.scen
340,warehouse-10-20-10-2-1.map,PIBTOLD,0,3340853,100000,8764,1,warehouse-10-20-10-2-1-random-9.scen
340,warehouse-10-20-10-2-1.map,PIBT,0,844153,100000,22388,10,warehouse-10-20-10-2-1-random-9.scen
340,warehouse-10-20-10-2-1.map,PIBTOLD,0,3340853,100000,8523,10,warehouse-10-20-10-2-1-random-9.scen
340,warehouse-10-20-10-2-1.map,PIBT,0,844153,100000,22235,100,warehouse-10-20-10-2-1-random-9.scen
340,warehouse-10-20-10-2-1.map,PIBTOLD,0,3340853,100000,8983,100,warehouse-10-20-10-2-1-random-9.scen
340,warehouse-10-20-10-2-1.map,PIBT,0,844153,100000,22755,1000,warehouse-10-20-10-2-1-random-9.scen
340,warehouse-10-20-10-2-1.map,PIBTOLD,0,3340853,100000,8622,1000,warehouse-10-20-10-2-1-random-9.scen
380,warehouse-10-20-10-2-1.map,PIBT,0,4047546,100000,21988,0,warehouse-10-20-10-2-1-random-9.scen
380,warehouse-10-20-10-2-1.map,PIBTOLD,0,4047546,100000,9933,0,warehouse-10-20-10-2-1-random-9.scen
380,warehouse-10-20-10-2-1.map,PIBT,0,849309,100000,36669,1,warehouse-10-20-10-2-1-random-9.scen
380,warehouse-10-20-10-2-1.map,PIBTOLD,0,4047546,100000,9433,1,warehouse-10-20-10-2-1-random-9.scen
380,warehouse-10-20-10-2-1.map,PIBT,0,850483,100000,27349,10,warehouse-10-20-10-2-1-random-9.scen
380,warehouse-10-20-10-2-1.map,PIBTOLD,0,4047546,100000,9623,10,warehouse-10-20-10-2-1-random-9.scen
380,warehouse-10-20-10-2-1.map,PIBT,0,850483,100000,27653,100,warehouse-10-20-10-2-1-random-9.scen
380,warehouse-10-20-10-2-1.map,PIBTOLD,0,4047546,100000,9482,100,warehouse-10-20-10-2-1-random-9.scen
380,warehouse-10-20-10-2-1.map,PIBT,0,850483,100000,29781,1000,warehouse-10-20-10-2-1-random-9.scen
380,warehouse-10-20-10-2-1.map,PIBTOLD,0,4047546,100000,9515,1000,warehouse-10-20-10-2-1-random-9.scen
420,warehouse-10-20-10-2-1.map,PIBT,0,3556026,100000,25650,0,warehouse-10-20-10-2-1-random-9.scen
420,warehouse-10-20-10-2-1.map,PIBTOLD,0,3556026,100000,11028,0,warehouse-10-20-10-2-1-random-9.scen
420,warehouse-10-20-10-2-1.map,PIBT,0,3206650,100000,46185,1,warehouse-10-20-10-2-1-random-9.scen
420,warehouse-10-20-10-2-1.map,PIBTOLD,0,3556026,100000,11107,1,warehouse-10-20-10-2-1-random-9.scen
420,warehouse-10-20-10-2-1.map,PIBT,0,2265499,100000,35205,10,warehouse-10-20-10-2-1-random-9.scen
420,warehouse-10-20-10-2-1.map,PIBTOLD,0,3556026,100000,10899,10,warehouse-10-20-10-2-1-random-9.scen
420,warehouse-10-20-10-2-1.map,PIBT,0,1053251,100000,43636,100,warehouse-10-20-10-2-1-random-9.scen
420,warehouse-10-20-10-2-1.map,PIBTOLD,0,3556026,100000,11208,100,warehouse-10-20-10-2-1-random-9.scen
420,warehouse-10-20-10-2-1.map,PIBT,0,457143,100000,42006,1000,warehouse-10-20-10-2-1-random-9.scen
420,warehouse-10-20-10-2-1.map,PIBTOLD,0,3556026,100000,10693,1000,warehouse-10-20-10-2-1-random-9.scen
20,warehouse-10-20-10-2-1.map,PIBT,1,1727,162,5,0,warehouse-10-20-10-2-1-random-15.scen
20,warehouse-10-20-10-2-1.map,PIBTOLD,1,1727,162,3,0,warehouse-10-20-10-2-1-random-15.scen
20,warehouse-10-20-10-2-1.map,PIBT,1,1690,170,3,1,warehouse-10-20-10-2-1-random-15.scen
20,warehouse-10-20-10-2-1.map,PIBTOLD,1,1727,162,4,1,warehouse-10-20-10-2-1-random-15.scen
20,warehouse-10-20-10-2-1.map,PIBT,1,1690,170,4,10,warehouse-10-20-10-2-1-random-15.scen
20,warehouse-10-20-10-2-1.map,PIBTOLD,1,1727,162,4,10,warehouse-10-20-10-2-1-random-15.scen
20,warehouse-10-20-10-2-1.map,PIBT,1,1690,170,4,100,warehouse-10-20-10-2-1-random-15.scen
20,warehouse-10-20-10-2-1.map,PIBTOLD,1,1727,162,3,100,warehouse-10-20-10-2-1-random-15.scen
20,warehouse-10-20-10-2-1.map,PIBT,1,1690,170,4,1000,warehouse-10-20-10-2-1-random-15.scen
20,warehouse-10-20-10-2-1.map,PIBTOLD,1,1727,162,4,1000,warehouse-10-20-10-2-1-random-15.scen
60,warehouse-10-20-10-2-1.map,PIBT,1,6061,192,11,0,warehouse-10-20-10-2-1-random-15.scen
60,warehouse-10-20-10-2-1.map,PIBTOLD,1,6061,192,9,0,warehouse-10-20-10-2-1-random-15.scen
60,warehouse-10-20-10-2-1.map,PIBT,0,5909,100000,2834,1,warehouse-10-20-10-2-1-random-15.scen
60,warehouse-10-20-10-2-1.map,PIBTOLD,1,6061,192,9,1,warehouse-10-20-10-2-1-random-15.scen
60,warehouse-10-20-10-2-1.map,PIBT,0,5909,100000,2884,10,warehouse-10-20-10-2-1-random-15.scen
60,warehouse-10-20-10-2-1.map,PIBTOLD,1,6061,192,10,10,warehouse-10-20-10-2-1-random-15.scen
60,warehouse-10-20-10-2-1.map,PIBT,0,5909,100000,2883,100,warehouse-10-20-10-2-1-random-15.scen
60,warehouse-10-20-10-2-1.map,PIBTOLD,1,6061,192,8,100,warehouse-10-20-10-2-1-random-15.scen
60,warehouse-10-20-10-2-1.map,PIBT,0,5909,100000,2847,1000,warehouse-10-20-10-2-1-random-15.scen
60,warehouse-10-20-10-2-1.map,PIBTOLD,1,6061,192,9,1000,warehouse-10-20-10-2-1-random-15.scen
100,warehouse-10-20-10-2-1.map,PIBT,0,410642,100000,4090,0,warehouse-10-20-10-2-1-random-15.scen
100,warehouse-10-20-10-2-1.map,PIBTOLD,0,410642,100000,3063,0,warehouse-10-20-10-2-1-random-15.scen
100,warehouse-10-20-10-2-1.map,PIBT,0,209851,100000,4983,1,warehouse-10-20-10-2-1-random-15.scen
100,warehouse-10-20-10-2-1.map,PIBTOLD,0,410642,100000,3108,1,warehouse-10-20-10-2-1-random-15.scen
100,warehouse-10-20-10-2-1.map,PIBT,0,209851,100000,4960,10,warehouse-10-20-10-2-1-random-15.scen
100,warehouse-10-20-10-2-1.map,PIBTOLD,0,410642,100000,2912,10,warehouse-10-20-10-2-1-random-15.scen
100,warehouse-10-20-10-2-1.map,PIBT,0,209851,100000,5003,100,warehouse-10-20-10-2-1-random-15.scen
100,warehouse-10-20-10-2-1.map,PIBTOLD,0,410642,100000,3097,100,warehouse-10-20-10-2-1-random-15.scen
100,warehouse-10-20-10-2-1.map,PIBT,0,209851,100000,5049,1000,warehouse-10-20-10-2-1-random-15.scen
100,warehouse-10-20-10-2-1.map,PIBTOLD,0,410642,100000,3021,1000,warehouse-10-20-10-2-1-random-15.scen
140,warehouse-10-20-10-2-1.map,PIBT,0,815517,100000,5646,0,warehouse-10-20-10-2-1-random-15.scen
140,warehouse-10-20-10-2-1.map,PIBTOLD,0,815517,100000,3712,0,warehouse-10-20-10-2-1-random-15.scen
140,warehouse-10-20-10-2-1.map,PIBT,0,215436,100000,7334,1,warehouse-10-20-10-2-1-random-15.scen
140,warehouse-10-20-10-2-1.map,PIBTOLD,0,815517,100000,3740,1,warehouse-10-20-10-2-1-random-15.scen
140,warehouse-10-20-10-2-1.map,PIBT,0,215436,100000,7443,10,warehouse-10-20-10-2-1-random-15.scen
140,warehouse-10-20-10-2-1.map,PIBTOLD,0,815517,100000,3811,10,warehouse-10-20-10-2-1-random-15.scen
140,warehouse-10-20-10-2-1.map,PIBT,0,215436,100000,7317,100,warehouse-10-20-10-2-1-random-15.scen
140,warehouse-10-20-10-2-1.map,PIBTOLD,0,815517,100000,3826,100,warehouse-10-20-10-2-1-random-15.scen
140,warehouse-10-20-10-2-1.map,PIBT,0,215436,100000,7234,1000,warehouse-10-20-10-2-1-random-15.scen
140,warehouse-10-20-10-2-1.map,PIBTOLD,0,815517,100000,3994,1000,warehouse-10-20-10-2-1-random-15.scen
180,warehouse-10-20-10-2-1.map,PIBT,0,920025,100000,7450,0,warehouse-10-20-10-2-1-random-15.scen
180,warehouse-10-20-10-2-1.map,PIBTOLD,0,920025,100000,4585,0,warehouse-10-20-10-2-1-random-15.scen
180,warehouse-10-20-10-2-1.map,PIBT,0,419990,100000,8343,1,warehouse-10-20-10-2-1-random-15.scen
180,warehouse-10-20-10-2-1.map,PIBTOLD,0,920025,100000,4529,1,warehouse-10-20-10-2-1-random-15.scen
180,warehouse-10-20-10-2-1.map,PIBT,0,419990,100000,8490,10,warehouse-10-20-10-2-1-random-15.scen
180,warehouse-10-20-10-2-1.map,PIBTOLD,0,920025,100000,4822,10,warehouse-10-20-10-2-1-random-15.scen
180,warehouse-10-20-10-2-1.map,PIBT,0,419990,100000,8450,100,warehouse-10-20-10-2-1-random-15.scen
180,warehouse-10-20-10-2-1.map,PIBTOLD,0,920025,100000,4660,100,warehouse-10-20-10-2-1-random-15.scen
180,warehouse-10-20-10-2-1.map,PIBT,0,419990,100000,8416,1000,warehouse-10-20-10-2-1-random-15.scen
180,warehouse-10-20-10-2-1.map,PIBTOLD,0,920025,100000,4565,1000,warehouse-10-20-10-2-1-random-15.scen
220,warehouse-10-20-10-2-1.map,PIBT,0,1025739,100000,9510,0,warehouse-10-20-10-2-1-random-15.scen
220,warehouse-10-20-10-2-1.map,PIBTOLD,0,1025739,100000,5473,0,warehouse-10-20-10-2-1-random-15.scen
220,warehouse-10-20-10-2-1.map,PIBT,0,283085,100000,10669,1,warehouse-10-20-10-2-1-random-15.scen
220,warehouse-10-20-10-2-1.map,PIBTOLD,0,1025739,100000,5496,1,warehouse-10-20-10-2-1-random-15.scen
220,warehouse-10-20-10-2-1.map,PIBT,0,227604,100000,10403,10,warehouse-10-20-10-2-1-random-15.scen
220,warehouse-10-20-10-2-1.map,PIBTOLD,0,1025739,100000,5816,10,warehouse-10-20-10-2-1-random-15.scen
220,warehouse-10-20-10-2-1.map,PIBT,0,227604,100000,10586,100,warehouse-10-20-10-2-1-random-15.scen
220,warehouse-10-20-10-2-1.map,PIBTOLD,0,1025739,100000,5462,100,warehouse-10-20-10-2-1-random-15.scen
220,warehouse-10-20-10-2-1.map,PIBT,0,227604,100000,11007,1000,warehouse-10-20-10-2-1-random-15.scen
220,warehouse-10-20-10-2-1.map,PIBTOLD,0,1025739,100000,6019,1000,warehouse-10-20-10-2-1-random-15.scen
260,warehouse-10-20-10-2-1.map,PIBT,0,1529853,100000,12105,0,warehouse-10-20-10-2-1-random-15.scen
260,warehouse-10-20-10-2-1.map,PIBTOLD,0,1529853,100000,6473,0,warehouse-10-20-10-2-1-random-15.scen
260,warehouse-10-20-10-2-1.map,PIBT,0,433399,100000,15744,1,warehouse-10-20-10-2-1-random-15.scen
260,warehouse-10-20-10-2-1.map,PIBTOLD,0,1529853,100000,6505,1,warehouse-10-20-10-2-1-random-15.scen
260,warehouse-10-20-10-2-1.map,PIBT,0,433399,100000,15368,10,warehouse-10-20-10-2-1-random-15.scen
260,warehouse-10-20-10-2-1.map,PIBTOLD,0,1529853,100000,6529,10,warehouse-10-20-10-2-1-random-15.scen
260,warehouse-10-20-10-2-1.map,PIBT,0,433399,100000,15341,100,warehouse-10-20-10-2-1-random-15.scen
260,warehouse-10-20-10-2-1.map,PIBTOLD,0,1529853,100000,6582,100,warehouse-10-20-10-2-1-random-15.scen
260,warehouse-10-20-10-2-1.map,PIBT,0,433399,100000,15625,1000,warehouse-10-20-10-2-1-random-15.scen
260,warehouse-10-20-10-2-1.map,PIBTOLD,0,1529853,100000,6377,1000,warehouse-10-20-10-2-1-random-15.scen
300,warehouse-10-20-10-2-1.map,PIBT,0,2234973,100000,15321,0,warehouse-10-20-10-2-1-random-15.scen
300,warehouse-10-20-10-2-1.map,PIBTOLD,0,2234973,100000,7570,0,warehouse-10-20-10-2-1-random-15.scen
300,warehouse-10-20-10-2-1.map,PIBT,0,1235008,100000,20428,1,warehouse-10-20-10-2-1-random-15.scen
300,warehouse-10-20-10-2-1.map,PIBTOLD,0,2234973,100000,7515,1,warehouse-10-20-10-2-1-random-15.scen
300,warehouse-10-20-10-2-1.map,PIBT,0,1235008,100000,20428,10,warehouse-10-20-10-2-1-random-15.scen
300,warehouse-10-20-10-2-1.map,PIBTOLD,0,2234973,100000,7388,10,warehouse-10-20-10-2-1-random-15.scen
300,warehouse-10-20-10-2-1.map,PIBT,0,1235008,100000,20520,100,warehouse-10-20-10-2-1-random-15.scen
300,warehouse-10-20-10-2-1.map,PIBTOLD,0,2234973,100000,7399,100,warehouse-10-20-10-2-1-random-15.scen
300,warehouse-10-20-10-2-1.map,PIBT,0,1235008,100000,20387,1000,warehouse-10-20-10-2-1-random-15.scen
300,warehouse-10-20-10-2-1.map,PIBTOLD,0,2234973,100000,7590,1000,warehouse-10-20-10-2-1-random-15.scen
340,warehouse-10-20-10-2-1.map,PIBT,0,3340853,100000,18347,0,warehouse-10-20-10-2-1-random-15.scen
340,warehouse-10-20-10-2-1.map,PIBTOLD,0,3340853,100000,8424,0,warehouse-10-20-10-2-1-random-15.scen
340,warehouse-10-20-10-2-1.map,PIBT,0,841570,100000,24436,1,warehouse-10-20-10-2-1-random-15.scen
340,warehouse-10-20-10-2-1.map,PIBTOLD,0,3340853,100000,8510,1,warehouse-10-20-10-2-1-random-15.scen
340,warehouse-10-20-10-2-1.map,PIBT,0,844153,100000,22330,10,warehouse-10-20-10-2-1-random-15.scen
340,warehouse-10-20-10-2-1.map,PIBTOLD,0,3340853,100000,8901,10,warehouse-10-20-10-2-1-random-15.scen
340,warehouse-10-20-10-2-1.map,PIBT,0,844153,100000,22256,100,warehouse-10-20-10-2-1-random-15.scen
340,warehouse-10-20-10-2-1.map,PIBTOLD,0,3340853,100000,8455,100,warehouse-10-20-10-2-1-random-15.scen
340,warehouse-10-20-10-2-1.map,PIBT,0,844153,100000,22550,1000,warehouse-10-20-10-2-1-random-15.scen
340,warehouse-10-20-10-2-1.map,PIBTOLD,0,3340853,100000,8771,1000,warehouse-10-20-10-2-1-random-15.scen
380,warehouse-10-20-10-2-1.map,PIBT,0,4047546,100000,22332,0,warehouse-10-20-10-2-1-random-15.scen
380,warehouse-10-20-10-2-1.map,PIBTOLD,0,4047546,100000,9923,0,warehouse-10-20-10-2-1-random-15.scen
380,warehouse-10-20-10-2-1.map,PIBT,0,1362355,100000,29428,1,warehouse-10-20-10-2-1-random-15.scen
380,warehouse-10-20-10-2-1.map,PIBTOLD,0,4047546,100000,9553,1,warehouse-10-20-10-2-1-random-15.scen
380,warehouse-10-20-10-2-1.map,PIBT,0,850483,100000,27444,10,warehouse-10-20-10-2-1-random-15.scen
380,warehouse-10-20-10-2-1.map,PIBTOLD,0,4047546,100000,9667,10,warehouse-10-20-10-2-1-random-15.scen
380,warehouse-10-20-10-2-1.map,PIBT,0,850483,100000,27523,100,warehouse-10-20-10-2-1-random-15.scen
380,warehouse-10-20-10-2-1.map,PIBTOLD,0,4047546,100000,9746,100,warehouse-10-20-10-2-1-random-15.scen
380,warehouse-10-20-10-2-1.map,PIBT,0,850483,100000,27624,1000,warehouse-10-20-10-2-1-random-15.scen
380,warehouse-10-20-10-2-1.map,PIBTOLD,0,4047546,100000,9460,1000,warehouse-10-20-10-2-1-random-15.scen
420,warehouse-10-20-10-2-1.map,PIBT,0,3556026,100000,25519,0,warehouse-10-20-10-2-1-random-15.scen
420,warehouse-10-20-10-2-1.map,PIBTOLD,0,3556026,100000,10773,0,warehouse-10-20-10-2-1-random-15.scen
420,warehouse-10-20-10-2-1.map,PIBT,0,1253947,100000,41298,1,warehouse-10-20-10-2-1-random-15.scen
420,warehouse-10-20-10-2-1.map,PIBTOLD,0,3556026,100000,10627,1,warehouse-10-20-10-2-1-random-15.scen
420,warehouse-10-20-10-2-1.map,PIBT,0,1051359,100000,47854,10,warehouse-10-20-10-2-1-random-15.scen
420,warehouse-10-20-10-2-1.map,PIBTOLD,0,3556026,100000,10704,10,warehouse-10-20-10-2-1-random-15.scen
420,warehouse-10-20-10-2-1.map,PIBT,0,861036,100000,39533,100,warehouse-10-20-10-2-1-random-15.scen
420,warehouse-10-20-10-2-1.map,PIBTOLD,0,3556026,100000,10700,100,warehouse-10-20-10-2-1-random-15.scen
420,warehouse-10-20-10-2-1.map,PIBT,0,457143,100000,43015,1000,warehouse-10-20-10-2-1-random-15.scen
420,warehouse-10-20-10-2-1.map,PIBTOLD,0,3556026,100000,11106,1000,warehouse-10-20-10-2-1-random-15.scen
20,warehouse-10-20-10-2-1.map,PIBT,1,1727,162,4,0,warehouse-10-20-10-2-1-random-12.scen
20,warehouse-10-20-10-2-1.map,PIBTOLD,1,1727,162,3,0,warehouse-10-20-10-2-1-random-12.scen
20,warehouse-10-20-10-2-1.map,PIBT,1,1690,170,4,1,warehouse-10-20-10-2-1-random-12.scen
20,warehouse-10-20-10-2-1.map,PIBTOLD,1,1727,162,3,1,warehouse-10-20-10-2-1-random-12.scen
20,warehouse-10-20-10-2-1.map,PIBT,1,1690,170,4,10,warehouse-10-20-10-2-1-random-12.scen
20,warehouse-10-20-10-2-1.map,PIBTOLD,1,1727,162,3,10,warehouse-10-20-10-2-1-random-12.scen
20,warehouse-10-20-10-2-1.map,PIBT,1,1690,170,3,100,warehouse-10-20-10-2-1-random-12.scen
20,warehouse-10-20-10-2-1.map,PIBTOLD,1,1727,162,3,100,warehouse-10-20-10-2-1-random-12.scen
20,warehouse-10-20-10-2-1.map,PIBT,1,1690,170,4,1000,warehouse-10-20-10-2-1-random-12.scen
20,warehouse-10-20-10-2-1.map,PIBTOLD,1,1727,162,3,1000,warehouse-10-20-10-2-1-random-12.scen
60,warehouse-10-20-10-2-1.map,PIBT,1,6061,192,10,0,warehouse-10-20-10-2-1-random-12.scen
60,warehouse-10-20-10-2-1.map,PIBTOLD,1,6061,192,9,0,warehouse-10-20-10-2-1-random-12.scen
60,warehouse-10-20-10-2-1.map,PIBT,0,5909,100000,2809,1,warehouse-10-20-10-2-1-random-12.scen
60,warehouse-10-20-10-2-1.map,PIBTOLD,1,6061,192,9,1,warehouse-10-20-10-2-1-random-12.scen
60,warehouse-10-20-10-2-1.map,PIBT,0,5909,100000,2910,10,warehouse-10-20-10-2-1-random-12.scen
60,warehouse-10-20-10-2-1.map,PIBTOLD,1,6061,192,9,10,warehouse-10-20-10-2-1-random-12.scen
60,warehouse-10-20-10-2-1.map,PIBT,0,5909,100000,2693,100,warehouse-10-20-10-2-1-random-12.scen
60,warehouse-10-20-10-2-1.map,PIBTOLD,1,6061,192,10,100,warehouse-10-20-10-2-1-random-12.scen
60,warehouse-10-20-10-2-1.map,PIBT,0,5909,100000,2807,1000,warehouse-10-20-10-2-1-random-12.scen
60,warehouse-10-20-10-2-1.map,PIBTOLD,1,6061,192,9,1000,warehouse-10-20-10-2-1-random-12.scen
100,warehouse-10-20-10-2-1.map,PIBT,0,410642,100000,3861,0,warehouse-10-20-10-2-1-random-12.scen
100,warehouse-10-20-10-2-1.map,PIBTOLD,0,410642,100000,3064,0,warehouse-10-20-10-2-1-random-12.scen
100,warehouse-10-20-10-2-1.map,PIBT,0,209851,100000,4981,1,warehouse-10-20-10-2-1-random-12.scen
100,warehouse-10-20-10-2-1.map,PIBTOLD,0,410642,100000,2866,1,warehouse-10-20-10-2-1-random-12.scen
100,warehouse-10-20-10-2-1.map,PIBT,0,209851,100000,4964,10,warehouse-10-20-10-2-1-random-12.scen
100,warehouse-10-20-10-2-1.map,PIBTOLD,0,410642,100000,2944,10,warehouse-10-20-10-2-1-random-12.scen
100,warehouse-10-20-10-2-1.map,PIBT,0,209851,100000,4980,100,warehouse-10-20-10-2-1-random-12.scen
100,warehouse-10-20-10-2-1.map,PIBTOLD,0,410642,100000,3130,100,warehouse-10-20-10-2-1-random-12.scen
100,warehouse-10-20-10-2-1.map,PIBT,0,209851,100000,4985,1000,warehouse-10-20-10-2-1-random-12.scen
100,warehouse-10-20-10-2-1.map,PIBTOLD,0,410642,100000,2892,1000,warehouse-10-20-10-2-1-random-12.scen
140,warehouse-10-20-10-2-1.map,PIBT,0,815517,100000,5753,0,warehouse-10-20-10-2-1-random-12.scen
140,warehouse-10-20-10-2-1.map,PIBTOLD,0,815517,100000,3753,0,warehouse-10-20-10-2-1-random-12.scen
140,warehouse-10-20-10-2-1.map,PIBT,0,215436,100000,7450,1,warehouse-10-20-10-2-1-random-12.scen
140,warehouse-10-20-10-2-1.map,PIBTOLD,0,815517,100000,3810,1,warehouse-10-20-10-2-1-random-12.scen
140,warehouse-10-20-10-2-1.map,PIBT,0,215436,100000,7298,10,warehouse-10-20-10-2-1-random-12.scen
140,warehouse-10-20-10-2-1.map,PIBTOLD,0,815517,100000,3720,10,warehouse-10-20-10-2-1-random-12.scen
140,warehouse-10-20-10-2-1.map,PIBT,0,215436,100000,7332,100,warehouse-10-20-10-2-1-random-12.scen
140,warehouse-10-20-10-2-1.map,PIBTOLD,0,815517,100000,3832,100,warehouse-10-20-10-2-1-random-12.scen
140,warehouse-10-20-10-2-1.map,PIBT,0,215436,100000,7322,1000,warehouse-10-20-10-2-1-random-12.scen
140,warehouse-10-20-10-2-1.map,PIBTOLD,0,815517,100000,3890,1000,warehouse-10-20-10-2-1-random-12.scen
180,warehouse-10-20-10-2-1.map,PIBT,0,920025,100000,7511,0,warehouse-10-20-10-2-1-random-12.scen
180,warehouse-10-20-10-2-1.map,PIBTOLD,0,920025,100000,4677,0,warehouse-10-20-10-2-1-random-12.scen
180,warehouse-10-20-10-2-1.map,PIBT,0,419990,100000,8585,1,warehouse-10-20-10-2-1-random-12.scen
180,warehouse-10-20-10-2-1.map,PIBTOLD,0,920025,100000,4641,1,warehouse-10-20-10-2-1-random-12.scen
180,warehouse-10-20-10-2-1.map,PIBT,0,419990,100000,8989,10,warehouse-10-20-10-2-1-random-12.scen
180,warehouse-10-20-10-2-1.map,PIBTOLD,0,920025,100000,4593,10,warehouse-10-20-10-2-1-random-12.scen
180,warehouse-10-20-10-2-1.map,PIBT,0,419990,100000,8572,100,warehouse-10-20-10-2-1-random-12.scen
180,warehouse-10-20-10-2-1.map,PIBTOLD,0,920025,100000,4612,100,warehouse-10-20-10-2-1-random-12.scen
180,warehouse-10-20-10-2-1.map,PIBT,0,419990,100000,8469,1000,warehouse-10-20-10-2-1-random-12.scen
180,warehouse-10-20-10-2-1.map,PIBTOLD,0,920025,100000,4764,1000,warehouse-10-20-10-2-1-random-12.scen
220,warehouse-10-20-10-2-1.map,PIBT,0,1025739,100000,10112,0,warehouse-10-20-10-2-1-random-12.scen
220,warehouse-10-20-10-2-1.map,PIBTOLD,0,1025739,100000,5427,0,warehouse-10-20-10-2-1-random-12.scen
220,warehouse-10-20-10-2-1.map,PIBT,0,227604,100000,10863,1,warehouse-10-20-10-2-1-random-12.scen
220,warehouse-10-20-10-2-1.map,PIBTOLD,0,1025739,100000,5526,1,warehouse-10-20-10-2-1-random-12.scen
220,warehouse-10-20-10-2-1.map,PIBT,0,227604,100000,10554,10,warehouse-10-20-10-2-1-random-12.scen
220,warehouse-10-20-10-2-1.map,PIBTOLD,0,1025739,100000,5408,10,warehouse-10-20-10-2-1-random-12.scen
220,warehouse-10-20-10-2-1.map,PIBT,0,227604,100000,10374,100,warehouse-10-20-10-2-1-random-12.scen
220,warehouse-10-20-10-2-1.map,PIBTOLD,0,1025739,100000,5639,100,warehouse-10-20-10-2-1-random-12.scen
220,warehouse-10-20-10-2-1.map,PIBT,0,227604,100000,10416,1000,warehouse-10-20-10-2-1-random-12.scen
220,warehouse-10-20-10-2-1.map,PIBTOLD,0,1025739,100000,5604,1000,warehouse-10-20-10-2-1-random-12.scen
260,warehouse-10-20-10-2-1.map,PIBT,0,1529853,100000,12082,0,warehouse-10-20-10-2-1-random-12.scen
260,warehouse-10-20-10-2-1.map,PIBTOLD,0,1529853,100000,6876,0,warehouse-10-20-10-2-1-random-12.scen
260,warehouse-10-20-10-2-1.map,PIBT,0,433399,100000,15712,1,warehouse-10-20-10-2-1-random-12.scen
260,warehouse-10-20-10-2-1.map,PIBTOLD,0,1529853,100000,6588,1,warehouse-10-20-10-2-1-random-12.scen
260,warehouse-10-20-10-2-1.map,PIBT,0,433399,100000,15423,10,warehouse-10-20-10-2-1-random-12.scen
260,warehouse-10-20-10-2-1.map,PIBTOLD,0,1529853,100000,6553,10,warehouse-10-20-10-2-1-random-12.scen
260,warehouse-10-20-10-2-1.map,PIBT,0,433399,100000,15839,100,warehouse-10-20-10-2-1-random-12.scen
260,warehouse-10-20-10-2-1.map,PIBTOLD,0,1529853,100000,6526,100,warehouse-10-20-10-2-1-random-12.scen
260,warehouse-10-20-10-2-1.map,PIBT,0,433399,100000,15653,1000,warehouse-10-20-10-2-1-random-12.scen
260,warehouse-10-20-10-2-1.map,PIBTOLD,0,1529853,100000,6399,1000,warehouse-10-20-10-2-1-random-12.scen
300,warehouse-10-20-10-2-1.map,PIBT,0,2234973,100000,15656,0,warehouse-10-20-10-2-1-random-12.scen
300,warehouse-10-20-10-2-1.map,PIBTOLD,0,2234973,100000,7594,0,warehouse-10-20-10-2-1-random-12.scen
300,warehouse-10-20-10-2-1.map,PIBT,0,1235008,100000,20685,1,warehouse-10-20-10-2-1-random-12.scen
300,warehouse-10-20-10-2-1.map,PIBTOLD,0,2234973,100000,7817,1,warehouse-10-20-10-2-1-random-12.scen
300,warehouse-10-20-10-2-1.map,PIBT,0,1235008,100000,20530,10,warehouse-10-20-10-2-1-random-12.scen
300,warehouse-10-20-10-2-1.map,PIBTOLD,0,2234973,100000,7470,10,warehouse-10-20-10-2-1-random-12.scen
300,warehouse-10-20-10-2-1.map,PIBT,0,1235008,100000,20156,100,warehouse-10-20-10-2-1-random-12.scen
300,warehouse-10-20-10-2-1.map,PIBTOLD,0,2234973,100000,7572,100,warehouse-10-20-10-2-1-random-12.scen
300,warehouse-10-20-10-2-1.map,PIBT,0,1235008,100000,20746,1000,warehouse-10-20-10-2-1-random-12.scen
300,warehouse-10-20-10-2-1.map,PIBTOLD,0,2234973,100000,7750,1000,warehouse-10-20-10-2-1-random-12.scen
340,warehouse-10-20-10-2-1.map,PIBT,0,3340853,100000,18610,0,warehouse-10-20-10-2-1-random-12.scen
340,warehouse-10-20-10-2-1.map,PIBTOLD,0,3340853,100000,9072,0,warehouse-10-20-10-2-1-random-12.scen
340,warehouse-10-20-10-2-1.map,PIBT,0,247064,100000,25780,1,warehouse-10-20-10-2-1-random-12.scen
340,warehouse-10-20-10-2-1.map,PIBTOLD,0,3340853,100000,8634,1,warehouse-10-20-10-2-1-random-12.scen
340,warehouse-10-20-10-2-1.map,PIBT,0,844153,100000,23002,10,warehouse-10-20-10-2-1-random-12.scen
340,warehouse-10-20-10-2-1.map,PIBTOLD,0,3340853,100000,9041,10,warehouse-10-20-10-2-1-random-12.scen
340,warehouse-10-20-10-2-1.map,PIBT,0,844153,100000,22641,100,warehouse-10-20-10-2-1-random-12.scen
340,warehouse-10-20-10-2-1.map,PIBTOLD,0,3340853,100000,9083,100,warehouse-10-20-10-2-1-random-12.scen
340,warehouse-10-20-10-2-1.map,PIBT,0,844153,100000,22928,1000,warehouse-10-20-10-2-1-random-12.scen
340,warehouse-10-20-10-2-1.map,PIBTOLD,0,3340853,100000,8621,1000,warehouse-10-20-10-2-1-random-12.scen
380,warehouse-10-20-10-2-1.map,PIBT,0,4047546,100000,21987,0,warehouse-10-20-10-2-1-random-12.scen
380,warehouse-10-20-10-2-1.map,PIBTOLD,0,4047546,100000,9854,0,warehouse-10-20-10-2-1-random-12.scen
380,warehouse-10-20-10-2-1.map,PIBT,0,3185741,100000,34069,1,warehouse-10-20-10-2-1-random-12.scen
380,warehouse-10-20-10-2-1.map,PIBTOLD,0,4047546,100000,10002,1,warehouse-10-20-10-2-1-random-12.scen
380,warehouse-10-20-10-2-1.map,PIBT,0,850483,100000,27641,10,warehouse-10-20-10-2-1-random-12.scen
380,warehouse-10-20-10-2-1.map,PIBTOLD,0,4047546,100000,9625,10,warehouse-10-20-10-2-1-random-12.scen
380,warehouse-10-20-10-2-1.map,PIBT,0,850483,100000,27905,100,warehouse-10-20-10-2-1-random-12.scen
380,warehouse-10-20-10-2-1.map,PIBTOLD,0,4047546,100000,9970,100,warehouse-10-20-10-2-1-random-12.scen
380,warehouse-10-20-10-2-1.map,PIBT,0,850483,100000,27710,1000,warehouse-10-20-10-2-1-random-12.scen
380,warehouse-10-20-10-2-1.map,PIBTOLD,0,4047546,100000,9712,1000,warehouse-10-20-10-2-1-random-12.scen
420,warehouse-10-20-10-2-1.map,PIBT,0,3556026,100000,26743,0,warehouse-10-20-10-2-1-random-12.scen
420,warehouse-10-20-10-2-1.map,PIBTOLD,0,3556026,100000,11058,0,warehouse-10-20-10-2-1-random-12.scen
420,warehouse-10-20-10-2-1.map,PIBT,0,855252,100000,39783,1,warehouse-10-20-10-2-1-random-12.scen
420,warehouse-10-20-10-2-1.map,PIBTOLD,0,3556026,100000,11168,1,warehouse-10-20-10-2-1-random-12.scen
420,warehouse-10-20-10-2-1.map,PIBT,0,1259999,100000,42789,10,warehouse-10-20-10-2-1-random-12.scen
420,warehouse-10-20-10-2-1.map,PIBTOLD,0,3556026,100000,10980,10,warehouse-10-20-10-2-1-random-12.scen
420,warehouse-10-20-10-2-1.map,PIBT,0,1253857,100000,50899,100,warehouse-10-20-10-2-1-random-12.scen
420,warehouse-10-20-10-2-1.map,PIBTOLD,0,3556026,100000,10716,100,warehouse-10-20-10-2-1-random-12.scen
420,warehouse-10-20-10-2-1.map,PIBT,0,457143,100000,41702,1000,warehouse-10-20-10-2-1-random-12.scen
420,warehouse-10-20-10-2-1.map,PIBTOLD,0,3556026,100000,11035,1000,warehouse-10-20-10-2-1-random-12.scen
20,warehouse-10-20-10-2-1.map,PIBT,1,1727,162,3,0,warehouse-10-20-10-2-1-random-13.scen
20,warehouse-10-20-10-2-1.map,PIBTOLD,1,1727,162,3,0,warehouse-10-20-10-2-1-random-13.scen
20,warehouse-10-20-10-2-1.map,PIBT,1,1690,170,4,1,warehouse-10-20-10-2-1-random-13.scen
20,warehouse-10-20-10-2-1.map,PIBTOLD,1,1727,162,3,1,warehouse-10-20-10-2-1-random-13.scen
20,warehouse-10-20-10-2-1.map,PIBT,1,1690,170,3,10,warehouse-10-20-10-2-1-random-13.scen
20,warehouse-10-20-10-2-1.map,PIBTOLD,1,1727,162,3,10,warehouse-10-20-10-2-1-random-13.scen
20,warehouse-10-20-10-2-1.map,PIBT,1,1690,170,4,100,warehouse-10-20-10-2-1-random-13.scen
20,warehouse-10-20-10-2-1.map,PIBTOLD,1,1727,162,3,100,warehouse-10-20-10-2-1-random-13.scen
20,warehouse-10-20-10-2-1.map,PIBT,1,1690,170,3,1000,warehouse-10-20-10-2-1-random-13.scen
20,warehouse-10-20-10-2-1.map,PIBTOLD,1,1727,162,3,1000,warehouse-10-20-10-2-1-random-13.scen
60,warehouse-10-20-10-2-1.map,PIBT,1,6061,192,10,0,warehouse-10-20-10-2-1-random-13.scen
60,warehouse-10-20-10-2-1.map,PIBTOLD,1,6061,192,8,0,warehouse-10-20-10-2-1-random-13.scen
60,warehouse-10-20-10-2-1.map,PIBT,0,5909,100000,2803,1,warehouse-10-20-10-2-1-random-13.scen
60,warehouse-10-20-10-2-1.map,PIBTOLD,1,6061,192,9,1,warehouse-10-20-10-2-1-random-13.scen
60,warehouse-10-20-10-2-1.map,PIBT,0,5909,100000,2705,10,warehouse-10-20-10-2-1-random-13.scen
60,warehouse-10-20-10-2-1.map,PIBTOLD,1,6061,192,9,10,warehouse-10-20-10-2-1-random-13.scen
60,warehouse-10-20-10-2-1.map,PIBT,0,5909,100000,2755,100,warehouse-10-20-10-2-1-random-13.scen
60,warehouse-10-20-10-2-1.map,PIBTOLD,1,6061,192,9,100,warehouse-10-20-10-2-1-random-13.scen
60,warehouse-10-20-10-2-1.map,PIBT,0,5909,100000,2723,1000,warehouse-10-20-10-2-1-random-13.scen
60,warehouse-10-20-10-2-1.map,PIBTOLD,1,6061,192,9,1000,warehouse-10-20-10-2-1-random-13.scen
100,warehouse-10-20-10-2-1.map,PIBT,0,410642,100000,4023,0,warehouse-10-20-10-2-1-random-13.scen
100,warehouse-10-20-10-2-1.map,PIBTOLD,0,410642,100000,3107,0,warehouse-10-20-10-2-1-random-13.scen
100,warehouse-10-20-10-2-1.map,PIBT,0,209851,100000,5078,1,warehouse-10-20-10-2-1-random-13.scen
100,warehouse-10-20-10-2-1.map,PIBTOLD,0,410642,100000,3032,1,warehouse-10-20-10-2-1-random-13.scen
100,warehouse-10-20-10-2-1.map,PIBT,0,209851,100000,5145,10,warehouse-10-20-10-2-1-random-13.scen
100,warehouse-10-20-10-2-1.map,PIBTOLD,0,410642,100000,3357,10,warehouse-10-20-10-2-1-random-13.scen
100,warehouse-10-20-10-2-1.map,PIBT,0,209851,100000,4987,100,warehouse-10-20-10-2-1-random-13.scen
100,warehouse-10-20-10-2-1.map,PIBTOLD,0,410642,100000,3072,100,warehouse-10-20-10-2-1-random-13.scen
100,warehouse-10-20-10-2-1.map,PIBT,0,209851,100000,4953,1000,warehouse-10-20-10-2-1-random-13.scen
100,warehouse-10-20-10-2-1.map,PIBTOLD,0,410642,100000,3042,1000,warehouse-10-20-10-2-1-random-13.scen
140,warehouse-10-20-10-2-1.map,PIBT,0,815517,100000,5780,0,warehouse-10-20-10-2-1-random-13.scen
140,warehouse-10-20-10-2-1.map,PIBTOLD,0,815517,100000,3701,0,warehouse-10-20-10-2-1-random-13.scen
140,warehouse-10-20-10-2-1.map,PIBT,0,215436,100000,7456,1,warehouse-10-20-10-2-1-random-13.scen
140,warehouse-10-20-10-2-1.map,PIBTOLD,0,815517,100000,3864,1,warehouse-10-20-10-2-1-random-13.scen
140,warehouse-10-20-10-2-1.map,PIBT,0,215436,100000,7277,10,warehouse-10-20-10-2-1-random-13.scen
140,warehouse-10-20-10-2-1.map,PIBTOLD,0,815517,100000,3822,10,warehouse-10-20-10-2-1-random-13.scen
140,warehouse-10-20-10-2-1.map,PIBT,0,215436,100000,7407,100,warehouse-10-20-10-2-1-random-13.scen
140,warehouse-10-20-10-2-1.map,PIBTOLD,0,815517,100000,3842,100,warehouse-10-20-10-2-1-random-13.scen
140,warehouse-10-20-10-2-1.map,PIBT,0,215436,100000,7226,1000,warehouse-10-20-10-2-1-random-13.scen
140,warehouse-10-20-10-2-1.map,PIBTOLD,0,815517,100000,3861,1000,warehouse-10-20-10-2-1-random-13.scen
180,warehouse-10-20-10-2-1.map,PIBT,0,920025,100000,7607,0,warehouse-10-20-10-2-1-random-13.scen
180,warehouse-10-20-10-2-1.map,PIBTOLD,0,920025,100000,4714,0,warehouse-10-20-10-2-1-random-13.scen
180,warehouse-10-20-10-2-1.map,PIBT,0,419990,100000,8436,1,warehouse-10-20-10-2-1-random-13.scen
180,warehouse-10-20-10-2-1.map,PIBTOLD,0,920025,100000,4660,1,warehouse-10-20-10-2-1-random-13.scen
180,warehouse-10-20-10-2-1.map,PIBT,0,419990,100000,9285,10,warehouse-10-20-10-2-1-random-13.scen
180,warehouse-10-20-10-2-1.map,PIBTOLD,0,920025,100000,4674,10,warehouse-10-20-10-2-1-random-13.scen
180,warehouse-10-20-10-2-1.map,PIBT,0,419990,100000,8529,100,warehouse-10-20-10-2-1-random-13.scen
180,warehouse-10-20-10-2-1.map,PIBTOLD,0,920025,100000,4630,100,warehouse-10-20-10-2-1-random-13.scen
180,warehouse-10-20-10-2-1.map,PIBT,0,419990,100000,8501,1000,warehouse-10-20-10-2-1-random-13.scen
180,warehouse-10-20-10-2-1.map,PIBTOLD,0,920025,100000,4691,1000,warehouse-10-20-10-2-1-random-13.scen
220,warehouse-10-20-10-2-1.map,PIBT,0,1025739,100000,9715,0,warehouse-10-20-10-2-1-random-13.scen
220,warehouse-10-20-10-2-1.map,PIBTOLD,0,1025739,100000,5458,0,warehouse-10-20-10-2-1-random-13.scen
220,warehouse-10-20-10-2-1.map,PIBT,0,227604,100000,10593,1,warehouse-10-20-10-2-1-random-13.scen
220,warehouse-10-20-10-2-1.map,PIBTOLD,0,1025739,100000,5588,1,warehouse-10-20-10-2-1-random-13.scen
220,warehouse-10-20-10-2-1.map,PIBT,0,227604,100000,10487,10,warehouse-10-20-10-2-1-random-13.scen
220,warehouse-10-20-10-2-1.map,PIBTOLD,0,1025739,100000,5713,10,warehouse-10-20-10-2-1-random-13.scen
220,warehouse-10-20-10-2-1.map,PIBT,0,227604,100000,10748,100,warehouse-10-20-10-2-1-random-13.scen
220,warehouse-10-20-10-2-1.map,PIBTOLD,0,1025739,100000,5651,100,warehouse-10-20-10-2-1-random-13.scen
220,warehouse-10-20-10-2-1.map,PIBT,0,227604,100000,10668,1000,warehouse-10-20-10-2-1-random-13.scen
220,warehouse-10-20-10-2-1.map,PIBTOLD,0,1025739,100000,5723,1000,warehouse-10-20-10-2-1-random-13.scen
260,warehouse-10-20-10-2-1.map,PIBT,0,1529853,100000,12086,0,warehouse-10-20-10-2-1-random-13.scen
260,warehouse-10-20-10-2-1.map,PIBTOLD,0,1529853,100000,6682,0,warehouse-10-20-10-2-1-random-13.scen
260,warehouse-10-20-10-2-1.map,PIBT,0,3956391,100000,15638,1,warehouse-10-20-10-2-1-random-13.scen
260,warehouse-10-20-10-2-1.map,PIBTOLD,0,1529853,100000,6637,1,warehouse-10-20-10-2-1-random-13.scen
260,warehouse-10-20-10-2-1.map,PIBT,0,433399,100000,15518,10,warehouse-10-20-10-2-1-random-13.scen
260,warehouse-10-20-10-2-1.map,PIBTOLD,0,1529853,100000,6591,10,warehouse-10-20-10-2-1-random-13.scen
260,warehouse-10-20-10-2-1.map,PIBT,0,433399,100000,15553,100,warehouse-10-20-10-2-1-random-13.scen
260,warehouse-10-20-10-2-1.map,PIBTOLD,0,1529853,100000,6529,100,warehouse-10-20-10-2-1-random-13.scen
260,warehouse-10-20-10-2-1.map,PIBT,0,433399,100000,15439,1000,warehouse-10-20-10-2-1-random-13.scen
260,warehouse-10-20-10-2-1.map,PIBTOLD,0,1529853,100000,6402,1000,warehouse-10-20-10-2-1-random-13.scen
300,warehouse-10-20-10-2-1.map,PIBT,0,2234973,100000,15685,0,warehouse-10-20-10-2-1-random-13.scen
300,warehouse-10-20-10-2-1.map,PIBTOLD,0,2234973,100000,7838,0,warehouse-10-20-10-2-1-random-13.scen
300,warehouse-10-20-10-2-1.map,PIBT,0,1235008,100000,20299,1,warehouse-10-20-10-2-1-random-13.scen
300,warehouse-10-20-10-2-1.map,PIBTOLD,0,2234973,100000,7392,1,warehouse-10-20-10-2-1-random-13.scen
300,warehouse-10-20-10-2-1.map,PIBT,0,1235008,100000,20266,10,warehouse-10-20-10-2-1-random-13.scen
300,warehouse-10-20-10-2-1.map,PIBTOLD,0,2234973,100000,7790,10,warehouse-10-20-10-2-1-random-13.scen
300,warehouse-10-20-10-2-1.map,PIBT,0,1235008,100000,20873,100,warehouse-10-20-10-2-1-random-13.scen
300,warehouse-10-20-10-2-1.map,PIBTOLD,0,2234973,100000,7487,100,warehouse-10-20-10-2-1-random-13.scen
300,warehouse-10-20-10-2-1.map,PIBT,0,1235008,100000,20707,1000,warehouse-10-20-10-2-1-random-13.scen
300,warehouse-10-20-10-2-1.map,PIBTOLD,0,2234973,100000,7553,1000,warehouse-10-20-10-2-1-random-13.scen
340,warehouse-10-20-10-2-1.map,PIBT,0,3340853,100000,18738,0,warehouse-10-20-10-2-1-random-13.scen
340,warehouse-10-20-10-2-1.map,PIBTOLD,0,3340853,100000,8612,0,warehouse-10-20-10-2-1-random-13.scen
340,warehouse-10-20-10-2-1.map,PIBT,0,705316,100000,25320,1,warehouse-10-20-10-2-1-random-13.scen
340,warehouse-10-20-10-2-1.map,PIBTOLD,0,3340853,100000,8576,1,warehouse-10-20-10-2-1-random-13.scen
340,warehouse-10-20-10-2-1.map,PIBT,0,844153,100000,22820,10,warehouse-10-20-10-2-1-random-13.scen
340,warehouse-10-20-10-2-1.map,PIBTOLD,0,3340853,100000,8559,10,warehouse-10-20-10-2-1-random-13.scen
340,warehouse-10-20-10-2-1.map,PIBT,0,844153,100000,22722,100,warehouse-10-20-10-2-1-random-13.scen
340,warehouse-10-20-10-2-1.map,PIBTOLD,0,3340853,100000,9038,100,warehouse-10-20-10-2-1-random-13.scen
340,warehouse-10-20-10-2-1.map,PIBT,0,844153,100000,22828,1000,warehouse-10-20-10-2-1-random-13.scen
340,warehouse-10-20-10-2-1.map,PIBTOLD,0,3340853,100000,8464,1000,warehouse-10-20-10-2-1-random-13.scen
380,warehouse-10-20-10-2-1.map,PIBT,0,4047546,100000,21898,0,warehouse-10-20-10-2-1-random-13.scen
380,warehouse-10-20-10-2-1.map,PIBTOLD,0,4047546,100000,9793,0,warehouse-10-20-10-2-1-random-13.scen
380,warehouse-10-20-10-2-1.map,PIBT,0,846144,100000,29463,1,warehouse-10-20-10-2-1-random-13.scen
380,warehouse-10-20-10-2-1.map,PIBTOLD,0,4047546,100000,9513,1,warehouse-10-20-10-2-1-random-13.scen
380,warehouse-10-20-10-2-1.map,PIBT,0,850483,100000,27392,10,warehouse-10-20-10-2-1-random-13.scen
380,warehouse-10-20-10-2-1.map,PIBTOLD,0,4047546,100000,9594,10,warehouse-10-20-10-2-1-random-13.scen
380,warehouse-10-20-10-2-1.map,PIBT,0,850483,100000,27331,100,warehouse-10-20-10-2-1-random-13.scen
380,warehouse-10-20-10-2-1.map,PIBTOLD,0,4047546,100000,9720,100,warehouse-10-20-10-2-1-random-13.scen
380,warehouse-10-20-10-2-1.map,PIBT,0,850483,100000,27240,1000,warehouse-10-20-10-2-1-random-13.scen
380,warehouse-10-20-10-2-1.map,PIBTOLD,0,4047546,100000,9722,1000,warehouse-10-20-10-2-1-random-13.scen
420,warehouse-10-20-10-2-1.map,PIBT,0,3556026,100000,25674,0,warehouse-10-20-10-2-1-random-13.scen
420,warehouse-10-20-10-2-1.map,PIBTOLD,0,3556026,100000,10951,0,warehouse-10-20-10-2-1-random-13.scen
20,warehouse-10-20-10-2-1.map,PIBT,1,1727,162,3,0,warehouse-10-20-10-2-1-random-24.scen
20,warehouse-10-20-10-2-1.map,PIBTOLD,1,1727,162,3,0,warehouse-10-20-10-2-1-random-24.scen
20,warehouse-10-20-10-2-1.map,PIBT,1,1690,170,4,1,warehouse-10-20-10-2-1-random-24.scen
20,warehouse-10-20-10-2-1.map,PIBTOLD,1,1727,162,3,1,warehouse-10-20-10-2-1-random-24.scen
20,warehouse-10-20-10-2-1.map,PIBT,1,1690,170,4,10,warehouse-10-20-10-2-1-random-24.scen
20,warehouse-10-20-10-2-1.map,PIBTOLD,1,1727,162,3,10,warehouse-10-20-10-2-1-random-24.scen
20,warehouse-10-20-10-2-1.map,PIBT,1,1690,170,4,100,warehouse-10-20-10-2-1-random-24.scen
20,warehouse-10-20-10-2-1.map,PIBTOLD,1,1727,162,3,100,warehouse-10-20-10-2-1-random-24.scen
20,warehouse-10-20-10-2-1.map,PIBT,1,1690,170,4,1000,warehouse-10-20-10-2-1-random-24.scen
20,warehouse-10-20-10-2-1.map,PIBTOLD,1,1727,162,3,1000,warehouse-10-20-10-2-1-random-24.scen
60,warehouse-10-20-10-2-1.map,PIBT,1,6061,192,10,0,warehouse-10-20-10-2-1-random-24.scen
60,warehouse-10-20-10-2-1.map,PIBTOLD,1,6061,192,9,0,warehouse-10-20-10-2-1-random-24.scen
60,warehouse-10-20-10-2-1.map,PIBT,0,5909,100000,2820,1,warehouse-10-20-10-2-1-random-24.scen
60,warehouse-10-20-10-2-1.map,PIBTOLD,1,6061,192,9,1,warehouse-10-20-10-2-1-random-24.scen
60,warehouse-10-20-10-2-1.map,PIBT,0,5909,100000,2966,10,warehouse-10-20-10-2-1-random-24.scen
60,warehouse-10-20-10-2-1.map,PIBTOLD,1,6061,192,9,10,warehouse-10-20-10-2-1-random-24.scen
60,warehouse-10-20-10-2-1.map,PIBT,0,5909,100000,2831,100,warehouse-10-20-10-2-1-random-24.scen
60,warehouse-10-20-10-2-1.map,PIBTOLD,1,6061,192,8,100,warehouse-10-20-10-2-1-random-24.scen
60,warehouse-10-20-10-2-1.map,PIBT,0,5909,100000,2853,1000,warehouse-10-20-10-2-1-random-24.scen
60,warehouse-10-20-10-2-1.map,PIBTOLD,1,6061,192,9,1000,warehouse-10-20-10-2-1-random-24.scen
100,warehouse-10-20-10-2-1.map,PIBT,0,410642,100000,3905,0,warehouse-10-20-10-2-1-random-24.scen
100,warehouse-10-20-10-2-1.map,PIBTOLD,0,410642,100000,2918,0,warehouse-10-20-10-2-1-random-24.scen
100,warehouse-10-20-10-2-1.map,PIBT,0,209851,100000,5098,1,warehouse-10-20-10-2-1-random-24.scen
100,warehouse-10-20-10-2-1.map,PIBTOLD,0,410642,100000,3234,1,warehouse-10-20-10-2-1-random-24.scen
100,warehouse-10-20-10-2-1.map,PIBT,0,209851,100000,4955,10,warehouse-10-20-10-2-1-random-24.scen
100,warehouse-10-20-10-2-1.map,PIBTOLD,0,410642,100000,3036,10,warehouse-10-20-10-2-1-random-24.scen
100,warehouse-10-20-10-2-1.map,PIBT,0,209851,100000,4964,100,warehouse-10-20-10-2-1-random-24.scen
100,warehouse-10-20-10-2-1.map,PIBTOLD,0,410642,100000,3057,100,warehouse-10-20-10-2-1-random-24.scen
100,warehouse-10-20-10-2-1.map,PIBT,0,209851,100000,5061,1000,warehouse-10-20-10-2-1-random-24.scen
100,warehouse-10-20-10-2-1.map,PIBTOLD,0,410642,100000,2902,1000,warehouse-10-20-10-2-1-random-24.scen
140,warehouse-10-20-10-2-1.map,PIBT,0,815517,100000,5653,0,warehouse-10-20-10-2-1-random-24.scen
140,warehouse-10-20-10-2-1.map,PIBTOLD,0,815517,100000,3772,0,warehouse-10-20-10-2-1-random-24.scen
140,warehouse-10-20-10-2-1.map,PIBT,0,215436,100000,7314,1,warehouse-10-20-10-2-1-random-24.scen
140,warehouse-10-20-10-2-1.map,PIBTOLD,0,815517,100000,3856,1,warehouse-10-20-10-2-1-random-24.scen
140,warehouse-10-20-10-2-1.map,PIBT,0,215436,100000,7210,10,warehouse-10-20-10-2-1-random-24.scen
140,warehouse-10-20-10-2-1.map,PIBTOLD,0,815517,100000,3724,10,warehouse-10-20-10-2-1-random-24.scen
140,warehouse-10-20-10-2-1.map,PIBT,0,215436,100000,7342,100,warehouse-10-20-10-2-1-random-24.scen
140,warehouse-10-20-10-2-1.map,PIBTOLD,0,815517,100000,3877,100,warehouse-10-20-10-2-1-random-24.scen
140,warehouse-10-20-10-2-1.map,PIBT,0,215436,100000,7510,1000,warehouse-10-20-10-2-1-random-24.scen
140,warehouse-10-20-10-2-1.map,PIBTOLD,0,815517,100000,3823,1000,warehouse-10-20-10-2-1-random-24.scen
180,warehouse-10-20-10-2-1.map,PIBT,0,920025,100000,7627,0,warehouse-10-20-10-2-1-random-24.scen
180,warehouse-10-20-10-2-1.map,PIBTOLD,0,920025,100000,4661,0,warehouse-10-20-10-2-1-random-24.scen
180,warehouse-10-20-10-2-1.map,PIBT,0,419990,100000,8665,1,warehouse-10-20-10-2-1-random-24.scen
180,warehouse-10-20-10-2-1.map,PIBTOLD,0,920025,100000,4529,1,warehouse-10-20-10-2-1-random-24.scen
180,warehouse-10-20-10-2-1.map,PIBT,0,419990,100000,8643,10,warehouse-10-20-10-2-1-random-24.scen
180,warehouse-10-20-10-2-1.map,PIBTOLD,0,920025,100000,4509,10,warehouse-10-20-10-2-1-random-24.scen
180,warehouse-10-20-10-2-1.map,PIBT,0,419990,100000,8416,100,warehouse-10-20-10-2-1-random-24.scen
180,warehouse-10-20-10-2-1.map,PIBTOLD,0,920025,100000,4604,100,warehouse-10-20-10-2-1-random-24.scen
180,warehouse-10-20-10-2-1.map,PIBT,0,419990,100000,8555,1000,warehouse-10-20-10-2-1-random-24.scen
180,warehouse-10-20-10-2-1.map,PIBTOLD,0,920025,100000,4588,1000,warehouse-10-20-10-2-1-random-24.scen
220,warehouse-10-20-10-2-1.map,PIBT,0,1025739,100000,9707,0,warehouse-10-20-10-2-1-random-24.scen
220,warehouse-10-20-10-2-1.map,PIBTOLD,0,1025739,100000,5642,0,warehouse-10-20-10-2-1-random-24.scen
220,warehouse-10-20-10-2-1.map,PIBT,0,227604,100000,10401,1,warehouse-10-20-10-2-1-random-24.scen
220,warehouse-10-20-10-2-1.map,PIBTOLD,0,1025739,100000,5619,1,warehouse-10-20-10-2-1-random-24.scen
220,warehouse-10-20-10-2-1.map,PIBT,0,227604,100000,10537,10,warehouse-10-20-10-2-1-random-24.scen
220,warehouse-10-20-10-2-1.map,PIBTOLD,0,1025739,100000,5384,10,warehouse-10-20-10-2-1-random-24.scen
220,warehouse-10-20-10-2-1.map,PIBT,0,227604,100000,10801,100,warehouse-10-20-10-2-1-random-24.scen
220,warehouse-10-20-10-2-1.map,PIBTOLD,0,1025739,100000,5445,100,warehouse-10-20-10-2-1-random-24.scen
220,warehouse-10-20-10-2-1.map,PIBT,0,227604,100000,10640,1000,warehouse-10-20-10-2-1-random-24.scen
220,warehouse-10-20-10-2-1.map,PIBTOLD,0,1025739,100000,5483,1000,warehouse-10-20-10-2-1-random-24.scen
260,warehouse-10-20-10-2-1.map,PIBT,0,1529853,100000,12025,0,warehouse-10-20-10-2-1-random-24.scen
260,warehouse-10-20-10-2-1.map,PIBTOLD,0,1529853,100000,6614,0,warehouse-10-20-10-2-1-random-24.scen
260,warehouse-10-20-10-2-1.map,PIBT,0,433399,100000,15496,1,warehouse-10-20-10-2-1-random-24.scen
260,warehouse-10-20-10-2-1.map,PIBTOLD,0,1529853,100000,6802,1,warehouse-10-20-10-2-1-random-24.scen
260,warehouse-10-20-10-2-1.map,PIBT,0,433399,100000,15474,10,warehouse-10-20-10-2-1-random-24.scen
260,warehouse-10-20-10-2-1.map,PIBTOLD,0,1529853,100000,6707,10,warehouse-10-20-10-2-1-random-24.scen
260,warehouse-10-20-10-2-1.map,PIBT,0,433399,100000,15602,100,warehouse-10-20-10-2-1-random-24.scen
260,warehouse-10-20-10-2-1.map,PIBTOLD,0,1529853,100000,6471,100,warehouse-10-20-10-2-1-random-24.scen
260,warehouse-10-20-10-2-1.map,PIBT,0,433399,100000,15478,1000,warehouse-10-20-10-2-1-random-24.scen
260,warehouse-10-20-10-2-1.map,PIBTOLD,0,1529853,100000,6768,1000,warehouse-10-20-10-2-1-random-24.scen
300,warehouse-10-20-10-2-1.map,PIBT,0,2234973,100000,15514,0,warehouse-10-20-10-2-1-random-24.scen
300,warehouse-10-20-10-2-1.map,PIBTOLD,0,2234973,100000,7660,0,warehouse-10-20-10-2-1-random-24.scen
300,warehouse-10-20-10-2-1.map,PIBT,0,1235008,100000,20516,1,warehouse-10-20-10-2-1-random-24.scen
300,warehouse-10-20-10-2-1.map,PIBTOLD,0,2234973,100000,7623,1,warehouse-10-20-10-2-1-random-24.scen
300,warehouse-10-20-10-2-1.map,PIBT,0,1235008,100000,20947,10,warehouse-10-20-10-2-1-random-24.scen
300,warehouse-10-20-10-2-1.map,PIBTOLD,0,2234973,100000,7770,10,warehouse-10-20-10-2-1-random-24.scen
300,warehouse-10-20-10-2-1.map,PIBT,0,1235008,100000,20522,100,warehouse-10-20-10-2-1-random-24.scen
300,warehouse-10-20-10-2-1.map,PIBTOLD,0,2234973,100000,7579,100,warehouse-10-20-10-2-1-random-24.scen
300,warehouse-10-20-10-2-1.map,PIBT,0,1235008,100000,20827,1000,warehouse-10-20-10-2-1-random-24.scen
300,warehouse-10-20-10-2-1.map,PIBTOLD,0,2234973,100000,7818,1000,warehouse-10-20-10-2-1-random-24.scen
340,warehouse-10-20-10-2-1.map,PIBT,0,3340853,100000,18881,0,warehouse-10-20-10-2-1-random-24.scen
340,warehouse-10-20-10-2-1.map,PIBTOLD,0,3340853,100000,9521,0,warehouse-10-20-10-2-1-random-24.scen
340,warehouse-10-20-10-2-1.map,PIBT,0,1042930,100000,26571,1,warehouse-10-20-10-2-1-random-24.scen
340,warehouse-10-20-10-2-1.map,PIBTOLD,0,3340853,100000,8761,1,warehouse-10-20-10-2-1-random-24.scen
340,warehouse-10-20-10-2-1.map,PIBT,0,844153,100000,22710,10,warehouse-10-20-10-2-1-random-24.scen
340,warehouse-10-20-10-2-1.map,PIBTOLD,0,3340853,100000,8550,10,warehouse-10-20-10-2-1-random-24.scen
340,warehouse-10-20-10-2-1.map,PIBT,0,844153,100000,22399,100,warehouse-10-20-10-2-1-random-24.scen
340,warehouse-10-20-10-2-1.map,PIBTOLD,0,3340853,100000,8827,100,warehouse-10-20-10-2-1-random-24.scen
340,warehouse-10-20-10-2-1.map,PIBT,0,844153,100000,22605,1000,warehouse-10-20-10-2-1-random-24.scen
340,warehouse-10-20-10-2-1.map,PIBTOLD,0,3340853,100000,8901,1000,warehouse-10-20-10-2-1-random-24.scen
380,warehouse-10-20-10-2-1.map,PIBT,0,4047546,100000,22179,0,warehouse-10-20-10-2-1-random-24.scen
380,warehouse-10-20-10-2-1.map,PIBTOLD,0,4047546,100000,9815,0,warehouse-10-20-10-2-1-random-24.scen
380,warehouse-10-20-10-2-1.map,PIBT,0,1247434,100000,30393,1,warehouse-10-20-10-2-1-random-24.scen
380,warehouse-10-20-10-2-1.map,PIBTOLD,0,4047546,100000,9804,1,warehouse-10-20-10-2-1-random-24.scen
380,warehouse-10-20-10-2-1.map,PIBT,0,850483,100000,27707,10,warehouse-10-20-10-2-1-random-24.scen
380,warehouse-10-20-10-2-1.map,PIBTOLD,0,4047546,100000,10261,10,warehouse-10-20-10-2-1-random-24.scen
380,warehouse-10-20-10-2-1.map,PIBT,0,850483,100000,27531,100,warehouse-10-20-10-2-1-random-24.scen
380,warehouse-10-20-10-2-1.map,PIBTOLD,0,4047546,100000,9845,100,warehouse-10-20-10-2-1-random-24.scen
380,warehouse-10-20-10-2-1.map,PIBT,0,850483,100000,27745,1000,warehouse-10-20-10-2-1-random-24.scen
380,warehouse-10-20-10-2-1.map,PIBTOLD,0,4047546,100000,9772,1000,warehouse-10-20-10-2-1-random-24.scen
420,warehouse-10-20-10-2-1.map,PIBT,0,3556026,100000,25997,0,warehouse-10-20-10-2-1-random-24.scen
420,warehouse-10-20-10-2-1.map,PIBTOLD,0,3556026,100000,11042,0,warehouse-10-20-10-2-1-random-24.scen
20,warehouse-10-20-10-2-1.map,PIBT,1,1727,162,3,0,warehouse-10-20-10-2-1-random-22.scen
20,warehouse-10-20-10-2-1.map,PIBTOLD,1,1727,162,3,0,warehouse-10-20-10-2-1-random-22.scen
20,warehouse-10-20-10-2-1.map,PIBT,1,1690,170,4,1,warehouse-10-20-10-2-1-random-22.scen
20,warehouse-10-20-10-2-1.map,PIBTOLD,1,1727,162,3,1,warehouse-10-20-10-2-1-random-22.scen
20,warehouse-10-20-10-2-1.map,PIBT,1,1690,170,4,10,warehouse-10-20-10-2-1-random-22.scen
20,warehouse-10-20-10-2-1.map,PIBTOLD,1,1727,162,3,10,warehouse-10-20-10-2-1-random-22.scen
20,warehouse-10-20-10-2-1.map,PIBT,1,1690,170,3,100,warehouse-10-20-10-2-1-random-22.scen
20,warehouse-10-20-10-2-1.map,PIBTOLD,1,1727,162,4,100,warehouse-10-20-10-2-1-random-22.scen
20,warehouse-10-20-10-2-1.map,PIBT,1,1690,170,4,1000,warehouse-10-20-10-2-1-random-22.scen
20,warehouse-10-20-10-2-1.map,PIBTOLD,1,1727,162,3,1000,warehouse-10-20-10-2-1-random-22.scen
60,warehouse-10-20-10-2-1.map,PIBT,1,6061,192,10,0,warehouse-10-20-10-2-1-random-22.scen
60,warehouse-10-20-10-2-1.map,PIBTOLD,1,6061,192,10,0,warehouse-10-20-10-2-1-random-22.scen
60,warehouse-10-20-10-2-1.map,PIBT,0,5909,100000,2979,1,warehouse-10-20-10-2-1-random-22.scen
60,warehouse-10-20-10-2-1.map,PIBTOLD,1,6061,192,9,1,warehouse-10-20-10-2-1-random-22.scen
60,warehouse-10-20-10-2-1.map,PIBT,0,5909,100000,3175,10,warehouse-10-20-10-2-1-random-22.scen
60,warehouse-10-20-10-2-1.map,PIBTOLD,1,6061,192,9,10,warehouse-10-20-10-2-1-random-22.scen
60,warehouse-10-20-10-2-1.map,PIBT,0,5909,100000,2853,100,warehouse-10-20-10-2-1-random-22.scen
60,warehouse-10-20-10-2-1.map,PIBTOLD,1,6061,192,9,100,warehouse-10-20-10-2-1-random-22.scen
60,warehouse-10-20-10-2-1.map,PIBT,0,5909,100000,2901,1000,warehouse-10-20-10-2-1-random-22.scen
60,warehouse-10-20-10-2-1.map,PIBTOLD,1,6061,192,9,1000,warehouse-10-20-10-2-1-random-22.scen
100,warehouse-10-20-10-2-1.map,PIBT,0,410642,100000,4165,0,warehouse-10-20-10-2-1-random-22.scen
100,warehouse-10-20-10-2-1.map,PIBTOLD,0,410642,100000,2975,0,warehouse-10-20-10-2-1-random-22.scen
100,warehouse-10-20-10-2-1.map,PIBT,0,209851,100000,4843,1,warehouse-10-20-10-2-1-random-22.scen
100,warehouse-10-20-10-2-1.map,PIBTOLD,0,410642,100000,2965,1,warehouse-10-20-10-2-1-random-22.scen
100,warehouse-10-20-10-2-1.map,PIBT,0,209851,100000,4997,10,warehouse-10-20-10-2-1-random-22.scen
100,warehouse-10-20-10-2-1.map,PIBTOLD,0,410642,100000,3086,10,warehouse-10-20-10-2-1-random-22.scen
100,warehouse-10-20-10-2-1.map,PIBT,0,209851,100000,4987,100,warehouse-10-20-10-2-1-random-22.scen
100,warehouse-10-20-10-2-1.map,PIBTOLD,0,410642,100000,3035,100,warehouse-10-20-10-2-1-random-22.scen
100,warehouse-10-20-10-2-1.map,PIBT,0,209851,100000,5247,1000,warehouse-10-20-10-2-1-random-22.scen
100,warehouse-10-20-10-2-1.map,PIBTOLD,0,410642,100000,3083,1000,warehouse-10-20-10-2-1-random-22.scen
140,warehouse-10-20-10-2-1.map,PIBT,0,815517,100000,5710,0,warehouse-10-20-10-2-1-random-22.scen
140,warehouse-10-20-10-2-1.map,PIBTOLD,0,815517,100000,3792,0,warehouse-10-20-10-2-1-random-22.scen
140,warehouse-10-20-10-2-1.map,PIBT,0,215436,100000,7283,1,warehouse-10-20-10-2-1-random-22.scen
140,warehouse-10-20-10-2-1.map,PIBTOLD,0,815517,100000,3802,1,warehouse-10-20-10-2-1-random-22.scen
140,warehouse-10-20-10-2-1.map,PIBT,0,215436,100000,7486,10,warehouse-10-20-10-2-1-random-22.scen
140,warehouse-10-20-10-2-1.map,PIBTOLD,0,815517,100000,3819,10,warehouse-10-20-10-2-1-random-22.scen
140,warehouse-10-20-10-2-1.map,PIBT,0,215436,100000,7310,100,warehouse-10-20-10-2-1-random-22.scen
140,warehouse-10-20-10-2-1.map,PIBTOLD,0,815517,100000,3919,100,warehouse-10-20-10-2-1-random-22.scen
140,warehouse-10-20-10-2-1.map,PIBT,0,215436,100000,7477,1000,warehouse-10-20-10-2-1-random-22.scen
140,warehouse-10-20-10-2-1.map,PIBTOLD,0,815517,100000,3818,1000,warehouse-10-20-10-2-1-random-22.scen
180,warehouse-10-20-10-2-1.map,PIBT,0,920025,100000,7466,0,warehouse-10-20-10-2-1-random-22.scen
180,warehouse-10-20-10-2-1.map,PIBTOLD,0,920025,100000,4566,0,warehouse-10-20-10-2-1-random-22.scen
180,warehouse-10-20-10-2-1.map,PIBT,0,419990,100000,8691,1,warehouse-10-20-10-2-1-random-22.scen
180,warehouse-10-20-10-2-1.map,PIBTOLD,0,920025,100000,4621,1,warehouse-10-20-10-2-1-random-22.scen
180,warehouse-10-20-10-2-1.map,PIBT,0,419990,100000,8536,10,warehouse-10-20-10-2-1-random-22.scen
180,warehouse-10-20-10-2-1.map,PIBTOLD,0,920025,100000,4687,10,warehouse-10-20-10-2-1-random-22.scen
180,warehouse-10-20-10-2-1.map,PIBT,0,419990,100000,8511,100,warehouse-10-20-10-2-1-random-22.scen
180,warehouse-10-20-10-2-1.map,PIBTOLD,0,920025,100000,4594,100,warehouse-10-20-10-2-1-random-22.scen
180,warehouse-10-20-10-2-1.map,PIBT,0,419990,100000,8791,1000,warehouse-10-20-10-2-1-random-22.scen
180,warehouse-10-20-10-2-1.map,PIBTOLD,0,920025,100000,4867,1000,warehouse-10-20-10-2-1-random-22.scen
220,warehouse-10-20-10-2-1.map,PIBT,0,1025739,100000,9971,0,warehouse-10-20-10-2-1-random-22.scen
220,warehouse-10-20-10-2-1.map,PIBTOLD,0,1025739,100000,5559,0,warehouse-10-20-10-2-1-random-22.scen
220,warehouse-10-20-10-2-1.map,PIBT,0,227604,100000,10664,1,warehouse-10-20-10-2-1-random-22.scen
220,warehouse-10-20-10-2-1.map,PIBTOLD,0,1025739,100000,5435,1,warehouse-10-20-10-2-1-random-22.scen
220,warehouse-10-20-10-2-1.map,PIBT,0,227604,100000,10642,10,warehouse-10-20-10-2-1-random-22.scen
220,warehouse-10-20-10-2-1.map,PIBTOLD,0,1025739,100000,5615,10,warehouse-10-20-10-2-1-random-22.scen
220,warehouse-10-20-10-2-1.map,PIBT,0,227604,100000,10611,100,warehouse-10-20-10-2-1-random-22.scen
220,warehouse-10-20-10-2-1.map,PIBTOLD,0,1025739,100000,5563,100,warehouse-10-20-10-2-1-random-22.scen
220,warehouse-10-20-10-2-1.map,PIBT,0,227604,100000,10950,1000,warehouse-10-20-10-2-1-random-22.scen
220,warehouse-10-20-10-2-1.map,PIBTOLD,0,1025739,100000,5949,1000,warehouse-10-20-10-2-1-random-22.scen
260,warehouse-10-20-10-2-1.map,PIBT,0,1529853,100000,11919,0,warehouse-10-20-10-2-1-random-22.scen
260,warehouse-10-20-10-2-1.map,PIBTOLD,0,1529853,100000,6719,0,warehouse-10-20-10-2-1-random-22.scen
260,warehouse-10-20-10-2-1.map,PIBT,0,3430731,100000,15691,1,warehouse-10-20-10-2-1-random-22.scen
260,warehouse-10-20-10-2-1.map,PIBTOLD,0,1529853,100000,6536,1,warehouse-10-20-10-2-1-random-22.scen
260,warehouse-10-20-10-2-1.map,PIBT,0,433399,100000,15555,10,warehouse-10-20-10-2-1-random-22.scen
260,warehouse-10-20-10-2-1.map,PIBTOLD,0,1529853,100000,6885,10,warehouse-10-20-10-2-1-random-22.scen
260,warehouse-10-20-10-2-1.map,PIBT,0,433399,100000,15731,100,warehouse-10-20-10-2-1-random-22.scen
260,warehouse-10-20-10-2-1.map,PIBTOLD,0,1529853,100000,7024,100,warehouse-10-20-10-2-1-random-22.scen
260,warehouse-10-20-10-2-1.map,PIBT,0,433399,100000,16857,1000,warehouse-10-20-10-2-1-random-22.scen
260,warehouse-10-20-10-2-1.map,PIBTOLD,0,1529853,100000,6673,1000,warehouse-10-20-10-2-1-random-22.scen
300,warehouse-10-20-10-2-1.map,PIBT,0,2234973,100000,15724,0,warehouse-10-20-10-2-1-random-22.scen
300,warehouse-10-20-10-2-1.map,PIBTOLD,0,2234973,100000,7639,0,warehouse-10-20-10-2-1-random-22.scen
300,warehouse-10-20-10-2-1.map,PIBT,0,1235008,100000,20392,1,warehouse-10-20-10-2-1-random-22.scen
300,warehouse-10-20-10-2-1.map,PIBTOLD,0,2234973,100000,7503,1,warehouse-10-20-10-2-1-random-22.scen
300,warehouse-10-20-10-2-1.map,PIBT,0,1235008,100000,20156,10,warehouse-10-20-10-2-1-random-22.scen
300,warehouse-10-20-10-2-1.map,PIBTOLD,0,2234973,100000,7455,10,warehouse-10-20-10-2-1-random-22.scen
300,warehouse-10-20-10-2-1.map,PIBT,0,1235008,100000,20317,100,warehouse-10-20-10-2-1-random-22.scen
300,warehouse-10-20-10-2-1.map,PIBTOLD,0,2234973,100000,7622,100,warehouse-10-20-10-2-1-random-22.scen
300,warehouse-10-20-10-2-1.map,PIBT,0,1235008,100000,20370,1000,warehouse-10-20-10-2-1-random-22.scen
300,warehouse-10-20-10-2-1.map,PIBTOLD,0,2234973,100000,7783,1000,warehouse-10-20-10-2-1-random-22.scen
340,warehouse-10-20-10-2-1.map,PIBT,0,3340853,100000,18943,0,warehouse-10-20-10-2-1-random-22.scen
340,warehouse-10-20-10-2-1.map,PIBTOLD,0,3340853,100000,8778,0,warehouse-10-20-10-2-1-random-22.scen
340,warehouse-10-20-10-2-1.map,PIBT,0,841307,100000,27319,1,warehouse-10-20-10-2-1-random-22.scen
340,warehouse-10-20-10-2-1.map,PIBTOLD,0,3340853,100000,8829,1,warehouse-10-20-10-2-1-random-22.scen
340,warehouse-10-20-10-2-1.map,PIBT,0,844153,100000,22676,10,warehouse-10-20-10-2-1-random-22.scen
340,warehouse-10-20-10-2-1.map,PIBTOLD,0,3340853,100000,8639,10,warehouse-10-20-10-2-1-random-22.scen
340,warehouse-10-20-10-2-1.map,PIBT,0,844153,100000,23108,100,warehouse-10-20-10-2-1-random-22.scen
340,warehouse-10-20-10-2-1.map,PIBTOLD,0,3340853,100000,8965,100,warehouse-10-20-10-2-1-random-22.scen
340,warehouse-10-20-10-2-1.map,PIBT,0,844153,100000,22641,1000,warehouse-10-20-10-2-1-random-22.scen
340,warehouse-10-20-10-2-1.map,PIBTOLD,0,3340853,100000,8719,1000,warehouse-10-20-10-2-1-random-22.scen
380,warehouse-10-20-10-2-1.map,PIBT,0,4047546,100000,21852,0,warehouse-10-20-10-2-1-random-22.scen
380,warehouse-10-20-10-2-1.map,PIBTOLD,0,4047546,100000,10128,0,warehouse-10-20-10-2-1-random-22.scen
380,warehouse-10-20-10-2-1.map,PIBT,0,1048425,100000,30739,1,warehouse-10-20-10-2-1-random-22.scen
380,warehouse-10-20-10-2-1.map,PIBTOLD,0,4047546,100000,9621,1,warehouse-10-20-10-2-1-random-22.scen
380,warehouse-10-20-10-2-1.map,PIBT,0,850483,100000,28937,10,warehouse-10-20-10-2-1-random-22.scen
380,warehouse-10-20-10-2-1.map,PIBTOLD,0,4047546,100000,9829,10,warehouse-10-20-10-2-1-random-22.scen
380,warehouse-10-20-10-2-1.map,PIBT,0,850483,100000,27611,100,warehouse-10-20-10-2-1-random-22.scen
380,warehouse-10-20-10-2-1.map,PIBTOLD,0,4047546,100000,9730,100,warehouse-10-20-10-2-1-random-22.scen
380,warehouse-10-20-10-2-1.map,PIBT,0,850483,100000,28034,1000,warehouse-10-20-10-2-1-random-22.scen
380,warehouse-10-20-10-2-1.map,PIBTOLD,0,4047546,100000,9897,1000,warehouse-10-20-10-2-1-random-22.scen
420,warehouse-10-20-10-2-1.map,PIBT,0,3556026,100000,25915,0,warehouse-10-20-10-2-1-random-22.scen
420,warehouse-10-20-10-2-1.map,PIBTOLD,0,3556026,100000,10761,0,warehouse-10-20-10-2-1-random-22.scen
420,warehouse-10-20-10-2-1.map,PIBT,0,1055965,100000,53338,1,warehouse-10-20-10-2-1-random-22.scen
420,warehouse-10-20-10-2-1.map,PIBTOLD,0,3556026,100000,10767,1,warehouse-10-20-10-2-1-random-22.scen
420,warehouse-10-20-10-2-1.map,PIBT,0,1053492,100000,40623,10,warehouse-10-20-10-2-1-random-22.scen
420,warehouse-10-20-10-2-1.map,PIBTOLD,0,3556026,100000,10889,10,warehouse-10-20-10-2-1-random-22.scen
420,warehouse-10-20-10-2-1.map,PIBT,0,1455296,100000,50816,100,warehouse-10-20-10-2-1-random-22.scen
420,warehouse-10-20-10-2-1.map,PIBTOLD,0,3556026,100000,10904,100,warehouse-10-20-10-2-1-random-22.scen
420,warehouse-10-20-10-2-1.map,PIBT,0,457143,100000,42116,1000,warehouse-10-20-10-2-1-random-22.scen
420,warehouse-10-20-10-2-1.map,PIBTOLD,0,3556026,100000,11043,1000,warehouse-10-20-10-2-1-random-22.scen
20,warehouse-10-20-10-2-1.map,PIBT,1,1727,162,4,0,warehouse-10-20-10-2-1-random-21.scen
20,warehouse-10-20-10-2-1.map,PIBTOLD,1,1727,162,3,0,warehouse-10-20-10-2-1-random-21.scen
20,warehouse-10-20-10-2-1.map,PIBT,1,1690,170,4,1,warehouse-10-20-10-2-1-random-21.scen
20,warehouse-10-20-10-2-1.map,PIBTOLD,1,1727,162,4,1,warehouse-10-20-10-2-1-random-21.scen
20,warehouse-10-20-10-2-1.map,PIBT,1,1690,170,4,10,warehouse-10-20-10-2-1-random-21.scen
20,warehouse-10-20-10-2-1.map,PIBTOLD,1,1727,162,3,10,warehouse-10-20-10-2-1-random-21.scen
20,warehouse-10-20-10-2-1.map,PIBT,1,1690,170,4,100,warehouse-10-20-10-2-1-random-21.scen
20,warehouse-10-20-10-2-1.map,PIBTOLD,1,1727,162,3,100,warehouse-10-20-10-2-1-random-21.scen
20,warehouse-10-20-10-2-1.map,PIBT,1,1690,170,4,1000,warehouse-10-20-10-2-1-random-21.scen
20,warehouse-10-20-10-2-1.map,PIBTOLD,1,1727,162,3,1000,warehouse-10-20-10-2-1-random-21.scen
60,warehouse-10-20-10-2-1.map,PIBT,1,6061,192,10,0,warehouse-10-20-10-2-1-random-21.scen
60,warehouse-10-20-10-2-1.map,PIBTOLD,1,6061,192,10,0,warehouse-10-20-10-2-1-random-21.scen
60,warehouse-10-20-10-2-1.map,PIBT,0,5909,100000,2849,1,warehouse-10-20-10-2-1-random-21.scen
60,warehouse-10-20-10-2-1.map,PIBTOLD,1,6061,192,9,1,warehouse-10-20-10-2-1-random-21.scen
60,warehouse-10-20-10-2-1.map,PIBT,0,5909,100000,2850,10,warehouse-10-20-10-2-1-random-21.scen
60,warehouse-10-20-10-2-1.map,PIBTOLD,1,6061,192,9,10,warehouse-10-20-10-2-1-random-21.scen
60,warehouse-10-20-10-2-1.map,PIBT,0,5909,100000,2908,100,warehouse-10-20-10-2-1-random-21.scen
60,warehouse-10-20-10-2-1.map,PIBTOLD,1,6061,192,9,100,warehouse-10-20-10-2-1-random-21.scen
60,warehouse-10-20-10-2-1.map,PIBT,0,5909,100000,2863,1000,warehouse-10-20-10-2-1-random-21.scen
60,warehouse-10-20-10-2-1.map,PIBTOLD,1,6061,192,9,1000,warehouse-10-20-10-2-1-random-21.scen
100,warehouse-10-20-10-2-1.map,PIBT,0,410642,100000,3958,0,warehouse-10-20-10-2-1-random-21.scen
100,warehouse-10-20-10-2-1.map,PIBTOLD,0,410642,100000,2979,0,warehouse-10-20-10-2-1-random-21.scen
100,warehouse-10-20-10-2-1.map,PIBT,0,209851,100000,4939,1,warehouse-10-20-10-2-1-random-21.scen
100,warehouse-10-20-10-2-1.map,PIBTOLD,0,410642,100000,3031,1,warehouse-10-20-10-2-1-random-21.scen
100,warehouse-10-20-10-2-1.map,PIBT,0,209851,100000,5062,10,warehouse-10-20-10-2-1-random-21.scen
100,warehouse-10-20-10-2-1.map,PIBTOLD,0,410642,100000,2935,10,warehouse-10-20-10-2-1-random-21.scen
100,warehouse-10-20-10-2-1.map,PIBT,0,209851,100000,4980,100,warehouse-10-20-10-2-1-random-21.scen
100,warehouse-10-20-10-2-1.map,PIBTOLD,0,410642,100000,2999,100,warehouse-10-20-10-2-1-random-21.scen
100,warehouse-10-20-10-2-1.map,PIBT,0,209851,100000,4950,1000,warehouse-10-20-10-2-1-random-21.scen
100,warehouse-10-20-10-2-1.map,PIBTOLD,0,410642,100000,3045,1000,warehouse-10-20-10-2-1-random-21.scen
140,warehouse-10-20-10-2-1.map,PIBT,0,815517,100000,5651,0,warehouse-10-20-10-2-1-random-21.scen
140,warehouse-10-20-10-2-1.map,PIBTOLD,0,815517,100000,3810,0,warehouse-10-20-10-2-1-random-21.scen
140,warehouse-10-20-10-2-1.map,PIBT,0,215436,100000,7286,1,warehouse-10-20-10-2-1-random-21.scen
140,warehouse-10-20-10-2-1.map,PIBTOLD,0,815517,100000,3862,1,warehouse-10-20-10-2-1-random-21.scen
140,warehouse-10-20-10-2-1.map,PIBT,0,215436,100000,7212,10,warehouse-10-20-10-2-1-random-21.scen
140,warehouse-10-20-10-2-1.map,PIBTOLD,0,815517,100000,3763,10,warehouse-10-20-10-2-1-random-21.scen
140,warehouse-10-20-10-2-1.map,PIBT,0,215436,100000,7311,100,warehouse-10-20-10-2-1-random-21.scen
140,warehouse-10-20-10-2-1.map,PIBTOLD,0,815517,100000,3932,100,warehouse-10-20-10-2-1-random-21.scen
140,warehouse-10-20-10-2-1.map,PIBT,0,215436,100000,7480,1000,warehouse-10-20-10-2-1-random-21.scen
140,warehouse-10-20-10-2-1.map,PIBTOLD,0,815517,100000,3849,1000,warehouse-10-20-10-2-1-random-21.scen
180,warehouse-10-20-10-2-1.map,PIBT,0,920025,100000,7331,0,warehouse-10-20-10-2-1-random-21.scen
180,warehouse-10-20-10-2-1.map,PIBTOLD,0,920025,100000,4567,0,warehouse-10-20-10-2-1-random-21.scen
180,warehouse-10-20-10-2-1.map,PIBT,0,419990,100000,8530,1,warehouse-10-20-10-2-1-random-21.scen
180,warehouse-10-20-10-2-1.map,PIBTOLD,0,920025,100000,4645,1,warehouse-10-20-10-2-1-random-21.scen
180,warehouse-10-20-10-2-1.map,PIBT,0,419990,100000,8526,10,warehouse-10-20-10-2-1-random-21.scen
180,warehouse-10-20-10-2-1.map,PIBTOLD,0,920025,100000,4775,10,warehouse-10-20-10-2-1-random-21.scen
180,warehouse-10-20-10-2-1.map,PIBT,0,419990,100000,8647,100,warehouse-10-20-10-2-1-random-21.scen
180,warehouse-10-20-10-2-1.map,PIBTOLD,0,920025,100000,4909,100,warehouse-10-20-10-2-1-random-21.scen
180,warehouse-10-20-10-2-1.map,PIBT,0,419990,100000,8843,1000,warehouse-10-20-10-2-1-random-21.scen
180,warehouse-10-20-10-2-1.map,PIBTOLD,0,920025,100000,4698,1000,warehouse-10-20-10-2-1-random-21.scen
220,warehouse-10-20-10-2-1.map,PIBT,0,1025739,100000,9639,0,warehouse-10-20-10-2-1-random-21.scen
220,warehouse-10-20-10-2-1.map,PIBTOLD,0,1025739,100000,5568,0,warehouse-10-20-10-2-1-random-21.scen
220,warehouse-10-20-10-2-1.map,PIBT,0,227604,100000,10507,1,warehouse-10-20-10-2-1-random-21.scen
220,warehouse-10-20-10-2-1.map,PIBTOLD,0,1025739,100000,5557,1,warehouse-10-20-10-2-1-random-21.scen
220,warehouse-10-20-10-2-1.map,PIBT,0,227604,100000,10427,10,warehouse-10-20-10-2-1-random-21.scen
220,warehouse-10-20-10-2-1.map,PIBTOLD,0,1025739,100000,5521,10,warehouse-10-20-10-2-1-random-21.scen
220,warehouse-10-20-10-2-1.map,PIBT,0,227604,100000,10548,100,warehouse-10-20-10-2-1-random-21.scen
220,warehouse-10-20-10-2-1.map,PIBTOLD,0,1025739,100000,5418,100,warehouse-10-20-10-2-1-random-21.scen
220,warehouse-10-20-10-2-1.map,PIBT,0,227604,100000,10408,1000,warehouse-10-20-10-2-1-random-21.scen
220,warehouse-10-20-10-2-1.map,PIBTOLD,0,1025739,100000,5417,1000,warehouse-10-20-10-2-1-random-21.scen
260,warehouse-10-20-10-2-1.map,PIBT,0,1529853,100000,12087,0,warehouse-10-20-10-2-1-random-21.scen
260,warehouse-10-20-10-2-1.map,PIBTOLD,0,1529853,100000,6615,0,warehouse-10-20-10-2-1-random-21.scen
260,warehouse-10-20-10-2-1.map,PIBT,0,433399,100000,15356,1,warehouse-10-20-10-2-1-random-21.scen
260,warehouse-10-20-10-2-1.map,PIBTOLD,0,1529853,100000,6436,1,warehouse-10-20-10-2-1-random-21.scen
260,warehouse-10-20-10-2-1.map,PIBT,0,433399,100000,15376,10,warehouse-10-20-10-2-1-random-21.scen
260,warehouse-10-20-10-2-1.map,PIBTOLD,0,1529853,100000,6430,10,warehouse-10-20-10-2-1-random-21.scen
260,warehouse-10-20-10-2-1.map,PIBT,0,433399,100000,15510,100,warehouse-10-20-10-2-1-random-21.scen
260,warehouse-10-20-10-2-1.map,PIBTOLD,0,1529853,100000,6635,100,warehouse-10-20-10-2-1-random-21.scen
260,warehouse-10-20-10-2-1.map,PIBT,0,433399,100000,16164,1000,warehouse-10-20-10-2-1-random-21.scen
260,warehouse-10-20-10-2-1.map,PIBTOLD,0,1529853,100000,6702,1000,warehouse-10-20-10-2-1-random-21.scen
300,warehouse-10-20-10-2-1.map,PIBT,0,2234973,100000,15742,0,warehouse-10-20-10-2-1-random-21.scen
300,warehouse-10-20-10-2-1.map,PIBTOLD,0,2234973,100000,7879,0,warehouse-10-20-10-2-1-random-21.scen
300,warehouse-10-20-10-2-1.map,PIBT,0,1235008,100000,21139,1,warehouse-10-20-10-2-1-random-21.scen
300,warehouse-10-20-10-2-1.map,PIBTOLD,0,2234973,100000,7412,1,warehouse-10-20-10-2-1-random-21.scen
300,warehouse-10-20-10-2-1.map,PIBT,0,1235008,100000,20532,10,warehouse-10-20-10-2-1-random-21.scen
300,warehouse-10-20-10-2-1.map,PIBTOLD,0,2234973,100000,7503,10,warehouse-10-20-10-2-1-random-21.scen
300,warehouse-10-20-10-2-1.map,PIBT,0,1235008,100000,20431,100,warehouse-10-20-10-2-1-random-21.scen
300,warehouse-10-20-10-2-1.map,PIBTOLD,0,2234973,100000,7512,100,warehouse-10-20-10-2-1-random-21.scen
300,warehouse-10-20-10-2-1.map,PIBT,0,1235008,100000,20556,1000,warehouse-10-20-10-2-1-random-21.scen
300,warehouse-10-20-10-2-1.map,PIBTOLD,0,2234973,100000,7459,1000,warehouse-10-20-10-2-1-random-21.scen
340,warehouse-10-20-10-2-1.map,PIBT,0,3340853,100000,18467,0,warehouse-10-20-10-2-1-random-21.scen
340,warehouse-10-20-10-2-1.map,PIBTOLD,0,3340853,100000,8797,0,warehouse-10-20-10-2-1-random-21.scen
340,warehouse-10-20-10-2-1.map,PIBT,0,1042138,100000,23840,1,warehouse-10-20-10-2-1-random-21.scen
340,warehouse-10-20-10-2-1.map,PIBTOLD,0,3340853,100000,8579,1,warehouse-10-20-10-2-1-random-21.scen
340,warehouse-10-20-10-2-1.map,PIBT,0,844153,100000,22699,10,warehouse-10-20-10-2-1-random-21.scen
340,warehouse-10-20-10-2-1.map,PIBTOLD,0,3340853,100000,8596,10,warehouse-10-20-10-2-1-random-21.scen
340,warehouse-10-20-10-2-1.map,PIBT,0,844153,100000,22432,100,warehouse-10-20-10-2-1-random-21.scen
340,warehouse-10-20-10-2-1.map,PIBTOLD,0,3340853,100000,9000,100,warehouse-10-20-10-2-1-random-21.scen
340,warehouse-10-20-10-2-1.map,PIBT,0,844153,100000,22314,1000,warehouse-10-20-10-2-1-random-21.scen
340,warehouse-10-20-10-2-1.map,PIBTOLD,0,3340853,100000,8365,1000,warehouse-10-20-10-2-1-random-21.scen
380,warehouse-10-20-10-2-1.map,PIBT,0,4047546,100000,21977,0,warehouse-10-20-10-2-1-random-21.scen
380,warehouse-10-20-10-2-1.map,PIBTOLD,0,4047546,100000,9734,0,warehouse-10-20-10-2-1-random-21.scen
380,warehouse-10-20-10-2-1.map,PIBT,0,847659,100000,31152,1,warehouse-10-20-10-2-1-random-21.scen
380,warehouse-10-20-10-2-1.map,PIBTOLD,0,4047546,100000,9878,1,warehouse-10-20-10-2-1-random-21.scen
380,warehouse-10-20-10-2-1.map,PIBT,0,850483,100000,27457,10,warehouse-10-20-10-2-1-random-21.scen
380,warehouse-10-20-10-2-1.map,PIBTOLD,0,4047546,100000,9594,10,warehouse-10-20-10-2-1-random-21.scen
380,warehouse-10-20-10-2-1.map,PIBT,0,850483,100000,27639,100,warehouse-10-20-10-2-1-random-21.scen
380,warehouse-10-20-10-2-1.map,PIBTOLD,0,4047546,100000,9854,100,warehouse-10-20-10-2-1-random-21.scen
380,warehouse-10-20-10-2-1.map,PIBT,0,850483,100000,27925,1000,warehouse-10-20-10-2-1-random-21.scen
380,warehouse-10-20-10-2-1.map,PIBTOLD,0,4047546,100000,9962,1000,warehouse-10-20-10-2-1-random-21.scen
420,warehouse-10-20-10-2-1.map,PIBT,0,3556026,100000,25791,0,warehouse-10-20-10-2-1-random-21.scen
420,warehouse-10-20-10-2-1.map,PIBTOLD,0,3556026,100000,10984,0,warehouse-10-20-10-2-1-random-21.scen
420,warehouse-10-20-10-2-1.map,PIBT,0,852563,100000,44990,1,warehouse-10-20-10-2-1-random-21.scen
420,warehouse-10-20-10-2-1.map,PIBTOLD,0,3556026,100000,11167,1,warehouse-10-20-10-2-1-random-21.scen
420,warehouse-10-20-10-2-1.map,PIBT,0,657406,100000,39706,10,warehouse-10-20-10-2-1-random-21.scen
420,warehouse-10-20-10-2-1.map,PIBTOLD,0,3556026,100000,10340,10,warehouse-10-20-10-2-1-random-21.scen
20,warehouse-10-20-10-2-1.map,PIBT,1,1727,162,4,0,warehouse-10-20-10-2-1-random-14.scen
20,warehouse-10-20-10-2-1.map,PIBTOLD,1,1727,162,3,0,warehouse-10-20-10-2-1-random-14.scen
20,warehouse-10-20-10-2-1.map,PIBT,1,1690,170,4,1,warehouse-10-20-10-2-1-random-14.scen
20,warehouse-10-20-10-2-1.map,PIBTOLD,1,1727,162,4,1,warehouse-10-20-10-2-1-random-14.scen
20,warehouse-10-20-10-2-1.map,PIBT,1,1690,170,4,10,warehouse-10-20-10-2-1-random-14.scen
20,warehouse-10-20-10-2-1.map,PIBTOLD,1,1727,162,3,10,warehouse-10-20-10-2-1-random-14.scen
20,warehouse-10-20-10-2-1.map,PIBT,1,1690,170,4,100,warehouse-10-20-10-2-1-random-14.scen
20,warehouse-10-20-10-2-1.map,PIBTOLD,1,1727,162,4,100,warehouse-10-20-10-2-1-random-14.scen
20,warehouse-10-20-10-2-1.map,PIBT,1,1690,170,3,1000,warehouse-10-20-10-2-1-random-14.scen
20,warehouse-10-20-10-2-1.map,PIBTOLD,1,1727,162,3,1000,warehouse-10-20-10-2-1-random-14.scen
60,warehouse-10-20-10-2-1.map,PIBT,1,6061,192,10,0,warehouse-10-20-10-2-1-random-14.scen
60,warehouse-10-20-10-2-1.map,PIBTOLD,1,6061,192,9,0,warehouse-10-20-10-2-1-random-14.scen
60,warehouse-10-20-10-2-1.map,PIBT,0,5909,100000,2802,1,warehouse-10-20-10-2-1-random-14.scen
60,warehouse-10-20-10-2-1.map,PIBTOLD,1,6061,192,9,1,warehouse-10-20-10-2-1-random-14.scen
60,warehouse-10-20-10-2-1.map,PIBT,0,5909,100000,2778,10,warehouse-10-20-10-2-1-random-14.scen
60,warehouse-10-20-10-2-1.map,PIBTOLD,1,6061,192,9,10,warehouse-10-20-10-2-1-random-14.scen
60,warehouse-10-20-10-2-1.map,PIBT,0,5909,100000,2772,100,warehouse-10-20-10-2-1-random-14.scen
60,warehouse-10-20-10-2-1.map,PIBTOLD,1,6061,192,10,100,warehouse-10-20-10-2-1-random-14.scen
60,warehouse-10-20-10-2-1.map,PIBT,0,5909,100000,2711,1000,warehouse-10-20-10-2-1-random-14.scen
60,warehouse-10-20-10-2-1.map,PIBTOLD,1,6061,192,10,1000,warehouse-10-20-10-2-1-random-14.scen
100,warehouse-10-20-10-2-1.map,PIBT,0,410642,100000,3971,0,warehouse-10-20-10-2-1-random-14.scen
100,warehouse-10-20-10-2-1.map,PIBTOLD,0,410642,100000,2976,0,warehouse-10-20-10-2-1-random-14.scen
100,warehouse-10-20-10-2-1.map,PIBT,0,209851,100000,5402,1,warehouse-10-20-10-2-1-random-14.scen
100,warehouse-10-20-10-2-1.map,PIBTOLD,0,410642,100000,3082,1,warehouse-10-20-10-2-1-random-14.scen
100,warehouse-10-20-10-2-1.map,PIBT,0,209851,100000,5046,10,warehouse-10-20-10-2-1-random-14.scen
100,warehouse-10-20-10-2-1.map,PIBTOLD,0,410642,100000,2977,10,warehouse-10-20-10-2-1-random-14.scen
100,warehouse-10-20-10-2-1.map,PIBT,0,209851,100000,5009,100,warehouse-10-20-10-2-1-random-14.scen
100,warehouse-10-20-10-2-1.map,PIBTOLD,0,410642,100000,3026,100,warehouse-10-20-10-2-1-random-14.scen
100,warehouse-10-20-10-2-1.map,PIBT,0,209851,100000,4961,1000,warehouse-10-20-10-2-1-random-14.scen
100,warehouse-10-20-10-2-1.map,PIBTOLD,0,410642,100000,2989,1000,warehouse-10-20-10-2-1-random-14.scen
140,warehouse-10-20-10-2-1.map,PIBT,0,815517,100000,5629,0,warehouse-10-20-10-2-1-random-14.scen
140,warehouse-10-20-10-2-1.map,PIBTOLD,0,815517,100000,3948,0,warehouse-10-20-10-2-1-random-14.scen
140,warehouse-10-20-10-2-1.map,PIBT,0,215436,100000,7768,1,warehouse-10-20-10-2-1-random-14.scen
140,warehouse-10-20-10-2-1.map,PIBTOLD,0,815517,100000,3822,1,warehouse-10-20-10-2-1-random-14.scen
140,warehouse-10-20-10-2-1.map,PIBT,0,215436,100000,7247,10,warehouse-10-20-10-2-1-random-14.scen
140,warehouse-10-20-10-2-1.map,PIBTOLD,0,815517,100000,3792,10,warehouse-10-20-10-2-1-random-14.scen
140,warehouse-10-20-10-2-1.map,PIBT,0,215436,100000,7266,100,warehouse-10-20-10-2-1-random-14.scen
140,warehouse-10-20-10-2-1.map,PIBTOLD,0,815517,100000,3751,100,warehouse-10-20-10-2-1-random-14.scen
140,warehouse-10-20-10-2-1.map,PIBT,0,215436,100000,7258,1000,warehouse-10-20-10-2-1-random-14.scen
140,warehouse-10-20-10-2-1.map,PIBTOLD,0,815517,100000,3868,1000,warehouse-10-20-10-2-1-random-14.scen
180,warehouse-10-20-10-2-1.map,PIBT,0,920025,100000,7465,0,warehouse-10-20-10-2-1-random-14.scen
180,warehouse-10-20-10-2-1.map,PIBTOLD,0,920025,100000,4622,0,warehouse-10-20-10-2-1-random-14.scen
180,warehouse-10-20-10-2-1.map,PIBT,0,419990,100000,8455,1,warehouse-10-20-10-2-1-random-14.scen
180,warehouse-10-20-10-2-1.map,PIBTOLD,0,920025,100000,4609,1,warehouse-10-20-10-2-1-random-14.scen
180,warehouse-10-20-10-2-1.map,PIBT,0,419990,100000,8448,10,warehouse-10-20-10-2-1-random-14.scen
180,warehouse-10-20-10-2-1.map,PIBTOLD,0,920025,100000,4590,10,warehouse-10-20-10-2-1-random-14.scen
180,warehouse-10-20-10-2-1.map,PIBT,0,419990,100000,8458,100,warehouse-10-20-10-2-1-random-14.scen
180,warehouse-10-20-10-2-1.map,PIBTOLD,0,920025,100000,4572,100,warehouse-10-20-10-2-1-random-14.scen
180,warehouse-10-20-10-2-1.map,PIBT,0,419990,100000,8559,1000,warehouse-10-20-10-2-1-random-14.scen
180,warehouse-10-20-10-2-1.map,PIBTOLD,0,920025,100000,4742,1000,warehouse-10-20-10-2-1-random-14.scen
220,warehouse-10-20-10-2-1.map,PIBT,0,1025739,100000,9687,0,warehouse-10-20-10-2-1-random-14.scen
220,warehouse-10-20-10-2-1.map,PIBTOLD,0,1025739,100000,5586,0,warehouse-10-20-10-2-1-random-14.scen
220,warehouse-10-20-10-2-1.map,PIBT,0,227604,100000,10477,1,warehouse-10-20-10-2-1-random-14.scen
220,warehouse-10-20-10-2-1.map,PIBTOLD,0,1025739,100000,5642,1,warehouse-10-20-10-2-1-random-14.scen
220,warehouse-10-20-10-2-1.map,PIBT,0,227604,100000,10730,10,warehouse-10-20-10-2-1-random-14.scen
220,warehouse-10-20-10-2-1.map,PIBTOLD,0,1025739,100000,5759,10,warehouse-10-20-10-2-1-random-14.scen
220,warehouse-10-20-10-2-1.map,PIBT,0,227604,100000,10555,100,warehouse-10-20-10-2-1-random-14.scen
220,warehouse-10-20-10-2-1.map,PIBTOLD,0,1025739,100000,5458,100,warehouse-10-20-10-2-1-random-14.scen
220,warehouse-10-20-10-2-1.map,PIBT,0,227604,100000,10605,1000,warehouse-10-20-10-2-1-random-14.scen
220,warehouse-10-20-10-2-1.map,PIBTOLD,0,1025739,100000,5567,1000,warehouse-10-20-10-2-1-random-14.scen
260,warehouse-10-20-10-2-1.map,PIBT,0,1529853,100000,12114,0,warehouse-10-20-10-2-1-random-14.scen
260,warehouse-10-20-10-2-1.map,PIBTOLD,0,1529853,100000,6561,0,warehouse-10-20-10-2-1-random-14.scen
260,warehouse-10-20-10-2-1.map,PIBT,0,433399,100000,15841,1,warehouse-10-20-10-2-1-random-14.scen
260,warehouse-10-20-10-2-1.map,PIBTOLD,0,1529853,100000,6552,1,warehouse-10-20-10-2-1-random-14.scen
260,warehouse-10-20-10-2-1.map,PIBT,0,433399,100000,15516,10,warehouse-10-20-10-2-1-random-14.scen
260,warehouse-10-20-10-2-1.map,PIBTOLD,0,1529853,100000,6628,10,warehouse-10-20-10-2-1-random-14.scen
260,warehouse-10-20-10-2-1.map,PIBT,0,433399,100000,15659,100,warehouse-10-20-10-2-1-random-14.scen
260,warehouse-10-20-10-2-1.map,PIBTOLD,0,1529853,100000,6612,100,warehouse-10-20-10-2-1-random-14.scen
260,warehouse-10-20-10-2-1.map,PIBT,0,433399,100000,15399,1000,warehouse-10-20-10-2-1-random-14.scen
260,warehouse-10-20-10-2-1.map,PIBTOLD,0,1529853,100000,6590,1000,warehouse-10-20-10-2-1-random-14.scen
300,warehouse-10-20-10-2-1.map,PIBT,0,2234973,100000,15316,0,warehouse-10-20-10-2-1-random-14.scen
300,warehouse-10-20-10-2-1.map,PIBTOLD,0,2234973,100000,7749,0,warehouse-10-20-10-2-1-random-14.scen
300,warehouse-10-20-10-2-1.map,PIBT,0,1235008,100000,20485,1,warehouse-10-20-10-2-1-random-14.scen
300,warehouse-10-20-10-2-1.map,PIBTOLD,0,2234973,100000,7371,1,warehouse-10-20-10-2-1-random-14.scen
300,warehouse-10-20-10-2-1.map,PIBT,0,1235008,100000,20255,10,warehouse-10-20-10-2-1-random-14.scen
300,warehouse-10-20-10-2-1.map,PIBTOLD,0,2234973,100000,7418,10,warehouse-10-20-10-2-1-random-14.scen
300,warehouse-10-20-10-2-1.map,PIBT,0,1235008,100000,20239,100,warehouse-10-20-10-2-1-random-14.scen
300,warehouse-10-20-10-2-1.map,PIBTOLD,0,2234973,100000,7901,100,warehouse-10-20-10-2-1-random-14.scen
300,warehouse-10-20-10-2-1.map,PIBT,0,1235008,100000,20510,1000,warehouse-10-20-10-2-1-random-14.scen
300,warehouse-10-20-10-2-1.map,PIBTOLD,0,2234973,100000,7414,1000,warehouse-10-20-10-2-1-random-14.scen
340,warehouse-10-20-10-2-1.map,PIBT,0,3340853,100000,18409,0,warehouse-10-20-10-2-1-random-14.scen
340,warehouse-10-20-10-2-1.map,PIBTOLD,0,3340853,100000,8812,0,warehouse-10-20-10-2-1-random-14.scen
340,warehouse-10-20-10-2-1.map,PIBT,0,446347,100000,22790,1,warehouse-10-20-10-2-1-random-14.scen
340,warehouse-10-20-10-2-1.map,PIBTOLD,0,3340853,100000,8717,1,warehouse-10-20-10-2-1-random-14.scen
340,warehouse-10-20-10-2-1.map,PIBT,0,844153,100000,23246,10,warehouse-10-20-10-2-1-random-14.scen
340,warehouse-10-20-10-2-1.map,PIBTOLD,0,3340853,100000,8947,10,warehouse-10-20-10-2-1-random-14.scen
340,warehouse-10-20-10-2-1.map,PIBT,0,844153,100000,22402,100,warehouse-10-20-10-2-1-random-14.scen
340,warehouse-10-20-10-2-1.map,PIBTOLD,0,3340853,100000,8848,100,warehouse-10-20-10-2-1-random-14.scen
340,warehouse-10-20-10-2-1.map,PIBT,0,844153,100000,22975,1000,warehouse-10-20-10-2-1-random-14.scen
340,warehouse-10-20-10-2-1.map,PIBTOLD,0,3340853,100000,8662,1000,warehouse-10-20-10-2-1-random-14.scen
380,warehouse-10-20-10-2-1.map,PIBT,0,4047546,100000,21984,0,warehouse-10-20-10-2-1-random-14.scen
380,warehouse-10-20-10-2-1.map,PIBTOLD,0,4047546,100000,9870,0,warehouse-10-20-10-2-1-random-14.scen
380,warehouse-10-20-10-2-1.map,PIBT,0,449413,100000,30786,1,warehouse-10-20-10-2-1-random-14.scen
380,warehouse-10-20-10-2-1.map,PIBTOLD,0,4047546,100000,10452,1,warehouse-10-20-10-2-1-random-14.scen
380,warehouse-10-20-10-2-1.map,PIBT,0,850483,100000,27568,10,warehouse-10-20-10-2-1-random-14.scen
380,warehouse-10-20-10-2-1.map,PIBTOLD,0,4047546,100000,10030,10,warehouse-10-20-10-2-1-random-14.scen
380,warehouse-10-20-10-2-1.map,PIBT,0,850483,100000,27821,100,warehouse-10-20-10-2-1-random-14.scen
380,warehouse-10-20-10-2-1.map,PIBTOLD,0,4047546,100000,9949,100,warehouse-10-20-10-2-1-random-14.scen
380,warehouse-10-20-10-2-1.map,PIBT,0,850483,100000,27714,1000,warehouse-10-20-10-2-1-random-14.scen
380,warehouse-10-20-10-2-1.map,PIBTOLD,0,4047546,100000,10274,1000,warehouse-10-20-10-2-1-random-14.scen
420,warehouse-10-20-10-2-1.map,PIBT,0,3556026,100000,26319,0,warehouse-10-20-10-2-1-random-14.scen
420,warehouse-10-20-10-2-1.map,PIBTOLD,0,3556026,100000,10767,0,warehouse-10-20-10-2-1-random-14.scen
420,warehouse-10-20-10-2-1.map,PIBT,0,855200,100000,35911,1,warehouse-10-20-10-2-1-random-14.scen
420,warehouse-10-20-10-2-1.map,PIBTOLD,0,3556026,100000,10840,1,warehouse-10-20-10-2-1-random-14.scen
420,warehouse-10-20-10-2-1.map,PIBT,0,856730,100000,36375,10,warehouse-10-20-10-2-1-random-14.scen
420,warehouse-10-20-10-2-1.map,PIBTOLD,0,3556026,100000,10991,10,warehouse-10-20-10-2-1-random-14.scen
420,warehouse-10-20-10-2-1.map,PIBT,0,1255962,100000,37328,100,warehouse-10-20-10-2-1-random-14.scen
420,warehouse-10-20-10-2-1.map,PIBTOLD,0,3556026,100000,10815,100,warehouse-10-20-10-2-1-random-14.scen
420,warehouse-10-20-10-2-1.map,PIBT,0,457143,100000,41789,1000,warehouse-10-20-10-2-1-random-14.scen
420,warehouse-10-20-10-2-1.map,PIBTOLD,0,3556026,100000,11089,1000,warehouse-10-20-10-2-1-random-14.scen
20,warehouse-10-20-10-2-1.map,PIBT,1,1727,162,4,0,warehouse-10-20-10-2-1-random-20.scen
20,warehouse-10-20-10-2-1.map,PIBTOLD,1,1727,162,3,0,warehouse-10-20-10-2-1-random-20.scen
20,warehouse-10-20-10-2-1.map,PIBT,1,1690,170,4,1,warehouse-10-20-10-2-1-random-20.scen
20,warehouse-10-20-10-2-1.map,PIBTOLD,1,1727,162,3,1,warehouse-10-20-10-2-1-random-20.scen
20,warehouse-10-20-10-2-1.map,PIBT,1,1690,170,4,10,warehouse-10-20-10-2-1-random-20.scen
20,warehouse-10-20-10-2-1.map,PIBTOLD,1,1727,162,3,10,warehouse-10-20-10-2-1-random-20.scen
20,warehouse-10-20-10-2-1.map,PIBT,1,1690,170,4,100,warehouse-10-20-10-2-1-random-20.scen
20,warehouse-10-20-10-2-1.map,PIBTOLD,1,1727,162,3,100,warehouse-10-20-10-2-1-random-20.scen
20,warehouse-10-20-10-2-1.map,PIBT,1,1690,170,4,1000,warehouse-10-20-10-2-1-random-20.scen
20,warehouse-10-20-10-2-1.map,PIBTOLD,1,1727,162,4,1000,warehouse-10-20-10-2-1-random-20.scen
60,warehouse-10-20-10-2-1.map,PIBT,1,6061,192,10,0,warehouse-10-20-10-2-1-random-20.scen
60,warehouse-10-20-10-2-1.map,PIBTOLD,1,6061,192,9,0,warehouse-10-20-10-2-1-random-20.scen
60,warehouse-10-20-10-2-1.map,PIBT,0,5909,100000,2857,1,warehouse-10-20-10-2-1-random-20.scen
60,warehouse-10-20-10-2-1.map,PIBTOLD,1,6061,192,9,1,warehouse-10-20-10-2-1-random-20.scen
60,warehouse-10-20-10-2-1.map,PIBT,0,5909,100000,2881,10,warehouse-10-20-10-2-1-random-20.scen
60,warehouse-10-20-10-2-1.map,PIBTOLD,1,6061,192,9,10,warehouse-10-20-10-2-1-random-20.scen
60,warehouse-10-20-10-2-1.map,PIBT,0,5909,100000,2898,100,warehouse-10-20-10-2-1-random-20.scen
60,warehouse-10-20-10-2-1.map,PIBTOLD,1,6061,192,10,100,warehouse-10-20-10-2-1-random-20.scen
60,warehouse-10-20-10-2-1.map,PIBT,0,5909,100000,2858,1000,warehouse-10-20-10-2-1-random-20.scen
60,warehouse-10-20-10-2-1.map,PIBTOLD,1,6061,192,9,1000,warehouse-10-20-10-2-1-random-20.scen
100,warehouse-10-20-10-2-1.map,PIBT,0,410642,100000,3990,0,warehouse-10-20-10-2-1-random-20.scen
100,warehouse-10-20-10-2-1.map,PIBTOLD,0,410642,100000,3101,0,warehouse-10-20-10-2-1-random-20.scen
100,warehouse-10-20-10-2-1.map,PIBT,0,209851,100000,5035,1,warehouse-10-20-10-2-1-random-20.scen
100,warehouse-10-20-10-2-1.map,PIBTOLD,0,410642,100000,3068,1,warehouse-10-20-10-2-1-random-20.scen
100,warehouse-10-20-10-2-1.map,PIBT,0,209851,100000,5045,10,warehouse-10-20-10-2-1-random-20.scen
100,warehouse-10-20-10-2-1.map,PIBTOLD,0,410642,100000,3128,10,warehouse-10-20-10-2-1-random-20.scen
100,warehouse-10-20-10-2-1.map,PIBT,0,209851,100000,5176,100,warehouse-10-20-10-2-1-random-20.scen
100,warehouse-10-20-10-2-1.map,PIBTOLD,0,410642,100000,3054,100,warehouse-10-20-10-2-1-random-20.scen
100,warehouse-10-20-10-2-1.map,PIBT,0,209851,100000,5013,1000,warehouse-10-20-10-2-1-random-20.scen
100,warehouse-10-20-10-2-1.map,PIBTOLD,0,410642,100000,3080,1000,warehouse-10-20-10-2-1-random-20.scen
140,warehouse-10-20-10-2-1.map,PIBT,0,815517,100000,5817,0,warehouse-10-20-10-2-1-random-20.scen
140,warehouse-10-20-10-2-1.map,PIBTOLD,0,815517,100000,3950,0,warehouse-10-20-10-2-1-random-20.scen
140,warehouse-10-20-10-2-1.map,PIBT,0,215436,100000,7324,1,warehouse-10-20-10-2-1-random-20.scen
140,warehouse-10-20-10-2-1.map,PIBTOLD,0,815517,100000,3839,1,warehouse-10-20-10-2-1-random-20.scen
140,warehouse-10-20-10-2-1.map,PIBT,0,215436,100000,7482,10,warehouse-10-20-10-2-1-random-20.scen
140,warehouse-10-20-10-2-1.map,PIBTOLD,0,815517,100000,3890,10,warehouse-10-20-10-2-1-random-20.scen
140,warehouse-10-20-10-2-1.map,PIBT,0,215436,100000,7439,100,warehouse-10-20-10-2-1-random-20.scen
140,warehouse-10-20-10-2-1.map,PIBTOLD,0,815517,100000,3823,100,warehouse-10-20-10-2-1-random-20.scen
140,warehouse-10-20-10-2-1.map,PIBT,0,215436,100000,7285,1000,warehouse-10-20-10-2-1-random-20.scen
140,warehouse-10-20-10-2-1.map,PIBTOLD,0,815517,100000,3909,1000,warehouse-10-20-10-2-1-random-20.scen
180,warehouse-10-20-10-2-1.map,PIBT,0,920025,100000,7407,0,warehouse-10-20-10-2-1-random-20.scen
180,warehouse-10-20-10-2-1.map,PIBTOLD,0,920025,100000,4702,0,warehouse-10-20-10-2-1-random-20.scen
180,warehouse-10-20-10-2-1.map,PIBT,0,419990,100000,8610,1,warehouse-10-20-10-2-1-random-20.scen
180,warehouse-10-20-10-2-1.map,PIBTOLD,0,920025,100000,4629,1,warehouse-10-20-10-2-1-random-20.scen
180,warehouse-10-20-10-2-1.map,PIBT,0,419990,100000,8573,10,warehouse-10-20-10-2-1-random-20.scen
180,warehouse-10-20-10-2-1.map,PIBTOLD,0,920025,100000,4693,10,warehouse-10-20-10-2-1-random-20.scen
180,warehouse-10-20-10-2-1.map,PIBT,0,419990,100000,8665,100,warehouse-10-20-10-2-1-random-20.scen
180,warehouse-10-20-10-2-1.map,PIBTOLD,0,920025,100000,4731,100,warehouse-10-20-10-2-1-random-20.scen
180,warehouse-10-20-10-2-1.map,PIBT,0,419990,100000,8788,1000,warehouse-10-20-10-2-1-random-20.scen
180,warehouse-10-20-10-2-1.map,PIBTOLD,0,920025,100000,4758,1000,warehouse-10-20-10-2-1-random-20.scen
220,warehouse-10-20-10-2-1.map,PIBT,0,1025739,100000,9703,0,warehouse-10-20-10-2-1-random-20.scen
220,warehouse-10-20-10-2-1.map,PIBTOLD,0,1025739,100000,5521,0,warehouse-10-20-10-2-1-random-20.scen
220,warehouse-10-20-10-2-1.map,PIBT,0,227604,100000,10635,1,warehouse-10-20-10-2-1-random-20.scen
220,warehouse-10-20-10-2-1.map,PIBTOLD,0,1025739,100000,5588,1,warehouse-10-20-10-2-1-random-20.scen
220,warehouse-10-20-10-2-1.map,PIBT,0,227604,100000,10578,10,warehouse-10-20-10-2-1-random-20.scen
220,warehouse-10-20-10-2-1.map,PIBTOLD,0,1025739,100000,5711,10,warehouse-10-20-10-2-1-random-20.scen
220,warehouse-10-20-10-2-1.map,PIBT,0,227604,100000,10952,100,warehouse-10-20-10-2-1-random-20.scen
220,warehouse-10-20-10-2-1.map,PIBTOLD,0,1025739,100000,5616,100,warehouse-10-20-10-2-1-random-20.scen
220,warehouse-10-20-10-2-1.map,PIBT,0,227604,100000,10672,1000,warehouse-10-20-10-2-1-random-20.scen
220,warehouse-10-20-10-2-1.map,PIBTOLD,0,1025739,100000,5627,1000,warehouse-10-20-10-2-1-random-20.scen
260,warehouse-10-20-10-2-1.map,PIBT,0,1529853,100000,12320,0,warehouse-10-20-10-2-1-random-20.scen
260,warehouse-10-20-10-2-1.map,PIBTOLD,0,1529853,100000,6707,0,warehouse-10-20-10-2-1-random-20.scen
260,warehouse-10-20-10-2-1.map,PIBT,0,433399,100000,16164,1,warehouse-10-20-10-2-1-random-20.scen
260,warehouse-10-20-10-2-1.map,PIBTOLD,0,1529853,100000,6796,1,warehouse-10-20-10-2-1-random-20.scen
260,warehouse-10-20-10-2-1.map,PIBT,0,433399,100000,15876,10,warehouse-10-20-10-2-1-random-20.scen
260,warehouse-10-20-10-2-1.map,PIBTOLD,0,1529853,100000,6736,10,warehouse-10-20-10-2-1-random-20.scen
260,warehouse-10-20-10-2-1.map,PIBT,0,433399,100000,15602,100,warehouse-10-20-10-2-1-random-20.scen
260,warehouse-10-20-10-2-1.map,PIBTOLD,0,1529853,100000,6594,100,warehouse-10-20-10-2-1-random-20.scen
260,warehouse-10-20-10-2-1.map,PIBT,0,433399,100000,15662,1000,warehouse-10-20-10-2-1-random-20.scen
260,warehouse-10-20-10-2-1.map,PIBTOLD,0,1529853,100000,6531,1000,warehouse-10-20-10-2-1-random-20.scen
300,warehouse-10-20-10-2-1.map,PIBT,0,2234973,100000,15520,0,warehouse-10-20-10-2-1-random-20.scen
300,warehouse-10-20-10-2-1.map,PIBTOLD,0,2234973,100000,7610,0,warehouse-10-20-10-2-1-random-20.scen
300,warehouse-10-20-10-2-1.map,PIBT,0,1235008,100000,20500,1,warehouse-10-20-10-2-1-random-20.scen
300,warehouse-10-20-10-2-1.map,PIBTOLD,0,2234973,100000,7509,1,warehouse-10-20-10-2-1-random-20.scen
300,warehouse-10-20-10-2-1.map,PIBT,0,1235008,100000,20738,10,warehouse-10-20-10-2-1-random-20.scen
300,warehouse-10-20-10-2-1.map,PIBTOLD,0,2234973,100000,7833,10,warehouse-10-20-10-2-1-random-20.scen
300,warehouse-10-20-10-2-1.map,PIBT,0,1235008,100000,20600,100,warehouse-10-20-10-2-1-random-20.scen
300,warehouse-10-20-10-2-1.map,PIBTOLD,0,2234973,100000,8078,100,warehouse-10-20-10-2-1-random-20.scen
300,warehouse-10-20-10-2-1.map,PIBT,0,1235008,100000,20525,1000,warehouse-10-20-10-2-1-random-20.scen
300,warehouse-10-20-10-2-1.map,PIBTOLD,0,2234973,100000,7686,1000,warehouse-10-20-10-2-1-random-20.scen
340,warehouse-10-20-10-2-1.map,PIBT,0,3340853,100000,18521,0,warehouse-10-20-10-2-1-random-20.scen
340,warehouse-10-20-10-2-1.map,PIBTOLD,0,3340853,100000,8952,0,warehouse-10-20-10-2-1-random-20.scen
340,warehouse-10-20-10-2-1.map,PIBT,0,444580,100000,23782,1,warehouse-10-20-10-2-1-random-20.scen
340,warehouse-10-20-10-2-1.map,PIBTOLD,0,3340853,100000,8705,1,warehouse-10-20-10-2-1-random-20.scen
340,warehouse-10-20-10-2-1.map,PIBT,0,844153,100000,22988,10,warehouse-10-20-10-2-1-random-20.scen
340,warehouse-10-20-10-2-1.map,PIBTOLD,0,3340853,100000,9051,10,warehouse-10-20-10-2-1-random-20.scen
340,warehouse-10-20-10-2-1.map,PIBT,0,844153,100000,22371,100,warehouse-10-20-10-2-1-random-20.scen
340,warehouse-10-20-10-2-1.map,PIBTOLD,0,3340853,100000,8737,100,warehouse-10-20-10-2-1-random-20.scen
340,warehouse-10-20-10-2-1.map,PIBT,0,844153,100000,22730,1000,warehouse-10-20-10-2-1-random-20.scen
340,warehouse-10-20-10-2-1.map,PIBTOLD,0,3340853,100000,8673,1000,warehouse-10-20-10-2-1-random-20.scen
380,warehouse-10-20-10-2-1.map,PIBT,0,4047546,100000,22044,0,warehouse-10-20-10-2-1-random-20.scen
380,warehouse-10-20-10-2-1.map,PIBTOLD,0,4047546,100000,10031,0,warehouse-10-20-10-2-1-random-20.scen
380,warehouse-10-20-10-2-1.map,PIBT,0,846840,100000,34692,1,warehouse-10-20-10-2-1-random-20.scen
380,warehouse-10-20-10-2-1.map,PIBTOLD,0,4047546,100000,10172,1,warehouse-10-20-10-2-1-random-20.scen
380,warehouse-10-20-10-2-1.map,PIBT,0,850483,100000,27804,10,warehouse-10-20-10-2-1-random-20.scen
380,warehouse-10-20-10-2-1.map,PIBTOLD,0,4047546,100000,9776,10,warehouse-10-20-10-2-1-random-20.scen
380,warehouse-10-20-10-2-1.map,PIBT,0,850483,100000,27621,100,warehouse-10-20-10-2-1-random-20.scen
380,warehouse-10-20-10-2-1.map,PIBTOLD,0,4047546,100000,9624,100,warehouse-10-20-10-2-1-random-20.scen
380,warehouse-10-20-10-2-1.map,PIBT,0,850483,100000,27708,1000,warehouse-10-20-10-2-1-random-20.scen
380,warehouse-10-20-10-2-1.map,PIBTOLD,0,4047546,100000,9793,1000,warehouse-10-20-10-2-1-random-20.scen
420,warehouse-10-20-10-2-1.map,PIBT,0,3556026,100000,25839,0,warehouse-10-20-10-2-1-random-20.scen
420,warehouse-10-20-10-2-1.map,PIBTOLD,0,3556026,100000,10727,0,warehouse-10-20-10-2-1-random-20.scen
420,warehouse-10-20-10-2-1.map,PIBT,0,1055912,100000,43880,1,warehouse-10-20-10-2-1-random-20.scen
420,warehouse-10-20-10-2-1.map,PIBTOLD,0,3556026,100000,10860,1,warehouse-10-20-10-2-1-random-20.scen
20,warehouse-10-20-10-2-1.map,PIBT,1,1727,162,5,0,warehouse-10-20-10-2-1-random-2.scen
20,warehouse-10-20-10-2-1.map,PIBTOLD,1,1727,162,3,0,warehouse-10-20-10-2-1-random-2.scen
20,warehouse-10-20-10-2-1.map,PIBT,1,1690,170,4,1,warehouse-10-20-10-2-1-random-2.scen
20,warehouse-10-20-10-2-1.map,PIBTOLD,1,1727,162,3,1,warehouse-10-20-10-2-1-random-2.scen
20,warehouse-10-20-10-2-1.map,PIBT,1,1690,170,4,10,warehouse-10-20-10-2-1-random-2.scen
20,warehouse-10-20-10-2-1.map,PIBTOLD,1,1727,162,3,10,warehouse-10-20-10-2-1-random-2.scen
20,warehouse-10-20-10-2-1.map,PIBT,1,1690,170,4,100,warehouse-10-20-10-2-1-random-2.scen
20,warehouse-10-20-10-2-1.map,PIBTOLD,1,1727,162,3,100,warehouse-10-20-10-2-1-random-2.scen
20,warehouse-10-20-10-2-1.map,PIBT,1,1690,170,4,1000,warehouse-10-20-10-2-1-random-2.scen
20,warehouse-10-20-10-2-1.map,PIBTOLD,1,1727,162,3,1000,warehouse-10-20-10-2-1-random-2.scen
60,warehouse-10-20-10-2-1.map,PIBT,1,6061,192,10,0,warehouse-10-20-10-2-1-random-2.scen
60,warehouse-10-20-10-2-1.map,PIBTOLD,1,6061,192,9,0,warehouse-10-20-10-2-1-random-2.scen
60,warehouse-10-20-10-2-1.map,PIBT,0,5909,100000,2886,1,warehouse-10-20-10-2-1-random-2.scen
60,warehouse-10-20-10-2-1.map,PIBTOLD,1,6061,192,9,1,warehouse-10-20-10-2-1-random-2.scen
60,warehouse-10-20-10-2-1.map,PIBT,0,5909,100000,2864,10,warehouse-10-20-10-2-1-random-2.scen
60,warehouse-10-20-10-2-1.map,PIBTOLD,1,6061,192,9,10,warehouse-10-20-10-2-1-random-2.scen
60,warehouse-10-20-10-2-1.map,PIBT,0,5909,100000,2902,100,warehouse-10-20-10-2-1-random-2.scen
60,warehouse-10-20-10-2-1.map,PIBTOLD,1,6061,192,10,100,warehouse-10-20-10-2-1-random-2.scen
60,warehouse-10-20-10-2-1.map,PIBT,0,5909,100000,2847,1000,warehouse-10-20-10-2-1-random-2.scen
60,warehouse-10-20-10-2-1.map,PIBTOLD,1,6061,192,10,1000,warehouse-10-20-10-2-1-random-2.scen
100,warehouse-10-20-10-2-1.map,PIBT,0,410642,100000,4106,0,warehouse-10-20-10-2-1-random-2.scen
100,warehouse-10-20-10-2-1.map,PIBTOLD,0,410642,100000,3317,0,warehouse-10-20-10-2-1-random-2.scen
100,warehouse-10-20-10-2-1.map,PIBT,0,209851,100000,5146,1,warehouse-10-20-10-2-1-random-2.scen
100,warehouse-10-20-10-2-1.map,PIBTOLD,0,410642,100000,3037,1,warehouse-10-20-10-2-1-random-2.scen
100,warehouse-10-20-10-2-1.map,PIBT,0,209851,100000,5008,10,warehouse-10-20-10-2-1-random-2.scen
100,warehouse-10-20-10-2-1.map,PIBTOLD,0,410642,100000,3060,10,warehouse-10-20-10-2-1-random-2.scen
100,warehouse-10-20-10-2-1.map,PIBT,0,209851,100000,5148,100,warehouse-10-20-10-2-1-random-2.scen
100,warehouse-10-20-10-2-1.map,PIBTOLD,0,410642,100000,3074,100,warehouse-10-20-10-2-1-random-2.scen
100,warehouse-10-20-10-2-1.map,PIBT,0,209851,100000,4995,1000,warehouse-10-20-10-2-1-random-2.scen
100,warehouse-10-20-10-2-1.map,PIBTOLD,0,410642,100000,3114,1000,warehouse-10-20-10-2-1-random-2.scen
140,warehouse-10-20-10-2-1.map,PIBT,0,815517,100000,5685,0,warehouse-10-20-10-2-1-random-2.scen
140,warehouse-10-20-10-2-1.map,PIBTOLD,0,815517,100000,3803,0,warehouse-10-20-10-2-1-random-2.scen
140,warehouse-10-20-10-2-1.map,PIBT,0,215436,100000,7364,1,warehouse-10-20-10-2-1-random-2.scen
140,warehouse-10-20-10-2-1.map,PIBTOLD,0,815517,100000,3906,1,warehouse-10-20-10-2-1-random-2.scen
140,warehouse-10-20-10-2-1.map,PIBT,0,215436,100000,7408,10,warehouse-10-20-10-2-1-random-2.scen
140,warehouse-10-20-10-2-1.map,PIBTOLD,0,815517,100000,3849,10,warehouse-10-20-10-2-1-random-2.scen
140,warehouse-10-20-10-2-1.map,PIBT,0,215436,100000,7353,100,warehouse-10-20-10-2-1-random-2.scen
140,warehouse-10-20-10-2-1.map,PIBTOLD,0,815517,100000,3885,100,warehouse-10-20-10-2-1-random-2.scen
140,warehouse-10-20-10-2-1.map,PIBT,0,215436,100000,7346,1000,warehouse-10-20-10-2-1-random-2.scen
140,warehouse-10-20-10-2-1.map,PIBTOLD,0,815517,100000,3847,1000,warehouse-10-20-10-2-1-random-2.scen
180,warehouse-10-20-10-2-1.map,PIBT,0,920025,100000,7596,0,warehouse-10-20-10-2-1-random-2.scen
180,warehouse-10-20-10-2-1.map,PIBTOLD,0,920025,100000,4672,0,warehouse-10-20-10-2-1-random-2.scen
180,warehouse-10-20-10-2-1.map,PIBT,0,419990,100000,8961,1,warehouse-10-20-10-2-1-random-2.scen
180,warehouse-10-20-10-2-1.map,PIBTOLD,0,920025,100000,4695,1,warehouse-10-20-10-2-1-random-2.scen
180,warehouse-10-20-10-2-1.map,PIBT,0,419990,100000,8598,10,warehouse-10-20-10-2-1-random-2.scen
180,warehouse-10-20-10-2-1.map,PIBTOLD,0,920025,100000,4621,10,warehouse-10-20-10-2-1-random-2.scen
180,warehouse-10-20-10-2-1.map,PIBT,0,419990,100000,8652,100,warehouse-10-20-10-2-1-random-2.scen
180,warehouse-10-20-10-2-1.map,PIBTOLD,0,920025,100000,4714,100,warehouse-10-20-10-2-1-random-2.scen
180,warehouse-10-20-10-2-1.map,PIBT,0,419990,100000,8616,1000,warehouse-10-20-10-2-1-random-2.scen
180,warehouse-10-20-10-2-1.map,PIBTOLD,0,920025,100000,4613,1000,warehouse-10-20-10-2-1-random-2.scen
220,warehouse-10-20-10-2-1.map,PIBT,0,1025739,100000,9795,0,warehouse-10-20-10-2-1-random-2.scen
220,warehouse-10-20-10-2-1.map,PIBTOLD,0,1025739,100000,5642,0,warehouse-10-20-10-2-1-random-2.scen
220,warehouse-10-20-10-2-1.map,PIBT,0,227604,100000,10868,1,warehouse-10-20-10-2-1-random-2.scen
220,warehouse-10-20-10-2-1.map,PIBTOLD,0,1025739,100000,5538,1,warehouse-10-20-10-2-1-random-2.scen
220,warehouse-10-20-10-2-1.map,PIBT,0,227604,100000,11314,10,warehouse-10-20-10-2-1-random-2.scen
220,warehouse-10-20-10-2-1.map,PIBTOLD,0,1025739,100000,5647,10,warehouse-10-20-10-2-1-random-2.scen
220,warehouse-10-20-10-2-1.map,PIBT,0,227604,100000,10942,100,warehouse-10-20-10-2-1-random-2.scen
220,warehouse-10-20-10-2-1.map,PIBTOLD,0,1025739,100000,5701,100,warehouse-10-20-10-2-1-random-2.scen
220,warehouse-10-20-10-2-1.map,PIBT,0,227604,100000,10998,1000,warehouse-10-20-10-2-1-random-2.scen
220,warehouse-10-20-10-2-1.map,PIBTOLD,0,1025739,100000,5762,1000,warehouse-10-20-10-2-1-random-2.scen
260,warehouse-10-20-10-2-1.map,PIBT,0,1529853,100000,12379,0,warehouse-10-20-10-2-1-random-2.scen
260,warehouse-10-20-10-2-1.map,PIBTOLD,0,1529853,100000,6750,0,warehouse-10-20-10-2-1-random-2.scen
260,warehouse-10-20-10-2-1.map,PIBT,0,433399,100000,16134,1,warehouse-10-20-10-2-1-random-2.scen
260,warehouse-10-20-10-2-1.map,PIBTOLD,0,1529853,100000,6727,1,warehouse-10-20-10-2-1-random-2.scen
260,warehouse-10-20-10-2-1.map,PIBT,0,433399,100000,15580,10,warehouse-10-20-10-2-1-random-2.scen
260,warehouse-10-20-10-2-1.map,PIBTOLD,0,1529853,100000,6542,10,warehouse-10-20-10-2-1-random-2.scen
260,warehouse-10-20-10-2-1.map,PIBT,0,433399,100000,15438,100,warehouse-10-20-10-2-1-random-2.scen
260,warehouse-10-20-10-2-1.map,PIBTOLD,0,1529853,100000,6746,100,warehouse-10-20-10-2-1-random-2.scen
260,warehouse-10-20-10-2-1.map,PIBT,0,433399,100000,15483,1000,warehouse-10-20-10-2-1-random-2.scen
260,warehouse-10-20-10-2-1.map,PIBTOLD,0,1529853,100000,6539,1000,warehouse-10-20-10-2-1-random-2.scen
300,warehouse-10-20-10-2-1.map,PIBT,0,2234973,100000,15605,0,warehouse-10-20-10-2-1-random-2.scen
300,warehouse-10-20-10-2-1.map,PIBTOLD,0,2234973,100000,7537,0,warehouse-10-20-10-2-1-random-2.scen
300,warehouse-10-20-10-2-1.map,PIBT,0,1235008,100000,20396,1,warehouse-10-20-10-2-1-random-2.scen
300,warehouse-10-20-10-2-1.map,PIBTOLD,0,2234973,100000,8241,1,warehouse-10-20-10-2-1-random-2.scen
300,warehouse-10-20-10-2-1.map,PIBT,0,1235008,100000,21276,10,warehouse-10-20-10-2-1-random-2.scen
300,warehouse-10-20-10-2-1.map,PIBTOLD,0,2234973,100000,7523,10,warehouse-10-20-10-2-1-random-2.scen
300,warehouse-10-20-10-2-1.map,PIBT,0,1235008,100000,20436,100,warehouse-10-20-10-2-1-random-2.scen
300,warehouse-10-20-10-2-1.map,PIBTOLD,0,2234973,100000,7648,100,warehouse-10-20-10-2-1-random-2.scen
300,warehouse-10-20-10-2-1.map,PIBT,0,1235008,100000,20558,1000,warehouse-10-20-10-2-1-random-2.scen
300,warehouse-10-20-10-2-1.map,PIBTOLD,0,2234973,100000,7447,1000,warehouse-10-20-10-2-1-random-2.scen
340,warehouse-10-20-10-2-1.map,PIBT,0,3340853,100000,18567,0,warehouse-10-20-10-2-1-random-2.scen
340,warehouse-10-20-10-2-1.map,PIBTOLD,0,3340853,100000,8703,0,warehouse-10-20-10-2-1-random-2.scen
340,warehouse-10-20-10-2-1.map,PIBT,0,641765,100000,24563,1,warehouse-10-20-10-2-1-random-2.scen
340,warehouse-10-20-10-2-1.map,PIBTOLD,0,3340853,100000,8865,1,warehouse-10-20-10-2-1-random-2.scen
340,warehouse-10-20-10-2-1.map,PIBT,0,844153,100000,22968,10,warehouse-10-20-10-2-1-random-2.scen
340,warehouse-10-20-10-2-1.map,PIBTOLD,0,3340853,100000,8918,10,warehouse-10-20-10-2-1-random-2.scen
340,warehouse-10-20-10-2-1.map,PIBT,0,844153,100000,22606,100,warehouse-10-20-10-2-1-random-2.scen
340,warehouse-10-20-10-2-1.map,PIBTOLD,0,3340853,100000,8719,100,warehouse-10-20-10-2-1-random-2.scen
340,warehouse-10-20-10-2-1.map,PIBT,0,844153,100000,22468,1000,warehouse-10-20-10-2-1-random-2.scen
340,warehouse-10-20-10-2-1.map,PIBTOLD,0,3340853,100000,8723,1000,warehouse-10-20-10-2-1-random-2.scen
380,warehouse-10-20-10-2-1.map,PIBT,0,4047546,100000,22334,0,warehouse-10-20-10-2-1-random-2.scen
380,warehouse-10-20-10-2-1.map,PIBTOLD,0,4047546,100000,9801,0,warehouse-10-20-10-2-1-random-2.scen
380,warehouse-10-20-10-2-1.map,PIBT,0,645446,100000,42825,1,warehouse-10-20-10-2-1-random-2.scen
380,warehouse-10-20-10-2-1.map,PIBTOLD,0,4047546,100000,9715,1,warehouse-10-20-10-2-1-random-2.scen
380,warehouse-10-20-10-2-1.map,PIBT,0,850483,100000,27663,10,warehouse-10-20-10-2-1-random-2.scen
380,warehouse-10-20-10-2-1.map,PIBTOLD,0,4047546,100000,9684,10,warehouse-10-20-10-2-1-random-2.scen
380,warehouse-10-20-10-2-1.map,PIBT,0,850483,100000,27616,100,warehouse-10-20-10-2-1-random-2.scen
380,warehouse-10-20-10-2-1.map,PIBTOLD,0,4047546,100000,9616,100,warehouse-10-20-10-2-1-random-2.scen
380,warehouse-10-20-10-2-1.map,PIBT,0,850483,100000,27560,1000,warehouse-10-20-10-2-1-random-2.scen
380,warehouse-10-20-10-2-1.map,PIBTOLD,0,4047546,100000,10150,1000,warehouse-10-20-10-2-1-random-2.scen
420,warehouse-10-20-10-2-1.map,PIBT,0,3556026,100000,26094,0,warehouse-10-20-10-2-1-random-2.scen
420,warehouse-10-20-10-2-1.map,PIBTOLD,0,3556026,100000,10769,0,warehouse-10-20-10-2-1-random-2.scen
420,warehouse-10-20-10-2-1.map,PIBT,0,1055954,100000,44154,1,warehouse-10-20-10-2-1-random-2.scen
420,warehouse-10-20-10-2-1.map,PIBTOLD,0,3556026,100000,10714,1,warehouse-10-20-10-2-1-random-2.scen
20,warehouse-10-20-10-2-1.map,PIBT,1,1727,162,4,0,warehouse-10-20-10-2-1-random-7.scen
20,warehouse-10-20-10-2-1.map,PIBTOLD,1,1727,162,3,0,warehouse-10-20-10-2-1-random-7.scen
20,warehouse-10-20-10-2-1.map,PIBT,1,1690,170,4,1,warehouse-10-20-10-2-1-random-7.scen
20,warehouse-10-20-10-2-1.map,PIBTOLD,1,1727,162,3,1,warehouse-10-20-10-2-1-random-7.scen
20,warehouse-10-20-10-2-1.map,PIBT,1,1690,170,4,10,warehouse-10-20-10-2-1-random-7.scen
20,warehouse-10-20-10-2-1.map,PIBTOLD,1,1727,162,3,10,warehouse-10-20-10-2-1-random-7.scen
20,warehouse-10-20-10-2-1.map,PIBT,1,1690,170,4,100,warehouse-10-20-10-2-1-random-7.scen
20,warehouse-10-20-10-2-1.map,PIBTOLD,1,1727,162,3,100,warehouse-10-20-10-2-1-random-7.scen
20,warehouse-10-20-10-2-1.map,PIBT,1,1690,170,4,1000,warehouse-10-20-10-2-1-random-7.scen
20,warehouse-10-20-10-2-1.map,PIBTOLD,1,1727,162,3,1000,warehouse-10-20-10-2-1-random-7.scen
60,warehouse-10-20-10-2-1.map,PIBT,1,6061,192,10,0,warehouse-10-20-10-2-1-random-7.scen
60,warehouse-10-20-10-2-1.map,PIBTOLD,1,6061,192,9,0,warehouse-10-20-10-2-1-random-7.scen
60,warehouse-10-20-10-2-1.map,PIBT,0,5909,100000,2927,1,warehouse-10-20-10-2-1-random-7.scen
60,warehouse-10-20-10-2-1.map,PIBTOLD,1,6061,192,9,1,warehouse-10-20-10-2-1-random-7.scen
60,warehouse-10-20-10-2-1.map,PIBT,0,5909,100000,2872,10,warehouse-10-20-10-2-1-random-7.scen
60,warehouse-10-20-10-2-1.map,PIBTOLD,1,6061,192,8,10,warehouse-10-20-10-2-1-random-7.scen
60,warehouse-10-20-10-2-1.map,PIBT,0,5909,100000,2911,100,warehouse-10-20-10-2-1-random-7.scen
60,warehouse-10-20-10-2-1.map,PIBTOLD,1,6061,192,9,100,warehouse-10-20-10-2-1-random-7.scen
60,warehouse-10-20-10-2-1.map,PIBT,0,5909,100000,2888,1000,warehouse-10-20-10-2-1-random-7.scen
60,warehouse-10-20-10-2-1.map,PIBTOLD,1,6061,192,9,1000,warehouse-10-20-10-2-1-random-7.scen
100,warehouse-10-20-10-2-1.map,PIBT,0,410642,100000,4047,0,warehouse-10-20-10-2-1-random-7.scen
100,warehouse-10-20-10-2-1.map,PIBTOLD,0,410642,100000,3068,0,warehouse-10-20-10-2-1-random-7.scen
100,warehouse-10-20-10-2-1.map,PIBT,0,209851,100000,5050,1,warehouse-10-20-10-2-1-random-7.scen
100,warehouse-10-20-10-2-1.map,PIBTOLD,0,410642,100000,3067,1,warehouse-10-20-10-2-1-random-7.scen
100,warehouse-10-20-10-2-1.map,PIBT,0,209851,100000,4990,10,warehouse-10-20-10-2-1-random-7.scen
100,warehouse-10-20-10-2-1.map,PIBTOLD,0,410642,100000,3056,10,warehouse-10-20-10-2-1-random-7.scen
100,warehouse-10-20-10-2-1.map,PIBT,0,209851,100000,5035,100,warehouse-10-20-10-2-1-random-7.scen
100,warehouse-10-20-10-2-1.map,PIBTOLD,0,410642,100000,3075,100,warehouse-10-20-10-2-1-random-7.scen
100,warehouse-10-20-10-2-1.map,PIBT,0,209851,100000,5048,1000,warehouse-10-20-10-2-1-random-7.scen
100,warehouse-10-20-10-2-1.map,PIBTOLD,0,410642,100000,3092,1000,warehouse-10-20-10-2-1-random-7.scen
140,warehouse-10-20-10-2-1.map,PIBT,0,815517,100000,5663,0,warehouse-10-20-10-2-1-random-7.scen
140,warehouse-10-20-10-2-1.map,PIBTOLD,0,815517,100000,3962,0,warehouse-10-20-10-2-1-random-7.scen
140,warehouse-10-20-10-2-1.map,PIBT,0,215436,100000,7345,1,warehouse-10-20-10-2-1-random-7.scen
140,warehouse-10-20-10-2-1.map,PIBTOLD,0,815517,100000,3862,1,warehouse-10-20-10-2-1-random-7.scen
140,warehouse-10-20-10-2-1.map,PIBT,0,215436,100000,7395,10,warehouse-10-20-10-2-1-random-7.scen
140,warehouse-10-20-10-2-1.map,PIBTOLD,0,815517,100000,3891,10,warehouse-10-20-10-2-1-random-7.scen
140,warehouse-10-20-10-2-1.map,PIBT,0,215436,100000,7376,100,warehouse-10-20-10-2-1-random-7.scen
140,warehouse-10-20-10-2-1.map,PIBTOLD,0,815517,100000,3858,100,warehouse-10-20-10-2-1-random-7.scen
140,warehouse-10-20-10-2-1.map,PIBT,0,215436,100000,7416,1000,warehouse-10-20-10-2-1-random-7.scen
140,warehouse-10-20-10-2-1.map,PIBTOLD,0,815517,100000,3854,1000,warehouse-10-20-10-2-1-random-7.scen
180,warehouse-10-20-10-2-1.map,PIBT,0,920025,100000,7510,0,warehouse-10-20-10-2-1-random-7.scen
180,warehouse-10-20-10-2-1.map,PIBTOLD,0,920025,100000,4641,0,warehouse-10-20-10-2-1-random-7.scen
180,warehouse-10-20-10-2-1.map,PIBT,0,419990,100000,8676,1,warehouse-10-20-10-2-1-random-7.scen
180,warehouse-10-20-10-2-1.map,PIBTOLD,0,920025,100000,4693,1,warehouse-10-20-10-2-1-random-7.scen
180,warehouse-10-20-10-2-1.map,PIBT,0,419990,100000,8735,10,warehouse-10-20-10-2-1-random-7.scen
180,warehouse-10-20-10-2-1.map,PIBTOLD,0,920025,100000,4654,10,warehouse-10-20-10-2-1-random-7.scen
180,warehouse-10-20-10-2-1.map,PIBT,0,419990,100000,8714,100,warehouse-10-20-10-2-1-random-7.scen
180,warehouse-10-20-10-2-1.map,PIBTOLD,0,920025,100000,4629,100,warehouse-10-20-10-2-1-random-7.scen
180,warehouse-10-20-10-2-1.map,PIBT,0,419990,100000,8702,1000,warehouse-10-20-10-2-1-random-7.scen
180,warehouse-10-20-10-2-1.map,PIBTOLD,0,920025,100000,4637,1000,warehouse-10-20-10-2-1-random-7.scen
220,warehouse-10-20-10-2-1.map,PIBT,0,1025739,100000,9656,0,warehouse-10-20-10-2-1-random-7.scen
220,warehouse-10-20-10-2-1.map,PIBTOLD,0,1025739,100000,5562,0,warehouse-10-20-10-2-1-random-7.scen
220,warehouse-10-20-10-2-1.map,PIBT,0,227604,100000,10752,1,warehouse-10-20-10-2-1-random-7.scen
220,warehouse-10-20-10-2-1.map,PIBTOLD,0,1025739,100000,5513,1,warehouse-10-20-10-2-1-random-7.scen
220,warehouse-10-20-10-2-1.map,PIBT,0,227604,100000,10718,10,warehouse-10-20-10-2-1-random-7.scen
220,warehouse-10-20-10-2-1.map,PIBTOLD,0,1025739,100000,5554,10,warehouse-10-20-10-2-1-random-7.scen
220,warehouse-10-20-10-2-1.map,PIBT,0,227604,100000,10656,100,warehouse-10-20-10-2-1-random-7.scen
220,warehouse-10-20-10-2-1.map,PIBTOLD,0,1025739,100000,5492,100,warehouse-10-20-10-2-1-random-7.scen
220,warehouse-10-20-10-2-1.map,PIBT,0,227604,100000,10585,1000,warehouse-10-20-10-2-1-random-7.scen
220,warehouse-10-20-10-2-1.map,PIBTOLD,0,1025739,100000,5422,1000,warehouse-10-20-10-2-1-random-7.scen
260,warehouse-10-20-10-2-1.map,PIBT,0,1529853,100000,12293,0,warehouse-10-20-10-2-1-random-7.scen
260,warehouse-10-20-10-2-1.map,PIBTOLD,0,1529853,100000,6677,0,warehouse-10-20-10-2-1-random-7.scen
260,warehouse-10-20-10-2-1.map,PIBT,0,433399,100000,15522,1,warehouse-10-20-10-2-1-random-7.scen
260,warehouse-10-20-10-2-1.map,PIBTOLD,0,1529853,100000,6658,1,warehouse-10-20-10-2-1-random-7.scen
260,warehouse-10-20-10-2-1.map,PIBT,0,433399,100000,15624,10,warehouse-10-20-10-2-1-random-7.scen
260,warehouse-10-20-10-2-1.map,PIBTOLD,0,1529853,100000,6822,10,warehouse-10-20-10-2-1-random-7.scen
260,warehouse-10-20-10-2-1.map,PIBT,0,433399,100000,15566,100,warehouse-10-20-10-2-1-random-7.scen
260,warehouse-10-20-10-2-1.map,PIBTOLD,0,1529853,100000,6766,100,warehouse-10-20-10-2-1-random-7.scen
260,warehouse-10-20-10-2-1.map,PIBT,0,433399,100000,15510,1000,warehouse-10-20-10-2-1-random-7.scen
260,warehouse-10-20-10-2-1.map,PIBTOLD,0,1529853,100000,6624,1000,warehouse-10-20-10-2-1-random-7.scen
300,warehouse-10-20-10-2-1.map,PIBT,0,2234973,100000,15841,0,warehouse-10-20-10-2-1-random-7.scen
300,warehouse-10-20-10-2-1.map,PIBTOLD,0,2234973,100000,7589,0,warehouse-10-20-10-2-1-random-7.scen
300,warehouse-10-20-10-2-1.map,PIBT,0,1235008,100000,20715,1,warehouse-10-20-10-2-1-random-7.scen
300,warehouse-10-20-10-2-1.map,PIBTOLD,0,2234973,100000,7480,1,warehouse-10-20-10-2-1-random-7.scen
300,warehouse-10-20-10-2-1.map,PIBT,0,1235008,100000,20473,10,warehouse-10-20-10-2-1-random-7.scen
300,warehouse-10-20-10-2-1.map,PIBTOLD,0,2234973,100000,7726,10,warehouse-10-20-10-2-1-random-7.scen
300,warehouse-10-20-10-2-1.map,PIBT,0,1235008,100000,21050,100,warehouse-10-20-10-2-1-random-7.scen
300,warehouse-10-20-10-2-1.map,PIBTOLD,0,2234973,100000,7476,100,warehouse-10-20-10-2-1-random-7.scen
300,warehouse-10-20-10-2-1.map,PIBT,0,1235008,100000,20834,1000,warehouse-10-20-10-2-1-random-7.scen
300,warehouse-10-20-10-2-1.map,PIBTOLD,0,2234973,100000,8072,1000,warehouse-10-20-10-2-1-random-7.scen
340,warehouse-10-20-10-2-1.map,PIBT,0,3340853,100000,18818,0,warehouse-10-20-10-2-1-random-7.scen
340,warehouse-10-20-10-2-1.map,PIBTOLD,0,3340853,100000,8833,0,warehouse-10-20-10-2-1-random-7.scen
340,warehouse-10-20-10-2-1.map,PIBT,0,43764,100000,26544,1,warehouse-10-20-10-2-1-random-7.scen
340,warehouse-10-20-10-2-1.map,PIBTOLD,0,3340853,100000,8939,1,warehouse-10-20-10-2-1-random-7.scen
340,warehouse-10-20-10-2-1.map,PIBT,0,646617,100000,22081,10,warehouse-10-20-10-2-1-random-7.scen
340,warehouse-10-20-10-2-1.map,PIBTOLD,0,3340853,100000,9155,10,warehouse-10-20-10-2-1-random-7.scen
340,warehouse-10-20-10-2-1.map,PIBT,0,844153,100000,23099,100,warehouse-10-20-10-2-1-random-7.scen
340,warehouse-10-20-10-2-1.map,PIBTOLD,0,3340853,100000,8900,100,warehouse-10-20-10-2-1-random-7.scen
340,warehouse-10-20-10-2-1.map,PIBT,0,844153,100000,22617,1000,warehouse-10-20-10-2-1-random-7.scen
340,warehouse-10-20-10-2-1.map,PIBTOLD,0,3340853,100000,8996,1000,warehouse-10-20-10-2-1-random-7.scen
380,warehouse-10-20-10-2-1.map,PIBT,0,4047546,100000,21992,0,warehouse-10-20-10-2-1-random-7.scen
380,warehouse-10-20-10-2-1.map,PIBTOLD,0,4047546,100000,10669,0,warehouse-10-20-10-2-1-random-7.scen
380,warehouse-10-20-10-2-1.map,PIBT,0,10231955,100000,45887,1,warehouse-10-20-10-2-1-random-7.scen
380,warehouse-10-20-10-2-1.map,PIBTOLD,0,4047546,100000,13247,1,warehouse-10-20-10-2-1-random-7.scen
380,warehouse-10-20-10-2-1.map,PIBT,0,850483,100000,35816,10,warehouse-10-20-10-2-1-random-7.scen
380,warehouse-10-20-10-2-1.map,PIBTOLD,0,4047546,100000,12875,10,warehouse-10-20-10-2-1-random-7.scen
380,warehouse-10-20-10-2-1.map,PIBT,0,850483,100000,33884,100,warehouse-10-20-10-2-1-random-7.scen
380,warehouse-10-20-10-2-1.map,PIBTOLD,0,4047546,100000,9855,100,warehouse-10-20-10-2-1-random-7.scen
380,warehouse-10-20-10-2-1.map,PIBT,0,850483,100000,27731,1000,warehouse-10-20-10-2-1-random-7.scen
380,warehouse-10-20-10-2-1.map,PIBTOLD,0,4047546,100000,10175,1000,warehouse-10-20-10-2-1-random-7.scen
420,warehouse-10-20-10-2-1.map,PIBT,0,3556026,100000,25682,0,warehouse-10-20-10-2-1-random-7.scen
420,warehouse-10-20-10-2-1.map,PIBTOLD,0,3556026,100000,10722,0,warehouse-10-20-10-2-1-random-7.scen
420,warehouse-10-20-10-2-1.map,PIBT,0,3366446,100000,43784,1,warehouse-10-20-10-2-1-random-7.scen
420,warehouse-10-20-10-2-1.map,PIBTOLD,0,3556026,100000,13660,1,warehouse-10-20-10-2-1-random-7.scen
420,warehouse-10-20-10-2-1.map,PIBT,0,862934,100000,47807,10,warehouse-10-20-10-2-1-random-7.scen
420,warehouse-10-20-10-2-1.map,PIBTOLD,0,3556026,100000,14663,10,warehouse-10-20-10-2-1-random-7.scen
420,warehouse-10-20-10-2-1.map,PIBT,0,654422,100000,46623,100,warehouse-10-20-10-2-1-random-7.scen
420,warehouse-10-20-10-2-1.map,PIBTOLD,0,3556026,100000,14216,100,warehouse-10-20-10-2-1-random-7.scen
420,warehouse-10-20-10-2-1.map,PIBT,0,457143,100000,53857,1000,warehouse-10-20-10-2-1-random-7.scen
420,warehouse-10-20-10-2-1.map,PIBTOLD,0,3556026,100000,14485,1000,warehouse-10-20-10-2-1-random-7.scen
20,warehouse-10-20-10-2-1.map,PIBT,1,1727,162,5,0,warehouse-10-20-10-2-1-random-6.scen
20,warehouse-10-20-10-2-1.map,PIBTOLD,1,1727,162,4,0,warehouse-10-20-10-2-1-random-6.scen
20,warehouse-10-20-10-2-1.map,PIBT,1,1690,170,5,1,warehouse-10-20-10-2-1-random-6.scen
20,warehouse-10-20-10-2-1.map,PIBTOLD,1,1727,162,4,1,warehouse-10-20-10-2-1-random-6.scen
20,warehouse-10-20-10-2-1.map,PIBT,1,1690,170,5,10,warehouse-10-20-10-2-1-random-6.scen
20,warehouse-10-20-10-2-1.map,PIBTOLD,1,1727,162,4,10,warehouse-10-20-10-2-1-random-6.scen
20,warehouse-10-20-10-2-1.map,PIBT,1,1690,170,5,100,warehouse-10-20-10-2-1-random-6.scen
20,warehouse-10-20-10-2-1.map,PIBTOLD,1,1727,162,4,100,warehouse-10-20-10-2-1-random-6.scen
20,warehouse-10-20-10-2-1.map,PIBT,1,1690,170,4,1000,warehouse-10-20-10-2-1-random-6.scen
20,warehouse-10-20-10-2-1.map,PIBTOLD,1,1727,162,4,1000,warehouse-10-20-10-2-1-random-6.scen
60,warehouse-10-20-10-2-1.map,PIBT,1,6061,192,13,0,warehouse-10-20-10-2-1-random-6.scen
60,warehouse-10-20-10-2-1.map,PIBTOLD,1,6061,192,11,0,warehouse-10-20-10-2-1-random-6.scen
60,warehouse-10-20-10-2-1.map,PIBT,0,5909,100000,3747,1,warehouse-10-20-10-2-1-random-6.scen
60,warehouse-10-20-10-2-1.map,PIBTOLD,1,6061,192,13,1,warehouse-10-20-10-2-1-random-6.scen
60,warehouse-10-20-10-2-1.map,PIBT,0,5909,100000,3927,10,warehouse-10-20-10-2-1-random-6.scen
60,warehouse-10-20-10-2-1.map,PIBTOLD,1,6061,192,10,10,warehouse-10-20-10-2-1-random-6.scen
60,warehouse-10-20-10-2-1.map,PIBT,0,5909,100000,3776,100,warehouse-10-20-10-2-1-random-6.scen
60,warehouse-10-20-10-2-1.map,PIBTOLD,1,6061,192,11,100,warehouse-10-20-10-2-1-random-6.scen
60,warehouse-10-20-10-2-1.map,PIBT,0,5909,100000,3607,1000,warehouse-10-20-10-2-1-random-6.scen
60,warehouse-10-20-10-2-1.map,PIBTOLD,1,6061,192,11,1000,warehouse-10-20-10-2-1-random-6.scen
100,warehouse-10-20-10-2-1.map,PIBT,0,410642,100000,5901,0,warehouse-10-20-10-2-1-random-6.scen
100,warehouse-10-20-10-2-1.map,PIBTOLD,0,410642,100000,4425,0,warehouse-10-20-10-2-1-random-6.scen
100,warehouse-10-20-10-2-1.map,PIBT,0,209851,100000,6486,1,warehouse-10-20-10-2-1-random-6.scen
100,warehouse-10-20-10-2-1.map,PIBTOLD,0,410642,100000,3937,1,warehouse-10-20-10-2-1-random-6.scen
100,warehouse-10-20-10-2-1.map,PIBT,0,209851,100000,7080,10,warehouse-10-20-10-2-1-random-6.scen
100,warehouse-10-20-10-2-1.map,PIBTOLD,0,410642,100000,4031,10,warehouse-10-20-10-2-1-random-6.scen
100,warehouse-10-20-10-2-1.map,PIBT,0,209851,100000,6621,100,warehouse-10-20-10-2-1-random-6.scen
100,warehouse-10-20-10-2-1.map,PIBTOLD,0,410642,100000,3857,100,warehouse-10-20-10-2-1-random-6.scen
100,warehouse-10-20-10-2-1.map,PIBT,0,209851,100000,6334,1000,warehouse-10-20-10-2-1-random-6.scen
100,warehouse-10-20-10-2-1.map,PIBTOLD,0,410642,100000,3488,1000,warehouse-10-20-10-2-1-random-6.scen
140,warehouse-10-20-10-2-1.map,PIBT,0,815517,100000,5958,0,warehouse-10-20-10-2-1-random-6.scen
140,warehouse-10-20-10-2-1.map,PIBTOLD,0,815517,100000,3861,0,warehouse-10-20-10-2-1-random-6.scen
140,warehouse-10-20-10-2-1.map,PIBT,0,215436,100000,7358,1,warehouse-10-20-10-2-1-random-6.scen
140,warehouse-10-20-10-2-1.map,PIBTOLD,0,815517,100000,3864,1,warehouse-10-20-10-2-1-random-6.scen
140,warehouse-10-20-10-2-1.map,PIBT,0,215436,100000,7332,10,warehouse-10-20-10-2-1-random-6.scen
140,warehouse-10-20-10-2-1.map,PIBTOLD,0,815517,100000,3934,10,warehouse-10-20-10-2-1-random-6.scen
140,warehouse-10-20-10-2-1.map,PIBT,0,215436,100000,7473,100,warehouse-10-20-10-2-1-random-6.scen
140,warehouse-10-20-10-2-1.map,PIBTOLD,0,815517,100000,3868,100,warehouse-10-20-10-2-1-random-6.scen
140,warehouse-10-20-10-2-1.map,PIBT,0,215436,100000,7336,1000,warehouse-10-20-10-2-1-random-6.scen
140,warehouse-10-20-10-2-1.map,PIBTOLD,0,815517,100000,3803,1000,warehouse-10-20-10-2-1-random-6.scen
180,warehouse-10-20-10-2-1.map,PIBT,0,920025,100000,7592,0,warehouse-10-20-10-2-1-random-6.scen
180,warehouse-10-20-10-2-1.map,PIBTOLD,0,920025,100000,4652,0,warehouse-10-20-10-2-1-random-6.scen
180,warehouse-10-20-10-2-1.map,PIBT,0,419990,100000,8733,1,warehouse-10-20-10-2-1-random-6.scen
180,warehouse-10-20-10-2-1.map,PIBTOLD,0,920025,100000,4603,1,warehouse-10-20-10-2-1-random-6.scen
180,warehouse-10-20-10-2-1.map,PIBT,0,419990,100000,8583,10,warehouse-10-20-10-2-1-random-6.scen
180,warehouse-10-20-10-2-1.map,PIBTOLD,0,920025,100000,4715,10,warehouse-10-20-10-2-1-random-6.scen
180,warehouse-10-20-10-2-1.map,PIBT,0,419990,100000,8567,100,warehouse-10-20-10-2-1-random-6.scen
180,warehouse-10-20-10-2-1.map,PIBTOLD,0,920025,100000,4625,100,warehouse-10-20-10-2-1-random-6.scen
180,warehouse-10-20-10-2-1.map,PIBT,0,419990,100000,8474,1000,warehouse-10-20-10-2-1-random-6.scen
180,warehouse-10-20-10-2-1.map,PIBTOLD,0,920025,100000,4618,1000,warehouse-10-20-10-2-1-random-6.scen
220,warehouse-10-20-10-2-1.map,PIBT,0,1025739,100000,9785,0,warehouse-10-20-10-2-1-random-6.scen
220,warehouse-10-20-10-2-1.map,PIBTOLD,0,1025739,100000,5439,0,warehouse-10-20-10-2-1-random-6.scen
220,warehouse-10-20-10-2-1.map,PIBT,0,227604,100000,10608,1,warehouse-10-20-10-2-1-random-6.scen
220,warehouse-10-20-10-2-1.map,PIBTOLD,0,1025739,100000,5668,1,warehouse-10-20-10-2-1-random-6.scen
220,warehouse-10-20-10-2-1.map,PIBT,0,227604,100000,10636,10,warehouse-10-20-10-2-1-random-6.scen
220,warehouse-10-20-10-2-1.map,PIBTOLD,0,1025739,100000,5521,10,warehouse-10-20-10-2-1-random-6.scen
220,warehouse-10-20-10-2-1.map,PIBT,0,227604,100000,10582,100,warehouse-10-20-10-2-1-random-6.scen
220,warehouse-10-20-10-2-1.map,PIBTOLD,0,1025739,100000,5600,100,warehouse-10-20-10-2-1-random-6.scen
220,warehouse-10-20-10-2-1.map,PIBT,0,227604,100000,10586,1000,warehouse-10-20-10-2-1-random-6.scen
220,warehouse-10-20-10-2-1.map,PIBTOLD,0,1025739,100000,5447,1000,warehouse-10-20-10-2-1-random-6.scen
260,warehouse-10-20-10-2-1.map,PIBT,0,1529853,100000,12138,0,warehouse-10-20-10-2-1-random-6.scen
260,warehouse-10-20-10-2-1.map,PIBTOLD,0,1529853,100000,6606,0,warehouse-10-20-10-2-1-random-6.scen
260,warehouse-10-20-10-2-1.map,PIBT,0,433399,100000,15649,1,warehouse-10-20-10-2-1-random-6.scen
260,warehouse-10-20-10-2-1.map,PIBTOLD,0,1529853,100000,6713,1,warehouse-10-20-10-2-1-random-6.scen
260,warehouse-10-20-10-2-1.map,PIBT,0,433399,100000,15664,10,warehouse-10-20-10-2-1-random-6.scen
260,warehouse-10-20-10-2-1.map,PIBTOLD,0,1529853,100000,6712,10,warehouse-10-20-10-2-1-random-6.scen
260,warehouse-10-20-10-2-1.map,PIBT,0,433399,100000,15452,100,warehouse-10-20-10-2-1-random-6.scen
260,warehouse-10-20-10-2-1.map,PIBTOLD,0,1529853,100000,6545,100,warehouse-10-20-10-2-1-random-6.scen
260,warehouse-10-20-10-2-1.map,PIBT,0,433399,100000,15580,1000,warehouse-10-20-10-2-1-random-6.scen
260,warehouse-10-20-10-2-1.map,PIBTOLD,0,1529853,100000,6797,1000,warehouse-10-20-10-2-1-random-6.scen
300,warehouse-10-20-10-2-1.map,PIBT,0,2234973,100000,15510,0,warehouse-10-20-10-2-1-random-6.scen
300,warehouse-10-20-10-2-1.map,PIBTOLD,0,2234973,100000,7561,0,warehouse-10-20-10-2-1-random-6.scen
300,warehouse-10-20-10-2-1.map,PIBT,0,1235008,100000,20331,1,warehouse-10-20-10-2-1-random-6.scen
300,warehouse-10-20-10-2-1.map,PIBTOLD,0,2234973,100000,7562,1,warehouse-10-20-10-2-1-random-6.scen
300,warehouse-10-20-10-2-1.map,PIBT,0,1235008,100000,21164,10,warehouse-10-20-10-2-1-random-6.scen
300,warehouse-10-20-10-2-1.map,PIBTOLD,0,2234973,100000,7632,10,warehouse-10-20-10-2-1-random-6.scen
300,warehouse-10-20-10-2-1.map,PIBT,0,1235008,100000,21064,100,warehouse-10-20-10-2-1-random-6.scen
300,warehouse-10-20-10-2-1.map,PIBTOLD,0,2234973,100000,7710,100,warehouse-10-20-10-2-1-random-6.scen
300,warehouse-10-20-10-2-1.map,PIBT,0,1235008,100000,20383,1000,warehouse-10-20-10-2-1-random-6.scen
300,warehouse-10-20-10-2-1.map,PIBTOLD,0,2234973,100000,7499,1000,warehouse-10-20-10-2-1-random-6.scen
340,warehouse-10-20-10-2-1.map,PIBT,0,3340853,100000,18571,0,warehouse-10-20-10-2-1-random-6.scen
340,warehouse-10-20-10-2-1.map,PIBTOLD,0,3340853,100000,9030,0,warehouse-10-20-10-2-1-random-6.scen
340,warehouse-10-20-10-2-1.map,PIBT,0,1242757,100000,24161,1,warehouse-10-20-10-2-1-random-6.scen
340,warehouse-10-20-10-2-1.map,PIBTOLD,0,3340853,100000,9232,1,warehouse-10-20-10-2-1-random-6.scen
340,warehouse-10-20-10-2-1.map,PIBT,0,844153,100000,23952,10,warehouse-10-20-10-2-1-random-6.scen
340,warehouse-10-20-10-2-1.map,PIBTOLD,0,3340853,100000,8998,10,warehouse-10-20-10-2-1-random-6.scen
340,warehouse-10-20-10-2-1.map,PIBT,0,844153,100000,22808,100,warehouse-10-20-10-2-1-random-6.scen
340,warehouse-10-20-10-2-1.map,PIBTOLD,0,3340853,100000,8729,100,warehouse-10-20-10-2-1-random-6.scen
340,warehouse-10-20-10-2-1.map,PIBT,0,844153,100000,22863,1000,warehouse-10-20-10-2-1-random-6.scen
340,warehouse-10-20-10-2-1.map,PIBTOLD,0,3340853,100000,8691,1000,warehouse-10-20-10-2-1-random-6.scen
380,warehouse-10-20-10-2-1.map,PIBT,0,4047546,100000,22189,0,warehouse-10-20-10-2-1-random-6.scen
380,warehouse-10-20-10-2-1.map,PIBTOLD,0,4047546,100000,9753,0,warehouse-10-20-10-2-1-random-6.scen
380,warehouse-10-20-10-2-1.map,PIBT,0,848162,100000,31653,1,warehouse-10-20-10-2-1-random-6.scen
380,warehouse-10-20-10-2-1.map,PIBTOLD,0,4047546,100000,9682,1,warehouse-10-20-10-2-1-random-6.scen
380,warehouse-10-20-10-2-1.map,PIBT,0,850483,100000,28063,10,warehouse-10-20-10-2-1-random-6.scen
380,warehouse-10-20-10-2-1.map,PIBTOLD,0,4047546,100000,9949,10,warehouse-10-20-10-2-1-random-6.scen
380,warehouse-10-20-10-2-1.map,PIBT,0,850483,100000,28265,100,warehouse-10-20-10-2-1-random-6.scen
380,warehouse-10-20-10-2-1.map,PIBTOLD,0,4047546,100000,10170,100,warehouse-10-20-10-2-1-random-6.scen
380,warehouse-10-20-10-2-1.map,PIBT,0,850483,100000,27612,1000,warehouse-10-20-10-2-1-random-6.scen
380,warehouse-10-20-10-2-1.map,PIBTOLD,0,4047546,100000,9860,1000,warehouse-10-20-10-2-1-random-6.scen
420,warehouse-10-20-10-2-1.map,PIBT,0,3556026,100000,25934,0,warehouse-10-20-10-2-1-random-6.scen
420,warehouse-10-20-10-2-1.map,PIBTOLD,0,3556026,100000,10861,0,warehouse-10-20-10-2-1-random-6.scen
420,warehouse-10-20-10-2-1.map,PIBT,0,1655889,100000,37788,1,warehouse-10-20-10-2-1-random-6.scen
420,warehouse-10-20-10-2-1.map,PIBTOLD,0,3556026,100000,10973,1,warehouse-10-20-10-2-1-random-6.scen
420,warehouse-10-20-10-2-1.map,PIBT,0,1453015,100000,50702,10,warehouse-10-20-10-2-1-random-6.scen
420,warehouse-10-20-10-2-1.map,PIBTOLD,0,3556026,100000,10751,10,warehouse-10-20-10-2-1-random-6.scen
420,warehouse-10-20-10-2-1.map,PIBT,0,1058805,100000,35701,100,warehouse-10-20-10-2-1-random-6.scen
420,warehouse-10-20-10-2-1.map,PIBTOLD,0,3556026,100000,11011,100,warehouse-10-20-10-2-1-random-6.scen
420,warehouse-10-20-10-2-1.map,PIBT,0,457143,100000,41781,1000,warehouse-10-20-10-2-1-random-6.scen
420,warehouse-10-20-10-2-1.map,PIBTOLD,0,3556026,100000,10801,1000,warehouse-10-20-10-2-1-random-6.scen
20,warehouse-10-20-10-2-1.map,PIBT,1,1727,162,4,0,warehouse-10-20-10-2-1-random-4.scen
20,warehouse-10-20-10-2-1.map,PIBTOLD,1,1727,162,4,0,warehouse-10-20-10-2-1-random-4.scen
20,warehouse-10-20-10-2-1.map,PIBT,1,1690,170,4,1,warehouse-10-20-10-2-1-random-4.scen
20,warehouse-10-20-10-2-1.map,PIBTOLD,1,1727,162,4,1,warehouse-10-20-10-2-1-random-4.scen
20,warehouse-10-20-10-2-1.map,PIBT,1,1690,170,4,10,warehouse-10-20-10-2-1-random-4.scen
20,warehouse-10-20-10-2-1.map,PIBTOLD,1,1727,162,4,10,warehouse-10-20-10-2-1-random-4.scen
20,warehouse-10-20-10-2-1.map,PIBT,1,1690,170,4,100,warehouse-10-20-10-2-1-random-4.scen
20,warehouse-10-20-10-2-1.map,PIBTOLD,1,1727,162,3,100,warehouse-10-20-10-2-1-random-4.scen
20,warehouse-10-20-10-2-1.map,PIBT,1,1690,170,4,1000,warehouse-10-20-10-2-1-random-4.scen
20,warehouse-10-20-10-2-1.map,PIBTOLD,1,1727,162,3,1000,warehouse-10-20-10-2-1-random-4.scen
60,warehouse-10-20-10-2-1.map,PIBT,1,6061,192,10,0,warehouse-10-20-10-2-1-random-4.scen
60,warehouse-10-20-10-2-1.map,PIBTOLD,1,6061,192,9,0,warehouse-10-20-10-2-1-random-4.scen
60,warehouse-10-20-10-2-1.map,PIBT,0,5909,100000,2851,1,warehouse-10-20-10-2-1-random-4.scen
60,warehouse-10-20-10-2-1.map,PIBTOLD,1,6061,192,9,1,warehouse-10-20-10-2-1-random-4.scen
60,warehouse-10-20-10-2-1.map,PIBT,0,5909,100000,2914,10,warehouse-10-20-10-2-1-random-4.scen
60,warehouse-10-20-10-2-1.map,PIBTOLD,1,6061,192,9,10,warehouse-10-20-10-2-1-random-4.scen
60,warehouse-10-20-10-2-1.map,PIBT,0,5909,100000,2841,100,warehouse-10-20-10-2-1-random-4.scen
60,warehouse-10-20-10-2-1.map,PIBTOLD,1,6061,192,9,100,warehouse-10-20-10-2-1-random-4.scen
60,warehouse-10-20-10-2-1.map,PIBT,0,5909,100000,2856,1000,warehouse-10-20-10-2-1-random-4.scen
60,warehouse-10-20-10-2-1.map,PIBTOLD,1,6061,192,9,1000,warehouse-10-20-10-2-1-random-4.scen
100,warehouse-10-20-10-2-1.map,PIBT,0,410642,100000,4041,0,warehouse-10-20-10-2-1-random-4.scen
100,warehouse-10-20-10-2-1.map,PIBTOLD,0,410642,100000,3100,0,warehouse-10-20-10-2-1-random-4.scen
100,warehouse-10-20-10-2-1.map,PIBT,0,209851,100000,5056,1,warehouse-10-20-10-2-1-random-4.scen
100,warehouse-10-20-10-2-1.map,PIBTOLD,0,410642,100000,3082,1,warehouse-10-20-10-2-1-random-4.scen
100,warehouse-10-20-10-2-1.map,PIBT,0,209851,100000,5006,10,warehouse-10-20-10-2-1-random-4.scen
100,warehouse-10-20-10-2-1.map,PIBTOLD,0,410642,100000,3081,10,warehouse-10-20-10-2-1-random-4.scen
100,warehouse-10-20-10-2-1.map,PIBT,0,209851,100000,5055,100,warehouse-10-20-10-2-1-random-4.scen
100,warehouse-10-20-10-2-1.map,PIBTOLD,0,410642,100000,3067,100,warehouse-10-20-10-2-1-random-4.scen
100,warehouse-10-20-10-2-1.map,PIBT,0,209851,100000,4997,1000,warehouse-10-20-10-2-1-random-4.scen
100,warehouse-10-20-10-2-1.map,PIBTOLD,0,410642,100000,3058,1000,warehouse-10-20-10-2-1-random-4.scen
140,warehouse-10-20-10-2-1.map,PIBT,0,815517,100000,5910,0,warehouse-10-20-10-2-1-random-4.scen
140,warehouse-10-20-10-2-1.map,PIBTOLD,0,815517,100000,3838,0,warehouse-10-20-10-2-1-random-4.scen
140,warehouse-10-20-10-2-1.map,PIBT,0,215436,100000,7401,1,warehouse-10-20-10-2-1-random-4.scen
140,warehouse-10-20-10-2-1.map,PIBTOLD,0,815517,100000,3843,1,warehouse-10-20-10-2-1-random-4.scen
140,warehouse-10-20-10-2-1.map,PIBT,0,215436,100000,7482,10,warehouse-10-20-10-2-1-random-4.scen
140,warehouse-10-20-10-2-1.map,PIBTOLD,0,815517,100000,3880,10,warehouse-10-20-10-2-1-random-4.scen
140,warehouse-10-20-10-2-1.map,PIBT,0,215436,100000,7499,100,warehouse-10-20-10-2-1-random-4.scen
140,warehouse-10-20-10-2-1.map,PIBTOLD,0,815517,100000,3846,100,warehouse-10-20-10-2-1-random-4.scen
140,warehouse-10-20-10-2-1.map,PIBT,0,215436,100000,7535,1000,warehouse-10-20-10-2-1-random-4.scen
140,warehouse-10-20-10-2-1.map,PIBTOLD,0,815517,100000,3915,1000,warehouse-10-20-10-2-1-random-4.scen
180,warehouse-10-20-10-2-1.map,PIBT,0,920025,100000,7604,0,warehouse-10-20-10-2-1-random-4.scen
180,warehouse-10-20-10-2-1.map,PIBTOLD,0,920025,100000,4689,0,warehouse-10-20-10-2-1-random-4.scen
180,warehouse-10-20-10-2-1.map,PIBT,0,419990,100000,8620,1,warehouse-10-20-10-2-1-random-4.scen
180,warehouse-10-20-10-2-1.map,PIBTOLD,0,920025,100000,4617,1,warehouse-10-20-10-2-1-random-4.scen
180,warehouse-10-20-10-2-1.map,PIBT,0,419990,100000,8675,10,warehouse-10-20-10-2-1-random-4.scen
180,warehouse-10-20-10-2-1.map,PIBTOLD,0,920025,100000,4651,10,warehouse-10-20-10-2-1-random-4.scen
180,warehouse-10-20-10-2-1.map,PIBT,0,419990,100000,8864,100,warehouse-10-20-10-2-1-random-4.scen
180,warehouse-10-20-10-2-1.map,PIBTOLD,0,920025,100000,4750,100,warehouse-10-20-10-2-1-random-4.scen
180,warehouse-10-20-10-2-1.map,PIBT,0,419990,100000,8549,1000,warehouse-10-20-10-2-1-random-4.scen
180,warehouse-10-20-10-2-1.map,PIBTOLD,0,920025,100000,4609,1000,warehouse-10-20-10-2-1-random-4.scen
220,warehouse-10-20-10-2-1.map,PIBT,0,1025739,100000,9744,0,warehouse-10-20-10-2-1-random-4.scen
220,warehouse-10-20-10-2-1.map,PIBTOLD,0,1025739,100000,5540,0,warehouse-10-20-10-2-1-random-4.scen
220,warehouse-10-20-10-2-1.map,PIBT,0,227604,100000,10610,1,warehouse-10-20-10-2-1-random-4.scen
220,warehouse-10-20-10-2-1.map,PIBTOLD,0,1025739,100000,5608,1,warehouse-10-20-10-2-1-random-4.scen
220,warehouse-10-20-10-2-1.map,PIBT,0,227604,100000,10624,10,warehouse-10-20-10-2-1-random-4.scen
220,warehouse-10-20-10-2-1.map,PIBTOLD,0,1025739,100000,5605,10,warehouse-10-20-10-2-1-random-4.scen
220,warehouse-10-20-10-2-1.map,PIBT,0,227604,100000,10665,100,warehouse-10-20-10-2-1-random-4.scen
220,warehouse-10-20-10-2-1.map,PIBTOLD,0,1025739,100000,5603,100,warehouse-10-20-10-2-1-random-4.scen
220,warehouse-10-20-10-2-1.map,PIBT,0,227604,100000,10786,1000,warehouse-10-20-10-2-1-random-4.scen
220,warehouse-10-20-10-2-1.map,PIBTOLD,0,1025739,100000,5604,1000,warehouse-10-20-10-2-1-random-4.scen
260,warehouse-10-20-10-2-1.map,PIBT,0,1529853,100000,12084,0,warehouse-10-20-10-2-1-random-4.scen
260,warehouse-10-20-10-2-1.map,PIBTOLD,0,1529853,100000,6644,0,warehouse-10-20-10-2-1-random-4.scen
260,warehouse-10-20-10-2-1.map,PIBT,0,433399,100000,15559,1,warehouse-10-20-10-2-1-random-4.scen
260,warehouse-10-20-10-2-1.map,PIBTOLD,0,1529853,100000,6699,1,warehouse-10-20-10-2-1-random-4.scen
260,warehouse-10-20-10-2-1.map,PIBT,0,433399,100000,15582,10,warehouse-10-20-10-2-1-random-4.scen
260,warehouse-10-20-10-2-1.map,PIBTOLD,0,1529853,100000,6890,10,warehouse-10-20-10-2-1-random-4.scen
260,warehouse-10-20-10-2-1.map,PIBT,0,433399,100000,15621,100,warehouse-10-20-10-2-1-random-4.scen
260,warehouse-10-20-10-2-1.map,PIBTOLD,0,1529853,100000,6702,100,warehouse-10-20-10-2-1-random-4.scen
260,warehouse-10-20-10-2-1.map,PIBT,0,433399,100000,15589,1000,warehouse-10-20-10-2-1-random-4.scen
260,warehouse-10-20-10-2-1.map,PIBTOLD,0,1529853,100000,6477,1000,warehouse-10-20-10-2-1-random-4.scen
300,warehouse-10-20-10-2-1.map,PIBT,0,2234973,100000,15506,0,warehouse-10-20-10-2-1-random-4.scen
300,warehouse-10-20-10-2-1.map,PIBTOLD,0,2234973,100000,7737,0,warehouse-10-20-10-2-1-random-4.scen
300,warehouse-10-20-10-2-1.map,PIBT,0,1235008,100000,20773,1,warehouse-10-20-10-2-1-random-4.scen
300,warehouse-10-20-10-2-1.map,PIBTOLD,0,2234973,100000,7543,1,warehouse-10-20-10-2-1-random-4.scen
300,warehouse-10-20-10-2-1.map,PIBT,0,1235008,100000,20954,10,warehouse-10-20-10-2-1-random-4.scen
300,warehouse-10-20-10-2-1.map,PIBTOLD,0,2234973,100000,8148,10,warehouse-10-20-10-2-1-random-4.scen
300,warehouse-10-20-10-2-1.map,PIBT,0,1235008,100000,20914,100,warehouse-10-20-10-2-1-random-4.scen
300,warehouse-10-20-10-2-1.map,PIBTOLD,0,2234973,100000,7537,100,warehouse-10-20-10-2-1-random-4.scen
300,warehouse-10-20-10-2-1.map,PIBT,0,1235008,100000,20718,1000,warehouse-10-20-10-2-1-random-4.scen
300,warehouse-10-20-10-2-1.map,PIBTOLD,0,2234973,100000,7532,1000,warehouse-10-20-10-2-1-random-4.scen
340,warehouse-10-20-10-2-1.map,PIBT,0,3340853,100000,18560,0,warehouse-10-20-10-2-1-random-4.scen
340,warehouse-10-20-10-2-1.map,PIBTOLD,0,3340853,100000,9112,0,warehouse-10-20-10-2-1-random-4.scen
340,warehouse-10-20-10-2-1.map,PIBT,0,444654,100000,22714,1,warehouse-10-20-10-2-1-random-4.scen
340,warehouse-10-20-10-2-1.map,PIBTOLD,0,3340853,100000,8866,1,warehouse-10-20-10-2-1-random-4.scen
340,warehouse-10-20-10-2-1.map,PIBT,0,844153,100000,22511,10,warehouse-10-20-10-2-1-random-4.scen
340,warehouse-10-20-10-2-1.map,PIBTOLD,0,3340853,100000,8696,10,warehouse-10-20-10-2-1-random-4.scen
340,warehouse-10-20-10-2-1.map,PIBT,0,844153,100000,22846,100,warehouse-10-20-10-2-1-random-4.scen
340,warehouse-10-20-10-2-1.map,PIBTOLD,0,3340853,100000,8819,100,warehouse-10-20-10-2-1-random-4.scen
340,warehouse-10-20-10-2-1.map,PIBT,0,844153,100000,23284,1000,warehouse-10-20-10-2-1-random-4.scen
340,warehouse-10-20-10-2-1.map,PIBTOLD,0,3340853,100000,8798,1000,warehouse-10-20-10-2-1-random-4.scen
380,warehouse-10-20-10-2-1.map,PIBT,0,4047546,100000,24181,0,warehouse-10-20-10-2-1-random-4.scen
380,warehouse-10-20-10-2-1.map,PIBTOLD,0,4047546,100000,9773,0,warehouse-10-20-10-2-1-random-4.scen
380,warehouse-10-20-10-2-1.map,PIBT,0,247920,100000,42336,1,warehouse-10-20-10-2-1-random-4.scen
380,warehouse-10-20-10-2-1.map,PIBTOLD,0,4047546,100000,10484,1,warehouse-10-20-10-2-1-random-4.scen
380,warehouse-10-20-10-2-1.map,PIBT,0,850483,100000,27584,10,warehouse-10-20-10-2-1-random-4.scen
380,warehouse-10-20-10-2-1.map,PIBTOLD,0,4047546,100000,9974,10,warehouse-10-20-10-2-1-random-4.scen
380,warehouse-10-20-10-2-1.map,PIBT,0,850483,100000,28118,100,warehouse-10-20-10-2-1-random-4.scen
380,warehouse-10-20-10-2-1.map,PIBTOLD,0,4047546,100000,10099,100,warehouse-10-20-10-2-1-random-4.scen
380,warehouse-10-20-10-2-1.map,PIBT,0,850483,100000,27501,1000,warehouse-10-20-10-2-1-random-4.scen
380,warehouse-10-20-10-2-1.map,PIBTOLD,0,4047546,100000,9815,1000,warehouse-10-20-10-2-1-random-4.scen
420,warehouse-10-20-10-2-1.map,PIBT,0,3556026,100000,25765,0,warehouse-10-20-10-2-1-random-4.scen
420,warehouse-10-20-10-2-1.map,PIBTOLD,0,3556026,100000,10703,0,warehouse-10-20-10-2-1-random-4.scen
420,warehouse-10-20-10-2-1.map,PIBT,0,458914,100000,38492,1,warehouse-10-20-10-2-1-random-4.scen
420,warehouse-10-20-10-2-1.map,PIBTOLD,0,3556026,100000,10979,1,warehouse-10-20-10-2-1-random-4.scen
420,warehouse-10-20-10-2-1.map,PIBT,0,1259412,100000,37611,10,warehouse-10-20-10-2-1-random-4.scen
420,warehouse-10-20-10-2-1.map,PIBTOLD,0,3556026,100000,10566,10,warehouse-10-20-10-2-1-random-4.scen
420,warehouse-10-20-10-2-1.map,PIBT,0,1254755,100000,49441,100,warehouse-10-20-10-2-1-random-4.scen
420,warehouse-10-20-10-2-1.map,PIBTOLD,0,3556026,100000,10798,100,warehouse-10-20-10-2-1-random-4.scen
420,warehouse-10-20-10-2-1.map,PIBT,0,457143,100000,41706,1000,warehouse-10-20-10-2-1-random-4.scen
420,warehouse-10-20-10-2-1.map,PIBTOLD,0,3556026,100000,10684,1000,warehouse-10-20-10-2-1-random-4.scen
20,warehouse-10-20-10-2-1.map,PIBT,1,1727,162,3,0,warehouse-10-20-10-2-1-random-8.scen
20,warehouse-10-20-10-2-1.map,PIBTOLD,1,1727,162,4,0,warehouse-10-20-10-2-1-random-8.scen
20,warehouse-10-20-10-2-1.map,PIBT,1,1690,170,3,1,warehouse-10-20-10-2-1-random-8.scen
20,warehouse-10-20-10-2-1.map,PIBTOLD,1,1727,162,3,1,warehouse-10-20-10-2-1-random-8.scen
20,warehouse-10-20-10-2-1.map,PIBT,1,1690,170,4,10,warehouse-10-20-10-2-1-random-8.scen
20,warehouse-10-20-10-2-1.map,PIBTOLD,1,1727,162,3,10,warehouse-10-20-10-2-1-random-8.scen
20,warehouse-10-20-10-2-1.map,PIBT,1,1690,170,4,100,warehouse-10-20-10-2-1-random-8.scen
20,warehouse-10-20-10-2-1.map,PIBTOLD,1,1727,162,3,100,warehouse-10-20-10-2-1-random-8.scen
20,warehouse-10-20-10-2-1.map,PIBT,1,1690,170,4,1000,warehouse-10-20-10-2-1-random-8.scen
20,warehouse-10-20-10-2-1.map,PIBTOLD,1,1727,162,3,1000,warehouse-10-20-10-2-1-random-8.scen
60,warehouse-10-20-10-2-1.map,PIBT,1,6061,192,10,0,warehouse-10-20-10-2-1-random-8.scen
60,warehouse-10-20-10-2-1.map,PIBTOLD,1,6061,192,9,0,warehouse-10-20-10-2-1-random-8.scen
60,warehouse-10-20-10-2-1.map,PIBT,0,5909,100000,2860,1,warehouse-10-20-10-2-1-random-8.scen
60,warehouse-10-20-10-2-1.map,PIBTOLD,1,6061,192,9,1,warehouse-10-20-10-2-1-random-8.scen
60,warehouse-10-20-10-2-1.map,PIBT,0,5909,100000,2901,10,warehouse-10-20-10-2-1-random-8.scen
60,warehouse-10-20-10-2-1.map,PIBTOLD,1,6061,192,9,10,warehouse-10-20-10-2-1-random-8.scen
60,warehouse-10-20-10-2-1.map,PIBT,0,5909,100000,2895,100,warehouse-10-20-10-2-1-random-8.scen
60,warehouse-10-20-10-2-1.map,PIBTOLD,1,6061,192,9,100,warehouse-10-20-10-2-1-random-8.scen
60,warehouse-10-20-10-2-1.map,PIBT,0,5909,100000,2886,1000,warehouse-10-20-10-2-1-random-8.scen
60,warehouse-10-20-10-2-1.map,PIBTOLD,1,6061,192,9,1000,warehouse-10-20-10-2-1-random-8.scen
100,warehouse-10-20-10-2-1.map,PIBT,0,410642,100000,4006,0,warehouse-10-20-10-2-1-random-8.scen
100,warehouse-10-20-10-2-1.map,PIBTOLD,0,410642,100000,3077,0,warehouse-10-20-10-2-1-random-8.scen
100,warehouse-10-20-10-2-1.map,PIBT,0,209851,100000,5070,1,warehouse-10-20-10-2-1-random-8.scen
100,warehouse-10-20-10-2-1.map,PIBTOLD,0,410642,100000,3107,1,warehouse-10-20-10-2-1-random-8.scen
100,warehouse-10-20-10-2-1.map,PIBT,0,209851,100000,4935,10,warehouse-10-20-10-2-1-random-8.scen
100,warehouse-10-20-10-2-1.map,PIBTOLD,0,410642,100000,3080,10,warehouse-10-20-10-2-1-random-8.scen
100,warehouse-10-20-10-2-1.map,PIBT,0,209851,100000,5045,100,warehouse-10-20-10-2-1-random-8.scen
100,warehouse-10-20-10-2-1.map,PIBTOLD,0,410642,100000,3065,100,warehouse-10-20-10-2-1-random-8.scen
100,warehouse-10-20-10-2-1.map,PIBT,0,209851,100000,4996,1000,warehouse-10-20-10-2-1-random-8.scen
100,warehouse-10-20-10-2-1.map,PIBTOLD,0,410642,100000,3103,1000,warehouse-10-20-10-2-1-random-8.scen
140,warehouse-10-20-10-2-1.map,PIBT,0,815517,100000,5726,0,warehouse-10-20-10-2-1-random-8.scen
140,warehouse-10-20-10-2-1.map,PIBTOLD,0,815517,100000,3847,0,warehouse-10-20-10-2-1-random-8.scen
140,warehouse-10-20-10-2-1.map,PIBT,0,215436,100000,7363,1,warehouse-10-20-10-2-1-random-8.scen
140,warehouse-10-20-10-2-1.map,PIBTOLD,0,815517,100000,3867,1,warehouse-10-20-10-2-1-random-8.scen
140,warehouse-10-20-10-2-1.map,PIBT,0,215436,100000,7307,10,warehouse-10-20-10-2-1-random-8.scen
140,warehouse-10-20-10-2-1.map,PIBTOLD,0,815517,100000,3846,10,warehouse-10-20-10-2-1-random-8.scen
140,warehouse-10-20-10-2-1.map,PIBT,0,215436,100000,7387,100,warehouse-10-20-10-2-1-random-8.scen
140,warehouse-10-20-10-2-1.map,PIBTOLD,0,815517,100000,3818,100,warehouse-10-20-10-2-1-random-8.scen
140,warehouse-10-20-10-2-1.map,PIBT,0,215436,100000,7511,1000,warehouse-10-20-10-2-1-random-8.scen
140,warehouse-10-20-10-2-1.map,PIBTOLD,0,815517,100000,3954,1000,warehouse-10-20-10-2-1-random-8.scen
180,warehouse-10-20-10-2-1.map,PIBT,0,920025,100000,7467,0,warehouse-10-20-10-2-1-random-8.scen
180,warehouse-10-20-10-2-1.map,PIBTOLD,0,920025,100000,4778,0,warehouse-10-20-10-2-1-random-8.scen
180,warehouse-10-20-10-2-1.map,PIBT,0,419990,100000,8796,1,warehouse-10-20-10-2-1-random-8.scen
180,warehouse-10-20-10-2-1.map,PIBTOLD,0,920025,100000,4601,1,warehouse-10-20-10-2-1-random-8.scen
180,warehouse-10-20-10-2-1.map,PIBT,0,419990,100000,8647,10,warehouse-10-20-10-2-1-random-8.scen
180,warehouse-10-20-10-2-1.map,PIBTOLD,0,920025,100000,4645,10,warehouse-10-20-10-2-1-random-8.scen
180,warehouse-10-20-10-2-1.map,PIBT,0,419990,100000,8633,100,warehouse-10-20-10-2-1-random-8.scen
180,warehouse-10-20-10-2-1.map,PIBTOLD,0,920025,100000,4678,100,warehouse-10-20-10-2-1-random-8.scen
180,warehouse-10-20-10-2-1.map,PIBT,0,419990,100000,8517,1000,warehouse-10-20-10-2-1-random-8.scen
180,warehouse-10-20-10-2-1.map,PIBTOLD,0,920025,100000,4638,1000,warehouse-10-20-10-2-1-random-8.scen
220,warehouse-10-20-10-2-1.map,PIBT,0,1025739,100000,9693,0,warehouse-10-20-10-2-1-random-8.scen
220,warehouse-10-20-10-2-1.map,PIBTOLD,0,1025739,100000,5530,0,warehouse-10-20-10-2-1-random-8.scen
220,warehouse-10-20-10-2-1.map,PIBT,0,227604,100000,10628,1,warehouse-10-20-10-2-1-random-8.scen
220,warehouse-10-20-10-2-1.map,PIBTOLD,0,1025739,100000,5602,1,warehouse-10-20-10-2-1-random-8.scen
220,warehouse-10-20-10-2-1.map,PIBT,0,227604,100000,10641,10,warehouse-10-20-10-2-1-random-8.scen
220,warehouse-10-20-10-2-1.map,PIBTOLD,0,1025739,100000,5660,10,warehouse-10-20-10-2-1-random-8.scen
220,warehouse-10-20-10-2-1.map,PIBT,0,227604,100000,10630,100,warehouse-10-20-10-2-1-random-8.scen
220,warehouse-10-20-10-2-1.map,PIBTOLD,0,1025739,100000,5485,100,warehouse-10-20-10-2-1-random-8.scen
220,warehouse-10-20-10-2-1.map,PIBT,0,227604,100000,10658,1000,warehouse-10-20-10-2-1-random-8.scen
220,warehouse-10-20-10-2-1.map,PIBTOLD,0,1025739,100000,5474,1000,warehouse-10-20-10-2-1-random-8.scen
260,warehouse-10-20-10-2-1.map,PIBT,0,1529853,100000,12031,0,warehouse-10-20-10-2-1-random-8.scen
260,warehouse-10-20-10-2-1.map,PIBTOLD,0,1529853,100000,6567,0,warehouse-10-20-10-2-1-random-8.scen
260,warehouse-10-20-10-2-1.map,PIBT,0,433399,100000,15422,1,warehouse-10-20-10-2-1-random-8.scen
260,warehouse-10-20-10-2-1.map,PIBTOLD,0,1529853,100000,6684,1,warehouse-10-20-10-2-1-random-8.scen
260,warehouse-10-20-10-2-1.map,PIBT,0,433399,100000,15530,10,warehouse-10-20-10-2-1-random-8.scen
260,warehouse-10-20-10-2-1.map,PIBTOLD,0,1529853,100000,6663,10,warehouse-10-20-10-2-1-random-8.scen
260,warehouse-10-20-10-2-1.map,PIBT,0,433399,100000,15671,100,warehouse-10-20-10-2-1-random-8.scen
260,warehouse-10-20-10-2-1.map,PIBTOLD,0,1529853,100000,6767,100,warehouse-10-20-10-2-1-random-8.scen
260,warehouse-10-20-10-2-1.map,PIBT,0,433399,100000,15643,1000,warehouse-10-20-10-2-1-random-8.scen
260,warehouse-10-20-10-2-1.map,PIBTOLD,0,1529853,100000,6657,1000,warehouse-10-20-10-2-1-random-8.scen
300,warehouse-10-20-10-2-1.map,PIBT,0,2234973,100000,15455,0,warehouse-10-20-10-2-1-random-8.scen
300,warehouse-10-20-10-2-1.map,PIBTOLD,0,2234973,100000,7655,0,warehouse-10-20-10-2-1-random-8.scen
300,warehouse-10-20-10-2-1.map,PIBT,0,1235008,100000,20528,1,warehouse-10-20-10-2-1-random-8.scen
300,warehouse-10-20-10-2-1.map,PIBTOLD,0,2234973,100000,7505,1,warehouse-10-20-10-2-1-random-8.scen
300,warehouse-10-20-10-2-1.map,PIBT,0,1235008,100000,20690,10,warehouse-10-20-10-2-1-random-8.scen
300,warehouse-10-20-10-2-1.map,PIBTOLD,0,2234973,100000,7576,10,warehouse-10-20-10-2-1-random-8.scen
300,warehouse-10-20-10-2-1.map,PIBT,0,1235008,100000,20812,100,warehouse-10-20-10-2-1-random-8.scen
300,warehouse-10-20-10-2-1.map,PIBTOLD,0,2234973,100000,7634,100,warehouse-10-20-10-2-1-random-8.scen
300,warehouse-10-20-10-2-1.map,PIBT,0,1235008,100000,20565,1000,warehouse-10-20-10-2-1-random-8.scen
300,warehouse-10-20-10-2-1.map,PIBTOLD,0,2234973,100000,7589,1000,warehouse-10-20-10-2-1-random-8.scen
340,warehouse-10-20-10-2-1.map,PIBT,0,3340853,100000,18455,0,warehouse-10-20-10-2-1-random-8.scen
340,warehouse-10-20-10-2-1.map,PIBTOLD,0,3340853,100000,8596,0,warehouse-10-20-10-2-1-random-8.scen
340,warehouse-10-20-10-2-1.map,PIBT,0,443008,100000,28017,1,warehouse-10-20-10-2-1-random-8.scen
340,warehouse-10-20-10-2-1.map,PIBTOLD,0,3340853,100000,8770,1,warehouse-10-20-10-2-1-random-8.scen
340,warehouse-10-20-10-2-1.map,PIBT,0,844153,100000,22525,10,warehouse-10-20-10-2-1-random-8.scen
340,warehouse-10-20-10-2-1.map,PIBTOLD,0,3340853,100000,9114,10,warehouse-10-20-10-2-1-random-8.scen
340,warehouse-10-20-10-2-1.map,PIBT,0,844153,100000,22478,100,warehouse-10-20-10-2-1-random-8.scen
340,warehouse-10-20-10-2-1.map,PIBTOLD,0,3340853,100000,8903,100,warehouse-10-20-10-2-1-random-8.scen
340,warehouse-10-20-10-2-1.map,PIBT,0,844153,100000,22562,1000,warehouse-10-20-10-2-1-random-8.scen
340,warehouse-10-20-10-2-1.map,PIBTOLD,0,3340853,100000,8957,1000,warehouse-10-20-10-2-1-random-8.scen
380,warehouse-10-20-10-2-1.map,PIBT,0,4047546,100000,21982,0,warehouse-10-20-10-2-1-random-8.scen
380,warehouse-10-20-10-2-1.map,PIBTOLD,0,4047546,100000,9679,0,warehouse-10-20-10-2-1-random-8.scen
380,warehouse-10-20-10-2-1.map,PIBT,0,1042196,100000,42260,1,warehouse-10-20-10-2-1-random-8.scen
380,warehouse-10-20-10-2-1.map,PIBTOLD,0,4047546,100000,9679,1,warehouse-10-20-10-2-1-random-8.scen
380,warehouse-10-20-10-2-1.map,PIBT,0,850483,100000,27564,10,warehouse-10-20-10-2-1-random-8.scen
380,warehouse-10-20-10-2-1.map,PIBTOLD,0,4047546,100000,9938,10,warehouse-10-20-10-2-1-random-8.scen
380,warehouse-10-20-10-2-1.map,PIBT,0,850483,100000,27788,100,warehouse-10-20-10-2-1-random-8.scen
380,warehouse-10-20-10-2-1.map,PIBTOLD,0,4047546,100000,10103,100,warehouse-10-20-10-2-1-random-8.scen
380,warehouse-10-20-10-2-1.map,PIBT,0,850483,100000,27806,1000,warehouse-10-20-10-2-1-random-8.scen
380,warehouse-10-20-10-2-1.map,PIBTOLD,0,4047546,100000,9918,1000,warehouse-10-20-10-2-1-random-8.scen
420,warehouse-10-20-10-2-1.map,PIBT,0,3556026,100000,25833,0,warehouse-10-20-10-2-1-random-8.scen
420,warehouse-10-20-10-2-1.map,PIBTOLD,0,3556026,100000,10709,0,warehouse-10-20-10-2-1-random-8.scen
420,warehouse-10-20-10-2-1.map,PIBT,0,854314,100000,40024,1,warehouse-10-20-10-2-1-random-8.scen
420,warehouse-10-20-10-2-1.map,PIBTOLD,0,3556026,100000,11003,1,warehouse-10-20-10-2-1-random-8.scen
420,warehouse-10-20-10-2-1.map,PIBT,0,655758,100000,36263,10,warehouse-10-20-10-2-1-random-8.scen
420,warehouse-10-20-10-2-1.map,PIBTOLD,0,3556026,100000,10767,10,warehouse-10-20-10-2-1-random-8.scen
420,warehouse-10-20-10-2-1.map,PIBT,0,1255448,100000,38308,100,warehouse-10-20-10-2-1-random-8.scen
420,warehouse-10-20-10-2-1.map,PIBTOLD,0,3556026,100000,11056,100,warehouse-10-20-10-2-1-random-8.scen
420,warehouse-10-20-10-2-1.map,PIBT,0,457143,100000,41712,1000,warehouse-10-20-10-2-1-random-8.scen
420,warehouse-10-20-10-2-1.map,PIBTOLD,0,3556026,100000,10545,1000,warehouse-10-20-10-2-1-random-8.scen
20,warehouse-10-20-10-2-1.map,PIBT,1,1727,162,4,0,warehouse-10-20-10-2-1-random-3.scen
20,warehouse-10-20-10-2-1.map,PIBTOLD,1,1727,162,4,0,warehouse-10-20-10-2-1-random-3.scen
20,warehouse-10-20-10-2-1.map,PIBT,1,1690,170,4,1,warehouse-10-20-10-2-1-random-3.scen
20,warehouse-10-20-10-2-1.map,PIBTOLD,1,1727,162,3,1,warehouse-10-20-10-2-1-random-3.scen
20,warehouse-10-20-10-2-1.map,PIBT,1,1690,170,4,10,warehouse-10-20-10-2-1-random-3.scen
20,warehouse-10-20-10-2-1.map,PIBTOLD,1,1727,162,3,10,warehouse-10-20-10-2-1-random-3.scen
20,warehouse-10-20-10-2-1.map,PIBT,1,1690,170,4,100,warehouse-10-20-10-2-1-random-3.scen
20,warehouse-10-20-10-2-1.map,PIBTOLD,1,1727,162,3,100,warehouse-10-20-10-2-1-random-3.scen
20,warehouse-10-20-10-2-1.map,PIBT,1,1690,170,4,1000,warehouse-10-20-10-2-1-random-3.scen
20,warehouse-10-20-10-2-1.map,PIBTOLD,1,1727,162,3,1000,warehouse-10-20-10-2-1-random-3.scen
60,warehouse-10-20-10-2-1.map,PIBT,1,6061,192,10,0,warehouse-10-20-10-2-1-random-3.scen
60,warehouse-10-20-10-2-1.map,PIBTOLD,1,6061,192,9,0,warehouse-10-20-10-2-1-random-3.scen
60,warehouse-10-20-10-2-1.map,PIBT,0,5909,100000,2884,1,warehouse-10-20-10-2-1-random-3.scen
60,warehouse-10-20-10-2-1.map,PIBTOLD,1,6061,192,9,1,warehouse-10-20-10-2-1-random-3.scen
60,warehouse-10-20-10-2-1.map,PIBT,0,5909,100000,2874,10,warehouse-10-20-10-2-1-random-3.scen
60,warehouse-10-20-10-2-1.map,PIBTOLD,1,6061,192,9,10,warehouse-10-20-10-2-1-random-3.scen
60,warehouse-10-20-10-2-1.map,PIBT,0,5909,100000,2958,100,warehouse-10-20-10-2-1-random-3.scen
60,warehouse-10-20-10-2-1.map,PIBTOLD,1,6061,192,9,100,warehouse-10-20-10-2-1-random-3.scen
60,warehouse-10-20-10-2-1.map,PIBT,0,5909,100000,2870,1000,warehouse-10-20-10-2-1-random-3.scen
60,warehouse-10-20-10-2-1.map,PIBTOLD,1,6061,192,9,1000,warehouse-10-20-10-2-1-random-3.scen
100,warehouse-10-20-10-2-1.map,PIBT,0,410642,100000,4084,0,warehouse-10-20-10-2-1-random-3.scen
100,warehouse-10-20-10-2-1.map,PIBTOLD,0,410642,100000,3070,0,warehouse-10-20-10-2-1-random-3.scen
100,warehouse-10-20-10-2-1.map,PIBT,0,209851,100000,5035,1,warehouse-10-20-10-2-1-random-3.scen
100,warehouse-10-20-10-2-1.map,PIBTOLD,0,410642,100000,3103,1,warehouse-10-20-10-2-1-random-3.scen
100,warehouse-10-20-10-2-1.map,PIBT,0,209851,100000,4994,10,warehouse-10-20-10-2-1-random-3.scen
100,warehouse-10-20-10-2-1.map,PIBTOLD,0,410642,100000,3068,10,warehouse-10-20-10-2-1-random-3.scen
100,warehouse-10-20-10-2-1.map,PIBT,0,209851,100000,5011,100,warehouse-10-20-10-2-1-random-3.scen
100,warehouse-10-20-10-2-1.map,PIBTOLD,0,410642,100000,3150,100,warehouse-10-20-10-2-1-random-3.scen
100,warehouse-10-20-10-2-1.map,PIBT,0,209851,100000,5110,1000,warehouse-10-20-10-2-1-random-3.scen
100,warehouse-10-20-10-2-1.map,PIBTOLD,0,410642,100000,3126,1000,warehouse-10-20-10-2-1-random-3.scen
140,warehouse-10-20-10-2-1.map,PIBT,0,815517,100000,5762,0,warehouse-10-20-10-2-1-random-3.scen
140,warehouse-10-20-10-2-1.map,PIBTOLD,0,815517,100000,3832,0,warehouse-10-20-10-2-1-random-3.scen
140,warehouse-10-20-10-2-1.map,PIBT,0,215436,100000,7384,1,warehouse-10-20-10-2-1-random-3.scen
140,warehouse-10-20-10-2-1.map,PIBTOLD,0,815517,100000,3872,1,warehouse-10-20-10-2-1-random-3.scen
140,warehouse-10-20-10-2-1.map,PIBT,0,215436,100000,7331,10,warehouse-10-20-10-2-1-random-3.scen
140,warehouse-10-20-10-2-1.map,PIBTOLD,0,815517,100000,3859,10,warehouse-10-20-10-2-1-random-3.scen
140,warehouse-10-20-10-2-1.map,PIBT,0,215436,100000,7493,100,warehouse-10-20-10-2-1-random-3.scen
140,warehouse-10-20-10-2-1.map,PIBTOLD,0,815517,100000,3863,100,warehouse-10-20-10-2-1-random-3.scen
140,warehouse-10-20-10-2-1.map,PIBT,0,215436,100000,7431,1000,warehouse-10-20-10-2-1-random-3.scen
140,warehouse-10-20-10-2-1.map,PIBTOLD,0,815517,100000,3886,1000,warehouse-10-20-10-2-1-random-3.scen
180,warehouse-10-20-10-2-1.map,PIBT,0,920025,100000,7554,0,warehouse-10-20-10-2-1-random-3.scen
180,warehouse-10-20-10-2-1.map,PIBTOLD,0,920025,100000,4653,0,warehouse-10-20-10-2-1-random-3.scen
180,warehouse-10-20-10-2-1.map,PIBT,0,419990,100000,8690,1,warehouse-10-20-10-2-1-random-3.scen
180,warehouse-10-20-10-2-1.map,PIBTOLD,0,920025,100000,4722,1,warehouse-10-20-10-2-1-random-3.scen
180,warehouse-10-20-10-2-1.map,PIBT,0,419990,100000,8694,10,warehouse-10-20-10-2-1-random-3.scen
180,warehouse-10-20-10-2-1.map,PIBTOLD,0,920025,100000,4719,10,warehouse-10-20-10-2-1-random-3.scen
180,warehouse-10-20-10-2-1.map,PIBT,0,419990,100000,8684,100,warehouse-10-20-10-2-1-random-3.scen
180,warehouse-10-20-10-2-1.map,PIBTOLD,0,920025,100000,4719,100,warehouse-10-20-10-2-1-random-3.scen
180,warehouse-10-20-10-2-1.map,PIBT,0,419990,100000,8648,1000,warehouse-10-20-10-2-1-random-3.scen
180,warehouse-10-20-10-2-1.map,PIBTOLD,0,920025,100000,4657,1000,warehouse-10-20-10-2-1-random-3.scen
220,warehouse-10-20-10-2-1.map,PIBT,0,1025739,100000,9653,0,warehouse-10-20-10-2-1-random-3.scen
220,warehouse-10-20-10-2-1.map,PIBTOLD,0,1025739,100000,5534,0,warehouse-10-20-10-2-1-random-3.scen
220,warehouse-10-20-10-2-1.map,PIBT,0,227604,100000,10595,1,warehouse-10-20-10-2-1-random-3.scen
220,warehouse-10-20-10-2-1.map,PIBTOLD,0,1025739,100000,5483,1,warehouse-10-20-10-2-1-random-3.scen
220,warehouse-10-20-10-2-1.map,PIBT,0,227604,100000,10614,10,warehouse-10-20-10-2-1-random-3.scen
220,warehouse-10-20-10-2-1.map,PIBTOLD,0,1025739,100000,5464,10,warehouse-10-20-10-2-1-random-3.scen
220,warehouse-10-20-10-2-1.map,PIBT,0,227604,100000,10629,100,warehouse-10-20-10-2-1-random-3.scen
220,warehouse-10-20-10-2-1.map,PIBTOLD,0,1025739,100000,5667,100,warehouse-10-20-10-2-1-random-3.scen
220,warehouse-10-20-10-2-1.map,PIBT,0,227604,100000,10624,1000,warehouse-10-20-10-2-1-random-3.scen
220,warehouse-10-20-10-2-1.map,PIBTOLD,0,1025739,100000,5538,1000,warehouse-10-20-10-2-1-random-3.scen
260,warehouse-10-20-10-2-1.map,PIBT,0,1529853,100000,12093,0,warehouse-10-20-10-2-1-random-3.scen
260,warehouse-10-20-10-2-1.map,PIBTOLD,0,1529853,100000,6874,0,warehouse-10-20-10-2-1-random-3.scen
260,warehouse-10-20-10-2-1.map,PIBT,0,433399,100000,15567,1,warehouse-10-20-10-2-1-random-3.scen
260,warehouse-10-20-10-2-1.map,PIBTOLD,0,1529853,100000,6574,1,warehouse-10-20-10-2-1-random-3.scen
260,warehouse-10-20-10-2-1.map,PIBT,0,433399,100000,15486,10,warehouse-10-20-10-2-1-random-3.scen
260,warehouse-10-20-10-2-1.map,PIBTOLD,0,1529853,100000,6665,10,warehouse-10-20-10-2-1-random-3.scen
260,warehouse-10-20-10-2-1.map,PIBT,0,433399,100000,15741,100,warehouse-10-20-10-2-1-random-3.scen
260,warehouse-10-20-10-2-1.map,PIBTOLD,0,1529853,100000,6559,100,warehouse-10-20-10-2-1-random-3.scen
260,warehouse-10-20-10-2-1.map,PIBT,0,433399,100000,15416,1000,warehouse-10-20-10-2-1-random-3.scen
260,warehouse-10-20-10-2-1.map,PIBTOLD,0,1529853,100000,6916,1000,warehouse-10-20-10-2-1-random-3.scen
300,warehouse-10-20-10-2-1.map,PIBT,0,2234973,100000,15762,0,warehouse-10-20-10-2-1-random-3.scen
300,warehouse-10-20-10-2-1.map,PIBTOLD,0,2234973,100000,7834,0,warehouse-10-20-10-2-1-random-3.scen
300,warehouse-10-20-10-2-1.map,PIBT,0,1235008,100000,21270,1,warehouse-10-20-10-2-1-random-3.scen
300,warehouse-10-20-10-2-1.map,PIBTOLD,0,2234973,100000,8192,1,warehouse-10-20-10-2-1-random-3.scen
300,warehouse-10-20-10-2-1.map,PIBT,0,1235008,100000,20569,10,warehouse-10-20-10-2-1-random-3.scen
300,warehouse-10-20-10-2-1.map,PIBTOLD,0,2234973,100000,7713,10,warehouse-10-20-10-2-1-random-3.scen
300,warehouse-10-20-10-2-1.map,PIBT,0,1235008,100000,20626,100,warehouse-10-20-10-2-1-random-3.scen
300,warehouse-10-20-10-2-1.map,PIBTOLD,0,2234973,100000,7656,100,warehouse-10-20-10-2-1-random-3.scen
300,warehouse-10-20-10-2-1.map,PIBT,0,1235008,100000,20537,1000,warehouse-10-20-10-2-1-random-3.scen
300,warehouse-10-20-10-2-1.map,PIBTOLD,0,2234973,100000,8203,1000,warehouse-10-20-10-2-1-random-3.scen
340,warehouse-10-20-10-2-1.map,PIBT,0,3340853,100000,18682,0,warehouse-10-20-10-2-1-random-3.scen
340,warehouse-10-20-10-2-1.map,PIBTOLD,0,3340853,100000,8879,0,warehouse-10-20-10-2-1-random-3.scen
340,warehouse-10-20-10-2-1.map,PIBT,0,444955,100000,22480,1,warehouse-10-20-10-2-1-random-3.scen
340,warehouse-10-20-10-2-1.map,PIBTOLD,0,3340853,100000,8991,1,warehouse-10-20-10-2-1-random-3.scen
340,warehouse-10-20-10-2-1.map,PIBT,0,844153,100000,22733,10,warehouse-10-20-10-2-1-random-3.scen
340,warehouse-10-20-10-2-1.map,PIBTOLD,0,3340853,100000,8992,10,warehouse-10-20-10-2-1-random-3.scen
340,warehouse-10-20-10-2-1.map,PIBT,0,844153,100000,22448,100,warehouse-10-20-10-2-1-random-3.scen
340,warehouse-10-20-10-2-1.map,PIBTOLD,0,3340853,100000,8754,100,warehouse-10-20-10-2-1-random-3.scen
340,warehouse-10-20-10-2-1.map,PIBT,0,844153,100000,22553,1000,warehouse-10-20-10-2-1-random-3.scen
340,warehouse-10-20-10-2-1.map,PIBTOLD,0,3340853,100000,8803,1000,warehouse-10-20-10-2-1-random-3.scen
380,warehouse-10-20-10-2-1.map,PIBT,0,4047546,100000,22273,0,warehouse-10-20-10-2-1-random-3.scen
380,warehouse-10-20-10-2-1.map,PIBTOLD,0,4047546,100000,10152,0,warehouse-10-20-10-2-1-random-3.scen
380,warehouse-10-20-10-2-1.map,PIBT,0,1248353,100000,30241,1,warehouse-10-20-10-2-1-random-3.scen
380,warehouse-10-20-10-2-1.map,PIBTOLD,0,4047546,100000,9855,1,warehouse-10-20-10-2-1-random-3.scen
380,warehouse-10-20-10-2-1.map,PIBT,0,850483,100000,27796,10,warehouse-10-20-10-2-1-random-3.scen
380,warehouse-10-20-10-2-1.map,PIBTOLD,0,4047546,100000,9670,10,warehouse-10-20-10-2-1-random-3.scen
380,warehouse-10-20-10-2-1.map,PIBT,0,850483,100000,27701,100,warehouse-10-20-10-2-1-random-3.scen
380,warehouse-10-20-10-2-1.map,PIBTOLD,0,4047546,100000,10064,100,warehouse-10-20-10-2-1-random-3.scen
380,warehouse-10-20-10-2-1.map,PIBT,0,850483,100000,27680,1000,warehouse-10-20-10-2-1-random-3.scen
380,warehouse-10-20-10-2-1.map,PIBTOLD,0,4047546,100000,10006,1000,warehouse-10-20-10-2-1-random-3.scen
420,warehouse-10-20-10-2-1.map,PIBT,0,3556026,100000,25898,0,warehouse-10-20-10-2-1-random-3.scen
420,warehouse-10-20-10-2-1.map,PIBTOLD,0,3556026,100000,10773,0,warehouse-10-20-10-2-1-random-3.scen
420,warehouse-10-20-10-2-1.map,PIBT,0,853428,100000,48599,1,warehouse-10-20-10-2-1-random-3.scen
420,warehouse-10-20-10-2-1.map,PIBTOLD,0,3556026,100000,10853,1,warehouse-10-20-10-2-1-random-3.scen
420,warehouse-10-20-10-2-1.map,PIBT,0,1265962,100000,40315,10,warehouse-10-20-10-2-1-random-3.scen
420,warehouse-10-20-10-2-1.map,PIBTOLD,0,3556026,100000,10780,10,warehouse-10-20-10-2-1-random-3.scen
420,warehouse-10-20-10-2-1.map,PIBT,0,1255391,100000,39782,100,warehouse-10-20-10-2-1-random-3.scen
420,warehouse-10-20-10-2-1.map,PIBTOLD,0,3556026,100000,10931,100,warehouse-10-20-10-2-1-random-3.scen
420,warehouse-10-20-10-2-1.map,PIBT,0,457143,100000,41948,1000,warehouse-10-20-10-2-1-random-3.scen
420,warehouse-10-20-10-2-1.map,PIBTOLD,0,3556026,100000,10960,1000,warehouse-10-20-10-2-1-random-3.scen
20,warehouse-10-20-10-2-1.map,PIBT,1,1727,162,3,0,warehouse-10-20-10-2-1-random-5.scen
20,warehouse-10-20-10-2-1.map,PIBTOLD,1,1727,162,3,0,warehouse-10-20-10-2-1-random-5.scen
20,warehouse-10-20-10-2-1.map,PIBT,1,1690,170,4,1,warehouse-10-20-10-2-1-random-5.scen
20,warehouse-10-20-10-2-1.map,PIBTOLD,1,1727,162,3,1,warehouse-10-20-10-2-1-random-5.scen
20,warehouse-10-20-10-2-1.map,PIBT,1,1690,170,4,10,warehouse-10-20-10-2-1-random-5.scen
20,warehouse-10-20-10-2-1.map,PIBTOLD,1,1727,162,3,10,warehouse-10-20-10-2-1-random-5.scen
20,warehouse-10-20-10-2-1.map,PIBT,1,1690,170,4,100,warehouse-10-20-10-2-1-random-5.scen
20,warehouse-10-20-10-2-1.map,PIBTOLD,1,1727,162,3,100,warehouse-10-20-10-2-1-random-5.scen
20,warehouse-10-20-10-2-1.map,PIBT,1,1690,170,4,1000,warehouse-10-20-10-2-1-random-5.scen
20,warehouse-10-20-10-2-1.map,PIBTOLD,1,1727,162,4,1000,warehouse-10-20-10-2-1-random-5.scen
60,warehouse-10-20-10-2-1.map,PIBT,1,6061,192,10,0,warehouse-10-20-10-2-1-random-5.scen
60,warehouse-10-20-10-2-1.map,PIBTOLD,1,6061,192,8,0,warehouse-10-20-10-2-1-random-5.scen
60,warehouse-10-20-10-2-1.map,PIBT,0,5909,100000,2851,1,warehouse-10-20-10-2-1-random-5.scen
60,warehouse-10-20-10-2-1.map,PIBTOLD,1,6061,192,9,1,warehouse-10-20-10-2-1-random-5.scen
60,warehouse-10-20-10-2-1.map,PIBT,0,5909,100000,2904,10,warehouse-10-20-10-2-1-random-5.scen
60,warehouse-10-20-10-2-1.map,PIBTOLD,1,6061,192,9,10,warehouse-10-20-10-2-1-random-5.scen
60,warehouse-10-20-10-2-1.map,PIBT,0,5909,100000,2854,100,warehouse-10-20-10-2-1-random-5.scen
60,warehouse-10-20-10-2-1.map,PIBTOLD,1,6061,192,9,100,warehouse-10-20-10-2-1-random-5.scen
60,warehouse-10-20-10-2-1.map,PIBT,0,5909,100000,3043,1000,warehouse-10-20-10-2-1-random-5.scen
60,warehouse-10-20-10-2-1.map,PIBTOLD,1,6061,192,8,1000,warehouse-10-20-10-2-1-random-5.scen
100,warehouse-10-20-10-2-1.map,PIBT,0,410642,100000,4096,0,warehouse-10-20-10-2-1-random-5.scen
100,warehouse-10-20-10-2-1.map,PIBTOLD,0,410642,100000,3035,0,warehouse-10-20-10-2-1-random-5.scen
100,warehouse-10-20-10-2-1.map,PIBT,0,209851,100000,5066,1,warehouse-10-20-10-2-1-random-5.scen
100,warehouse-10-20-10-2-1.map,PIBTOLD,0,410642,100000,3097,1,warehouse-10-20-10-2-1-random-5.scen
100,warehouse-10-20-10-2-1.map,PIBT,0,209851,100000,4965,10,warehouse-10-20-10-2-1-random-5.scen
100,warehouse-10-20-10-2-1.map,PIBTOLD,0,410642,100000,3059,10,warehouse-10-20-10-2-1-random-5.scen
100,warehouse-10-20-10-2-1.map,PIBT,0,209851,100000,4983,100,warehouse-10-20-10-2-1-random-5.scen
100,warehouse-10-20-10-2-1.map,PIBTOLD,0,410642,100000,3047,100,warehouse-10-20-10-2-1-random-5.scen
100,warehouse-10-20-10-2-1.map,PIBT,0,209851,100000,5059,1000,warehouse-10-20-10-2-1-random-5.scen
100,warehouse-10-20-10-2-1.map,PIBTOLD,0,410642,100000,3083,1000,warehouse-10-20-10-2-1-random-5.scen
140,warehouse-10-20-10-2-1.map,PIBT,0,815517,100000,5732,0,warehouse-10-20-10-2-1-random-5.scen
140,warehouse-10-20-10-2-1.map,PIBTOLD,0,815517,100000,3887,0,warehouse-10-20-10-2-1-random-5.scen
140,warehouse-10-20-10-2-1.map,PIBT,0,215436,100000,7425,1,warehouse-10-20-10-2-1-random-5.scen
140,warehouse-10-20-10-2-1.map,PIBTOLD,0,815517,100000,3893,1,warehouse-10-20-10-2-1-random-5.scen
140,warehouse-10-20-10-2-1.map,PIBT,0,215436,100000,7473,10,warehouse-10-20-10-2-1-random-5.scen
140,warehouse-10-20-10-2-1.map,PIBTOLD,0,815517,100000,3952,10,warehouse-10-20-10-2-1-random-5.scen
140,warehouse-10-20-10-2-1.map,PIBT,0,215436,100000,7501,100,warehouse-10-20-10-2-1-random-5.scen
140,warehouse-10-20-10-2-1.map,PIBTOLD,0,815517,100000,3926,100,warehouse-10-20-10-2-1-random-5.scen
140,warehouse-10-20-10-2-1.map,PIBT,0,215436,100000,7469,1000,warehouse-10-20-10-2-1-random-5.scen
140,warehouse-10-20-10-2-1.map,PIBTOLD,0,815517,100000,3873,1000,warehouse-10-20-10-2-1-random-5.scen
180,warehouse-10-20-10-2-1.map,PIBT,0,920025,100000,7581,0,warehouse-10-20-10-2-1-random-5.scen
180,warehouse-10-20-10-2-1.map,PIBTOLD,0,920025,100000,4636,0,warehouse-10-20-10-2-1-random-5.scen
180,warehouse-10-20-10-2-1.map,PIBT,0,419990,100000,8607,1,warehouse-10-20-10-2-1-random-5.scen
180,warehouse-10-20-10-2-1.map,PIBTOLD,0,920025,100000,4684,1,warehouse-10-20-10-2-1-random-5.scen
180,warehouse-10-20-10-2-1.map,PIBT,0,419990,100000,8854,10,warehouse-10-20-10-2-1-random-5.scen
180,warehouse-10-20-10-2-1.map,PIBTOLD,0,920025,100000,4668,10,warehouse-10-20-10-2-1-random-5.scen
180,warehouse-10-20-10-2-1.map,PIBT,0,419990,100000,8661,100,warehouse-10-20-10-2-1-random-5.scen
180,warehouse-10-20-10-2-1.map,PIBTOLD,0,920025,100000,4715,100,warehouse-10-20-10-2-1-random-5.scen
180,warehouse-10-20-10-2-1.map,PIBT,0,419990,100000,8762,1000,warehouse-10-20-10-2-1-random-5.scen
180,warehouse-10-20-10-2-1.map,PIBTOLD,0,920025,100000,4684,1000,warehouse-10-20-10-2-1-random-5.scen
220,warehouse-10-20-10-2-1.map,PIBT,0,1025739,100000,9908,0,warehouse-10-20-10-2-1-random-5.scen
220,warehouse-10-20-10-2-1.map,PIBTOLD,0,1025739,100000,5950,0,warehouse-10-20-10-2-1-random-5.scen
220,warehouse-10-20-10-2-1.map,PIBT,0,227604,100000,10570,1,warehouse-10-20-10-2-1-random-5.scen
220,warehouse-10-20-10-2-1.map,PIBTOLD,0,1025739,100000,5478,1,warehouse-10-20-10-2-1-random-5.scen
220,warehouse-10-20-10-2-1.map,PIBT,0,227604,100000,10626,10,warehouse-10-20-10-2-1-random-5.scen
220,warehouse-10-20-10-2-1.map,PIBTOLD,0,1025739,100000,5824,10,warehouse-10-20-10-2-1-random-5.scen
220,warehouse-10-20-10-2-1.map,PIBT,0,227604,100000,11084,100,warehouse-10-20-10-2-1-random-5.scen
220,warehouse-10-20-10-2-1.map,PIBTOLD,0,1025739,100000,5450,100,warehouse-10-20-10-2-1-random-5.scen
220,warehouse-10-20-10-2-1.map,PIBT,0,227604,100000,10659,1000,warehouse-10-20-10-2-1-random-5.scen
220,warehouse-10-20-10-2-1.map,PIBTOLD,0,1025739,100000,5498,1000,warehouse-10-20-10-2-1-random-5.scen
260,warehouse-10-20-10-2-1.map,PIBT,0,1529853,100000,12261,0,warehouse-10-20-10-2-1-random-5.scen
260,warehouse-10-20-10-2-1.map,PIBTOLD,0,1529853,100000,6723,0,warehouse-10-20-10-2-1-random-5.scen
260,warehouse-10-20-10-2-1.map,PIBT,0,433399,100000,15740,1,warehouse-10-20-10-2-1-random-5.scen
260,warehouse-10-20-10-2-1.map,PIBTOLD,0,1529853,100000,6597,1,warehouse-10-20-10-2-1-random-5.scen
260,warehouse-10-20-10-2-1.map,PIBT,0,433399,100000,15586,10,warehouse-10-20-10-2-1-random-5.scen
260,warehouse-10-20-10-2-1.map,PIBTOLD,0,1529853,100000,6768,10,warehouse-10-20-10-2-1-random-5.scen
260,warehouse-10-20-10-2-1.map,PIBT,0,433399,100000,15645,100,warehouse-10-20-10-2-1-random-5.scen
260,warehouse-10-20-10-2-1.map,PIBTOLD,0,1529853,100000,6804,100,warehouse-10-20-10-2-1-random-5.scen
260,warehouse-10-20-10-2-1.map,PIBT,0,433399,100000,15447,1000,warehouse-10-20-10-2-1-random-5.scen
260,warehouse-10-20-10-2-1.map,PIBTOLD,0,1529853,100000,6601,1000,warehouse-10-20-10-2-1-random-5.scen
300,warehouse-10-20-10-2-1.map,PIBT,0,2234973,100000,15492,0,warehouse-10-20-10-2-1-random-5.scen
300,warehouse-10-20-10-2-1.map,PIBTOLD,0,2234973,100000,7677,0,warehouse-10-20-10-2-1-random-5.scen
300,warehouse-10-20-10-2-1.map,PIBT,0,1235008,100000,20753,1,warehouse-10-20-10-2-1-random-5.scen
300,warehouse-10-20-10-2-1.map,PIBTOLD,0,2234973,100000,7672,1,warehouse-10-20-10-2-1-random-5.scen
300,warehouse-10-20-10-2-1.map,PIBT,0,1235008,100000,20584,10,warehouse-10-20-10-2-1-random-5.scen
300,warehouse-10-20-10-2-1.map,PIBTOLD,0,2234973,100000,7467,10,warehouse-10-20-10-2-1-random-5.scen
300,warehouse-10-20-10-2-1.map,PIBT,0,1235008,100000,20531,100,warehouse-10-20-10-2-1-random-5.scen
300,warehouse-10-20-10-2-1.map,PIBTOLD,0,2234973,100000,7593,100,warehouse-10-20-10-2-1-random-5.scen
300,warehouse-10-20-10-2-1.map,PIBT,0,1235008,100000,20604,1000,warehouse-10-20-10-2-1-random-5.scen
300,warehouse-10-20-10-2-1.map,PIBTOLD,0,2234973,100000,7485,1000,warehouse-10-20-10-2-1-random-5.scen
340,warehouse-10-20-10-2-1.map,PIBT,0,3340853,100000,18477,0,warehouse-10-20-10-2-1-random-5.scen
340,warehouse-10-20-10-2-1.map,PIBTOLD,0,3340853,100000,9091,0,warehouse-10-20-10-2-1-random-5.scen
340,warehouse-10-20-10-2-1.map,PIBT,0,1041237,100000,24021,1,warehouse-10-20-10-2-1-random-5.scen
340,warehouse-10-20-10-2-1.map,PIBTOLD,0,3340853,100000,8997,1,warehouse-10-20-10-2-1-random-5.scen
340,warehouse-10-20-10-2-1.map,PIBT,0,844153,100000,22780,10,warehouse-10-20-10-2-1-random-5.scen
340,warehouse-10-20-10-2-1.map,PIBTOLD,0,3340853,100000,8597,10,warehouse-10-20-10-2-1-random-5.scen
340,warehouse-10-20-10-2-1.map,PIBT,0,844153,100000,22672,100,warehouse-10-20-10-2-1-random-5.scen
340,warehouse-10-20-10-2-1.map,PIBTOLD,0,3340853,100000,9018,100,warehouse-10-20-10-2-1-random-5.scen
340,warehouse-10-20-10-2-1.map,PIBT,0,844153,100000,23080,1000,warehouse-10-20-10-2-1-random-5.scen
340,warehouse-10-20-10-2-1.map,PIBTOLD,0,3340853,100000,8628,1000,warehouse-10-20-10-2-1-random-5.scen
380,warehouse-10-20-10-2-1.map,PIBT,0,4047546,100000,22461,0,warehouse-10-20-10-2-1-random-5.scen
380,warehouse-10-20-10-2-1.map,PIBTOLD,0,4047546,100000,10187,0,warehouse-10-20-10-2-1-random-5.scen
380,warehouse-10-20-10-2-1.map,PIBT,0,453407,100000,29689,1,warehouse-10-20-10-2-1-random-5.scen
380,warehouse-10-20-10-2-1.map,PIBTOLD,0,4047546,100000,9863,1,warehouse-10-20-10-2-1-random-5.scen
380,warehouse-10-20-10-2-1.map,PIBT,0,850483,100000,27901,10,warehouse-10-20-10-2-1-random-5.scen
380,warehouse-10-20-10-2-1.map,PIBTOLD,0,4047546,100000,9780,10,warehouse-10-20-10-2-1-random-5.scen
380,warehouse-10-20-10-2-1.map,PIBT,0,850483,100000,28227,100,warehouse-10-20-10-2-1-random-5.scen
380,warehouse-10-20-10-2-1.map,PIBTOLD,0,4047546,100000,9770,100,warehouse-10-20-10-2-1-random-5.scen
380,warehouse-10-20-10-2-1.map,PIBT,0,850483,100000,27843,1000,warehouse-10-20-10-2-1-random-5.scen
380,warehouse-10-20-10-2-1.map,PIBTOLD,0,4047546,100000,9944,1000,warehouse-10-20-10-2-1-random-5.scen
420,warehouse-10-20-10-2-1.map,PIBT,0,3556026,100000,26372,0,warehouse-10-20-10-2-1-random-5.scen
420,warehouse-10-20-10-2-1.map,PIBTOLD,0,3556026,100000,10786,0,warehouse-10-20-10-2-1-random-5.scen
420,warehouse-10-20-10-2-1.map,PIBT,0,1258903,100000,39033,1,warehouse-10-20-10-2-1-random-5.scen
420,warehouse-10-20-10-2-1.map,PIBTOLD,0,3556026,100000,10829,1,warehouse-10-20-10-2-1-random-5.scen
420,warehouse-10-20-10-2-1.map,PIBT,0,857151,100000,40791,10,warehouse-10-20-10-2-1-random-5.scen
420,warehouse-10-20-10-2-1.map,PIBTOLD,0,3556026,100000,10633,10,warehouse-10-20-10-2-1-random-5.scen
420,warehouse-10-20-10-2-1.map,PIBT,0,855509,100000,38780,100,warehouse-10-20-10-2-1-random-5.scen
420,warehouse-10-20-10-2-1.map,PIBTOLD,0,3556026,100000,10911,100,warehouse-10-20-10-2-1-random-5.scen
420,warehouse-10-20-10-2-1.map,PIBT,0,457143,100000,41609,1000,warehouse-10-20-10-2-1-random-5.scen
420,warehouse-10-20-10-2-1.map,PIBTOLD,0,3556026,100000,11027,1000,warehouse-10-20-10-2-1-random-5.scen
20,warehouse-10-20-10-2-1.map,PIBT,1,1727,162,3,0,warehouse-10-20-10-2-1-random-23.scen
20,warehouse-10-20-10-2-1.map,PIBTOLD,1,1727,162,3,0,warehouse-10-20-10-2-1-random-23.scen
20,warehouse-10-20-10-2-1.map,PIBT,1,1690,170,4,1,warehouse-10-20-10-2-1-random-23.scen
20,warehouse-10-20-10-2-1.map,PIBTOLD,1,1727,162,3,1,warehouse-10-20-10-2-1-random-23.scen
20,warehouse-10-20-10-2-1.map,PIBT,1,1690,170,4,10,warehouse-10-20-10-2-1-random-23.scen
20,warehouse-10-20-10-2-1.map,PIBTOLD,1,1727,162,3,10,warehouse-10-20-10-2-1-random-23.scen
20,warehouse-10-20-10-2-1.map,PIBT,1,1690,170,4,100,warehouse-10-20-10-2-1-random-23.scen
20,warehouse-10-20-10-2-1.map,PIBTOLD,1,1727,162,3,100,warehouse-10-20-10-2-1-random-23.scen
20,warehouse-10-20-10-2-1.map,PIBT,1,1690,170,4,1000,warehouse-10-20-10-2-1-random-23.scen
20,warehouse-10-20-10-2-1.map,PIBTOLD,1,1727,162,3,1000,warehouse-10-20-10-2-1-random-23.scen
60,warehouse-10-20-10-2-1.map,PIBT,1,6061,192,10,0,warehouse-10-20-10-2-1-random-23.scen
60,warehouse-10-20-10-2-1.map,PIBTOLD,1,6061,192,9,0,warehouse-10-20-10-2-1-random-23.scen
60,warehouse-10-20-10-2-1.map,PIBT,0,5909,100000,2779,1,warehouse-10-20-10-2-1-random-23.scen
60,warehouse-10-20-10-2-1.map,PIBTOLD,1,6061,192,9,1,warehouse-10-20-10-2-1-random-23.scen
60,warehouse-10-20-10-2-1.map,PIBT,0,5909,100000,2769,10,warehouse-10-20-10-2-1-random-23.scen
60,warehouse-10-20-10-2-1.map,PIBTOLD,1,6061,192,9,10,warehouse-10-20-10-2-1-random-23.scen
60,warehouse-10-20-10-2-1.map,PIBT,0,5909,100000,2805,100,warehouse-10-20-10-2-1-random-23.scen
60,warehouse-10-20-10-2-1.map,PIBTOLD,1,6061,192,9,100,warehouse-10-20-10-2-1-random-23.scen
60,warehouse-10-20-10-2-1.map,PIBT,0,5909,100000,2762,1000,warehouse-10-20-10-2-1-random-23.scen
60,warehouse-10-20-10-2-1.map,PIBTOLD,1,6061,192,8,1000,warehouse-10-20-10-2-1-random-23.scen
100,warehouse-10-20-10-2-1.map,PIBT,0,410642,100000,3909,0,warehouse-10-20-10-2-1-random-23.scen
100,warehouse-10-20-10-2-1.map,PIBTOLD,0,410642,100000,2934,0,warehouse-10-20-10-2-1-random-23.scen
100,warehouse-10-20-10-2-1.map,PIBT,0,209851,100000,4927,1,warehouse-10-20-10-2-1-random-23.scen
100,warehouse-10-20-10-2-1.map,PIBTOLD,0,410642,100000,2958,1,warehouse-10-20-10-2-1-random-23.scen
100,warehouse-10-20-10-2-1.map,PIBT,0,209851,100000,4967,10,warehouse-10-20-10-2-1-random-23.scen
100,warehouse-10-20-10-2-1.map,PIBTOLD,0,410642,100000,2985,10,warehouse-10-20-10-2-1-random-23.scen
100,warehouse-10-20-10-2-1.map,PIBT,0,209851,100000,4938,100,warehouse-10-20-10-2-1-random-23.scen
100,warehouse-10-20-10-2-1.map,PIBTOLD,0,410642,100000,2963,100,warehouse-10-20-10-2-1-random-23.scen
100,warehouse-10-20-10-2-1.map,PIBT,0,209851,100000,4925,1000,warehouse-10-20-10-2-1-random-23.scen
100,warehouse-10-20-10-2-1.map,PIBTOLD,0,410642,100000,2979,1000,warehouse-10-20-10-2-1-random-23.scen
140,warehouse-10-20-10-2-1.map,PIBT,0,815517,100000,5852,0,warehouse-10-20-10-2-1-random-23.scen
140,warehouse-10-20-10-2-1.map,PIBTOLD,0,815517,100000,3781,0,warehouse-10-20-10-2-1-random-23.scen
140,warehouse-10-20-10-2-1.map,PIBT,0,215436,100000,5893,1,warehouse-10-20-10-2-1-random-23.scen
140,warehouse-10-20-10-2-1.map,PIBTOLD,0,815517,100000,2818,1,warehouse-10-20-10-2-1-random-23.scen
140,warehouse-10-20-10-2-1.map,PIBT,0,215436,100000,5826,10,warehouse-10-20-10-2-1-random-23.scen
140,warehouse-10-20-10-2-1.map,PIBTOLD,0,815517,100000,2812,10,warehouse-10-20-10-2-1-random-23.scen
140,warehouse-10-20-10-2-1.map,PIBT,0,215436,100000,5842,100,warehouse-10-20-10-2-1-random-23.scen
140,warehouse-10-20-10-2-1.map,PIBTOLD,0,815517,100000,2751,100,warehouse-10-20-10-2-1-random-23.scen
140,warehouse-10-20-10-2-1.map,PIBT,0,215436,100000,5950,1000,warehouse-10-20-10-2-1-random-23.scen
140,warehouse-10-20-10-2-1.map,PIBTOLD,0,815517,100000,2770,1000,warehouse-10-20-10-2-1-random-23.scen
180,warehouse-10-20-10-2-1.map,PIBT,0,920025,100000,6027,0,warehouse-10-20-10-2-1-random-23.scen
180,warehouse-10-20-10-2-1.map,PIBTOLD,0,920025,100000,3551,0,warehouse-10-20-10-2-1-random-23.scen
180,warehouse-10-20-10-2-1.map,PIBT,0,419990,100000,6897,1,warehouse-10-20-10-2-1-random-23.scen
180,warehouse-10-20-10-2-1.map,PIBTOLD,0,920025,100000,3426,1,warehouse-10-20-10-2-1-random-23.scen
180,warehouse-10-20-10-2-1.map,PIBT,0,419990,100000,7285,10,warehouse-10-20-10-2-1-random-23.scen
180,warehouse-10-20-10-2-1.map,PIBTOLD,0,920025,100000,3450,10,warehouse-10-20-10-2-1-random-23.scen
180,warehouse-10-20-10-2-1.map,PIBT,0,419990,100000,6894,100,warehouse-10-20-10-2-1-random-23.scen
180,warehouse-10-20-10-2-1.map,PIBTOLD,0,920025,100000,3431,100,warehouse-10-20-10-2-1-random-23.scen
180,warehouse-10-20-10-2-1.map,PIBT,0,419990,100000,6873,1000,warehouse-10-20-10-2-1-random-23.scen
180,warehouse-10-20-10-2-1.map,PIBTOLD,0,920025,100000,3470,1000,warehouse-10-20-10-2-1-random-23.scen
220,warehouse-10-20-10-2-1.map,PIBT,0,1025739,100000,7928,0,warehouse-10-20-10-2-1-random-23.scen
220,warehouse-10-20-10-2-1.map,PIBTOLD,0,1025739,100000,4308,0,warehouse-10-20-10-2-1-random-23.scen
220,warehouse-10-20-10-2-1.map,PIBT,0,227604,100000,8688,1,warehouse-10-20-10-2-1-random-23.scen
220,warehouse-10-20-10-2-1.map,PIBTOLD,0,1025739,100000,4225,1,warehouse-10-20-10-2-1-random-23.scen
220,warehouse-10-20-10-2-1.map,PIBT,0,227604,100000,8747,10,warehouse-10-20-10-2-1-random-23.scen
220,warehouse-10-20-10-2-1.map,PIBTOLD,0,1025739,100000,4309,10,warehouse-10-20-10-2-1-random-23.scen
220,warehouse-10-20-10-2-1.map,PIBT,0,227604,100000,9024,100,warehouse-10-20-10-2-1-random-23.scen
220,warehouse-10-20-10-2-1.map,PIBTOLD,0,1025739,100000,4245,100,warehouse-10-20-10-2-1-random-23.scen
220,warehouse-10-20-10-2-1.map,PIBT,0,227604,100000,8779,1000,warehouse-10-20-10-2-1-random-23.scen
220,warehouse-10-20-10-2-1.map,PIBTOLD,0,1025739,100000,4178,1000,warehouse-10-20-10-2-1-random-23.scen
260,warehouse-10-20-10-2-1.map,PIBT,0,1529853,100000,10013,0,warehouse-10-20-10-2-1-random-23.scen
260,warehouse-10-20-10-2-1.map,PIBTOLD,0,1529853,100000,5191,0,warehouse-10-20-10-2-1-random-23.scen
260,warehouse-10-20-10-2-1.map,PIBT,0,433399,100000,12972,1,warehouse-10-20-10-2-1-random-23.scen
260,warehouse-10-20-10-2-1.map,PIBTOLD,0,1529853,100000,5107,1,warehouse-10-20-10-2-1-random-23.scen
260,warehouse-10-20-10-2-1.map,PIBT,0,433399,100000,13054,10,warehouse-10-20-10-2-1-random-23.scen
260,warehouse-10-20-10-2-1.map,PIBTOLD,0,1529853,100000,5199,10,warehouse-10-20-10-2-1-random-23.scen
260,warehouse-10-20-10-2-1.map,PIBT,0,433399,100000,13318,100,warehouse-10-20-10-2-1-random-23.scen
260,warehouse-10-20-10-2-1.map,PIBTOLD,0,1529853,100000,5326,100,warehouse-10-20-10-2-1-random-23.scen
260,warehouse-10-20-10-2-1.map,PIBT,0,433399,100000,13247,1000,warehouse-10-20-10-2-1-random-23.scen
260,warehouse-10-20-10-2-1.map,PIBTOLD,0,1529853,100000,5105,1000,warehouse-10-20-10-2-1-random-23.scen
300,warehouse-10-20-10-2-1.map,PIBT,0,2234973,100000,12951,0,warehouse-10-20-10-2-1-random-23.scen
300,warehouse-10-20-10-2-1.map,PIBTOLD,0,2234973,100000,6036,0,warehouse-10-20-10-2-1-random-23.scen
300,warehouse-10-20-10-2-1.map,PIBT,0,1235008,100000,17685,1,warehouse-10-20-10-2-1-random-23.scen
300,warehouse-10-20-10-2-1.map,PIBTOLD,0,2234973,100000,5935,1,warehouse-10-20-10-2-1-random-23.scen
300,warehouse-10-20-10-2-1.map,PIBT,0,1235008,100000,17347,10,warehouse-10-20-10-2-1-random-23.scen
300,warehouse-10-20-10-2-1.map,PIBTOLD,0,2234973,100000,6066,10,warehouse-10-20-10-2-1-random-23.scen
300,warehouse-10-20-10-2-1.map,PIBT,0,1235008,100000,17869,100,warehouse-10-20-10-2-1-random-23.scen
300,warehouse-10-20-10-2-1.map,PIBTOLD,0,2234973,100000,6572,100,warehouse-10-20-10-2-1-random-23.scen
300,warehouse-10-20-10-2-1.map,PIBT,0,1235008,100000,19367,1000,warehouse-10-20-10-2-1-random-23.scen
300,warehouse-10-20-10-2-1.map,PIBTOLD,0,2234973,100000,6527,1000,warehouse-10-20-10-2-1-random-23.scen
340,warehouse-10-20-10-2-1.map,PIBT,0,3340853,100000,16653,0,warehouse-10-20-10-2-1-random-23.scen
340,warehouse-10-20-10-2-1.map,PIBTOLD,0,3340853,100000,7462,0,warehouse-10-20-10-2-1-random-23.scen
340,warehouse-10-20-10-2-1.map,PIBT,0,244651,100000,19849,1,warehouse-10-20-10-2-1-random-23.scen
340,warehouse-10-20-10-2-1.map,PIBTOLD,0,3340853,100000,7719,1,warehouse-10-20-10-2-1-random-23.scen
340,warehouse-10-20-10-2-1.map,PIBT,0,844153,100000,20798,10,warehouse-10-20-10-2-1-random-23.scen
340,warehouse-10-20-10-2-1.map,PIBTOLD,0,3340853,100000,7513,10,warehouse-10-20-10-2-1-random-23.scen
340,warehouse-10-20-10-2-1.map,PIBT,0,844153,100000,20279,100,warehouse-10-20-10-2-1-random-23.scen
340,warehouse-10-20-10-2-1.map,PIBTOLD,0,3340853,100000,7655,100,warehouse-10-20-10-2-1-random-23.scen
340,warehouse-10-20-10-2-1.map,PIBT,0,844153,100000,20926,1000,warehouse-10-20-10-2-1-random-23.scen
340,warehouse-10-20-10-2-1.map,PIBTOLD,0,3340853,100000,7520,1000,warehouse-10-20-10-2-1-random-23.scen
380,warehouse-10-20-10-2-1.map,PIBT,0,4047546,100000,22168,0,warehouse-10-20-10-2-1-random-23.scen
380,warehouse-10-20-10-2-1.map,PIBTOLD,0,4047546,100000,9645,0,warehouse-10-20-10-2-1-random-23.scen
380,warehouse-10-20-10-2-1.map,PIBT,0,1045948,100000,36665,1,warehouse-10-20-10-2-1-random-23.scen
380,warehouse-10-20-10-2-1.map,PIBTOLD,0,4047546,100000,9935,1,warehouse-10-20-10-2-1-random-23.scen
380,warehouse-10-20-10-2-1.map,PIBT,0,850483,100000,27372,10,warehouse-10-20-10-2-1-random-23.scen
380,warehouse-10-20-10-2-1.map,PIBTOLD,0,4047546,100000,9579,10,warehouse-10-20-10-2-1-random-23.scen
380,warehouse-10-20-10-2-1.map,PIBT,0,850483,100000,27393,100,warehouse-10-20-10-2-1-random-23.scen
380,warehouse-10-20-10-2-1.map,PIBTOLD,0,4047546,100000,9193,100,warehouse-10-20-10-2-1-random-23.scen
460,warehouse-10-20-10-2-1.map,PIBT,0,4162670,100000,30160,0,warehouse-10-20-10-2-1-random-16.scen
460,warehouse-10-20-10-2-1.map,PIBTOLD,0,4162670,100000,11150,0,warehouse-10-20-10-2-1-random-16.scen
380,warehouse-10-20-10-2-1.map,PIBT,0,850483,100000,28329,1000,warehouse-10-20-10-2-1-random-23.scen
380,warehouse-10-20-10-2-1.map,PIBTOLD,0,4047546,100000,9892,1000,warehouse-10-20-10-2-1-random-23.scen
420,warehouse-10-20-10-2-1.map,PIBT,0,3556026,100000,25188,0,warehouse-10-20-10-2-1-random-23.scen
420,warehouse-10-20-10-2-1.map,PIBTOLD,0,3556026,100000,10287,0,warehouse-10-20-10-2-1-random-23.scen
420,warehouse-10-20-10-2-1.map,PIBT,0,3556026,100000,25255,0,warehouse-10-20-10-2-1-random-17.scen
420,warehouse-10-20-10-2-1.map,PIBTOLD,0,3556026,100000,10574,0,warehouse-10-20-10-2-1-random-17.scen
420,warehouse-10-20-10-2-1.map,PIBT,0,1056910,100000,42574,1,warehouse-10-20-10-2-1-random-23.scen
420,warehouse-10-20-10-2-1.map,PIBTOLD,0,3556026,100000,10576,1,warehouse-10-20-10-2-1-random-23.scen
420,warehouse-10-20-10-2-1.map,PIBT,0,254579,100000,40197,1,warehouse-10-20-10-2-1-random-17.scen
420,warehouse-10-20-10-2-1.map,PIBTOLD,0,3556026,100000,10195,1,warehouse-10-20-10-2-1-random-17.scen
420,warehouse-10-20-10-2-1.map,PIBT,0,861136,100000,49162,10,warehouse-10-20-10-2-1-random-23.scen
420,warehouse-10-20-10-2-1.map,PIBTOLD,0,3556026,100000,10388,10,warehouse-10-20-10-2-1-random-23.scen
420,warehouse-10-20-10-2-1.map,PIBT,0,657563,100000,41710,10,warehouse-10-20-10-2-1-random-17.scen
420,warehouse-10-20-10-2-1.map,PIBTOLD,0,3556026,100000,10363,10,warehouse-10-20-10-2-1-random-17.scen
420,warehouse-10-20-10-2-1.map,PIBT,0,652242,100000,41010,100,warehouse-10-20-10-2-1-random-23.scen
420,warehouse-10-20-10-2-1.map,PIBTOLD,0,3556026,100000,10275,100,warehouse-10-20-10-2-1-random-23.scen
420,warehouse-10-20-10-2-1.map,PIBT,0,1452957,100000,50626,100,warehouse-10-20-10-2-1-random-17.scen
420,warehouse-10-20-10-2-1.map,PIBTOLD,0,3556026,100000,10750,100,warehouse-10-20-10-2-1-random-17.scen
420,warehouse-10-20-10-2-1.map,PIBT,0,457143,100000,41291,1000,warehouse-10-20-10-2-1-random-23.scen
420,warehouse-10-20-10-2-1.map,PIBTOLD,0,3556026,100000,10696,1000,warehouse-10-20-10-2-1-random-23.scen
20,warehouse-10-20-10-2-1.map,PIBT,1,1727,162,3,0,warehouse-10-20-10-2-1-random-11.scen
20,warehouse-10-20-10-2-1.map,PIBTOLD,1,1727,162,3,0,warehouse-10-20-10-2-1-random-11.scen
20,warehouse-10-20-10-2-1.map,PIBT,1,1690,170,3,1,warehouse-10-20-10-2-1-random-11.scen
20,warehouse-10-20-10-2-1.map,PIBTOLD,1,1727,162,3,1,warehouse-10-20-10-2-1-random-11.scen
20,warehouse-10-20-10-2-1.map,PIBT,1,1690,170,3,10,warehouse-10-20-10-2-1-random-11.scen
20,warehouse-10-20-10-2-1.map,PIBTOLD,1,1727,162,3,10,warehouse-10-20-10-2-1-random-11.scen
20,warehouse-10-20-10-2-1.map,PIBT,1,1690,170,3,100,warehouse-10-20-10-2-1-random-11.scen
20,warehouse-10-20-10-2-1.map,PIBTOLD,1,1727,162,3,100,warehouse-10-20-10-2-1-random-11.scen
20,warehouse-10-20-10-2-1.map,PIBT,1,1690,170,3,1000,warehouse-10-20-10-2-1-random-11.scen
20,warehouse-10-20-10-2-1.map,PIBTOLD,1,1727,162,3,1000,warehouse-10-20-10-2-1-random-11.scen
60,warehouse-10-20-10-2-1.map,PIBT,1,6061,192,9,0,warehouse-10-20-10-2-1-random-11.scen
60,warehouse-10-20-10-2-1.map,PIBTOLD,1,6061,192,9,0,warehouse-10-20-10-2-1-random-11.scen
60,warehouse-10-20-10-2-1.map,PIBT,0,5909,100000,2526,1,warehouse-10-20-10-2-1-random-11.scen
60,warehouse-10-20-10-2-1.map,PIBTOLD,1,6061,192,9,1,warehouse-10-20-10-2-1-random-11.scen
60,warehouse-10-20-10-2-1.map,PIBT,0,5909,100000,2466,10,warehouse-10-20-10-2-1-random-11.scen
60,warehouse-10-20-10-2-1.map,PIBTOLD,1,6061,192,9,10,warehouse-10-20-10-2-1-random-11.scen
60,warehouse-10-20-10-2-1.map,PIBT,0,5909,100000,2533,100,warehouse-10-20-10-2-1-random-11.scen
60,warehouse-10-20-10-2-1.map,PIBTOLD,1,6061,192,8,100,warehouse-10-20-10-2-1-random-11.scen
60,warehouse-10-20-10-2-1.map,PIBT,0,5909,100000,2475,1000,warehouse-10-20-10-2-1-random-11.scen
60,warehouse-10-20-10-2-1.map,PIBTOLD,1,6061,192,9,1000,warehouse-10-20-10-2-1-random-11.scen
100,warehouse-10-20-10-2-1.map,PIBT,0,410642,100000,3655,0,warehouse-10-20-10-2-1-random-11.scen
100,warehouse-10-20-10-2-1.map,PIBTOLD,0,410642,100000,2688,0,warehouse-10-20-10-2-1-random-11.scen
100,warehouse-10-20-10-2-1.map,PIBT,0,209851,100000,4627,1,warehouse-10-20-10-2-1-random-11.scen
420,warehouse-10-20-10-2-1.map,PIBT,0,457143,100000,40833,1000,warehouse-10-20-10-2-1-random-17.scen
100,warehouse-10-20-10-2-1.map,PIBTOLD,0,410642,100000,2721,1,warehouse-10-20-10-2-1-random-11.scen
100,warehouse-10-20-10-2-1.map,PIBT,0,209851,100000,4754,10,warehouse-10-20-10-2-1-random-11.scen
100,warehouse-10-20-10-2-1.map,PIBTOLD,0,410642,100000,2738,10,warehouse-10-20-10-2-1-random-11.scen
420,warehouse-10-20-10-2-1.map,PIBTOLD,0,3556026,100000,10113,1000,warehouse-10-20-10-2-1-random-17.scen
100,warehouse-10-20-10-2-1.map,PIBT,0,209851,100000,4649,100,warehouse-10-20-10-2-1-random-11.scen
100,warehouse-10-20-10-2-1.map,PIBTOLD,0,410642,100000,2680,100,warehouse-10-20-10-2-1-random-11.scen
100,warehouse-10-20-10-2-1.map,PIBT,0,209851,100000,4633,1000,warehouse-10-20-10-2-1-random-11.scen
100,warehouse-10-20-10-2-1.map,PIBTOLD,0,410642,100000,2700,1000,warehouse-10-20-10-2-1-random-11.scen
140,warehouse-10-20-10-2-1.map,PIBT,0,815517,100000,5454,0,warehouse-10-20-10-2-1-random-11.scen
140,warehouse-10-20-10-2-1.map,PIBTOLD,0,815517,100000,3505,0,warehouse-10-20-10-2-1-random-11.scen
460,warehouse-10-20-10-2-1.map,PIBT,0,4162670,100000,30173,0,warehouse-10-20-10-2-1-random-17.scen
140,warehouse-10-20-10-2-1.map,PIBT,0,215436,100000,6965,1,warehouse-10-20-10-2-1-random-11.scen
140,warehouse-10-20-10-2-1.map,PIBTOLD,0,815517,100000,3534,1,warehouse-10-20-10-2-1-random-11.scen
460,warehouse-10-20-10-2-1.map,PIBTOLD,0,4162670,100000,11241,0,warehouse-10-20-10-2-1-random-17.scen
140,warehouse-10-20-10-2-1.map,PIBT,0,215436,100000,6905,10,warehouse-10-20-10-2-1-random-11.scen
140,warehouse-10-20-10-2-1.map,PIBTOLD,0,815517,100000,3545,10,warehouse-10-20-10-2-1-random-11.scen
140,warehouse-10-20-10-2-1.map,PIBT,0,215436,100000,6902,100,warehouse-10-20-10-2-1-random-11.scen
140,warehouse-10-20-10-2-1.map,PIBTOLD,0,815517,100000,3580,100,warehouse-10-20-10-2-1-random-11.scen
140,warehouse-10-20-10-2-1.map,PIBT,0,215436,100000,6928,1000,warehouse-10-20-10-2-1-random-11.scen
140,warehouse-10-20-10-2-1.map,PIBTOLD,0,815517,100000,3478,1000,warehouse-10-20-10-2-1-random-11.scen
180,warehouse-10-20-10-2-1.map,PIBT,0,920025,100000,7040,0,warehouse-10-20-10-2-1-random-11.scen
180,warehouse-10-20-10-2-1.map,PIBTOLD,0,920025,100000,4393,0,warehouse-10-20-10-2-1-random-11.scen
460,warehouse-10-20-10-2-1.map,PIBT,0,1264031,100000,52045,1,warehouse-10-20-10-2-1-random-17.scen
180,warehouse-10-20-10-2-1.map,PIBT,0,419990,100000,8221,1,warehouse-10-20-10-2-1-random-11.scen
180,warehouse-10-20-10-2-1.map,PIBTOLD,0,920025,100000,4299,1,warehouse-10-20-10-2-1-random-11.scen
460,warehouse-10-20-10-2-1.map,PIBTOLD,0,4162670,100000,11270,1,warehouse-10-20-10-2-1-random-17.scen
180,warehouse-10-20-10-2-1.map,PIBT,0,419990,100000,8083,10,warehouse-10-20-10-2-1-random-11.scen
180,warehouse-10-20-10-2-1.map,PIBTOLD,0,920025,100000,4372,10,warehouse-10-20-10-2-1-random-11.scen
180,warehouse-10-20-10-2-1.map,PIBT,0,419990,100000,8149,100,warehouse-10-20-10-2-1-random-11.scen
180,warehouse-10-20-10-2-1.map,PIBTOLD,0,920025,100000,4274,100,warehouse-10-20-10-2-1-random-11.scen
180,warehouse-10-20-10-2-1.map,PIBT,0,419990,100000,8328,1000,warehouse-10-20-10-2-1-random-11.scen
180,warehouse-10-20-10-2-1.map,PIBTOLD,0,920025,100000,4374,1000,warehouse-10-20-10-2-1-random-11.scen
220,warehouse-10-20-10-2-1.map,PIBT,0,1025739,100000,9112,0,warehouse-10-20-10-2-1-random-11.scen
460,warehouse-10-20-10-2-1.map,PIBT,0,267355,100000,54544,10,warehouse-10-20-10-2-1-random-17.scen
220,warehouse-10-20-10-2-1.map,PIBTOLD,0,1025739,100000,5098,0,warehouse-10-20-10-2-1-random-11.scen
220,warehouse-10-20-10-2-1.map,PIBT,0,227604,100000,11099,1,warehouse-10-20-10-2-1-random-11.scen
460,warehouse-10-20-10-2-1.map,PIBTOLD,0,4162670,100000,11315,10,warehouse-10-20-10-2-1-random-17.scen
220,warehouse-10-20-10-2-1.map,PIBTOLD,0,1025739,100000,5335,1,warehouse-10-20-10-2-1-random-11.scen
220,warehouse-10-20-10-2-1.map,PIBT,0,227604,100000,10118,10,warehouse-10-20-10-2-1-random-11.scen
220,warehouse-10-20-10-2-1.map,PIBTOLD,0,1025739,100000,5187,10,warehouse-10-20-10-2-1-random-11.scen
220,warehouse-10-20-10-2-1.map,PIBT,0,227604,100000,10291,100,warehouse-10-20-10-2-1-random-11.scen
220,warehouse-10-20-10-2-1.map,PIBTOLD,0,1025739,100000,5273,100,warehouse-10-20-10-2-1-random-11.scen
460,warehouse-10-20-10-2-1.map,PIBT,0,661951,100000,47960,100,warehouse-10-20-10-2-1-random-17.scen
220,warehouse-10-20-10-2-1.map,PIBT,0,227604,100000,10351,1000,warehouse-10-20-10-2-1-random-11.scen
460,warehouse-10-20-10-2-1.map,PIBTOLD,0,4162670,100000,11325,100,warehouse-10-20-10-2-1-random-17.scen
220,warehouse-10-20-10-2-1.map,PIBTOLD,0,1025739,100000,5199,1000,warehouse-10-20-10-2-1-random-11.scen
260,warehouse-10-20-10-2-1.map,PIBT,0,1529853,100000,11723,0,warehouse-10-20-10-2-1-random-11.scen
260,warehouse-10-20-10-2-1.map,PIBTOLD,0,1529853,100000,6222,0,warehouse-10-20-10-2-1-random-11.scen
260,warehouse-10-20-10-2-1.map,PIBT,0,433399,100000,15345,1,warehouse-10-20-10-2-1-random-11.scen
260,warehouse-10-20-10-2-1.map,PIBTOLD,0,1529853,100000,6158,1,warehouse-10-20-10-2-1-random-11.scen
460,warehouse-10-20-10-2-1.map,PIBT,0,1463648,100000,48711,1000,warehouse-10-20-10-2-1-random-17.scen
260,warehouse-10-20-10-2-1.map,PIBT,0,433399,100000,15020,10,warehouse-10-20-10-2-1-random-11.scen
460,warehouse-10-20-10-2-1.map,PIBTOLD,0,4162670,100000,11814,1000,warehouse-10-20-10-2-1-random-17.scen
260,warehouse-10-20-10-2-1.map,PIBTOLD,0,1529853,100000,6176,10,warehouse-10-20-10-2-1-random-11.scen
260,warehouse-10-20-10-2-1.map,PIBT,0,433399,100000,15129,100,warehouse-10-20-10-2-1-random-11.scen
420,warehouse-10-20-10-2-1.map,PIBT,0,3556026,100000,25033,0,warehouse-10-20-10-2-1-random-9.scen
260,warehouse-10-20-10-2-1.map,PIBTOLD,0,1529853,100000,6144,100,warehouse-10-20-10-2-1-random-11.scen
420,warehouse-10-20-10-2-1.map,PIBTOLD,0,3556026,100000,10036,0,warehouse-10-20-10-2-1-random-9.scen
260,warehouse-10-20-10-2-1.map,PIBT,0,433399,100000,14986,1000,warehouse-10-20-10-2-1-random-11.scen
260,warehouse-10-20-10-2-1.map,PIBTOLD,0,1529853,100000,6379,1000,warehouse-10-20-10-2-1-random-11.scen
300,warehouse-10-20-10-2-1.map,PIBT,0,2234973,100000,15390,0,warehouse-10-20-10-2-1-random-11.scen
420,warehouse-10-20-10-2-1.map,PIBT,0,655051,100000,41912,1,warehouse-10-20-10-2-1-random-9.scen
300,warehouse-10-20-10-2-1.map,PIBTOLD,0,2234973,100000,7174,0,warehouse-10-20-10-2-1-random-11.scen
420,warehouse-10-20-10-2-1.map,PIBTOLD,0,3556026,100000,10068,1,warehouse-10-20-10-2-1-random-9.scen
300,warehouse-10-20-10-2-1.map,PIBT,0,1235008,100000,19921,1,warehouse-10-20-10-2-1-random-11.scen
300,warehouse-10-20-10-2-1.map,PIBTOLD,0,2234973,100000,7172,1,warehouse-10-20-10-2-1-random-11.scen
300,warehouse-10-20-10-2-1.map,PIBT,0,1235008,100000,20065,10,warehouse-10-20-10-2-1-random-11.scen
420,warehouse-10-20-10-2-1.map,PIBT,0,1259751,100000,43422,10,warehouse-10-20-10-2-1-random-9.scen
300,warehouse-10-20-10-2-1.map,PIBTOLD,0,2234973,100000,7019,10,warehouse-10-20-10-2-1-random-11.scen
420,warehouse-10-20-10-2-1.map,PIBTOLD,0,3556026,100000,10155,10,warehouse-10-20-10-2-1-random-9.scen
300,warehouse-10-20-10-2-1.map,PIBT,0,1235008,100000,20049,100,warehouse-10-20-10-2-1-random-11.scen
300,warehouse-10-20-10-2-1.map,PIBTOLD,0,2234973,100000,7224,100,warehouse-10-20-10-2-1-random-11.scen
420,warehouse-10-20-10-2-1.map,PIBT,0,657611,100000,36330,100,warehouse-10-20-10-2-1-random-9.scen
300,warehouse-10-20-10-2-1.map,PIBT,0,1235008,100000,20038,1000,warehouse-10-20-10-2-1-random-11.scen
420,warehouse-10-20-10-2-1.map,PIBTOLD,0,3556026,100000,10362,100,warehouse-10-20-10-2-1-random-9.scen
300,warehouse-10-20-10-2-1.map,PIBTOLD,0,2234973,100000,7180,1000,warehouse-10-20-10-2-1-random-11.scen
340,warehouse-10-20-10-2-1.map,PIBT,0,3340853,100000,18165,0,warehouse-10-20-10-2-1-random-11.scen
340,warehouse-10-20-10-2-1.map,PIBTOLD,0,3340853,100000,8216,0,warehouse-10-20-10-2-1-random-11.scen
420,warehouse-10-20-10-2-1.map,PIBT,0,457143,100000,40929,1000,warehouse-10-20-10-2-1-random-9.scen
420,warehouse-10-20-10-2-1.map,PIBTOLD,0,3556026,100000,10206,1000,warehouse-10-20-10-2-1-random-9.scen
340,warehouse-10-20-10-2-1.map,PIBT,0,442431,100000,26101,1,warehouse-10-20-10-2-1-random-11.scen
340,warehouse-10-20-10-2-1.map,PIBTOLD,0,3340853,100000,8540,1,warehouse-10-20-10-2-1-random-11.scen
460,warehouse-10-20-10-2-1.map,PIBT,0,4162670,100000,30658,0,warehouse-10-20-10-2-1-random-9.scen
340,warehouse-10-20-10-2-1.map,PIBT,0,844153,100000,21981,10,warehouse-10-20-10-2-1-random-11.scen
460,warehouse-10-20-10-2-1.map,PIBTOLD,0,4162670,100000,11297,0,warehouse-10-20-10-2-1-random-9.scen
340,warehouse-10-20-10-2-1.map,PIBTOLD,0,3340853,100000,8181,10,warehouse-10-20-10-2-1-random-11.scen
340,warehouse-10-20-10-2-1.map,PIBT,0,844153,100000,21902,100,warehouse-10-20-10-2-1-random-11.scen
340,warehouse-10-20-10-2-1.map,PIBTOLD,0,3340853,100000,8311,100,warehouse-10-20-10-2-1-random-11.scen
460,warehouse-10-20-10-2-1.map,PIBT,0,1463343,100000,42825,1,warehouse-10-20-10-2-1-random-9.scen
460,warehouse-10-20-10-2-1.map,PIBTOLD,0,4162670,100000,11471,1,warehouse-10-20-10-2-1-random-9.scen
340,warehouse-10-20-10-2-1.map,PIBT,0,844153,100000,22215,1000,warehouse-10-20-10-2-1-random-11.scen
340,warehouse-10-20-10-2-1.map,PIBTOLD,0,3340853,100000,8224,1000,warehouse-10-20-10-2-1-random-11.scen
380,warehouse-10-20-10-2-1.map,PIBT,0,4047546,100000,21595,0,warehouse-10-20-10-2-1-random-11.scen
460,warehouse-10-20-10-2-1.map,PIBT,0,1268028,100000,40650,10,warehouse-10-20-10-2-1-random-9.scen
380,warehouse-10-20-10-2-1.map,PIBTOLD,0,4047546,100000,9358,0,warehouse-10-20-10-2-1-random-11.scen
460,warehouse-10-20-10-2-1.map,PIBTOLD,0,4162670,100000,11380,10,warehouse-10-20-10-2-1-random-9.scen
380,warehouse-10-20-10-2-1.map,PIBT,0,1047257,100000,33544,1,warehouse-10-20-10-2-1-random-11.scen
380,warehouse-10-20-10-2-1.map,PIBTOLD,0,4047546,100000,9248,1,warehouse-10-20-10-2-1-random-11.scen
380,warehouse-10-20-10-2-1.map,PIBT,0,850483,100000,27175,10,warehouse-10-20-10-2-1-random-11.scen
420,warehouse-10-20-10-2-1.map,PIBT,0,3556026,100000,25026,0,warehouse-10-20-10-2-1-random-15.scen
380,warehouse-10-20-10-2-1.map,PIBTOLD,0,4047546,100000,9287,10,warehouse-10-20-10-2-1-random-11.scen
420,warehouse-10-20-10-2-1.map,PIBTOLD,0,3556026,100000,10273,0,warehouse-10-20-10-2-1-random-15.scen
380,warehouse-10-20-10-2-1.map,PIBT,0,850483,100000,27101,100,warehouse-10-20-10-2-1-random-11.scen
380,warehouse-10-20-10-2-1.map,PIBTOLD,0,4047546,100000,9720,100,warehouse-10-20-10-2-1-random-11.scen
420,warehouse-10-20-10-2-1.map,PIBT,0,857510,100000,48468,1,warehouse-10-20-10-2-1-random-15.scen
380,warehouse-10-20-10-2-1.map,PIBT,0,850483,100000,27296,1000,warehouse-10-20-10-2-1-random-11.scen
420,warehouse-10-20-10-2-1.map,PIBTOLD,0,3556026,100000,10300,1,warehouse-10-20-10-2-1-random-15.scen
380,warehouse-10-20-10-2-1.map,PIBTOLD,0,4047546,100000,9280,1000,warehouse-10-20-10-2-1-random-11.scen
420,warehouse-10-20-10-2-1.map,PIBT,0,1256666,100000,34879,10,warehouse-10-20-10-2-1-random-15.scen
420,warehouse-10-20-10-2-1.map,PIBT,0,3556026,100000,25597,0,warehouse-10-20-10-2-1-random-11.scen
420,warehouse-10-20-10-2-1.map,PIBTOLD,0,3556026,100000,10545,10,warehouse-10-20-10-2-1-random-15.scen
420,warehouse-10-20-10-2-1.map,PIBTOLD,0,3556026,100000,10656,0,warehouse-10-20-10-2-1-random-11.scen
420,warehouse-10-20-10-2-1.map,PIBT,0,1059911,100000,35262,1,warehouse-10-20-10-2-1-random-11.scen
420,warehouse-10-20-10-2-1.map,PIBT,0,656207,100000,37751,100,warehouse-10-20-10-2-1-random-15.scen
420,warehouse-10-20-10-2-1.map,PIBTOLD,0,3556026,100000,10219,1,warehouse-10-20-10-2-1-random-11.scen
420,warehouse-10-20-10-2-1.map,PIBTOLD,0,3556026,100000,10251,100,warehouse-10-20-10-2-1-random-15.scen
420,warehouse-10-20-10-2-1.map,PIBT,0,457143,100000,41588,1000,warehouse-10-20-10-2-1-random-15.scen
20,warehouse-10-20-10-2-1.map,PIBT,1,1727,162,3,0,warehouse-10-20-10-2-1-random-18.scen
20,warehouse-10-20-10-2-1.map,PIBTOLD,1,1727,162,3,0,warehouse-10-20-10-2-1-random-18.scen
20,warehouse-10-20-10-2-1.map,PIBT,1,1690,170,4,1,warehouse-10-20-10-2-1-random-18.scen
20,warehouse-10-20-10-2-1.map,PIBTOLD,1,1727,162,3,1,warehouse-10-20-10-2-1-random-18.scen
20,warehouse-10-20-10-2-1.map,PIBT,1,1690,170,3,10,warehouse-10-20-10-2-1-random-18.scen
20,warehouse-10-20-10-2-1.map,PIBTOLD,1,1727,162,3,10,warehouse-10-20-10-2-1-random-18.scen
20,warehouse-10-20-10-2-1.map,PIBT,1,1690,170,3,100,warehouse-10-20-10-2-1-random-18.scen
20,warehouse-10-20-10-2-1.map,PIBTOLD,1,1727,162,3,100,warehouse-10-20-10-2-1-random-18.scen
20,warehouse-10-20-10-2-1.map,PIBT,1,1690,170,4,1000,warehouse-10-20-10-2-1-random-18.scen
20,warehouse-10-20-10-2-1.map,PIBTOLD,1,1727,162,3,1000,warehouse-10-20-10-2-1-random-18.scen
60,warehouse-10-20-10-2-1.map,PIBT,1,6061,192,9,0,warehouse-10-20-10-2-1-random-18.scen
60,warehouse-10-20-10-2-1.map,PIBTOLD,1,6061,192,9,0,warehouse-10-20-10-2-1-random-18.scen
60,warehouse-10-20-10-2-1.map,PIBT,0,5909,100000,2467,1,warehouse-10-20-10-2-1-random-18.scen
60,warehouse-10-20-10-2-1.map,PIBTOLD,1,6061,192,9,1,warehouse-10-20-10-2-1-random-18.scen
420,warehouse-10-20-10-2-1.map,PIBTOLD,0,3556026,100000,10284,1000,warehouse-10-20-10-2-1-random-15.scen
60,warehouse-10-20-10-2-1.map,PIBT,0,5909,100000,2500,10,warehouse-10-20-10-2-1-random-18.scen
60,warehouse-10-20-10-2-1.map,PIBTOLD,1,6061,192,9,10,warehouse-10-20-10-2-1-random-18.scen
60,warehouse-10-20-10-2-1.map,PIBT,0,5909,100000,2541,100,warehouse-10-20-10-2-1-random-18.scen
60,warehouse-10-20-10-2-1.map,PIBTOLD,1,6061,192,9,100,warehouse-10-20-10-2-1-random-18.scen
60,warehouse-10-20-10-2-1.map,PIBT,0,5909,100000,2543,1000,warehouse-10-20-10-2-1-random-18.scen
60,warehouse-10-20-10-2-1.map,PIBTOLD,1,6061,192,8,1000,warehouse-10-20-10-2-1-random-18.scen
100,warehouse-10-20-10-2-1.map,PIBT,0,410642,100000,3677,0,warehouse-10-20-10-2-1-random-18.scen
100,warehouse-10-20-10-2-1.map,PIBTOLD,0,410642,100000,2758,0,warehouse-10-20-10-2-1-random-18.scen
100,warehouse-10-20-10-2-1.map,PIBT,0,209851,100000,4743,1,warehouse-10-20-10-2-1-random-18.scen
100,warehouse-10-20-10-2-1.map,PIBTOLD,0,410642,100000,2718,1,warehouse-10-20-10-2-1-random-18.scen
100,warehouse-10-20-10-2-1.map,PIBT,0,209851,100000,4702,10,warehouse-10-20-10-2-1-random-18.scen
460,warehouse-10-20-10-2-1.map,PIBT,0,4162670,100000,30315,0,warehouse-10-20-10-2-1-random-15.scen
100,warehouse-10-20-10-2-1.map,PIBTOLD,0,410642,100000,2667,10,warehouse-10-20-10-2-1-random-18.scen
100,warehouse-10-20-10-2-1.map,PIBT,0,209851,100000,4685,100,warehouse-10-20-10-2-1-random-18.scen
100,warehouse-10-20-10-2-1.map,PIBTOLD,0,410642,100000,2697,100,warehouse-10-20-10-2-1-random-18.scen
460,warehouse-10-20-10-2-1.map,PIBTOLD,0,4162670,100000,11093,0,warehouse-10-20-10-2-1-random-15.scen
100,warehouse-10-20-10-2-1.map,PIBT,0,209851,100000,4577,1000,warehouse-10-20-10-2-1-random-18.scen
100,warehouse-10-20-10-2-1.map,PIBTOLD,0,410642,100000,2671,1000,warehouse-10-20-10-2-1-random-18.scen
140,warehouse-10-20-10-2-1.map,PIBT,0,815517,100000,5406,0,warehouse-10-20-10-2-1-random-18.scen
140,warehouse-10-20-10-2-1.map,PIBTOLD,0,815517,100000,3514,0,warehouse-10-20-10-2-1-random-18.scen
140,warehouse-10-20-10-2-1.map,PIBT,0,215436,100000,6949,1,warehouse-10-20-10-2-1-random-18.scen
140,warehouse-10-20-10-2-1.map,PIBTOLD,0,815517,100000,3544,1,warehouse-10-20-10-2-1-random-18.scen
140,warehouse-10-20-10-2-1.map,PIBT,0,215436,100000,6980,10,warehouse-10-20-10-2-1-random-18.scen
140,warehouse-10-20-10-2-1.map,PIBTOLD,0,815517,100000,3576,10,warehouse-10-20-10-2-1-random-18.scen
140,warehouse-10-20-10-2-1.map,PIBT,0,215436,100000,7018,100,warehouse-10-20-10-2-1-random-18.scen
460,warehouse-10-20-10-2-1.map,PIBT,0,662393,100000,53053,1,warehouse-10-20-10-2-1-random-15.scen
140,warehouse-10-20-10-2-1.map,PIBTOLD,0,815517,100000,3420,100,warehouse-10-20-10-2-1-random-18.scen
140,warehouse-10-20-10-2-1.map,PIBT,0,215436,100000,6942,1000,warehouse-10-20-10-2-1-random-18.scen
140,warehouse-10-20-10-2-1.map,PIBTOLD,0,815517,100000,3525,1000,warehouse-10-20-10-2-1-random-18.scen
460,warehouse-10-20-10-2-1.map,PIBTOLD,0,4162670,100000,11338,1,warehouse-10-20-10-2-1-random-15.scen
180,warehouse-10-20-10-2-1.map,PIBT,0,920025,100000,7114,0,warehouse-10-20-10-2-1-random-18.scen
180,warehouse-10-20-10-2-1.map,PIBTOLD,0,920025,100000,4307,0,warehouse-10-20-10-2-1-random-18.scen
180,warehouse-10-20-10-2-1.map,PIBT,0,419990,100000,8060,1,warehouse-10-20-10-2-1-random-18.scen
180,warehouse-10-20-10-2-1.map,PIBTOLD,0,920025,100000,4285,1,warehouse-10-20-10-2-1-random-18.scen
180,warehouse-10-20-10-2-1.map,PIBT,0,419990,100000,8210,10,warehouse-10-20-10-2-1-random-18.scen
180,warehouse-10-20-10-2-1.map,PIBTOLD,0,920025,100000,4288,10,warehouse-10-20-10-2-1-random-18.scen
460,warehouse-10-20-10-2-1.map,PIBT,0,867328,100000,44616,10,warehouse-10-20-10-2-1-random-15.scen
180,warehouse-10-20-10-2-1.map,PIBT,0,419990,100000,8154,100,warehouse-10-20-10-2-1-random-18.scen
180,warehouse-10-20-10-2-1.map,PIBTOLD,0,920025,100000,4276,100,warehouse-10-20-10-2-1-random-18.scen
460,warehouse-10-20-10-2-1.map,PIBTOLD,0,4162670,100000,11687,10,warehouse-10-20-10-2-1-random-15.scen
180,warehouse-10-20-10-2-1.map,PIBT,0,419990,100000,8118,1000,warehouse-10-20-10-2-1-random-18.scen
180,warehouse-10-20-10-2-1.map,PIBTOLD,0,920025,100000,4439,1000,warehouse-10-20-10-2-1-random-18.scen
220,warehouse-10-20-10-2-1.map,PIBT,0,1025739,100000,9306,0,warehouse-10-20-10-2-1-random-18.scen
220,warehouse-10-20-10-2-1.map,PIBTOLD,0,1025739,100000,5230,0,warehouse-10-20-10-2-1-random-18.scen
220,warehouse-10-20-10-2-1.map,PIBT,0,227604,100000,10125,1,warehouse-10-20-10-2-1-random-18.scen
460,warehouse-10-20-10-2-1.map,PIBT,0,464408,100000,44038,100,warehouse-10-20-10-2-1-random-15.scen
220,warehouse-10-20-10-2-1.map,PIBTOLD,0,1025739,100000,5174,1,warehouse-10-20-10-2-1-random-18.scen
460,warehouse-10-20-10-2-1.map,PIBTOLD,0,4162670,100000,11458,100,warehouse-10-20-10-2-1-random-15.scen
220,warehouse-10-20-10-2-1.map,PIBT,0,227604,100000,10130,10,warehouse-10-20-10-2-1-random-18.scen
220,warehouse-10-20-10-2-1.map,PIBTOLD,0,1025739,100000,5133,10,warehouse-10-20-10-2-1-random-18.scen
220,warehouse-10-20-10-2-1.map,PIBT,0,227604,100000,10261,100,warehouse-10-20-10-2-1-random-18.scen
220,warehouse-10-20-10-2-1.map,PIBTOLD,0,1025739,100000,5184,100,warehouse-10-20-10-2-1-random-18.scen
220,warehouse-10-20-10-2-1.map,PIBT,0,227604,100000,10257,1000,warehouse-10-20-10-2-1-random-18.scen
220,warehouse-10-20-10-2-1.map,PIBTOLD,0,1025739,100000,5223,1000,warehouse-10-20-10-2-1-random-18.scen
460,warehouse-10-20-10-2-1.map,PIBT,0,1463648,100000,48703,1000,warehouse-10-20-10-2-1-random-15.scen
260,warehouse-10-20-10-2-1.map,PIBT,0,1529853,100000,11711,0,warehouse-10-20-10-2-1-random-18.scen
460,warehouse-10-20-10-2-1.map,PIBTOLD,0,4162670,100000,11475,1000,warehouse-10-20-10-2-1-random-15.scen
260,warehouse-10-20-10-2-1.map,PIBTOLD,0,1529853,100000,6136,0,warehouse-10-20-10-2-1-random-18.scen
260,warehouse-10-20-10-2-1.map,PIBT,0,433399,100000,15088,1,warehouse-10-20-10-2-1-random-18.scen
420,warehouse-10-20-10-2-1.map,PIBT,0,3556026,100000,25050,0,warehouse-10-20-10-2-1-random-12.scen
260,warehouse-10-20-10-2-1.map,PIBTOLD,0,1529853,100000,6263,1,warehouse-10-20-10-2-1-random-18.scen
420,warehouse-10-20-10-2-1.map,PIBTOLD,0,3556026,100000,10341,0,warehouse-10-20-10-2-1-random-12.scen
260,warehouse-10-20-10-2-1.map,PIBT,0,433399,100000,15021,10,warehouse-10-20-10-2-1-random-18.scen
260,warehouse-10-20-10-2-1.map,PIBTOLD,0,1529853,100000,6333,10,warehouse-10-20-10-2-1-random-18.scen
260,warehouse-10-20-10-2-1.map,PIBT,0,433399,100000,15777,100,warehouse-10-20-10-2-1-random-18.scen
260,warehouse-10-20-10-2-1.map,PIBTOLD,0,1529853,100000,6643,100,warehouse-10-20-10-2-1-random-18.scen
420,warehouse-10-20-10-2-1.map,PIBT,0,854018,100000,42239,1,warehouse-10-20-10-2-1-random-12.scen
260,warehouse-10-20-10-2-1.map,PIBT,0,433399,100000,15455,1000,warehouse-10-20-10-2-1-random-18.scen
420,warehouse-10-20-10-2-1.map,PIBTOLD,0,3556026,100000,10769,1,warehouse-10-20-10-2-1-random-12.scen
260,warehouse-10-20-10-2-1.map,PIBTOLD,0,1529853,100000,6309,1000,warehouse-10-20-10-2-1-random-18.scen
300,warehouse-10-20-10-2-1.map,PIBT,0,2234973,100000,15385,0,warehouse-10-20-10-2-1-random-18.scen
300,warehouse-10-20-10-2-1.map,PIBTOLD,0,2234973,100000,7382,0,warehouse-10-20-10-2-1-random-18.scen
420,warehouse-10-20-10-2-1.map,PIBT,0,461136,100000,42275,10,warehouse-10-20-10-2-1-random-12.scen
300,warehouse-10-20-10-2-1.map,PIBT,0,1235008,100000,20250,1,warehouse-10-20-10-2-1-random-18.scen
420,warehouse-10-20-10-2-1.map,PIBTOLD,0,3556026,100000,10476,10,warehouse-10-20-10-2-1-random-12.scen
300,warehouse-10-20-10-2-1.map,PIBTOLD,0,2234973,100000,7630,1,warehouse-10-20-10-2-1-random-18.scen
300,warehouse-10-20-10-2-1.map,PIBT,0,1235008,100000,20207,10,warehouse-10-20-10-2-1-random-18.scen
420,warehouse-10-20-10-2-1.map,PIBT,0,1254209,100000,36590,100,warehouse-10-20-10-2-1-random-12.scen
300,warehouse-10-20-10-2-1.map,PIBTOLD,0,2234973,100000,7533,10,warehouse-10-20-10-2-1-random-18.scen
420,warehouse-10-20-10-2-1.map,PIBTOLD,0,3556026,100000,10458,100,warehouse-10-20-10-2-1-random-12.scen
300,warehouse-10-20-10-2-1.map,PIBT,0,1235008,100000,20183,100,warehouse-10-20-10-2-1-random-18.scen
300,warehouse-10-20-10-2-1.map,PIBTOLD,0,2234973,100000,7593,100,warehouse-10-20-10-2-1-random-18.scen
420,warehouse-10-20-10-2-1.map,PIBT,0,457143,100000,41506,1000,warehouse-10-20-10-2-1-random-12.scen
300,warehouse-10-20-10-2-1.map,PIBT,0,1235008,100000,20559,1000,warehouse-10-20-10-2-1-random-18.scen
300,warehouse-10-20-10-2-1.map,PIBTOLD,0,2234973,100000,7407,1000,warehouse-10-20-10-2-1-random-18.scen
420,warehouse-10-20-10-2-1.map,PIBTOLD,0,3556026,100000,10440,1000,warehouse-10-20-10-2-1-random-12.scen
340,warehouse-10-20-10-2-1.map,PIBT,0,3340853,100000,18587,0,warehouse-10-20-10-2-1-random-18.scen
340,warehouse-10-20-10-2-1.map,PIBTOLD,0,3340853,100000,8813,0,warehouse-10-20-10-2-1-random-18.scen
460,warehouse-10-20-10-2-1.map,PIBT,0,4162670,100000,30318,0,warehouse-10-20-10-2-1-random-12.scen
460,warehouse-10-20-10-2-1.map,PIBTOLD,0,4162670,100000,11580,0,warehouse-10-20-10-2-1-random-12.scen
340,warehouse-10-20-10-2-1.map,PIBT,0,643643,100000,22281,1,warehouse-10-20-10-2-1-random-18.scen
340,warehouse-10-20-10-2-1.map,PIBTOLD,0,3340853,100000,8588,1,warehouse-10-20-10-2-1-random-18.scen
340,warehouse-10-20-10-2-1.map,PIBT,0,844153,100000,22110,10,warehouse-10-20-10-2-1-random-18.scen
340,warehouse-10-20-10-2-1.map,PIBTOLD,0,3340853,100000,8824,10,warehouse-10-20-10-2-1-random-18.scen
340,warehouse-10-20-10-2-1.map,PIBT,0,844153,100000,22205,100,warehouse-10-20-10-2-1-random-18.scen
420,warehouse-10-20-10-2-1.map,PIBT,0,3556026,100000,25606,0,warehouse-10-20-10-2-1-random-13.scen
340,warehouse-10-20-10-2-1.map,PIBTOLD,0,3340853,100000,8650,100,warehouse-10-20-10-2-1-random-18.scen
420,warehouse-10-20-10-2-1.map,PIBTOLD,0,3556026,100000,10188,0,warehouse-10-20-10-2-1-random-13.scen
340,warehouse-10-20-10-2-1.map,PIBT,0,844153,100000,22485,1000,warehouse-10-20-10-2-1-random-18.scen
340,warehouse-10-20-10-2-1.map,PIBTOLD,0,3340853,100000,8387,1000,warehouse-10-20-10-2-1-random-18.scen
420,warehouse-10-20-10-2-1.map,PIBT,0,1656398,100000,37890,1,warehouse-10-20-10-2-1-random-13.scen
380,warehouse-10-20-10-2-1.map,PIBT,0,4047546,100000,21617,0,warehouse-10-20-10-2-1-random-18.scen
420,warehouse-10-20-10-2-1.map,PIBTOLD,0,3556026,100000,10475,1,warehouse-10-20-10-2-1-random-13.scen
380,warehouse-10-20-10-2-1.map,PIBTOLD,0,4047546,100000,9488,0,warehouse-10-20-10-2-1-random-18.scen
420,warehouse-10-20-10-2-1.map,PIBT,0,1261914,100000,38803,10,warehouse-10-20-10-2-1-random-13.scen
380,warehouse-10-20-10-2-1.map,PIBT,0,646970,100000,38228,1,warehouse-10-20-10-2-1-random-18.scen
420,warehouse-10-20-10-2-1.map,PIBTOLD,0,3556026,100000,10258,10,warehouse-10-20-10-2-1-random-13.scen
380,warehouse-10-20-10-2-1.map,PIBTOLD,0,4047546,100000,9466,1,warehouse-10-20-10-2-1-random-18.scen
380,warehouse-10-20-10-2-1.map,PIBT,0,850483,100000,27345,10,warehouse-10-20-10-2-1-random-18.scen
420,warehouse-10-20-10-2-1.map,PIBT,0,1858834,100000,47454,100,warehouse-10-20-10-2-1-random-13.scen
380,warehouse-10-20-10-2-1.map,PIBTOLD,0,4047546,100000,9320,10,warehouse-10-20-10-2-1-random-18.scen
420,warehouse-10-20-10-2-1.map,PIBTOLD,0,3556026,100000,10303,100,warehouse-10-20-10-2-1-random-13.scen
380,warehouse-10-20-10-2-1.map,PIBT,0,850483,100000,27242,100,warehouse-10-20-10-2-1-random-18.scen
380,warehouse-10-20-10-2-1.map,PIBTOLD,0,4047546,100000,9396,100,warehouse-10-20-10-2-1-random-18.scen
420,warehouse-10-20-10-2-1.map,PIBT,0,457143,100000,41197,1000,warehouse-10-20-10-2-1-random-13.scen
420,warehouse-10-20-10-2-1.map,PIBTOLD,0,3556026,100000,10287,1000,warehouse-10-20-10-2-1-random-13.scen
380,warehouse-10-20-10-2-1.map,PIBT,0,850483,100000,27137,1000,warehouse-10-20-10-2-1-random-18.scen
380,warehouse-10-20-10-2-1.map,PIBTOLD,0,4047546,100000,9472,1000,warehouse-10-20-10-2-1-random-18.scen
460,warehouse-10-20-10-2-1.map,PIBT,0,4162670,100000,30060,0,warehouse-10-20-10-2-1-random-13.scen
420,warehouse-10-20-10-2-1.map,PIBT,0,3556026,100000,25528,0,warehouse-10-20-10-2-1-random-18.scen
460,warehouse-10-20-10-2-1.map,PIBTOLD,0,4162670,100000,11453,0,warehouse-10-20-10-2-1-random-13.scen
420,warehouse-10-20-10-2-1.map,PIBTOLD,0,3556026,100000,10620,0,warehouse-10-20-10-2-1-random-18.scen
460,warehouse-10-20-10-2-1.map,PIBT,0,470932,100000,53101,1,warehouse-10-20-10-2-1-random-13.scen
20,warehouse-10-20-10-2-1.map,PIBT,1,1727,162,4,0,warehouse-10-20-10-2-1-random-25.scen
20,warehouse-10-20-10-2-1.map,PIBTOLD,1,1727,162,3,0,warehouse-10-20-10-2-1-random-25.scen
20,warehouse-10-20-10-2-1.map,PIBT,1,1690,170,4,1,warehouse-10-20-10-2-1-random-25.scen
20,warehouse-10-20-10-2-1.map,PIBTOLD,1,1727,162,3,1,warehouse-10-20-10-2-1-random-25.scen
20,warehouse-10-20-10-2-1.map,PIBT,1,1690,170,4,10,warehouse-10-20-10-2-1-random-25.scen
20,warehouse-10-20-10-2-1.map,PIBTOLD,1,1727,162,3,10,warehouse-10-20-10-2-1-random-25.scen
20,warehouse-10-20-10-2-1.map,PIBT,1,1690,170,3,100,warehouse-10-20-10-2-1-random-25.scen
20,warehouse-10-20-10-2-1.map,PIBTOLD,1,1727,162,3,100,warehouse-10-20-10-2-1-random-25.scen
20,warehouse-10-20-10-2-1.map,PIBT,1,1690,170,4,1000,warehouse-10-20-10-2-1-random-25.scen
20,warehouse-10-20-10-2-1.map,PIBTOLD,1,1727,162,3,1000,warehouse-10-20-10-2-1-random-25.scen
60,warehouse-10-20-10-2-1.map,PIBT,1,6061,192,10,0,warehouse-10-20-10-2-1-random-25.scen
60,warehouse-10-20-10-2-1.map,PIBTOLD,1,6061,192,9,0,warehouse-10-20-10-2-1-random-25.scen
60,warehouse-10-20-10-2-1.map,PIBT,0,5909,100000,2516,1,warehouse-10-20-10-2-1-random-25.scen
60,warehouse-10-20-10-2-1.map,PIBTOLD,1,6061,192,9,1,warehouse-10-20-10-2-1-random-25.scen
460,warehouse-10-20-10-2-1.map,PIBTOLD,0,4162670,100000,12048,1,warehouse-10-20-10-2-1-random-13.scen
60,warehouse-10-20-10-2-1.map,PIBT,0,5909,100000,2628,10,warehouse-10-20-10-2-1-random-25.scen
60,warehouse-10-20-10-2-1.map,PIBTOLD,1,6061,192,9,10,warehouse-10-20-10-2-1-random-25.scen
60,warehouse-10-20-10-2-1.map,PIBT,0,5909,100000,2625,100,warehouse-10-20-10-2-1-random-25.scen
60,warehouse-10-20-10-2-1.map,PIBTOLD,1,6061,192,9,100,warehouse-10-20-10-2-1-random-25.scen
60,warehouse-10-20-10-2-1.map,PIBT,0,5909,100000,2666,1000,warehouse-10-20-10-2-1-random-25.scen
60,warehouse-10-20-10-2-1.map,PIBTOLD,1,6061,192,9,1000,warehouse-10-20-10-2-1-random-25.scen
100,warehouse-10-20-10-2-1.map,PIBT,0,410642,100000,3779,0,warehouse-10-20-10-2-1-random-25.scen
100,warehouse-10-20-10-2-1.map,PIBTOLD,0,410642,100000,2823,0,warehouse-10-20-10-2-1-random-25.scen
100,warehouse-10-20-10-2-1.map,PIBT,0,209851,100000,4836,1,warehouse-10-20-10-2-1-random-25.scen
100,warehouse-10-20-10-2-1.map,PIBTOLD,0,410642,100000,2893,1,warehouse-10-20-10-2-1-random-25.scen
100,warehouse-10-20-10-2-1.map,PIBT,0,209851,100000,4771,10,warehouse-10-20-10-2-1-random-25.scen
100,warehouse-10-20-10-2-1.map,PIBTOLD,0,410642,100000,2846,10,warehouse-10-20-10-2-1-random-25.scen
100,warehouse-10-20-10-2-1.map,PIBT,0,209851,100000,4870,100,warehouse-10-20-10-2-1-random-25.scen
100,warehouse-10-20-10-2-1.map,PIBTOLD,0,410642,100000,2873,100,warehouse-10-20-10-2-1-random-25.scen
100,warehouse-10-20-10-2-1.map,PIBT,0,209851,100000,4817,1000,warehouse-10-20-10-2-1-random-25.scen
100,warehouse-10-20-10-2-1.map,PIBTOLD,0,410642,100000,2661,1000,warehouse-10-20-10-2-1-random-25.scen
140,warehouse-10-20-10-2-1.map,PIBT,0,815517,100000,5506,0,warehouse-10-20-10-2-1-random-25.scen
140,warehouse-10-20-10-2-1.map,PIBTOLD,0,815517,100000,3606,0,warehouse-10-20-10-2-1-random-25.scen
140,warehouse-10-20-10-2-1.map,PIBT,0,215436,100000,7119,1,warehouse-10-20-10-2-1-random-25.scen
140,warehouse-10-20-10-2-1.map,PIBTOLD,0,815517,100000,3624,1,warehouse-10-20-10-2-1-random-25.scen
420,warehouse-10-20-10-2-1.map,PIBT,0,3556026,100000,25367,0,warehouse-10-20-10-2-1-random-24.scen
140,warehouse-10-20-10-2-1.map,PIBT,0,215436,100000,7041,10,warehouse-10-20-10-2-1-random-25.scen
140,warehouse-10-20-10-2-1.map,PIBTOLD,0,815517,100000,3599,10,warehouse-10-20-10-2-1-random-25.scen
420,warehouse-10-20-10-2-1.map,PIBTOLD,0,3556026,100000,10252,0,warehouse-10-20-10-2-1-random-24.scen
140,warehouse-10-20-10-2-1.map,PIBT,0,215436,100000,7035,100,warehouse-10-20-10-2-1-random-25.scen
140,warehouse-10-20-10-2-1.map,PIBTOLD,0,815517,100000,3663,100,warehouse-10-20-10-2-1-random-25.scen
140,warehouse-10-20-10-2-1.map,PIBT,0,215436,100000,7049,1000,warehouse-10-20-10-2-1-random-25.scen
140,warehouse-10-20-10-2-1.map,PIBTOLD,0,815517,100000,3640,1000,warehouse-10-20-10-2-1-random-25.scen
180,warehouse-10-20-10-2-1.map,PIBT,0,920025,100000,7267,0,warehouse-10-20-10-2-1-random-25.scen
180,warehouse-10-20-10-2-1.map,PIBTOLD,0,920025,100000,4361,0,warehouse-10-20-10-2-1-random-25.scen
180,warehouse-10-20-10-2-1.map,PIBT,0,419990,100000,8295,1,warehouse-10-20-10-2-1-random-25.scen
420,warehouse-10-20-10-2-1.map,PIBT,0,655286,100000,46386,1,warehouse-10-20-10-2-1-random-24.scen
180,warehouse-10-20-10-2-1.map,PIBTOLD,0,920025,100000,4403,1,warehouse-10-20-10-2-1-random-25.scen
420,warehouse-10-20-10-2-1.map,PIBTOLD,0,3556026,100000,10185,1,warehouse-10-20-10-2-1-random-24.scen
180,warehouse-10-20-10-2-1.map,PIBT,0,419990,100000,8263,10,warehouse-10-20-10-2-1-random-25.scen
180,warehouse-10-20-10-2-1.map,PIBTOLD,0,920025,100000,4447,10,warehouse-10-20-10-2-1-random-25.scen
180,warehouse-10-20-10-2-1.map,PIBT,0,419990,100000,8222,100,warehouse-10-20-10-2-1-random-25.scen
180,warehouse-10-20-10-2-1.map,PIBTOLD,0,920025,100000,4411,100,warehouse-10-20-10-2-1-random-25.scen
180,warehouse-10-20-10-2-1.map,PIBT,0,419990,100000,8270,1000,warehouse-10-20-10-2-1-random-25.scen
180,warehouse-10-20-10-2-1.map,PIBTOLD,0,920025,100000,4383,1000,warehouse-10-20-10-2-1-random-25.scen
420,warehouse-10-20-10-2-1.map,PIBT,0,855158,100000,39186,10,warehouse-10-20-10-2-1-random-24.scen
220,warehouse-10-20-10-2-1.map,PIBT,0,1025739,100000,9325,0,warehouse-10-20-10-2-1-random-25.scen
420,warehouse-10-20-10-2-1.map,PIBTOLD,0,3556026,100000,10305,10,warehouse-10-20-10-2-1-random-24.scen
220,warehouse-10-20-10-2-1.map,PIBTOLD,0,1025739,100000,5268,0,warehouse-10-20-10-2-1-random-25.scen
220,warehouse-10-20-10-2-1.map,PIBT,0,227604,100000,10324,1,warehouse-10-20-10-2-1-random-25.scen
220,warehouse-10-20-10-2-1.map,PIBTOLD,0,1025739,100000,5408,1,warehouse-10-20-10-2-1-random-25.scen
220,warehouse-10-20-10-2-1.map,PIBT,0,227604,100000,10265,10,warehouse-10-20-10-2-1-random-25.scen
420,warehouse-10-20-10-2-1.map,PIBT,0,1057427,100000,38284,100,warehouse-10-20-10-2-1-random-24.scen
220,warehouse-10-20-10-2-1.map,PIBTOLD,0,1025739,100000,5248,10,warehouse-10-20-10-2-1-random-25.scen
220,warehouse-10-20-10-2-1.map,PIBT,0,227604,100000,10519,100,warehouse-10-20-10-2-1-random-25.scen
420,warehouse-10-20-10-2-1.map,PIBTOLD,0,3556026,100000,10469,100,warehouse-10-20-10-2-1-random-24.scen
220,warehouse-10-20-10-2-1.map,PIBTOLD,0,1025739,100000,5619,100,warehouse-10-20-10-2-1-random-25.scen
220,warehouse-10-20-10-2-1.map,PIBT,0,227604,100000,10175,1000,warehouse-10-20-10-2-1-random-25.scen
220,warehouse-10-20-10-2-1.map,PIBTOLD,0,1025739,100000,5343,1000,warehouse-10-20-10-2-1-random-25.scen
260,warehouse-10-20-10-2-1.map,PIBT,0,1529853,100000,12086,0,warehouse-10-20-10-2-1-random-25.scen
420,warehouse-10-20-10-2-1.map,PIBT,0,457143,100000,41248,1000,warehouse-10-20-10-2-1-random-24.scen
260,warehouse-10-20-10-2-1.map,PIBTOLD,0,1529853,100000,6395,0,warehouse-10-20-10-2-1-random-25.scen
420,warehouse-10-20-10-2-1.map,PIBTOLD,0,3556026,100000,10274,1000,warehouse-10-20-10-2-1-random-24.scen
260,warehouse-10-20-10-2-1.map,PIBT,0,433399,100000,15166,1,warehouse-10-20-10-2-1-random-25.scen
260,warehouse-10-20-10-2-1.map,PIBTOLD,0,1529853,100000,6435,1,warehouse-10-20-10-2-1-random-25.scen
460,warehouse-10-20-10-2-1.map,PIBT,0,4162670,100000,30089,0,warehouse-10-20-10-2-1-random-24.scen
260,warehouse-10-20-10-2-1.map,PIBT,0,433399,100000,15279,10,warehouse-10-20-10-2-1-random-25.scen
260,warehouse-10-20-10-2-1.map,PIBTOLD,0,1529853,100000,6205,10,warehouse-10-20-10-2-1-random-25.scen
460,warehouse-10-20-10-2-1.map,PIBTOLD,0,4162670,100000,11439,0,warehouse-10-20-10-2-1-random-24.scen
260,warehouse-10-20-10-2-1.map,PIBT,0,433399,100000,15460,100,warehouse-10-20-10-2-1-random-25.scen
260,warehouse-10-20-10-2-1.map,PIBTOLD,0,1529853,100000,6331,100,warehouse-10-20-10-2-1-random-25.scen
260,warehouse-10-20-10-2-1.map,PIBT,0,433399,100000,15289,1000,warehouse-10-20-10-2-1-random-25.scen
260,warehouse-10-20-10-2-1.map,PIBTOLD,0,1529853,100000,6576,1000,warehouse-10-20-10-2-1-random-25.scen
300,warehouse-10-20-10-2-1.map,PIBT,0,2234973,100000,15018,0,warehouse-10-20-10-2-1-random-25.scen
300,warehouse-10-20-10-2-1.map,PIBTOLD,0,2234973,100000,7426,0,warehouse-10-20-10-2-1-random-25.scen
420,warehouse-10-20-10-2-1.map,PIBT,0,3556026,100000,25239,0,warehouse-10-20-10-2-1-random-22.scen
300,warehouse-10-20-10-2-1.map,PIBT,0,1235008,100000,20167,1,warehouse-10-20-10-2-1-random-25.scen
420,warehouse-10-20-10-2-1.map,PIBTOLD,0,3556026,100000,10262,0,warehouse-10-20-10-2-1-random-22.scen
300,warehouse-10-20-10-2-1.map,PIBTOLD,0,2234973,100000,7227,1,warehouse-10-20-10-2-1-random-25.scen
300,warehouse-10-20-10-2-1.map,PIBT,0,1235008,100000,20109,10,warehouse-10-20-10-2-1-random-25.scen
300,warehouse-10-20-10-2-1.map,PIBTOLD,0,2234973,100000,7192,10,warehouse-10-20-10-2-1-random-25.scen
420,warehouse-10-20-10-2-1.map,PIBT,0,1057347,100000,40248,1,warehouse-10-20-10-2-1-random-22.scen
420,warehouse-10-20-10-2-1.map,PIBTOLD,0,3556026,100000,10246,1,warehouse-10-20-10-2-1-random-22.scen
300,warehouse-10-20-10-2-1.map,PIBT,0,1235008,100000,20035,100,warehouse-10-20-10-2-1-random-25.scen
300,warehouse-10-20-10-2-1.map,PIBTOLD,0,2234973,100000,7216,100,warehouse-10-20-10-2-1-random-25.scen
300,warehouse-10-20-10-2-1.map,PIBT,0,1235008,100000,20282,1000,warehouse-10-20-10-2-1-random-25.scen
420,warehouse-10-20-10-2-1.map,PIBT,0,856924,100000,47195,10,warehouse-10-20-10-2-1-random-22.scen
300,warehouse-10-20-10-2-1.map,PIBTOLD,0,2234973,100000,7255,1000,warehouse-10-20-10-2-1-random-25.scen
420,warehouse-10-20-10-2-1.map,PIBTOLD,0,3556026,100000,10257,10,warehouse-10-20-10-2-1-random-22.scen
340,warehouse-10-20-10-2-1.map,PIBT,0,3340853,100000,18577,0,warehouse-10-20-10-2-1-random-25.scen
340,warehouse-10-20-10-2-1.map,PIBTOLD,0,3340853,100000,8400,0,warehouse-10-20-10-2-1-random-25.scen
420,warehouse-10-20-10-2-1.map,PIBT,0,856860,100000,35515,100,warehouse-10-20-10-2-1-random-22.scen
340,warehouse-10-20-10-2-1.map,PIBT,0,1042438,100000,23023,1,warehouse-10-20-10-2-1-random-25.scen
420,warehouse-10-20-10-2-1.map,PIBTOLD,0,3556026,100000,10581,100,warehouse-10-20-10-2-1-random-22.scen
340,warehouse-10-20-10-2-1.map,PIBTOLD,0,3340853,100000,8678,1,warehouse-10-20-10-2-1-random-25.scen
340,warehouse-10-20-10-2-1.map,PIBT,0,844153,100000,22184,10,warehouse-10-20-10-2-1-random-25.scen
340,warehouse-10-20-10-2-1.map,PIBTOLD,0,3340853,100000,8462,10,warehouse-10-20-10-2-1-random-25.scen
420,warehouse-10-20-10-2-1.map,PIBT,0,457143,100000,41280,1000,warehouse-10-20-10-2-1-random-22.scen
420,warehouse-10-20-10-2-1.map,PIBTOLD,0,3556026,100000,10376,1000,warehouse-10-20-10-2-1-random-22.scen
340,warehouse-10-20-10-2-1.map,PIBT,0,844153,100000,22027,100,warehouse-10-20-10-2-1-random-25.scen
340,warehouse-10-20-10-2-1.map,PIBTOLD,0,3340853,100000,8360,100,warehouse-10-20-10-2-1-random-25.scen
460,warehouse-10-20-10-2-1.map,PIBT,0,4162670,100000,30076,0,warehouse-10-20-10-2-1-random-22.scen
340,warehouse-10-20-10-2-1.map,PIBT,0,844153,100000,22088,1000,warehouse-10-20-10-2-1-random-25.scen
460,warehouse-10-20-10-2-1.map,PIBTOLD,0,4162670,100000,11606,0,warehouse-10-20-10-2-1-random-22.scen
340,warehouse-10-20-10-2-1.map,PIBTOLD,0,3340853,100000,8274,1000,warehouse-10-20-10-2-1-random-25.scen
380,warehouse-10-20-10-2-1.map,PIBT,0,4047546,100000,21784,0,warehouse-10-20-10-2-1-random-25.scen
380,warehouse-10-20-10-2-1.map,PIBTOLD,0,4047546,100000,9446,0,warehouse-10-20-10-2-1-random-25.scen
460,warehouse-10-20-10-2-1.map,PIBT,0,1662787,100000,54169,1,warehouse-10-20-10-2-1-random-22.scen
460,warehouse-10-20-10-2-1.map,PIBTOLD,0,4162670,100000,11521,1,warehouse-10-20-10-2-1-random-22.scen
380,warehouse-10-20-10-2-1.map,PIBT,0,446689,100000,30864,1,warehouse-10-20-10-2-1-random-25.scen
380,warehouse-10-20-10-2-1.map,PIBTOLD,0,4047546,100000,9301,1,warehouse-10-20-10-2-1-random-25.scen
460,warehouse-10-20-10-2-1.map,PIBT,0,864001,100000,42617,10,warehouse-10-20-10-2-1-random-22.scen
380,warehouse-10-20-10-2-1.map,PIBT,0,850483,100000,27679,10,warehouse-10-20-10-2-1-random-25.scen
460,warehouse-10-20-10-2-1.map,PIBTOLD,0,4162670,100000,11423,10,warehouse-10-20-10-2-1-random-22.scen
380,warehouse-10-20-10-2-1.map,PIBTOLD,0,4047546,100000,9453,10,warehouse-10-20-10-2-1-random-25.scen
380,warehouse-10-20-10-2-1.map,PIBT,0,850483,100000,27227,100,warehouse-10-20-10-2-1-random-25.scen
380,warehouse-10-20-10-2-1.map,PIBTOLD,0,4047546,100000,9441,100,warehouse-10-20-10-2-1-random-25.scen
380,warehouse-10-20-10-2-1.map,PIBT,0,850483,100000,27228,1000,warehouse-10-20-10-2-1-random-25.scen
420,warehouse-10-20-10-2-1.map,PIBT,0,3556026,100000,25698,0,warehouse-10-20-10-2-1-random-21.scen
380,warehouse-10-20-10-2-1.map,PIBTOLD,0,4047546,100000,9379,1000,warehouse-10-20-10-2-1-random-25.scen
420,warehouse-10-20-10-2-1.map,PIBTOLD,0,3556026,100000,10433,0,warehouse-10-20-10-2-1-random-21.scen
420,warehouse-10-20-10-2-1.map,PIBT,0,3556026,100000,25393,0,warehouse-10-20-10-2-1-random-25.scen
420,warehouse-10-20-10-2-1.map,PIBTOLD,0,3556026,100000,10413,0,warehouse-10-20-10-2-1-random-25.scen
420,warehouse-10-20-10-2-1.map,PIBT,0,459685,100000,51064,1,warehouse-10-20-10-2-1-random-21.scen
420,warehouse-10-20-10-2-1.map,PIBTOLD,0,3556026,100000,10575,1,warehouse-10-20-10-2-1-random-21.scen
420,warehouse-10-20-10-2-1.map,PIBT,0,1655511,100000,46699,1,warehouse-10-20-10-2-1-random-25.scen
420,warehouse-10-20-10-2-1.map,PIBTOLD,0,3556026,100000,10382,1,warehouse-10-20-10-2-1-random-25.scen
420,warehouse-10-20-10-2-1.map,PIBT,0,857515,100000,38158,10,warehouse-10-20-10-2-1-random-21.scen
420,warehouse-10-20-10-2-1.map,PIBTOLD,0,3556026,100000,10456,10,warehouse-10-20-10-2-1-random-21.scen
420,warehouse-10-20-10-2-1.map,PIBT,0,855358,100000,48338,10,warehouse-10-20-10-2-1-random-25.scen
420,warehouse-10-20-10-2-1.map,PIBTOLD,0,3556026,100000,10780,10,warehouse-10-20-10-2-1-random-25.scen
420,warehouse-10-20-10-2-1.map,PIBT,0,654770,100000,41047,100,warehouse-10-20-10-2-1-random-21.scen
420,warehouse-10-20-10-2-1.map,PIBTOLD,0,3556026,100000,10443,100,warehouse-10-20-10-2-1-random-21.scen
420,warehouse-10-20-10-2-1.map,PIBT,0,1063651,100000,38047,100,warehouse-10-20-10-2-1-random-25.scen
420,warehouse-10-20-10-2-1.map,PIBTOLD,0,3556026,100000,10884,100,warehouse-10-20-10-2-1-random-25.scen
420,warehouse-10-20-10-2-1.map,PIBT,0,457143,100000,40741,1000,warehouse-10-20-10-2-1-random-21.scen
420,warehouse-10-20-10-2-1.map,PIBTOLD,0,3556026,100000,10313,1000,warehouse-10-20-10-2-1-random-21.scen
420,warehouse-10-20-10-2-1.map,PIBT,0,457143,100000,41532,1000,warehouse-10-20-10-2-1-random-25.scen
460,warehouse-10-20-10-2-1.map,PIBT,0,4162670,100000,30279,0,warehouse-10-20-10-2-1-random-21.scen
420,warehouse-10-20-10-2-1.map,PIBTOLD,0,3556026,100000,10470,1000,warehouse-10-20-10-2-1-random-25.scen
20,warehouse-10-20-10-2-1.map,PIBT,1,1727,162,3,0,warehouse-10-20-10-2-1-random-19.scen
20,warehouse-10-20-10-2-1.map,PIBTOLD,1,1727,162,3,0,warehouse-10-20-10-2-1-random-19.scen
20,warehouse-10-20-10-2-1.map,PIBT,1,1690,170,3,1,warehouse-10-20-10-2-1-random-19.scen
20,warehouse-10-20-10-2-1.map,PIBTOLD,1,1727,162,3,1,warehouse-10-20-10-2-1-random-19.scen
20,warehouse-10-20-10-2-1.map,PIBT,1,1690,170,4,10,warehouse-10-20-10-2-1-random-19.scen
20,warehouse-10-20-10-2-1.map,PIBTOLD,1,1727,162,3,10,warehouse-10-20-10-2-1-random-19.scen
20,warehouse-10-20-10-2-1.map,PIBT,1,1690,170,3,100,warehouse-10-20-10-2-1-random-19.scen
20,warehouse-10-20-10-2-1.map,PIBTOLD,1,1727,162,3,100,warehouse-10-20-10-2-1-random-19.scen
20,warehouse-10-20-10-2-1.map,PIBT,1,1690,170,4,1000,warehouse-10-20-10-2-1-random-19.scen
20,warehouse-10-20-10-2-1.map,PIBTOLD,1,1727,162,3,1000,warehouse-10-20-10-2-1-random-19.scen
60,warehouse-10-20-10-2-1.map,PIBT,1,6061,192,10,0,warehouse-10-20-10-2-1-random-19.scen
60,warehouse-10-20-10-2-1.map,PIBTOLD,1,6061,192,8,0,warehouse-10-20-10-2-1-random-19.scen
60,warehouse-10-20-10-2-1.map,PIBT,0,5909,100000,2637,1,warehouse-10-20-10-2-1-random-19.scen
60,warehouse-10-20-10-2-1.map,PIBTOLD,1,6061,192,9,1,warehouse-10-20-10-2-1-random-19.scen
60,warehouse-10-20-10-2-1.map,PIBT,0,5909,100000,2614,10,warehouse-10-20-10-2-1-random-19.scen
60,warehouse-10-20-10-2-1.map,PIBTOLD,1,6061,192,8,10,warehouse-10-20-10-2-1-random-19.scen
60,warehouse-10-20-10-2-1.map,PIBT,0,5909,100000,2553,100,warehouse-10-20-10-2-1-random-19.scen
60,warehouse-10-20-10-2-1.map,PIBTOLD,1,6061,192,8,100,warehouse-10-20-10-2-1-random-19.scen
60,warehouse-10-20-10-2-1.map,PIBT,0,5909,100000,2453,1000,warehouse-10-20-10-2-1-random-19.scen
60,warehouse-10-20-10-2-1.map,PIBTOLD,1,6061,192,8,1000,warehouse-10-20-10-2-1-random-19.scen
460,warehouse-10-20-10-2-1.map,PIBTOLD,0,4162670,100000,11245,0,warehouse-10-20-10-2-1-random-21.scen
100,warehouse-10-20-10-2-1.map,PIBT,0,410642,100000,3785,0,warehouse-10-20-10-2-1-random-19.scen
100,warehouse-10-20-10-2-1.map,PIBTOLD,0,410642,100000,2838,0,warehouse-10-20-10-2-1-random-19.scen
100,warehouse-10-20-10-2-1.map,PIBT,0,209851,100000,4764,1,warehouse-10-20-10-2-1-random-19.scen
100,warehouse-10-20-10-2-1.map,PIBTOLD,0,410642,100000,2775,1,warehouse-10-20-10-2-1-random-19.scen
100,warehouse-10-20-10-2-1.map,PIBT,0,209851,100000,4777,10,warehouse-10-20-10-2-1-random-19.scen
100,warehouse-10-20-10-2-1.map,PIBTOLD,0,410642,100000,2849,10,warehouse-10-20-10-2-1-random-19.scen
100,warehouse-10-20-10-2-1.map,PIBT,0,209851,100000,4760,100,warehouse-10-20-10-2-1-random-19.scen
100,warehouse-10-20-10-2-1.map,PIBTOLD,0,410642,100000,2807,100,warehouse-10-20-10-2-1-random-19.scen
100,warehouse-10-20-10-2-1.map,PIBT,0,209851,100000,4758,1000,warehouse-10-20-10-2-1-random-19.scen
100,warehouse-10-20-10-2-1.map,PIBTOLD,0,410642,100000,2721,1000,warehouse-10-20-10-2-1-random-19.scen
460,warehouse-10-20-10-2-1.map,PIBT,0,1461465,100000,45242,1,warehouse-10-20-10-2-1-random-21.scen
140,warehouse-10-20-10-2-1.map,PIBT,0,815517,100000,5527,0,warehouse-10-20-10-2-1-random-19.scen
140,warehouse-10-20-10-2-1.map,PIBTOLD,0,815517,100000,3620,0,warehouse-10-20-10-2-1-random-19.scen
460,warehouse-10-20-10-2-1.map,PIBTOLD,0,4162670,100000,11288,1,warehouse-10-20-10-2-1-random-21.scen
140,warehouse-10-20-10-2-1.map,PIBT,0,215436,100000,7068,1,warehouse-10-20-10-2-1-random-19.scen
140,warehouse-10-20-10-2-1.map,PIBTOLD,0,815517,100000,3610,1,warehouse-10-20-10-2-1-random-19.scen
140,warehouse-10-20-10-2-1.map,PIBT,0,215436,100000,7113,10,warehouse-10-20-10-2-1-random-19.scen
140,warehouse-10-20-10-2-1.map,PIBTOLD,0,815517,100000,3660,10,warehouse-10-20-10-2-1-random-19.scen
140,warehouse-10-20-10-2-1.map,PIBT,0,215436,100000,7096,100,warehouse-10-20-10-2-1-random-19.scen
140,warehouse-10-20-10-2-1.map,PIBTOLD,0,815517,100000,3619,100,warehouse-10-20-10-2-1-random-19.scen
140,warehouse-10-20-10-2-1.map,PIBT,0,215436,100000,7082,1000,warehouse-10-20-10-2-1-random-19.scen
140,warehouse-10-20-10-2-1.map,PIBTOLD,0,815517,100000,3642,1000,warehouse-10-20-10-2-1-random-19.scen
180,warehouse-10-20-10-2-1.map,PIBT,0,920025,100000,7170,0,warehouse-10-20-10-2-1-random-19.scen
180,warehouse-10-20-10-2-1.map,PIBTOLD,0,920025,100000,4506,0,warehouse-10-20-10-2-1-random-19.scen
180,warehouse-10-20-10-2-1.map,PIBT,0,419990,100000,8231,1,warehouse-10-20-10-2-1-random-19.scen
180,warehouse-10-20-10-2-1.map,PIBTOLD,0,920025,100000,4478,1,warehouse-10-20-10-2-1-random-19.scen
420,warehouse-10-20-10-2-1.map,PIBT,0,3556026,100000,25327,0,warehouse-10-20-10-2-1-random-14.scen
180,warehouse-10-20-10-2-1.map,PIBT,0,419990,100000,8310,10,warehouse-10-20-10-2-1-random-19.scen
180,warehouse-10-20-10-2-1.map,PIBTOLD,0,920025,100000,4398,10,warehouse-10-20-10-2-1-random-19.scen
420,warehouse-10-20-10-2-1.map,PIBTOLD,0,3556026,100000,10290,0,warehouse-10-20-10-2-1-random-14.scen
180,warehouse-10-20-10-2-1.map,PIBT,0,419990,100000,8326,100,warehouse-10-20-10-2-1-random-19.scen
180,warehouse-10-20-10-2-1.map,PIBTOLD,0,920025,100000,4412,100,warehouse-10-20-10-2-1-random-19.scen
180,warehouse-10-20-10-2-1.map,PIBT,0,419990,100000,8397,1000,warehouse-10-20-10-2-1-random-19.scen
180,warehouse-10-20-10-2-1.map,PIBTOLD,0,920025,100000,4557,1000,warehouse-10-20-10-2-1-random-19.scen
220,warehouse-10-20-10-2-1.map,PIBT,0,1025739,100000,9327,0,warehouse-10-20-10-2-1-random-19.scen
420,warehouse-10-20-10-2-1.map,PIBT,0,256102,100000,45655,1,warehouse-10-20-10-2-1-random-14.scen
220,warehouse-10-20-10-2-1.map,PIBTOLD,0,1025739,100000,5248,0,warehouse-10-20-10-2-1-random-19.scen
220,warehouse-10-20-10-2-1.map,PIBT,0,227604,100000,10195,1,warehouse-10-20-10-2-1-random-19.scen
420,warehouse-10-20-10-2-1.map,PIBTOLD,0,3556026,100000,10425,1,warehouse-10-20-10-2-1-random-14.scen
220,warehouse-10-20-10-2-1.map,PIBTOLD,0,1025739,100000,5334,1,warehouse-10-20-10-2-1-random-19.scen
220,warehouse-10-20-10-2-1.map,PIBT,0,227604,100000,10447,10,warehouse-10-20-10-2-1-random-19.scen
220,warehouse-10-20-10-2-1.map,PIBTOLD,0,1025739,100000,5232,10,warehouse-10-20-10-2-1-random-19.scen
220,warehouse-10-20-10-2-1.map,PIBT,0,227604,100000,10344,100,warehouse-10-20-10-2-1-random-19.scen
420,warehouse-10-20-10-2-1.map,PIBT,0,1654602,100000,37278,10,warehouse-10-20-10-2-1-random-14.scen
220,warehouse-10-20-10-2-1.map,PIBTOLD,0,1025739,100000,5330,100,warehouse-10-20-10-2-1-random-19.scen
420,warehouse-10-20-10-2-1.map,PIBTOLD,0,3556026,100000,10311,10,warehouse-10-20-10-2-1-random-14.scen
220,warehouse-10-20-10-2-1.map,PIBT,0,227604,100000,10311,1000,warehouse-10-20-10-2-1-random-19.scen
220,warehouse-10-20-10-2-1.map,PIBTOLD,0,1025739,100000,5391,1000,warehouse-10-20-10-2-1-random-19.scen
260,warehouse-10-20-10-2-1.map,PIBT,0,1529853,100000,11831,0,warehouse-10-20-10-2-1-random-19.scen
260,warehouse-10-20-10-2-1.map,PIBTOLD,0,1529853,100000,6327,0,warehouse-10-20-10-2-1-random-19.scen
420,warehouse-10-20-10-2-1.map,PIBT,0,1053087,100000,43351,100,warehouse-10-20-10-2-1-random-14.scen
260,warehouse-10-20-10-2-1.map,PIBT,0,433399,100000,15346,1,warehouse-10-20-10-2-1-random-19.scen
420,warehouse-10-20-10-2-1.map,PIBTOLD,0,3556026,100000,10451,100,warehouse-10-20-10-2-1-random-14.scen
260,warehouse-10-20-10-2-1.map,PIBTOLD,0,1529853,100000,6210,1,warehouse-10-20-10-2-1-random-19.scen
260,warehouse-10-20-10-2-1.map,PIBT,0,433399,100000,15251,10,warehouse-10-20-10-2-1-random-19.scen
260,warehouse-10-20-10-2-1.map,PIBTOLD,0,1529853,100000,6493,10,warehouse-10-20-10-2-1-random-19.scen
420,warehouse-10-20-10-2-1.map,PIBT,0,457143,100000,41119,1000,warehouse-10-20-10-2-1-random-14.scen
260,warehouse-10-20-10-2-1.map,PIBT,0,433399,100000,15315,100,warehouse-10-20-10-2-1-random-19.scen
260,warehouse-10-20-10-2-1.map,PIBTOLD,0,1529853,100000,6262,100,warehouse-10-20-10-2-1-random-19.scen
420,warehouse-10-20-10-2-1.map,PIBTOLD,0,3556026,100000,10338,1000,warehouse-10-20-10-2-1-random-14.scen
260,warehouse-10-20-10-2-1.map,PIBT,0,433399,100000,15166,1000,warehouse-10-20-10-2-1-random-19.scen
260,warehouse-10-20-10-2-1.map,PIBTOLD,0,1529853,100000,6370,1000,warehouse-10-20-10-2-1-random-19.scen
460,warehouse-10-20-10-2-1.map,PIBT,0,4162670,100000,30175,0,warehouse-10-20-10-2-1-random-14.scen
300,warehouse-10-20-10-2-1.map,PIBT,0,2234973,100000,15251,0,warehouse-10-20-10-2-1-random-19.scen
460,warehouse-10-20-10-2-1.map,PIBTOLD,0,4162670,100000,11385,0,warehouse-10-20-10-2-1-random-14.scen
300,warehouse-10-20-10-2-1.map,PIBTOLD,0,2234973,100000,7405,0,warehouse-10-20-10-2-1-random-19.scen
300,warehouse-10-20-10-2-1.map,PIBT,0,1235008,100000,20154,1,warehouse-10-20-10-2-1-random-19.scen
300,warehouse-10-20-10-2-1.map,PIBTOLD,0,2234973,100000,7269,1,warehouse-10-20-10-2-1-random-19.scen
460,warehouse-10-20-10-2-1.map,PIBT,0,1061622,100000,47567,1,warehouse-10-20-10-2-1-random-14.scen
300,warehouse-10-20-10-2-1.map,PIBT,0,1235008,100000,20064,10,warehouse-10-20-10-2-1-random-19.scen
300,warehouse-10-20-10-2-1.map,PIBTOLD,0,2234973,100000,7428,10,warehouse-10-20-10-2-1-random-19.scen
460,warehouse-10-20-10-2-1.map,PIBTOLD,0,4162670,100000,11270,1,warehouse-10-20-10-2-1-random-14.scen
300,warehouse-10-20-10-2-1.map,PIBT,0,1235008,100000,20441,100,warehouse-10-20-10-2-1-random-19.scen
300,warehouse-10-20-10-2-1.map,PIBTOLD,0,2234973,100000,7447,100,warehouse-10-20-10-2-1-random-19.scen
460,warehouse-10-20-10-2-1.map,PIBT,0,1064867,100000,48882,10,warehouse-10-20-10-2-1-random-14.scen
300,warehouse-10-20-10-2-1.map,PIBT,0,1235008,100000,20078,1000,warehouse-10-20-10-2-1-random-19.scen
300,warehouse-10-20-10-2-1.map,PIBTOLD,0,2234973,100000,7213,1000,warehouse-10-20-10-2-1-random-19.scen
460,warehouse-10-20-10-2-1.map,PIBTOLD,0,4162670,100000,11739,10,warehouse-10-20-10-2-1-random-14.scen
340,warehouse-10-20-10-2-1.map,PIBT,0,3340853,100000,18221,0,warehouse-10-20-10-2-1-random-19.scen
340,warehouse-10-20-10-2-1.map,PIBTOLD,0,3340853,100000,8712,0,warehouse-10-20-10-2-1-random-19.scen
340,warehouse-10-20-10-2-1.map,PIBT,0,644208,100000,21720,1,warehouse-10-20-10-2-1-random-19.scen
340,warehouse-10-20-10-2-1.map,PIBTOLD,0,3340853,100000,8547,1,warehouse-10-20-10-2-1-random-19.scen
420,warehouse-10-20-10-2-1.map,PIBT,0,3556026,100000,25193,0,warehouse-10-20-10-2-1-random-20.scen
340,warehouse-10-20-10-2-1.map,PIBT,0,844153,100000,22474,10,warehouse-10-20-10-2-1-random-19.scen
420,warehouse-10-20-10-2-1.map,PIBTOLD,0,3556026,100000,10600,0,warehouse-10-20-10-2-1-random-20.scen
340,warehouse-10-20-10-2-1.map,PIBTOLD,0,3340853,100000,8697,10,warehouse-10-20-10-2-1-random-19.scen
340,warehouse-10-20-10-2-1.map,PIBT,0,844153,100000,22232,100,warehouse-10-20-10-2-1-random-19.scen
340,warehouse-10-20-10-2-1.map,PIBTOLD,0,3340853,100000,8584,100,warehouse-10-20-10-2-1-random-19.scen
340,warehouse-10-20-10-2-1.map,PIBT,0,844153,100000,22225,1000,warehouse-10-20-10-2-1-random-19.scen
340,warehouse-10-20-10-2-1.map,PIBTOLD,0,3340853,100000,8400,1000,warehouse-10-20-10-2-1-random-19.scen
380,warehouse-10-20-10-2-1.map,PIBT,0,4047546,100000,21561,0,warehouse-10-20-10-2-1-random-23.scen
380,warehouse-10-20-10-2-1.map,PIBTOLD,0,4047546,100000,9617,0,warehouse-10-20-10-2-1-random-23.scen
380,warehouse-10-20-10-2-1.map,PIBT,0,4047546,100000,21602,0,warehouse-10-20-10-2-1-random-19.scen
380,warehouse-10-20-10-2-1.map,PIBTOLD,0,4047546,100000,9400,0,warehouse-10-20-10-2-1-random-19.scen
380,warehouse-10-20-10-2-1.map,PIBT,0,845346,100000,36102,1,warehouse-10-20-10-2-1-random-23.scen
380,warehouse-10-20-10-2-1.map,PIBTOLD,0,4047546,100000,9257,1,warehouse-10-20-10-2-1-random-23.scen
380,warehouse-10-20-10-2-1.map,PIBT,0,1449347,100000,28569,1,warehouse-10-20-10-2-1-random-19.scen
380,warehouse-10-20-10-2-1.map,PIBTOLD,0,4047546,100000,9442,1,warehouse-10-20-10-2-1-random-19.scen
380,warehouse-10-20-10-2-1.map,PIBT,0,850483,100000,27133,10,warehouse-10-20-10-2-1-random-23.scen
380,warehouse-10-20-10-2-1.map,PIBTOLD,0,4047546,100000,9214,10,warehouse-10-20-10-2-1-random-23.scen
380,warehouse-10-20-10-2-1.map,PIBT,0,850483,100000,27548,10,warehouse-10-20-10-2-1-random-19.scen
380,warehouse-10-20-10-2-1.map,PIBTOLD,0,4047546,100000,9356,10,warehouse-10-20-10-2-1-random-19.scen
380,warehouse-10-20-10-2-1.map,PIBT,0,850483,100000,26948,100,warehouse-10-20-10-2-1-random-23.scen
380,warehouse-10-20-10-2-1.map,PIBTOLD,0,4047546,100000,9210,100,warehouse-10-20-10-2-1-random-23.scen
380,warehouse-10-20-10-2-1.map,PIBT,0,850483,100000,27167,100,warehouse-10-20-10-2-1-random-19.scen
380,warehouse-10-20-10-2-1.map,PIBTOLD,0,4047546,100000,9470,100,warehouse-10-20-10-2-1-random-19.scen
380,warehouse-10-20-10-2-1.map,PIBT,0,850483,100000,26985,1000,warehouse-10-20-10-2-1-random-23.scen
380,warehouse-10-20-10-2-1.map,PIBTOLD,0,4047546,100000,9370,1000,warehouse-10-20-10-2-1-random-23.scen
380,warehouse-10-20-10-2-1.map,PIBT,0,850483,100000,27675,1000,warehouse-10-20-10-2-1-random-19.scen
380,warehouse-10-20-10-2-1.map,PIBTOLD,0,4047546,100000,9382,1000,warehouse-10-20-10-2-1-random-19.scen
420,warehouse-10-20-10-2-1.map,PIBT,0,3556026,100000,25354,0,warehouse-10-20-10-2-1-random-23.scen
420,warehouse-10-20-10-2-1.map,PIBTOLD,0,3556026,100000,10370,0,warehouse-10-20-10-2-1-random-23.scen
420,warehouse-10-20-10-2-1.map,PIBT,0,3556026,100000,25292,0,warehouse-10-20-10-2-1-random-19.scen
420,warehouse-10-20-10-2-1.map,PIBTOLD,0,3556026,100000,10775,0,warehouse-10-20-10-2-1-random-19.scen
420,warehouse-10-20-10-2-1.map,PIBT,0,1457908,100000,37784,1,warehouse-10-20-10-2-1-random-23.scen
420,warehouse-10-20-10-2-1.map,PIBTOLD,0,3556026,100000,10427,1,warehouse-10-20-10-2-1-random-23.scen
420,warehouse-10-20-10-2-1.map,PIBT,0,853325,100000,54387,1,warehouse-10-20-10-2-1-random-19.scen
420,warehouse-10-20-10-2-1.map,PIBTOLD,0,3556026,100000,10621,1,warehouse-10-20-10-2-1-random-19.scen
20,warehouse-10-20-10-2-1.map,PIBT,1,1727,162,3,0,warehouse-10-20-10-2-1-random-11.scen
20,warehouse-10-20-10-2-1.map,PIBTOLD,1,1727,162,3,0,warehouse-10-20-10-2-1-random-11.scen
20,warehouse-10-20-10-2-1.map,PIBT,1,1690,170,3,1,warehouse-10-20-10-2-1-random-11.scen
20,warehouse-10-20-10-2-1.map,PIBTOLD,1,1727,162,3,1,warehouse-10-20-10-2-1-random-11.scen
20,warehouse-10-20-10-2-1.map,PIBT,1,1690,170,3,10,warehouse-10-20-10-2-1-random-11.scen
20,warehouse-10-20-10-2-1.map,PIBTOLD,1,1727,162,3,10,warehouse-10-20-10-2-1-random-11.scen
20,warehouse-10-20-10-2-1.map,PIBT,1,1690,170,3,100,warehouse-10-20-10-2-1-random-11.scen
20,warehouse-10-20-10-2-1.map,PIBTOLD,1,1727,162,3,100,warehouse-10-20-10-2-1-random-11.scen
20,warehouse-10-20-10-2-1.map,PIBT,1,1690,170,3,1000,warehouse-10-20-10-2-1-random-11.scen
20,warehouse-10-20-10-2-1.map,PIBTOLD,1,1727,162,3,1000,warehouse-10-20-10-2-1-random-11.scen
60,warehouse-10-20-10-2-1.map,PIBT,1,6061,192,9,0,warehouse-10-20-10-2-1-random-11.scen
60,warehouse-10-20-10-2-1.map,PIBTOLD,1,6061,192,9,0,warehouse-10-20-10-2-1-random-11.scen
60,warehouse-10-20-10-2-1.map,PIBT,0,5909,100000,2577,1,warehouse-10-20-10-2-1-random-11.scen
60,warehouse-10-20-10-2-1.map,PIBTOLD,1,6061,192,8,1,warehouse-10-20-10-2-1-random-11.scen
60,warehouse-10-20-10-2-1.map,PIBT,0,5909,100000,2611,10,warehouse-10-20-10-2-1-random-11.scen
60,warehouse-10-20-10-2-1.map,PIBTOLD,1,6061,192,9,10,warehouse-10-20-10-2-1-random-11.scen
60,warehouse-10-20-10-2-1.map,PIBT,0,5909,100000,2568,100,warehouse-10-20-10-2-1-random-11.scen
60,warehouse-10-20-10-2-1.map,PIBTOLD,1,6061,192,9,100,warehouse-10-20-10-2-1-random-11.scen
60,warehouse-10-20-10-2-1.map,PIBT,0,5909,100000,2587,1000,warehouse-10-20-10-2-1-random-11.scen
60,warehouse-10-20-10-2-1.map,PIBTOLD,1,6061,192,8,1000,warehouse-10-20-10-2-1-random-11.scen
100,warehouse-10-20-10-2-1.map,PIBT,0,410642,100000,3703,0,warehouse-10-20-10-2-1-random-11.scen
100,warehouse-10-20-10-2-1.map,PIBTOLD,0,410642,100000,2691,0,warehouse-10-20-10-2-1-random-11.scen
420,warehouse-10-20-10-2-1.map,PIBT,0,256714,100000,44160,10,warehouse-10-20-10-2-1-random-19.scen
100,warehouse-10-20-10-2-1.map,PIBT,0,209851,100000,4698,1,warehouse-10-20-10-2-1-random-11.scen
100,warehouse-10-20-10-2-1.map,PIBTOLD,0,410642,100000,2733,1,warehouse-10-20-10-2-1-random-11.scen
100,warehouse-10-20-10-2-1.map,PIBT,0,209851,100000,4671,10,warehouse-10-20-10-2-1-random-11.scen
420,warehouse-10-20-10-2-1.map,PIBTOLD,0,3556026,100000,10425,10,warehouse-10-20-10-2-1-random-19.scen
100,warehouse-10-20-10-2-1.map,PIBTOLD,0,410642,100000,2692,10,warehouse-10-20-10-2-1-random-11.scen
100,warehouse-10-20-10-2-1.map,PIBT,0,209851,100000,4688,100,warehouse-10-20-10-2-1-random-11.scen
100,warehouse-10-20-10-2-1.map,PIBTOLD,0,410642,100000,2733,100,warehouse-10-20-10-2-1-random-11.scen
100,warehouse-10-20-10-2-1.map,PIBT,0,209851,100000,4711,1000,warehouse-10-20-10-2-1-random-11.scen
100,warehouse-10-20-10-2-1.map,PIBTOLD,0,410642,100000,2749,1000,warehouse-10-20-10-2-1-random-11.scen
140,warehouse-10-20-10-2-1.map,PIBT,0,815517,100000,5407,0,warehouse-10-20-10-2-1-random-11.scen
140,warehouse-10-20-10-2-1.map,PIBTOLD,0,815517,100000,3535,0,warehouse-10-20-10-2-1-random-11.scen
140,warehouse-10-20-10-2-1.map,PIBT,0,215436,100000,7075,1,warehouse-10-20-10-2-1-random-11.scen
140,warehouse-10-20-10-2-1.map,PIBTOLD,0,815517,100000,3581,1,warehouse-10-20-10-2-1-random-11.scen
140,warehouse-10-20-10-2-1.map,PIBT,0,215436,100000,7086,10,warehouse-10-20-10-2-1-random-11.scen
20,warehouse-10-20-10-2-1.map,PIBT,1,1727,162,3,0,warehouse-10-20-10-2-1-random-1.scen
20,warehouse-10-20-10-2-1.map,PIBTOLD,1,1727,162,3,0,warehouse-10-20-10-2-1-random-1.scen
20,warehouse-10-20-10-2-1.map,PIBT,1,1690,170,3,1,warehouse-10-20-10-2-1-random-1.scen
20,warehouse-10-20-10-2-1.map,PIBTOLD,1,1727,162,3,1,warehouse-10-20-10-2-1-random-1.scen
20,warehouse-10-20-10-2-1.map,PIBT,1,1690,170,4,10,warehouse-10-20-10-2-1-random-1.scen
20,warehouse-10-20-10-2-1.map,PIBTOLD,1,1727,162,3,10,warehouse-10-20-10-2-1-random-1.scen
20,warehouse-10-20-10-2-1.map,PIBT,1,1690,170,3,100,warehouse-10-20-10-2-1-random-1.scen
20,warehouse-10-20-10-2-1.map,PIBTOLD,1,1727,162,3,100,warehouse-10-20-10-2-1-random-1.scen
20,warehouse-10-20-10-2-1.map,PIBT,1,1690,170,4,1000,warehouse-10-20-10-2-1-random-1.scen
20,warehouse-10-20-10-2-1.map,PIBTOLD,1,1727,162,3,1000,warehouse-10-20-10-2-1-random-1.scen
60,warehouse-10-20-10-2-1.map,PIBT,1,6061,192,10,0,warehouse-10-20-10-2-1-random-1.scen
60,warehouse-10-20-10-2-1.map,PIBTOLD,1,6061,192,9,0,warehouse-10-20-10-2-1-random-1.scen
140,warehouse-10-20-10-2-1.map,PIBTOLD,0,815517,100000,3468,10,warehouse-10-20-10-2-1-random-11.scen
60,warehouse-10-20-10-2-1.map,PIBT,0,5909,100000,2530,1,warehouse-10-20-10-2-1-random-1.scen
60,warehouse-10-20-10-2-1.map,PIBTOLD,1,6061,192,8,1,warehouse-10-20-10-2-1-random-1.scen
60,warehouse-10-20-10-2-1.map,PIBT,0,5909,100000,2587,10,warehouse-10-20-10-2-1-random-1.scen
60,warehouse-10-20-10-2-1.map,PIBTOLD,1,6061,192,9,10,warehouse-10-20-10-2-1-random-1.scen
60,warehouse-10-20-10-2-1.map,PIBT,0,5909,100000,2582,100,warehouse-10-20-10-2-1-random-1.scen
60,warehouse-10-20-10-2-1.map,PIBTOLD,1,6061,192,9,100,warehouse-10-20-10-2-1-random-1.scen
140,warehouse-10-20-10-2-1.map,PIBT,0,215436,100000,6931,100,warehouse-10-20-10-2-1-random-11.scen
60,warehouse-10-20-10-2-1.map,PIBT,0,5909,100000,2519,1000,warehouse-10-20-10-2-1-random-1.scen
60,warehouse-10-20-10-2-1.map,PIBTOLD,1,6061,192,9,1000,warehouse-10-20-10-2-1-random-1.scen
140,warehouse-10-20-10-2-1.map,PIBTOLD,0,815517,100000,3491,100,warehouse-10-20-10-2-1-random-11.scen
100,warehouse-10-20-10-2-1.map,PIBT,0,410642,100000,3663,0,warehouse-10-20-10-2-1-random-1.scen
100,warehouse-10-20-10-2-1.map,PIBTOLD,0,410642,100000,2794,0,warehouse-10-20-10-2-1-random-1.scen
140,warehouse-10-20-10-2-1.map,PIBT,0,215436,100000,6917,1000,warehouse-10-20-10-2-1-random-11.scen
100,warehouse-10-20-10-2-1.map,PIBT,0,209851,100000,4759,1,warehouse-10-20-10-2-1-random-1.scen
140,warehouse-10-20-10-2-1.map,PIBTOLD,0,815517,100000,3489,1000,warehouse-10-20-10-2-1-random-11.scen
100,warehouse-10-20-10-2-1.map,PIBTOLD,0,410642,100000,2754,1,warehouse-10-20-10-2-1-random-1.scen
100,warehouse-10-20-10-2-1.map,PIBT,0,209851,100000,4780,10,warehouse-10-20-10-2-1-random-1.scen
180,warehouse-10-20-10-2-1.map,PIBT,0,920025,100000,7031,0,warehouse-10-20-10-2-1-random-11.scen
100,warehouse-10-20-10-2-1.map,PIBTOLD,0,410642,100000,2743,10,warehouse-10-20-10-2-1-random-1.scen
180,warehouse-10-20-10-2-1.map,PIBTOLD,0,920025,100000,4260,0,warehouse-10-20-10-2-1-random-11.scen
100,warehouse-10-20-10-2-1.map,PIBT,0,209851,100000,4719,100,warehouse-10-20-10-2-1-random-1.scen
100,warehouse-10-20-10-2-1.map,PIBTOLD,0,410642,100000,2806,100,warehouse-10-20-10-2-1-random-1.scen
180,warehouse-10-20-10-2-1.map,PIBT,0,419990,100000,8063,1,warehouse-10-20-10-2-1-random-11.scen
100,warehouse-10-20-10-2-1.map,PIBT,0,209851,100000,4724,1000,warehouse-10-20-10-2-1-random-1.scen
100,warehouse-10-20-10-2-1.map,PIBTOLD,0,410642,100000,2774,1000,warehouse-10-20-10-2-1-random-1.scen
180,warehouse-10-20-10-2-1.map,PIBTOLD,0,920025,100000,4231,1,warehouse-10-20-10-2-1-random-11.scen
140,warehouse-10-20-10-2-1.map,PIBT,0,815517,100000,5491,0,warehouse-10-20-10-2-1-random-1.scen
180,warehouse-10-20-10-2-1.map,PIBT,0,419990,100000,8070,10,warehouse-10-20-10-2-1-random-11.scen
140,warehouse-10-20-10-2-1.map,PIBTOLD,0,815517,100000,3552,0,warehouse-10-20-10-2-1-random-1.scen
180,warehouse-10-20-10-2-1.map,PIBTOLD,0,920025,100000,4253,10,warehouse-10-20-10-2-1-random-11.scen
140,warehouse-10-20-10-2-1.map,PIBT,0,215436,100000,7047,1,warehouse-10-20-10-2-1-random-1.scen
140,warehouse-10-20-10-2-1.map,PIBTOLD,0,815517,100000,3551,1,warehouse-10-20-10-2-1-random-1.scen
180,warehouse-10-20-10-2-1.map,PIBT,0,419990,100000,8089,100,warehouse-10-20-10-2-1-random-11.scen
180,warehouse-10-20-10-2-1.map,PIBTOLD,0,920025,100000,4315,100,warehouse-10-20-10-2-1-random-11.scen
140,warehouse-10-20-10-2-1.map,PIBT,0,215436,100000,7007,10,warehouse-10-20-10-2-1-random-1.scen
140,warehouse-10-20-10-2-1.map,PIBTOLD,0,815517,100000,3599,10,warehouse-10-20-10-2-1-random-1.scen
180,warehouse-10-20-10-2-1.map,PIBT,0,419990,100000,8061,1000,warehouse-10-20-10-2-1-random-11.scen
140,warehouse-10-20-10-2-1.map,PIBT,0,215436,100000,7047,100,warehouse-10-20-10-2-1-random-1.scen
180,warehouse-10-20-10-2-1.map,PIBTOLD,0,920025,100000,4291,1000,warehouse-10-20-10-2-1-random-11.scen
140,warehouse-10-20-10-2-1.map,PIBTOLD,0,815517,100000,3546,100,warehouse-10-20-10-2-1-random-1.scen
220,warehouse-10-20-10-2-1.map,PIBT,0,1025739,100000,9179,0,warehouse-10-20-10-2-1-random-11.scen
140,warehouse-10-20-10-2-1.map,PIBT,0,215436,100000,7067,1000,warehouse-10-20-10-2-1-random-1.scen
140,warehouse-10-20-10-2-1.map,PIBTOLD,0,815517,100000,3601,1000,warehouse-10-20-10-2-1-random-1.scen
220,warehouse-10-20-10-2-1.map,PIBTOLD,0,1025739,100000,5217,0,warehouse-10-20-10-2-1-random-11.scen
180,warehouse-10-20-10-2-1.map,PIBT,0,920025,100000,7169,0,warehouse-10-20-10-2-1-random-1.scen
220,warehouse-10-20-10-2-1.map,PIBT,0,227604,100000,10113,1,warehouse-10-20-10-2-1-random-11.scen
180,warehouse-10-20-10-2-1.map,PIBTOLD,0,920025,100000,4464,0,warehouse-10-20-10-2-1-random-1.scen
220,warehouse-10-20-10-2-1.map,PIBTOLD,0,1025739,100000,5146,1,warehouse-10-20-10-2-1-random-11.scen
180,warehouse-10-20-10-2-1.map,PIBT,0,419990,100000,8302,1,warehouse-10-20-10-2-1-random-1.scen
180,warehouse-10-20-10-2-1.map,PIBTOLD,0,920025,100000,4456,1,warehouse-10-20-10-2-1-random-1.scen
220,warehouse-10-20-10-2-1.map,PIBT,0,227604,100000,10113,10,warehouse-10-20-10-2-1-random-11.scen
180,warehouse-10-20-10-2-1.map,PIBT,0,419990,100000,8292,10,warehouse-10-20-10-2-1-random-1.scen
220,warehouse-10-20-10-2-1.map,PIBTOLD,0,1025739,100000,5191,10,warehouse-10-20-10-2-1-random-11.scen
180,warehouse-10-20-10-2-1.map,PIBTOLD,0,920025,100000,4455,10,warehouse-10-20-10-2-1-random-1.scen
220,warehouse-10-20-10-2-1.map,PIBT,0,227604,100000,10083,100,warehouse-10-20-10-2-1-random-11.scen
180,warehouse-10-20-10-2-1.map,PIBT,0,419990,100000,8319,100,warehouse-10-20-10-2-1-random-1.scen
220,warehouse-10-20-10-2-1.map,PIBTOLD,0,1025739,100000,5189,100,warehouse-10-20-10-2-1-random-11.scen
180,warehouse-10-20-10-2-1.map,PIBTOLD,0,920025,100000,4302,100,warehouse-10-20-10-2-1-random-1.scen
220,warehouse-10-20-10-2-1.map,PIBT,0,227604,100000,10215,1000,warehouse-10-20-10-2-1-random-11.scen
180,warehouse-10-20-10-2-1.map,PIBT,0,419990,100000,8499,1000,warehouse-10-20-10-2-1-random-1.scen
180,warehouse-10-20-10-2-1.map,PIBTOLD,0,920025,100000,4536,1000,warehouse-10-20-10-2-1-random-1.scen
220,warehouse-10-20-10-2-1.map,PIBTOLD,0,1025739,100000,5223,1000,warehouse-10-20-10-2-1-random-11.scen
220,warehouse-10-20-10-2-1.map,PIBT,0,1025739,100000,9333,0,warehouse-10-20-10-2-1-random-1.scen
260,warehouse-10-20-10-2-1.map,PIBT,0,1529853,100000,11702,0,warehouse-10-20-10-2-1-random-11.scen
220,warehouse-10-20-10-2-1.map,PIBTOLD,0,1025739,100000,5233,0,warehouse-10-20-10-2-1-random-1.scen
260,warehouse-10-20-10-2-1.map,PIBTOLD,0,1529853,100000,6153,0,warehouse-10-20-10-2-1-random-11.scen
220,warehouse-10-20-10-2-1.map,PIBT,0,227604,100000,10180,1,warehouse-10-20-10-2-1-random-1.scen
220,warehouse-10-20-10-2-1.map,PIBTOLD,0,1025739,100000,5213,1,warehouse-10-20-10-2-1-random-1.scen
260,warehouse-10-20-10-2-1.map,PIBT,0,433399,100000,15231,1,warehouse-10-20-10-2-1-random-11.scen
260,warehouse-10-20-10-2-1.map,PIBTOLD,0,1529853,100000,6168,1,warehouse-10-20-10-2-1-random-11.scen
220,warehouse-10-20-10-2-1.map,PIBT,0,227604,100000,10266,10,warehouse-10-20-10-2-1-random-1.scen
220,warehouse-10-20-10-2-1.map,PIBTOLD,0,1025739,100000,5340,10,warehouse-10-20-10-2-1-random-1.scen
260,warehouse-10-20-10-2-1.map,PIBT,0,433399,100000,14948,10,warehouse-10-20-10-2-1-random-11.scen
220,warehouse-10-20-10-2-1.map,PIBT,0,227604,100000,10319,100,warehouse-10-20-10-2-1-random-1.scen
260,warehouse-10-20-10-2-1.map,PIBTOLD,0,1529853,100000,6170,10,warehouse-10-20-10-2-1-random-11.scen
220,warehouse-10-20-10-2-1.map,PIBTOLD,0,1025739,100000,5198,100,warehouse-10-20-10-2-1-random-1.scen
220,warehouse-10-20-10-2-1.map,PIBT,0,227604,100000,10355,1000,warehouse-10-20-10-2-1-random-1.scen
260,warehouse-10-20-10-2-1.map,PIBT,0,433399,100000,15026,100,warehouse-10-20-10-2-1-random-11.scen
220,warehouse-10-20-10-2-1.map,PIBTOLD,0,1025739,100000,5268,1000,warehouse-10-20-10-2-1-random-1.scen
260,warehouse-10-20-10-2-1.map,PIBTOLD,0,1529853,100000,6033,100,warehouse-10-20-10-2-1-random-11.scen
260,warehouse-10-20-10-2-1.map,PIBT,0,1529853,100000,11666,0,warehouse-10-20-10-2-1-random-1.scen
260,warehouse-10-20-10-2-1.map,PIBT,0,433399,100000,15159,1000,warehouse-10-20-10-2-1-random-11.scen
260,warehouse-10-20-10-2-1.map,PIBTOLD,0,1529853,100000,6606,0,warehouse-10-20-10-2-1-random-1.scen
260,warehouse-10-20-10-2-1.map,PIBTOLD,0,1529853,100000,6288,1000,warehouse-10-20-10-2-1-random-11.scen
260,warehouse-10-20-10-2-1.map,PIBT,0,433399,100000,15035,1,warehouse-10-20-10-2-1-random-1.scen
300,warehouse-10-20-10-2-1.map,PIBT,0,2234973,100000,14979,0,warehouse-10-20-10-2-1-random-11.scen
260,warehouse-10-20-10-2-1.map,PIBTOLD,0,1529853,100000,6206,1,warehouse-10-20-10-2-1-random-1.scen
300,warehouse-10-20-10-2-1.map,PIBTOLD,0,2234973,100000,7073,0,warehouse-10-20-10-2-1-random-11.scen
260,warehouse-10-20-10-2-1.map,PIBT,0,433399,100000,15646,10,warehouse-10-20-10-2-1-random-1.scen
260,warehouse-10-20-10-2-1.map,PIBTOLD,0,1529853,100000,6261,10,warehouse-10-20-10-2-1-random-1.scen
300,warehouse-10-20-10-2-1.map,PIBT,0,1235008,100000,19856,1,warehouse-10-20-10-2-1-random-11.scen
300,warehouse-10-20-10-2-1.map,PIBTOLD,0,2234973,100000,7133,1,warehouse-10-20-10-2-1-random-11.scen
260,warehouse-10-20-10-2-1.map,PIBT,0,433399,100000,15324,100,warehouse-10-20-10-2-1-random-1.scen
260,warehouse-10-20-10-2-1.map,PIBTOLD,0,1529853,100000,6439,100,warehouse-10-20-10-2-1-random-1.scen
300,warehouse-10-20-10-2-1.map,PIBT,0,1235008,100000,19861,10,warehouse-10-20-10-2-1-random-11.scen
260,warehouse-10-20-10-2-1.map,PIBT,0,433399,100000,15081,1000,warehouse-10-20-10-2-1-random-1.scen
300,warehouse-10-20-10-2-1.map,PIBTOLD,0,2234973,100000,7146,10,warehouse-10-20-10-2-1-random-11.scen
260,warehouse-10-20-10-2-1.map,PIBTOLD,0,1529853,100000,6309,1000,warehouse-10-20-10-2-1-random-1.scen
300,warehouse-10-20-10-2-1.map,PIBT,0,1235008,100000,19861,100,warehouse-10-20-10-2-1-random-11.scen
300,warehouse-10-20-10-2-1.map,PIBT,0,2234973,100000,15090,0,warehouse-10-20-10-2-1-random-1.scen
300,warehouse-10-20-10-2-1.map,PIBTOLD,0,2234973,100000,7146,100,warehouse-10-20-10-2-1-random-11.scen
300,warehouse-10-20-10-2-1.map,PIBTOLD,0,2234973,100000,7422,0,warehouse-10-20-10-2-1-random-1.scen
300,warehouse-10-20-10-2-1.map,PIBT,0,1235008,100000,19971,1000,warehouse-10-20-10-2-1-random-11.scen
300,warehouse-10-20-10-2-1.map,PIBT,0,1235008,100000,20169,1,warehouse-10-20-10-2-1-random-1.scen
300,warehouse-10-20-10-2-1.map,PIBTOLD,0,2234973,100000,7170,1000,warehouse-10-20-10-2-1-random-11.scen
300,warehouse-10-20-10-2-1.map,PIBTOLD,0,2234973,100000,7194,1,warehouse-10-20-10-2-1-random-1.scen
340,warehouse-10-20-10-2-1.map,PIBT,0,3340853,100000,18064,0,warehouse-10-20-10-2-1-random-11.scen
300,warehouse-10-20-10-2-1.map,PIBT,0,1235008,100000,20122,10,warehouse-10-20-10-2-1-random-1.scen
340,warehouse-10-20-10-2-1.map,PIBTOLD,0,3340853,100000,8172,0,warehouse-10-20-10-2-1-random-11.scen
300,warehouse-10-20-10-2-1.map,PIBTOLD,0,2234973,100000,7189,10,warehouse-10-20-10-2-1-random-1.scen
300,warehouse-10-20-10-2-1.map,PIBT,0,1235008,100000,20277,100,warehouse-10-20-10-2-1-random-1.scen
340,warehouse-10-20-10-2-1.map,PIBT,0,242285,100000,25333,1,warehouse-10-20-10-2-1-random-11.scen
300,warehouse-10-20-10-2-1.map,PIBTOLD,0,2234973,100000,7497,100,warehouse-10-20-10-2-1-random-1.scen
340,warehouse-10-20-10-2-1.map,PIBTOLD,0,3340853,100000,8154,1,warehouse-10-20-10-2-1-random-11.scen
300,warehouse-10-20-10-2-1.map,PIBT,0,1235008,100000,20549,1000,warehouse-10-20-10-2-1-random-1.scen
340,warehouse-10-20-10-2-1.map,PIBT,0,844153,100000,21968,10,warehouse-10-20-10-2-1-random-11.scen
300,warehouse-10-20-10-2-1.map,PIBTOLD,0,2234973,100000,7229,1000,warehouse-10-20-10-2-1-random-1.scen
340,warehouse-10-20-10-2-1.map,PIBTOLD,0,3340853,100000,8428,10,warehouse-10-20-10-2-1-random-11.scen
340,warehouse-10-20-10-2-1.map,PIBT,0,3340853,100000,18320,0,warehouse-10-20-10-2-1-random-1.scen
340,warehouse-10-20-10-2-1.map,PIBT,0,844153,100000,21947,100,warehouse-10-20-10-2-1-random-11.scen
340,warehouse-10-20-10-2-1.map,PIBTOLD,0,3340853,100000,8354,0,warehouse-10-20-10-2-1-random-1.scen
340,warehouse-10-20-10-2-1.map,PIBTOLD,0,3340853,100000,8498,100,warehouse-10-20-10-2-1-random-11.scen
340,warehouse-10-20-10-2-1.map,PIBT,0,247838,100000,22156,1,warehouse-10-20-10-2-1-random-1.scen
340,warehouse-10-20-10-2-1.map,PIBT,0,844153,100000,22344,1000,warehouse-10-20-10-2-1-random-11.scen
340,warehouse-10-20-10-2-1.map,PIBTOLD,0,3340853,100000,8474,1,warehouse-10-20-10-2-1-random-1.scen
340,warehouse-10-20-10-2-1.map,PIBTOLD,0,3340853,100000,8266,1000,warehouse-10-20-10-2-1-random-11.scen
340,warehouse-10-20-10-2-1.map,PIBT,0,844153,100000,22044,10,warehouse-10-20-10-2-1-random-1.scen
380,warehouse-10-20-10-2-1.map,PIBT,0,4047546,100000,21690,0,warehouse-10-20-10-2-1-random-11.scen
340,warehouse-10-20-10-2-1.map,PIBTOLD,0,3340853,100000,8274,10,warehouse-10-20-10-2-1-random-1.scen
380,warehouse-10-20-10-2-1.map,PIBTOLD,0,4047546,100000,9207,0,warehouse-10-20-10-2-1-random-11.scen
340,warehouse-10-20-10-2-1.map,PIBT,0,844153,100000,22163,100,warehouse-10-20-10-2-1-random-1.scen
340,warehouse-10-20-10-2-1.map,PIBTOLD,0,3340853,100000,8609,100,warehouse-10-20-10-2-1-random-1.scen
380,warehouse-10-20-10-2-1.map,PIBT,0,247870,100000,35147,1,warehouse-10-20-10-2-1-random-11.scen
340,warehouse-10-20-10-2-1.map,PIBT,0,844153,100000,22246,1000,warehouse-10-20-10-2-1-random-1.scen
380,warehouse-10-20-10-2-1.map,PIBTOLD,0,4047546,100000,9473,1,warehouse-10-20-10-2-1-random-11.scen
340,warehouse-10-20-10-2-1.map,PIBTOLD,0,3340853,100000,8424,1000,warehouse-10-20-10-2-1-random-1.scen
380,warehouse-10-20-10-2-1.map,PIBT,0,850483,100000,27292,10,warehouse-10-20-10-2-1-random-11.scen
380,warehouse-10-20-10-2-1.map,PIBT,0,4047546,100000,22121,0,warehouse-10-20-10-2-1-random-1.scen
380,warehouse-10-20-10-2-1.map,PIBTOLD,0,4047546,100000,9444,10,warehouse-10-20-10-2-1-random-11.scen
380,warehouse-10-20-10-2-1.map,PIBTOLD,0,4047546,100000,9645,0,warehouse-10-20-10-2-1-random-1.scen
380,warehouse-10-20-10-2-1.map,PIBT,0,850483,100000,27129,100,warehouse-10-20-10-2-1-random-11.scen
380,warehouse-10-20-10-2-1.map,PIBTOLD,0,4047546,100000,9274,100,warehouse-10-20-10-2-1-random-11.scen
380,warehouse-10-20-10-2-1.map,PIBT,0,247763,100000,34883,1,warehouse-10-20-10-2-1-random-1.scen
380,warehouse-10-20-10-2-1.map,PIBTOLD,0,4047546,100000,9492,1,warehouse-10-20-10-2-1-random-1.scen
380,warehouse-10-20-10-2-1.map,PIBT,0,850483,100000,27014,1000,warehouse-10-20-10-2-1-random-11.scen
380,warehouse-10-20-10-2-1.map,PIBTOLD,0,4047546,100000,9608,1000,warehouse-10-20-10-2-1-random-11.scen
380,warehouse-10-20-10-2-1.map,PIBT,0,850483,100000,27596,10,warehouse-10-20-10-2-1-random-1.scen
380,warehouse-10-20-10-2-1.map,PIBTOLD,0,4047546,100000,9807,10,warehouse-10-20-10-2-1-random-1.scen
420,warehouse-10-20-10-2-1.map,PIBT,0,3556026,100000,25371,0,warehouse-10-20-10-2-1-random-11.scen
420,warehouse-10-20-10-2-1.map,PIBTOLD,0,3556026,100000,10444,0,warehouse-10-20-10-2-1-random-11.scen
380,warehouse-10-20-10-2-1.map,PIBT,0,850483,100000,27159,100,warehouse-10-20-10-2-1-random-1.scen
380,warehouse-10-20-10-2-1.map,PIBTOLD,0,4047546,100000,9579,100,warehouse-10-20-10-2-1-random-1.scen
420,warehouse-10-20-10-2-1.map,PIBT,0,1455650,100000,35768,1,warehouse-10-20-10-2-1-random-11.scen
380,warehouse-10-20-10-2-1.map,PIBT,0,850483,100000,27397,1000,warehouse-10-20-10-2-1-random-1.scen
420,warehouse-10-20-10-2-1.map,PIBTOLD,0,3556026,100000,10221,1,warehouse-10-20-10-2-1-random-11.scen
380,warehouse-10-20-10-2-1.map,PIBTOLD,0,4047546,100000,9335,1000,warehouse-10-20-10-2-1-random-1.scen
420,warehouse-10-20-10-2-1.map,PIBT,0,3556026,100000,25393,0,warehouse-10-20-10-2-1-random-1.scen
420,warehouse-10-20-10-2-1.map,PIBT,0,1256178,100000,39406,10,warehouse-10-20-10-2-1-random-11.scen
420,warehouse-10-20-10-2-1.map,PIBTOLD,0,3556026,100000,10399,0,warehouse-10-20-10-2-1-random-1.scen
420,warehouse-10-20-10-2-1.map,PIBTOLD,0,3556026,100000,10333,10,warehouse-10-20-10-2-1-random-11.scen
420,warehouse-10-20-10-2-1.map,PIBT,0,657137,100000,32432,1,warehouse-10-20-10-2-1-random-1.scen
420,warehouse-10-20-10-2-1.map,PIBTOLD,0,3556026,100000,10363,1,warehouse-10-20-10-2-1-random-1.scen
420,warehouse-10-20-10-2-1.map,PIBT,0,1056590,100000,41332,100,warehouse-10-20-10-2-1-random-11.scen
420,warehouse-10-20-10-2-1.map,PIBTOLD,0,3556026,100000,10744,100,warehouse-10-20-10-2-1-random-11.scen
420,warehouse-10-20-10-2-1.map,PIBT,0,1259541,100000,38067,10,warehouse-10-20-10-2-1-random-1.scen
420,warehouse-10-20-10-2-1.map,PIBTOLD,0,3556026,100000,10372,10,warehouse-10-20-10-2-1-random-1.scen
420,warehouse-10-20-10-2-1.map,PIBT,0,457143,100000,41187,1000,warehouse-10-20-10-2-1-random-11.scen
420,warehouse-10-20-10-2-1.map,PIBTOLD,0,3556026,100000,10746,1000,warehouse-10-20-10-2-1-random-11.scen
20,warehouse-10-20-10-2-1.map,PIBT,1,1727,162,3,0,warehouse-10-20-10-2-1-random-18.scen
20,warehouse-10-20-10-2-1.map,PIBTOLD,1,1727,162,3,0,warehouse-10-20-10-2-1-random-18.scen
20,warehouse-10-20-10-2-1.map,PIBT,1,1690,170,3,1,warehouse-10-20-10-2-1-random-18.scen
20,warehouse-10-20-10-2-1.map,PIBTOLD,1,1727,162,3,1,warehouse-10-20-10-2-1-random-18.scen
20,warehouse-10-20-10-2-1.map,PIBT,1,1690,170,3,10,warehouse-10-20-10-2-1-random-18.scen
20,warehouse-10-20-10-2-1.map,PIBTOLD,1,1727,162,3,10,warehouse-10-20-10-2-1-random-18.scen
20,warehouse-10-20-10-2-1.map,PIBT,1,1690,170,3,100,warehouse-10-20-10-2-1-random-18.scen
20,warehouse-10-20-10-2-1.map,PIBTOLD,1,1727,162,3,100,warehouse-10-20-10-2-1-random-18.scen
20,warehouse-10-20-10-2-1.map,PIBT,1,1690,170,3,1000,warehouse-10-20-10-2-1-random-18.scen
20,warehouse-10-20-10-2-1.map,PIBTOLD,1,1727,162,3,1000,warehouse-10-20-10-2-1-random-18.scen
60,warehouse-10-20-10-2-1.map,PIBT,1,6061,192,10,0,warehouse-10-20-10-2-1-random-18.scen
60,warehouse-10-20-10-2-1.map,PIBTOLD,1,6061,192,8,0,warehouse-10-20-10-2-1-random-18.scen
60,warehouse-10-20-10-2-1.map,PIBT,0,5909,100000,2556,1,warehouse-10-20-10-2-1-random-18.scen
60,warehouse-10-20-10-2-1.map,PIBTOLD,1,6061,192,9,1,warehouse-10-20-10-2-1-random-18.scen
60,warehouse-10-20-10-2-1.map,PIBT,0,5909,100000,2568,10,warehouse-10-20-10-2-1-random-18.scen
60,warehouse-10-20-10-2-1.map,PIBTOLD,1,6061,192,8,10,warehouse-10-20-10-2-1-random-18.scen
60,warehouse-10-20-10-2-1.map,PIBT,0,5909,100000,2542,100,warehouse-10-20-10-2-1-random-18.scen
60,warehouse-10-20-10-2-1.map,PIBTOLD,1,6061,192,8,100,warehouse-10-20-10-2-1-random-18.scen
60,warehouse-10-20-10-2-1.map,PIBT,0,5909,100000,2575,1000,warehouse-10-20-10-2-1-random-18.scen
60,warehouse-10-20-10-2-1.map,PIBTOLD,1,6061,192,9,1000,warehouse-10-20-10-2-1-random-18.scen
100,warehouse-10-20-10-2-1.map,PIBT,0,410642,100000,3731,0,warehouse-10-20-10-2-1-random-18.scen
100,warehouse-10-20-10-2-1.map,PIBTOLD,0,410642,100000,2627,0,warehouse-10-20-10-2-1-random-18.scen
420,warehouse-10-20-10-2-1.map,PIBT,0,466902,100000,38655,100,warehouse-10-20-10-2-1-random-1.scen
100,warehouse-10-20-10-2-1.map,PIBT,0,209851,100000,4704,1,warehouse-10-20-10-2-1-random-18.scen
100,warehouse-10-20-10-2-1.map,PIBTOLD,0,410642,100000,2754,1,warehouse-10-20-10-2-1-random-18.scen
100,warehouse-10-20-10-2-1.map,PIBT,0,209851,100000,4641,10,warehouse-10-20-10-2-1-random-18.scen
420,warehouse-10-20-10-2-1.map,PIBTOLD,0,3556026,100000,10332,100,warehouse-10-20-10-2-1-random-1.scen
100,warehouse-10-20-10-2-1.map,PIBTOLD,0,410642,100000,2737,10,warehouse-10-20-10-2-1-random-18.scen
100,warehouse-10-20-10-2-1.map,PIBT,0,209851,100000,4703,100,warehouse-10-20-10-2-1-random-18.scen
100,warehouse-10-20-10-2-1.map,PIBTOLD,0,410642,100000,2730,100,warehouse-10-20-10-2-1-random-18.scen
100,warehouse-10-20-10-2-1.map,PIBT,0,209851,100000,4694,1000,warehouse-10-20-10-2-1-random-18.scen
100,warehouse-10-20-10-2-1.map,PIBTOLD,0,410642,100000,2759,1000,warehouse-10-20-10-2-1-random-18.scen
140,warehouse-10-20-10-2-1.map,PIBT,0,815517,100000,5474,0,warehouse-10-20-10-2-1-random-18.scen
140,warehouse-10-20-10-2-1.map,PIBTOLD,0,815517,100000,3556,0,warehouse-10-20-10-2-1-random-18.scen
140,warehouse-10-20-10-2-1.map,PIBT,0,215436,100000,7062,1,warehouse-10-20-10-2-1-random-18.scen
420,warehouse-10-20-10-2-1.map,PIBT,0,457143,100000,41138,1000,warehouse-10-20-10-2-1-random-1.scen
140,warehouse-10-20-10-2-1.map,PIBTOLD,0,815517,100000,3552,1,warehouse-10-20-10-2-1-random-18.scen
140,warehouse-10-20-10-2-1.map,PIBT,0,215436,100000,6980,10,warehouse-10-20-10-2-1-random-18.scen
420,warehouse-10-20-10-2-1.map,PIBTOLD,0,3556026,100000,10662,1000,warehouse-10-20-10-2-1-random-1.scen
20,warehouse-10-20-10-2-1.map,PIBT,1,1727,162,3,0,warehouse-10-20-10-2-1-random-10.scen
20,warehouse-10-20-10-2-1.map,PIBTOLD,1,1727,162,3,0,warehouse-10-20-10-2-1-random-10.scen
20,warehouse-10-20-10-2-1.map,PIBT,1,1690,170,3,1,warehouse-10-20-10-2-1-random-10.scen
20,warehouse-10-20-10-2-1.map,PIBTOLD,1,1727,162,3,1,warehouse-10-20-10-2-1-random-10.scen
20,warehouse-10-20-10-2-1.map,PIBT,1,1690,170,3,10,warehouse-10-20-10-2-1-random-10.scen
20,warehouse-10-20-10-2-1.map,PIBTOLD,1,1727,162,3,10,warehouse-10-20-10-2-1-random-10.scen
20,warehouse-10-20-10-2-1.map,PIBT,1,1690,170,3,100,warehouse-10-20-10-2-1-random-10.scen
20,warehouse-10-20-10-2-1.map,PIBTOLD,1,1727,162,3,100,warehouse-10-20-10-2-1-random-10.scen
20,warehouse-10-20-10-2-1.map,PIBT,1,1690,170,3,1000,warehouse-10-20-10-2-1-random-10.scen
20,warehouse-10-20-10-2-1.map,PIBTOLD,1,1727,162,3,1000,warehouse-10-20-10-2-1-random-10.scen
60,warehouse-10-20-10-2-1.map,PIBT,1,6061,192,9,0,warehouse-10-20-10-2-1-random-10.scen
60,warehouse-10-20-10-2-1.map,PIBTOLD,1,6061,192,8,0,warehouse-10-20-10-2-1-random-10.scen
140,warehouse-10-20-10-2-1.map,PIBTOLD,0,815517,100000,3427,10,warehouse-10-20-10-2-1-random-18.scen
60,warehouse-10-20-10-2-1.map,PIBT,0,5909,100000,2512,1,warehouse-10-20-10-2-1-random-10.scen
60,warehouse-10-20-10-2-1.map,PIBTOLD,1,6061,192,8,1,warehouse-10-20-10-2-1-random-10.scen
60,warehouse-10-20-10-2-1.map,PIBT,0,5909,100000,2592,10,warehouse-10-20-10-2-1-random-10.scen
60,warehouse-10-20-10-2-1.map,PIBTOLD,1,6061,192,9,10,warehouse-10-20-10-2-1-random-10.scen
60,warehouse-10-20-10-2-1.map,PIBT,0,5909,100000,2560,100,warehouse-10-20-10-2-1-random-10.scen
60,warehouse-10-20-10-2-1.map,PIBTOLD,1,6061,192,8,100,warehouse-10-20-10-2-1-random-10.scen
140,warehouse-10-20-10-2-1.map,PIBT,0,215436,100000,6965,100,warehouse-10-20-10-2-1-random-18.scen
60,warehouse-10-20-10-2-1.map,PIBT,0,5909,100000,2554,1000,warehouse-10-20-10-2-1-random-10.scen
60,warehouse-10-20-10-2-1.map,PIBTOLD,1,6061,192,9,1000,warehouse-10-20-10-2-1-random-10.scen
140,warehouse-10-20-10-2-1.map,PIBTOLD,0,815517,100000,3439,100,warehouse-10-20-10-2-1-random-18.scen
100,warehouse-10-20-10-2-1.map,PIBT,0,410642,100000,3747,0,warehouse-10-20-10-2-1-random-10.scen
100,warehouse-10-20-10-2-1.map,PIBTOLD,0,410642,100000,2804,0,warehouse-10-20-10-2-1-random-10.scen
140,warehouse-10-20-10-2-1.map,PIBT,0,215436,100000,6994,1000,warehouse-10-20-10-2-1-random-18.scen
100,warehouse-10-20-10-2-1.map,PIBT,0,209851,100000,4726,1,warehouse-10-20-10-2-1-random-10.scen
140,warehouse-10-20-10-2-1.map,PIBTOLD,0,815517,100000,3538,1000,warehouse-10-20-10-2-1-random-18.scen
100,warehouse-10-20-10-2-1.map,PIBTOLD,0,410642,100000,2750,1,warehouse-10-20-10-2-1-random-10.scen
100,warehouse-10-20-10-2-1.map,PIBT,0,209851,100000,4774,10,warehouse-10-20-10-2-1-random-10.scen
180,warehouse-10-20-10-2-1.map,PIBT,0,920025,100000,7099,0,warehouse-10-20-10-2-1-random-18.scen
100,warehouse-10-20-10-2-1.map,PIBTOLD,0,410642,100000,2808,10,warehouse-10-20-10-2-1-random-10.scen
180,warehouse-10-20-10-2-1.map,PIBTOLD,0,920025,100000,4222,0,warehouse-10-20-10-2-1-random-18.scen
100,warehouse-10-20-10-2-1.map,PIBT,0,209851,100000,4768,100,warehouse-10-20-10-2-1-random-10.scen
100,warehouse-10-20-10-2-1.map,PIBTOLD,0,410642,100000,2790,100,warehouse-10-20-10-2-1-random-10.scen
180,warehouse-10-20-10-2-1.map,PIBT,0,419990,100000,8149,1,warehouse-10-20-10-2-1-random-18.scen
100,warehouse-10-20-10-2-1.map,PIBT,0,209851,100000,4714,1000,warehouse-10-20-10-2-1-random-10.scen
180,warehouse-10-20-10-2-1.map,PIBTOLD,0,920025,100000,4328,1,warehouse-10-20-10-2-1-random-18.scen
100,warehouse-10-20-10-2-1.map,PIBTOLD,0,410642,100000,2745,1000,warehouse-10-20-10-2-1-random-10.scen
140,warehouse-10-20-10-2-1.map,PIBT,0,815517,100000,5541,0,warehouse-10-20-10-2-1-random-10.scen
180,warehouse-10-20-10-2-1.map,PIBT,0,419990,100000,8169,10,warehouse-10-20-10-2-1-random-18.scen
140,warehouse-10-20-10-2-1.map,PIBTOLD,0,815517,100000,3547,0,warehouse-10-20-10-2-1-random-10.scen
180,warehouse-10-20-10-2-1.map,PIBTOLD,0,920025,100000,4228,10,warehouse-10-20-10-2-1-random-18.scen
140,warehouse-10-20-10-2-1.map,PIBT,0,215436,100000,7018,1,warehouse-10-20-10-2-1-random-10.scen
140,warehouse-10-20-10-2-1.map,PIBTOLD,0,815517,100000,3598,1,warehouse-10-20-10-2-1-random-10.scen
180,warehouse-10-20-10-2-1.map,PIBT,0,419990,100000,8039,100,warehouse-10-20-10-2-1-random-18.scen
180,warehouse-10-20-10-2-1.map,PIBTOLD,0,920025,100000,4351,100,warehouse-10-20-10-2-1-random-18.scen
140,warehouse-10-20-10-2-1.map,PIBT,0,215436,100000,6994,10,warehouse-10-20-10-2-1-random-10.scen
140,warehouse-10-20-10-2-1.map,PIBTOLD,0,815517,100000,3583,10,warehouse-10-20-10-2-1-random-10.scen
180,warehouse-10-20-10-2-1.map,PIBT,0,419990,100000,8159,1000,warehouse-10-20-10-2-1-random-18.scen
140,warehouse-10-20-10-2-1.map,PIBT,0,215436,100000,7089,100,warehouse-10-20-10-2-1-random-10.scen
180,warehouse-10-20-10-2-1.map,PIBTOLD,0,920025,100000,4325,1000,warehouse-10-20-10-2-1-random-18.scen
140,warehouse-10-20-10-2-1.map,PIBTOLD,0,815517,100000,3602,100,warehouse-10-20-10-2-1-random-10.scen
220,warehouse-10-20-10-2-1.map,PIBT,0,1025739,100000,9104,0,warehouse-10-20-10-2-1-random-18.scen
140,warehouse-10-20-10-2-1.map,PIBT,0,215436,100000,6968,1000,warehouse-10-20-10-2-1-random-10.scen
140,warehouse-10-20-10-2-1.map,PIBTOLD,0,815517,100000,3598,1000,warehouse-10-20-10-2-1-random-10.scen
220,warehouse-10-20-10-2-1.map,PIBTOLD,0,1025739,100000,5085,0,warehouse-10-20-10-2-1-random-18.scen
180,warehouse-10-20-10-2-1.map,PIBT,0,920025,100000,7298,0,warehouse-10-20-10-2-1-random-10.scen
220,warehouse-10-20-10-2-1.map,PIBT,0,227604,100000,10187,1,warehouse-10-20-10-2-1-random-18.scen
180,warehouse-10-20-10-2-1.map,PIBTOLD,0,920025,100000,4411,0,warehouse-10-20-10-2-1-random-10.scen
220,warehouse-10-20-10-2-1.map,PIBTOLD,0,1025739,100000,5186,1,warehouse-10-20-10-2-1-random-18.scen
180,warehouse-10-20-10-2-1.map,PIBT,0,419990,100000,8238,1,warehouse-10-20-10-2-1-random-10.scen
180,warehouse-10-20-10-2-1.map,PIBTOLD,0,920025,100000,4478,1,warehouse-10-20-10-2-1-random-10.scen
220,warehouse-10-20-10-2-1.map,PIBT,0,227604,100000,10137,10,warehouse-10-20-10-2-1-random-18.scen
220,warehouse-10-20-10-2-1.map,PIBTOLD,0,1025739,100000,5199,10,warehouse-10-20-10-2-1-random-18.scen
180,warehouse-10-20-10-2-1.map,PIBT,0,419990,100000,8231,10,warehouse-10-20-10-2-1-random-10.scen
180,warehouse-10-20-10-2-1.map,PIBTOLD,0,920025,100000,4423,10,warehouse-10-20-10-2-1-random-10.scen
220,warehouse-10-20-10-2-1.map,PIBT,0,227604,100000,10428,100,warehouse-10-20-10-2-1-random-18.scen
180,warehouse-10-20-10-2-1.map,PIBT,0,419990,100000,8350,100,warehouse-10-20-10-2-1-random-10.scen
220,warehouse-10-20-10-2-1.map,PIBTOLD,0,1025739,100000,5121,100,warehouse-10-20-10-2-1-random-18.scen
180,warehouse-10-20-10-2-1.map,PIBTOLD,0,920025,100000,4372,100,warehouse-10-20-10-2-1-random-10.scen
220,warehouse-10-20-10-2-1.map,PIBT,0,227604,100000,10137,1000,warehouse-10-20-10-2-1-random-18.scen
180,warehouse-10-20-10-2-1.map,PIBT,0,419990,100000,8201,1000,warehouse-10-20-10-2-1-random-10.scen
220,warehouse-10-20-10-2-1.map,PIBTOLD,0,1025739,100000,5111,1000,warehouse-10-20-10-2-1-random-18.scen
180,warehouse-10-20-10-2-1.map,PIBTOLD,0,920025,100000,4369,1000,warehouse-10-20-10-2-1-random-10.scen
220,warehouse-10-20-10-2-1.map,PIBT,0,1025739,100000,9446,0,warehouse-10-20-10-2-1-random-10.scen
260,warehouse-10-20-10-2-1.map,PIBT,0,1529853,100000,11660,0,warehouse-10-20-10-2-1-random-18.scen
220,warehouse-10-20-10-2-1.map,PIBTOLD,0,1025739,100000,5261,0,warehouse-10-20-10-2-1-random-10.scen
260,warehouse-10-20-10-2-1.map,PIBTOLD,0,1529853,100000,6176,0,warehouse-10-20-10-2-1-random-18.scen
220,warehouse-10-20-10-2-1.map,PIBT,0,227604,100000,10212,1,warehouse-10-20-10-2-1-random-10.scen
220,warehouse-10-20-10-2-1.map,PIBTOLD,0,1025739,100000,5348,1,warehouse-10-20-10-2-1-random-10.scen
260,warehouse-10-20-10-2-1.map,PIBT,0,433399,100000,15078,1,warehouse-10-20-10-2-1-random-18.scen
260,warehouse-10-20-10-2-1.map,PIBTOLD,0,1529853,100000,6347,1,warehouse-10-20-10-2-1-random-18.scen
220,warehouse-10-20-10-2-1.map,PIBT,0,227604,100000,10253,10,warehouse-10-20-10-2-1-random-10.scen
220,warehouse-10-20-10-2-1.map,PIBTOLD,0,1025739,100000,5303,10,warehouse-10-20-10-2-1-random-10.scen
260,warehouse-10-20-10-2-1.map,PIBT,0,433399,100000,15055,10,warehouse-10-20-10-2-1-random-18.scen
220,warehouse-10-20-10-2-1.map,PIBT,0,227604,100000,10286,100,warehouse-10-20-10-2-1-random-10.scen
260,warehouse-10-20-10-2-1.map,PIBTOLD,0,1529853,100000,6359,10,warehouse-10-20-10-2-1-random-18.scen
220,warehouse-10-20-10-2-1.map,PIBTOLD,0,1025739,100000,5260,100,warehouse-10-20-10-2-1-random-10.scen
220,warehouse-10-20-10-2-1.map,PIBT,0,227604,100000,10180,1000,warehouse-10-20-10-2-1-random-10.scen
260,warehouse-10-20-10-2-1.map,PIBT,0,433399,100000,15179,100,warehouse-10-20-10-2-1-random-18.scen
220,warehouse-10-20-10-2-1.map,PIBTOLD,0,1025739,100000,5350,1000,warehouse-10-20-10-2-1-random-10.scen
260,warehouse-10-20-10-2-1.map,PIBTOLD,0,1529853,100000,6242,100,warehouse-10-20-10-2-1-random-18.scen
260,warehouse-10-20-10-2-1.map,PIBT,0,1529853,100000,11786,0,warehouse-10-20-10-2-1-random-10.scen
260,warehouse-10-20-10-2-1.map,PIBT,0,433399,100000,14984,1000,warehouse-10-20-10-2-1-random-18.scen
260,warehouse-10-20-10-2-1.map,PIBTOLD,0,1529853,100000,6389,0,warehouse-10-20-10-2-1-random-10.scen
260,warehouse-10-20-10-2-1.map,PIBTOLD,0,1529853,100000,6048,1000,warehouse-10-20-10-2-1-random-18.scen
260,warehouse-10-20-10-2-1.map,PIBT,0,433399,100000,15174,1,warehouse-10-20-10-2-1-random-10.scen
300,warehouse-10-20-10-2-1.map,PIBT,0,2234973,100000,15263,0,warehouse-10-20-10-2-1-random-18.scen
260,warehouse-10-20-10-2-1.map,PIBTOLD,0,1529853,100000,6311,1,warehouse-10-20-10-2-1-random-10.scen
300,warehouse-10-20-10-2-1.map,PIBTOLD,0,2234973,100000,7120,0,warehouse-10-20-10-2-1-random-18.scen
260,warehouse-10-20-10-2-1.map,PIBT,0,433399,100000,15178,10,warehouse-10-20-10-2-1-random-10.scen
260,warehouse-10-20-10-2-1.map,PIBTOLD,0,1529853,100000,6404,10,warehouse-10-20-10-2-1-random-10.scen
300,warehouse-10-20-10-2-1.map,PIBT,0,1235008,100000,19942,1,warehouse-10-20-10-2-1-random-18.scen
300,warehouse-10-20-10-2-1.map,PIBTOLD,0,2234973,100000,7146,1,warehouse-10-20-10-2-1-random-18.scen
260,warehouse-10-20-10-2-1.map,PIBT,0,433399,100000,15370,100,warehouse-10-20-10-2-1-random-10.scen
260,warehouse-10-20-10-2-1.map,PIBTOLD,0,1529853,100000,6269,100,warehouse-10-20-10-2-1-random-10.scen
300,warehouse-10-20-10-2-1.map,PIBT,0,1235008,100000,19906,10,warehouse-10-20-10-2-1-random-18.scen
260,warehouse-10-20-10-2-1.map,PIBT,0,433399,100000,15385,1000,warehouse-10-20-10-2-1-random-10.scen
300,warehouse-10-20-10-2-1.map,PIBTOLD,0,2234973,100000,7117,10,warehouse-10-20-10-2-1-random-18.scen
260,warehouse-10-20-10-2-1.map,PIBTOLD,0,1529853,100000,6396,1000,warehouse-10-20-10-2-1-random-10.scen
300,warehouse-10-20-10-2-1.map,PIBT,0,1235008,100000,19950,100,warehouse-10-20-10-2-1-random-18.scen
300,warehouse-10-20-10-2-1.map,PIBT,0,2234973,100000,15237,0,warehouse-10-20-10-2-1-random-10.scen
300,warehouse-10-20-10-2-1.map,PIBTOLD,0,2234973,100000,7158,100,warehouse-10-20-10-2-1-random-18.scen
300,warehouse-10-20-10-2-1.map,PIBTOLD,0,2234973,100000,7174,0,warehouse-10-20-10-2-1-random-10.scen
300,warehouse-10-20-10-2-1.map,PIBT,0,1235008,100000,19921,1000,warehouse-10-20-10-2-1-random-18.scen
300,warehouse-10-20-10-2-1.map,PIBT,0,1235008,100000,20232,1,warehouse-10-20-10-2-1-random-10.scen
300,warehouse-10-20-10-2-1.map,PIBTOLD,0,2234973,100000,7034,1000,warehouse-10-20-10-2-1-random-18.scen
300,warehouse-10-20-10-2-1.map,PIBTOLD,0,2234973,100000,7158,1,warehouse-10-20-10-2-1-random-10.scen
340,warehouse-10-20-10-2-1.map,PIBT,0,3340853,100000,18159,0,warehouse-10-20-10-2-1-random-18.scen
300,warehouse-10-20-10-2-1.map,PIBT,0,1235008,100000,20180,10,warehouse-10-20-10-2-1-random-10.scen
340,warehouse-10-20-10-2-1.map,PIBTOLD,0,3340853,100000,8209,0,warehouse-10-20-10-2-1-random-18.scen
300,warehouse-10-20-10-2-1.map,PIBTOLD,0,2234973,100000,7185,10,warehouse-10-20-10-2-1-random-10.scen
300,warehouse-10-20-10-2-1.map,PIBT,0,1235008,100000,20097,100,warehouse-10-20-10-2-1-random-10.scen
340,warehouse-10-20-10-2-1.map,PIBT,0,644103,100000,26889,1,warehouse-10-20-10-2-1-random-18.scen
300,warehouse-10-20-10-2-1.map,PIBTOLD,0,2234973,100000,7457,100,warehouse-10-20-10-2-1-random-10.scen
340,warehouse-10-20-10-2-1.map,PIBTOLD,0,3340853,100000,8187,1,warehouse-10-20-10-2-1-random-18.scen
300,warehouse-10-20-10-2-1.map,PIBT,0,1235008,100000,20004,1000,warehouse-10-20-10-2-1-random-10.scen
340,warehouse-10-20-10-2-1.map,PIBT,0,844153,100000,21967,10,warehouse-10-20-10-2-1-random-18.scen
300,warehouse-10-20-10-2-1.map,PIBTOLD,0,2234973,100000,7206,1000,warehouse-10-20-10-2-1-random-10.scen
340,warehouse-10-20-10-2-1.map,PIBTOLD,0,3340853,100000,8179,10,warehouse-10-20-10-2-1-random-18.scen
340,warehouse-10-20-10-2-1.map,PIBT,0,3340853,100000,18416,0,warehouse-10-20-10-2-1-random-10.scen
340,warehouse-10-20-10-2-1.map,PIBT,0,844153,100000,21975,100,warehouse-10-20-10-2-1-random-18.scen
340,warehouse-10-20-10-2-1.map,PIBTOLD,0,3340853,100000,8451,0,warehouse-10-20-10-2-1-random-10.scen
340,warehouse-10-20-10-2-1.map,PIBTOLD,0,3340853,100000,8327,100,warehouse-10-20-10-2-1-random-18.scen
340,warehouse-10-20-10-2-1.map,PIBT,0,1042712,100000,23957,1,warehouse-10-20-10-2-1-random-10.scen
340,warehouse-10-20-10-2-1.map,PIBT,0,844153,100000,22238,1000,warehouse-10-20-10-2-1-random-18.scen
340,warehouse-10-20-10-2-1.map,PIBTOLD,0,3340853,100000,9264,1,warehouse-10-20-10-2-1-random-10.scen
340,warehouse-10-20-10-2-1.map,PIBTOLD,0,3340853,100000,8360,1000,warehouse-10-20-10-2-1-random-18.scen
340,warehouse-10-20-10-2-1.map,PIBT,0,844153,100000,22235,10,warehouse-10-20-10-2-1-random-10.scen
380,warehouse-10-20-10-2-1.map,PIBT,0,4047546,100000,21548,0,warehouse-10-20-10-2-1-random-18.scen
340,warehouse-10-20-10-2-1.map,PIBTOLD,0,3340853,100000,8263,10,warehouse-10-20-10-2-1-random-10.scen
380,warehouse-10-20-10-2-1.map,PIBTOLD,0,4047546,100000,9516,0,warehouse-10-20-10-2-1-random-18.scen
340,warehouse-10-20-10-2-1.map,PIBT,0,844153,100000,22189,100,warehouse-10-20-10-2-1-random-10.scen
340,warehouse-10-20-10-2-1.map,PIBTOLD,0,3340853,100000,8350,100,warehouse-10-20-10-2-1-random-10.scen
380,warehouse-10-20-10-2-1.map,PIBT,0,246896,100000,37240,1,warehouse-10-20-10-2-1-random-18.scen
340,warehouse-10-20-10-2-1.map,PIBT,0,844153,100000,22323,1000,warehouse-10-20-10-2-1-random-10.scen
380,warehouse-10-20-10-2-1.map,PIBTOLD,0,4047546,100000,9246,1,warehouse-10-20-10-2-1-random-18.scen
340,warehouse-10-20-10-2-1.map,PIBTOLD,0,3340853,100000,8739,1000,warehouse-10-20-10-2-1-random-10.scen
380,warehouse-10-20-10-2-1.map,PIBT,0,850483,100000,27172,10,warehouse-10-20-10-2-1-random-18.scen
380,warehouse-10-20-10-2-1.map,PIBT,0,4047546,100000,22036,0,warehouse-10-20-10-2-1-random-10.scen
380,warehouse-10-20-10-2-1.map,PIBTOLD,0,4047546,100000,14787,0,warehouse-10-20-10-2-1-random-10.scen
380,warehouse-10-20-10-2-1.map,PIBTOLD,0,4047546,100000,15390,10,warehouse-10-20-10-2-1-random-18.scen
380,warehouse-10-20-10-2-1.map,PIBT,0,448542,100000,46573,1,warehouse-10-20-10-2-1-random-10.scen
380,warehouse-10-20-10-2-1.map,PIBT,0,850483,100000,28607,100,warehouse-10-20-10-2-1-random-18.scen
380,warehouse-10-20-10-2-1.map,PIBTOLD,0,4047546,100000,9410,1,warehouse-10-20-10-2-1-random-10.scen
380,warehouse-10-20-10-2-1.map,PIBTOLD,0,4047546,100000,9398,100,warehouse-10-20-10-2-1-random-18.scen
380,warehouse-10-20-10-2-1.map,PIBT,0,850483,100000,27599,10,warehouse-10-20-10-2-1-random-10.scen
380,warehouse-10-20-10-2-1.map,PIBT,0,850483,100000,27252,1000,warehouse-10-20-10-2-1-random-18.scen
380,warehouse-10-20-10-2-1.map,PIBTOLD,0,4047546,100000,9355,10,warehouse-10-20-10-2-1-random-10.scen
380,warehouse-10-20-10-2-1.map,PIBTOLD,0,4047546,100000,9383,1000,warehouse-10-20-10-2-1-random-18.scen
380,warehouse-10-20-10-2-1.map,PIBT,0,850483,100000,27185,100,warehouse-10-20-10-2-1-random-10.scen
420,warehouse-10-20-10-2-1.map,PIBT,0,3556026,100000,25469,0,warehouse-10-20-10-2-1-random-18.scen
380,warehouse-10-20-10-2-1.map,PIBTOLD,0,4047546,100000,9771,100,warehouse-10-20-10-2-1-random-10.scen
420,warehouse-10-20-10-2-1.map,PIBTOLD,0,3556026,100000,10530,0,warehouse-10-20-10-2-1-random-18.scen
380,warehouse-10-20-10-2-1.map,PIBT,0,850483,100000,27255,1000,warehouse-10-20-10-2-1-random-10.scen
380,warehouse-10-20-10-2-1.map,PIBTOLD,0,4047546,100000,9370,1000,warehouse-10-20-10-2-1-random-10.scen
420,warehouse-10-20-10-2-1.map,PIBT,0,1252371,100000,44799,1,warehouse-10-20-10-2-1-random-18.scen
420,warehouse-10-20-10-2-1.map,PIBTOLD,0,3556026,100000,10340,1,warehouse-10-20-10-2-1-random-18.scen
420,warehouse-10-20-10-2-1.map,PIBT,0,3556026,100000,25373,0,warehouse-10-20-10-2-1-random-10.scen
420,warehouse-10-20-10-2-1.map,PIBTOLD,0,3556026,100000,10780,0,warehouse-10-20-10-2-1-random-10.scen
20,warehouse-10-20-10-2-1.map,PIBT,1,1727,162,3,0,warehouse-10-20-10-2-1-random-25.scen
20,warehouse-10-20-10-2-1.map,PIBTOLD,1,1727,162,3,0,warehouse-10-20-10-2-1-random-25.scen
20,warehouse-10-20-10-2-1.map,PIBT,1,1690,170,3,1,warehouse-10-20-10-2-1-random-25.scen
20,warehouse-10-20-10-2-1.map,PIBTOLD,1,1727,162,3,1,warehouse-10-20-10-2-1-random-25.scen
20,warehouse-10-20-10-2-1.map,PIBT,1,1690,170,3,10,warehouse-10-20-10-2-1-random-25.scen
20,warehouse-10-20-10-2-1.map,PIBTOLD,1,1727,162,3,10,warehouse-10-20-10-2-1-random-25.scen
20,warehouse-10-20-10-2-1.map,PIBT,1,1690,170,3,100,warehouse-10-20-10-2-1-random-25.scen
20,warehouse-10-20-10-2-1.map,PIBTOLD,1,1727,162,3,100,warehouse-10-20-10-2-1-random-25.scen
20,warehouse-10-20-10-2-1.map,PIBT,1,1690,170,3,1000,warehouse-10-20-10-2-1-random-25.scen
20,warehouse-10-20-10-2-1.map,PIBTOLD,1,1727,162,3,1000,warehouse-10-20-10-2-1-random-25.scen
60,warehouse-10-20-10-2-1.map,PIBT,1,6061,192,10,0,warehouse-10-20-10-2-1-random-25.scen
60,warehouse-10-20-10-2-1.map,PIBTOLD,1,6061,192,9,0,warehouse-10-20-10-2-1-random-25.scen
60,warehouse-10-20-10-2-1.map,PIBT,0,5909,100000,2587,1,warehouse-10-20-10-2-1-random-25.scen
60,warehouse-10-20-10-2-1.map,PIBTOLD,1,6061,192,9,1,warehouse-10-20-10-2-1-random-25.scen
60,warehouse-10-20-10-2-1.map,PIBT,0,5909,100000,2566,10,warehouse-10-20-10-2-1-random-25.scen
60,warehouse-10-20-10-2-1.map,PIBTOLD,1,6061,192,9,10,warehouse-10-20-10-2-1-random-25.scen
60,warehouse-10-20-10-2-1.map,PIBT,0,5909,100000,2569,100,warehouse-10-20-10-2-1-random-25.scen
60,warehouse-10-20-10-2-1.map,PIBTOLD,1,6061,192,9,100,warehouse-10-20-10-2-1-random-25.scen
60,warehouse-10-20-10-2-1.map,PIBT,0,5909,100000,2543,1000,warehouse-10-20-10-2-1-random-25.scen
60,warehouse-10-20-10-2-1.map,PIBTOLD,1,6061,192,8,1000,warehouse-10-20-10-2-1-random-25.scen
420,warehouse-10-20-10-2-1.map,PIBT,0,1453863,100000,48883,1,warehouse-10-20-10-2-1-random-10.scen
100,warehouse-10-20-10-2-1.map,PIBT,0,410642,100000,3595,0,warehouse-10-20-10-2-1-random-25.scen
100,warehouse-10-20-10-2-1.map,PIBTOLD,0,410642,100000,2715,0,warehouse-10-20-10-2-1-random-25.scen
100,warehouse-10-20-10-2-1.map,PIBT,0,209851,100000,4658,1,warehouse-10-20-10-2-1-random-25.scen
100,warehouse-10-20-10-2-1.map,PIBTOLD,0,410642,100000,2593,1,warehouse-10-20-10-2-1-random-25.scen
420,warehouse-10-20-10-2-1.map,PIBTOLD,0,3556026,100000,10355,1,warehouse-10-20-10-2-1-random-10.scen
100,warehouse-10-20-10-2-1.map,PIBT,0,209851,100000,4709,10,warehouse-10-20-10-2-1-random-25.scen
100,warehouse-10-20-10-2-1.map,PIBTOLD,0,410642,100000,2756,10,warehouse-10-20-10-2-1-random-25.scen
100,warehouse-10-20-10-2-1.map,PIBT,0,209851,100000,4797,100,warehouse-10-20-10-2-1-random-25.scen
100,warehouse-10-20-10-2-1.map,PIBTOLD,0,410642,100000,2735,100,warehouse-10-20-10-2-1-random-25.scen
100,warehouse-10-20-10-2-1.map,PIBT,0,209851,100000,4710,1000,warehouse-10-20-10-2-1-random-25.scen
100,warehouse-10-20-10-2-1.map,PIBTOLD,0,410642,100000,2696,1000,warehouse-10-20-10-2-1-random-25.scen
140,warehouse-10-20-10-2-1.map,PIBT,0,815517,100000,5402,0,warehouse-10-20-10-2-1-random-25.scen
140,warehouse-10-20-10-2-1.map,PIBTOLD,0,815517,100000,3524,0,warehouse-10-20-10-2-1-random-25.scen
140,warehouse-10-20-10-2-1.map,PIBT,0,215436,100000,7064,1,warehouse-10-20-10-2-1-random-25.scen
420,warehouse-10-20-10-2-1.map,PIBT,0,1255568,100000,48674,10,warehouse-10-20-10-2-1-random-10.scen
140,warehouse-10-20-10-2-1.map,PIBTOLD,0,815517,100000,3473,1,warehouse-10-20-10-2-1-random-25.scen
140,warehouse-10-20-10-2-1.map,PIBT,0,215436,100000,6990,10,warehouse-10-20-10-2-1-random-25.scen
420,warehouse-10-20-10-2-1.map,PIBTOLD,0,3556026,100000,10428,10,warehouse-10-20-10-2-1-random-10.scen
140,warehouse-10-20-10-2-1.map,PIBTOLD,0,815517,100000,3383,10,warehouse-10-20-10-2-1-random-25.scen
140,warehouse-10-20-10-2-1.map,PIBT,0,215436,100000,6955,100,warehouse-10-20-10-2-1-random-25.scen
140,warehouse-10-20-10-2-1.map,PIBTOLD,0,815517,100000,3535,100,warehouse-10-20-10-2-1-random-25.scen
140,warehouse-10-20-10-2-1.map,PIBT,0,215436,100000,6960,1000,warehouse-10-20-10-2-1-random-25.scen
140,warehouse-10-20-10-2-1.map,PIBTOLD,0,815517,100000,3512,1000,warehouse-10-20-10-2-1-random-25.scen
180,warehouse-10-20-10-2-1.map,PIBT,0,920025,100000,7129,0,warehouse-10-20-10-2-1-random-25.scen
180,warehouse-10-20-10-2-1.map,PIBTOLD,0,920025,100000,4296,0,warehouse-10-20-10-2-1-random-25.scen
420,warehouse-10-20-10-2-1.map,PIBT,0,1055840,100000,39021,100,warehouse-10-20-10-2-1-random-10.scen
180,warehouse-10-20-10-2-1.map,PIBT,0,419990,100000,8228,1,warehouse-10-20-10-2-1-random-25.scen
420,warehouse-10-20-10-2-1.map,PIBTOLD,0,3556026,100000,10399,100,warehouse-10-20-10-2-1-random-10.scen
180,warehouse-10-20-10-2-1.map,PIBTOLD,0,920025,100000,4263,1,warehouse-10-20-10-2-1-random-25.scen
180,warehouse-10-20-10-2-1.map,PIBT,0,419990,100000,8172,10,warehouse-10-20-10-2-1-random-25.scen
180,warehouse-10-20-10-2-1.map,PIBTOLD,0,920025,100000,4290,10,warehouse-10-20-10-2-1-random-25.scen
180,warehouse-10-20-10-2-1.map,PIBT,0,419990,100000,8125,100,warehouse-10-20-10-2-1-random-25.scen
180,warehouse-10-20-10-2-1.map,PIBTOLD,0,920025,100000,4344,100,warehouse-10-20-10-2-1-random-25.scen
180,warehouse-10-20-10-2-1.map,PIBT,0,419990,100000,8159,1000,warehouse-10-20-10-2-1-random-25.scen
420,warehouse-10-20-10-2-1.map,PIBT,0,457143,100000,41312,1000,warehouse-10-20-10-2-1-random-10.scen
180,warehouse-10-20-10-2-1.map,PIBTOLD,0,920025,100000,4406,1000,warehouse-10-20-10-2-1-random-25.scen
420,warehouse-10-20-10-2-1.map,PIBTOLD,0,3556026,100000,10668,1000,warehouse-10-20-10-2-1-random-10.scen
220,warehouse-10-20-10-2-1.map,PIBT,0,1025739,100000,9222,0,warehouse-10-20-10-2-1-random-25.scen
220,warehouse-10-20-10-2-1.map,PIBTOLD,0,1025739,100000,5217,0,warehouse-10-20-10-2-1-random-25.scen
220,warehouse-10-20-10-2-1.map,PIBT,0,227604,100000,10773,1,warehouse-10-20-10-2-1-random-25.scen
220,warehouse-10-20-10-2-1.map,PIBTOLD,0,1025739,100000,5193,1,warehouse-10-20-10-2-1-random-25.scen
220,warehouse-10-20-10-2-1.map,PIBT,0,227604,100000,10362,10,warehouse-10-20-10-2-1-random-25.scen
220,warehouse-10-20-10-2-1.map,PIBTOLD,0,1025739,100000,5243,10,warehouse-10-20-10-2-1-random-25.scen
220,warehouse-10-20-10-2-1.map,PIBT,0,227604,100000,10237,100,warehouse-10-20-10-2-1-random-25.scen
220,warehouse-10-20-10-2-1.map,PIBTOLD,0,1025739,100000,5273,100,warehouse-10-20-10-2-1-random-25.scen
220,warehouse-10-20-10-2-1.map,PIBT,0,227604,100000,10256,1000,warehouse-10-20-10-2-1-random-25.scen
220,warehouse-10-20-10-2-1.map,PIBTOLD,0,1025739,100000,5212,1000,warehouse-10-20-10-2-1-random-25.scen
260,warehouse-10-20-10-2-1.map,PIBT,0,1529853,100000,11707,0,warehouse-10-20-10-2-1-random-25.scen
260,warehouse-10-20-10-2-1.map,PIBTOLD,0,1529853,100000,6311,0,warehouse-10-20-10-2-1-random-25.scen
260,warehouse-10-20-10-2-1.map,PIBT,0,433399,100000,15234,1,warehouse-10-20-10-2-1-random-25.scen
260,warehouse-10-20-10-2-1.map,PIBTOLD,0,1529853,100000,6247,1,warehouse-10-20-10-2-1-random-25.scen
260,warehouse-10-20-10-2-1.map,PIBT,0,433399,100000,15134,10,warehouse-10-20-10-2-1-random-25.scen
260,warehouse-10-20-10-2-1.map,PIBTOLD,0,1529853,100000,6307,10,warehouse-10-20-10-2-1-random-25.scen
260,warehouse-10-20-10-2-1.map,PIBT,0,433399,100000,15197,100,warehouse-10-20-10-2-1-random-25.scen
260,warehouse-10-20-10-2-1.map,PIBTOLD,0,1529853,100000,6250,100,warehouse-10-20-10-2-1-random-25.scen
260,warehouse-10-20-10-2-1.map,PIBT,0,433399,100000,15246,1000,warehouse-10-20-10-2-1-random-25.scen
260,warehouse-10-20-10-2-1.map,PIBTOLD,0,1529853,100000,6391,1000,warehouse-10-20-10-2-1-random-25.scen
300,warehouse-10-20-10-2-1.map,PIBT,0,2234973,100000,15025,0,warehouse-10-20-10-2-1-random-25.scen
300,warehouse-10-20-10-2-1.map,PIBTOLD,0,2234973,100000,7176,0,warehouse-10-20-10-2-1-random-25.scen
300,warehouse-10-20-10-2-1.map,PIBT,0,1235008,100000,20018,1,warehouse-10-20-10-2-1-random-25.scen
300,warehouse-10-20-10-2-1.map,PIBTOLD,0,2234973,100000,7319,1,warehouse-10-20-10-2-1-random-25.scen
300,warehouse-10-20-10-2-1.map,PIBT,0,1235008,100000,20366,10,warehouse-10-20-10-2-1-random-25.scen
300,warehouse-10-20-10-2-1.map,PIBTOLD,0,2234973,100000,7249,10,warehouse-10-20-10-2-1-random-25.scen
300,warehouse-10-20-10-2-1.map,PIBT,0,1235008,100000,20033,100,warehouse-10-20-10-2-1-random-25.scen
300,warehouse-10-20-10-2-1.map,PIBTOLD,0,2234973,100000,7140,100,warehouse-10-20-10-2-1-random-25.scen
300,warehouse-10-20-10-2-1.map,PIBT,0,1235008,100000,20176,1000,warehouse-10-20-10-2-1-random-25.scen
300,warehouse-10-20-10-2-1.map,PIBTOLD,0,2234973,100000,7245,1000,warehouse-10-20-10-2-1-random-25.scen
340,warehouse-10-20-10-2-1.map,PIBT,0,3340853,100000,18128,0,warehouse-10-20-10-2-1-random-25.scen
340,warehouse-10-20-10-2-1.map,PIBTOLD,0,3340853,100000,8383,0,warehouse-10-20-10-2-1-random-25.scen
340,warehouse-10-20-10-2-1.map,PIBT,0,442603,100000,24969,1,warehouse-10-20-10-2-1-random-25.scen
340,warehouse-10-20-10-2-1.map,PIBTOLD,0,3340853,100000,8623,1,warehouse-10-20-10-2-1-random-25.scen
340,warehouse-10-20-10-2-1.map,PIBT,0,844153,100000,22012,10,warehouse-10-20-10-2-1-random-25.scen
340,warehouse-10-20-10-2-1.map,PIBTOLD,0,3340853,100000,8393,10,warehouse-10-20-10-2-1-random-25.scen
340,warehouse-10-20-10-2-1.map,PIBT,0,844153,100000,22157,100,warehouse-10-20-10-2-1-random-25.scen
340,warehouse-10-20-10-2-1.map,PIBTOLD,0,3340853,100000,8433,100,warehouse-10-20-10-2-1-random-25.scen
340,warehouse-10-20-10-2-1.map,PIBT,0,844153,100000,22200,1000,warehouse-10-20-10-2-1-random-25.scen
340,warehouse-10-20-10-2-1.map,PIBTOLD,0,3340853,100000,8499,1000,warehouse-10-20-10-2-1-random-25.scen
380,warehouse-10-20-10-2-1.map,PIBT,0,4047546,100000,21592,0,warehouse-10-20-10-2-1-random-25.scen
380,warehouse-10-20-10-2-1.map,PIBTOLD,0,4047546,100000,9589,0,warehouse-10-20-10-2-1-random-25.scen
380,warehouse-10-20-10-2-1.map,PIBT,0,53233,100000,31548,1,warehouse-10-20-10-2-1-random-25.scen
380,warehouse-10-20-10-2-1.map,PIBTOLD,0,4047546,100000,9308,1,warehouse-10-20-10-2-1-random-25.scen
380,warehouse-10-20-10-2-1.map,PIBT,0,850483,100000,27190,10,warehouse-10-20-10-2-1-random-25.scen
380,warehouse-10-20-10-2-1.map,PIBTOLD,0,4047546,100000,9192,10,warehouse-10-20-10-2-1-random-25.scen
380,warehouse-10-20-10-2-1.map,PIBT,0,850483,100000,27187,100,warehouse-10-20-10-2-1-random-25.scen
380,warehouse-10-20-10-2-1.map,PIBTOLD,0,4047546,100000,9443,100,warehouse-10-20-10-2-1-random-25.scen
380,warehouse-10-20-10-2-1.map,PIBT,0,850483,100000,27238,1000,warehouse-10-20-10-2-1-random-25.scen
380,warehouse-10-20-10-2-1.map,PIBTOLD,0,4047546,100000,9209,1000,warehouse-10-20-10-2-1-random-25.scen
420,warehouse-10-20-10-2-1.map,PIBT,0,3556026,100000,25667,0,warehouse-10-20-10-2-1-random-25.scen
420,warehouse-10-20-10-2-1.map,PIBTOLD,0,3556026,100000,10286,0,warehouse-10-20-10-2-1-random-25.scen
20,warehouse-10-20-10-2-1.map,PIBT,1,1727,162,3,0,warehouse-10-20-10-2-1-random-19.scen
20,warehouse-10-20-10-2-1.map,PIBTOLD,1,1727,162,3,0,warehouse-10-20-10-2-1-random-19.scen
20,warehouse-10-20-10-2-1.map,PIBT,1,1690,170,4,1,warehouse-10-20-10-2-1-random-19.scen
20,warehouse-10-20-10-2-1.map,PIBTOLD,1,1727,162,3,1,warehouse-10-20-10-2-1-random-19.scen
20,warehouse-10-20-10-2-1.map,PIBT,1,1690,170,4,10,warehouse-10-20-10-2-1-random-19.scen
20,warehouse-10-20-10-2-1.map,PIBTOLD,1,1727,162,3,10,warehouse-10-20-10-2-1-random-19.scen
20,warehouse-10-20-10-2-1.map,PIBT,1,1690,170,3,100,warehouse-10-20-10-2-1-random-19.scen
20,warehouse-10-20-10-2-1.map,PIBTOLD,1,1727,162,3,100,warehouse-10-20-10-2-1-random-19.scen
20,warehouse-10-20-10-2-1.map,PIBT,1,1690,170,3,1000,warehouse-10-20-10-2-1-random-19.scen
20,warehouse-10-20-10-2-1.map,PIBTOLD,1,1727,162,3,1000,warehouse-10-20-10-2-1-random-19.scen
60,warehouse-10-20-10-2-1.map,PIBT,1,6061,192,10,0,warehouse-10-20-10-2-1-random-19.scen
60,warehouse-10-20-10-2-1.map,PIBTOLD,1,6061,192,9,0,warehouse-10-20-10-2-1-random-19.scen
60,warehouse-10-20-10-2-1.map,PIBT,0,5909,100000,2565,1,warehouse-10-20-10-2-1-random-19.scen
60,warehouse-10-20-10-2-1.map,PIBTOLD,1,6061,192,9,1,warehouse-10-20-10-2-1-random-19.scen
60,warehouse-10-20-10-2-1.map,PIBT,0,5909,100000,2570,10,warehouse-10-20-10-2-1-random-19.scen
60,warehouse-10-20-10-2-1.map,PIBTOLD,1,6061,192,8,10,warehouse-10-20-10-2-1-random-19.scen
60,warehouse-10-20-10-2-1.map,PIBT,0,5909,100000,2572,100,warehouse-10-20-10-2-1-random-19.scen
60,warehouse-10-20-10-2-1.map,PIBTOLD,1,6061,192,8,100,warehouse-10-20-10-2-1-random-19.scen
60,warehouse-10-20-10-2-1.map,PIBT,0,5909,100000,2575,1000,warehouse-10-20-10-2-1-random-19.scen
60,warehouse-10-20-10-2-1.map,PIBTOLD,1,6061,192,9,1000,warehouse-10-20-10-2-1-random-19.scen
100,warehouse-10-20-10-2-1.map,PIBT,0,410642,100000,3725,0,warehouse-10-20-10-2-1-random-19.scen
100,warehouse-10-20-10-2-1.map,PIBTOLD,0,410642,100000,2731,0,warehouse-10-20-10-2-1-random-19.scen
100,warehouse-10-20-10-2-1.map,PIBT,0,209851,100000,4738,1,warehouse-10-20-10-2-1-random-19.scen
100,warehouse-10-20-10-2-1.map,PIBTOLD,0,410642,100000,2722,1,warehouse-10-20-10-2-1-random-19.scen
100,warehouse-10-20-10-2-1.map,PIBT,0,209851,100000,4681,10,warehouse-10-20-10-2-1-random-19.scen
100,warehouse-10-20-10-2-1.map,PIBTOLD,0,410642,100000,2717,10,warehouse-10-20-10-2-1-random-19.scen
100,warehouse-10-20-10-2-1.map,PIBT,0,209851,100000,4808,100,warehouse-10-20-10-2-1-random-19.scen
100,warehouse-10-20-10-2-1.map,PIBTOLD,0,410642,100000,2736,100,warehouse-10-20-10-2-1-random-19.scen
100,warehouse-10-20-10-2-1.map,PIBT,0,209851,100000,4738,1000,warehouse-10-20-10-2-1-random-19.scen
100,warehouse-10-20-10-2-1.map,PIBTOLD,0,410642,100000,2780,1000,warehouse-10-20-10-2-1-random-19.scen
140,warehouse-10-20-10-2-1.map,PIBT,0,815517,100000,5406,0,warehouse-10-20-10-2-1-random-19.scen
140,warehouse-10-20-10-2-1.map,PIBTOLD,0,815517,100000,3515,0,warehouse-10-20-10-2-1-random-19.scen
140,warehouse-10-20-10-2-1.map,PIBT,0,215436,100000,7058,1,warehouse-10-20-10-2-1-random-19.scen
140,warehouse-10-20-10-2-1.map,PIBTOLD,0,815517,100000,3569,1,warehouse-10-20-10-2-1-random-19.scen
140,warehouse-10-20-10-2-1.map,PIBT,0,215436,100000,7039,10,warehouse-10-20-10-2-1-random-19.scen
140,warehouse-10-20-10-2-1.map,PIBTOLD,0,815517,100000,3591,10,warehouse-10-20-10-2-1-random-19.scen
140,warehouse-10-20-10-2-1.map,PIBT,0,215436,100000,7276,100,warehouse-10-20-10-2-1-random-19.scen
140,warehouse-10-20-10-2-1.map,PIBTOLD,0,815517,100000,3573,100,warehouse-10-20-10-2-1-random-19.scen
140,warehouse-10-20-10-2-1.map,PIBT,0,215436,100000,6960,1000,warehouse-10-20-10-2-1-random-19.scen
140,warehouse-10-20-10-2-1.map,PIBTOLD,0,815517,100000,3537,1000,warehouse-10-20-10-2-1-random-19.scen
180,warehouse-10-20-10-2-1.map,PIBT,0,920025,100000,7129,0,warehouse-10-20-10-2-1-random-19.scen
180,warehouse-10-20-10-2-1.map,PIBTOLD,0,920025,100000,4291,0,warehouse-10-20-10-2-1-random-19.scen
180,warehouse-10-20-10-2-1.map,PIBT,0,419990,100000,8202,1,warehouse-10-20-10-2-1-random-19.scen
180,warehouse-10-20-10-2-1.map,PIBTOLD,0,920025,100000,4391,1,warehouse-10-20-10-2-1-random-19.scen
180,warehouse-10-20-10-2-1.map,PIBT,0,419990,100000,8191,10,warehouse-10-20-10-2-1-random-19.scen
180,warehouse-10-20-10-2-1.map,PIBTOLD,0,920025,100000,4388,10,warehouse-10-20-10-2-1-random-19.scen
180,warehouse-10-20-10-2-1.map,PIBT,0,419990,100000,8166,100,warehouse-10-20-10-2-1-random-19.scen
180,warehouse-10-20-10-2-1.map,PIBTOLD,0,920025,100000,4355,100,warehouse-10-20-10-2-1-random-19.scen
180,warehouse-10-20-10-2-1.map,PIBT,0,419990,100000,8212,1000,warehouse-10-20-10-2-1-random-19.scen
180,warehouse-10-20-10-2-1.map,PIBTOLD,0,920025,100000,4384,1000,warehouse-10-20-10-2-1-random-19.scen
220,warehouse-10-20-10-2-1.map,PIBT,0,1025739,100000,9259,0,warehouse-10-20-10-2-1-random-19.scen
220,warehouse-10-20-10-2-1.map,PIBTOLD,0,1025739,100000,5275,0,warehouse-10-20-10-2-1-random-19.scen
220,warehouse-10-20-10-2-1.map,PIBT,0,227604,100000,10253,1,warehouse-10-20-10-2-1-random-19.scen
220,warehouse-10-20-10-2-1.map,PIBTOLD,0,1025739,100000,5202,1,warehouse-10-20-10-2-1-random-19.scen
220,warehouse-10-20-10-2-1.map,PIBT,0,227604,100000,10224,10,warehouse-10-20-10-2-1-random-19.scen
220,warehouse-10-20-10-2-1.map,PIBTOLD,0,1025739,100000,5214,10,warehouse-10-20-10-2-1-random-19.scen
220,warehouse-10-20-10-2-1.map,PIBT,0,227604,100000,10250,100,warehouse-10-20-10-2-1-random-19.scen
220,warehouse-10-20-10-2-1.map,PIBTOLD,0,1025739,100000,5211,100,warehouse-10-20-10-2-1-random-19.scen
220,warehouse-10-20-10-2-1.map,PIBT,0,227604,100000,10224,1000,warehouse-10-20-10-2-1-random-19.scen
220,warehouse-10-20-10-2-1.map,PIBTOLD,0,1025739,100000,5187,1000,warehouse-10-20-10-2-1-random-19.scen
260,warehouse-10-20-10-2-1.map,PIBT,0,1529853,100000,11898,0,warehouse-10-20-10-2-1-random-19.scen
260,warehouse-10-20-10-2-1.map,PIBTOLD,0,1529853,100000,6252,0,warehouse-10-20-10-2-1-random-19.scen
260,warehouse-10-20-10-2-1.map,PIBT,0,433399,100000,15159,1,warehouse-10-20-10-2-1-random-19.scen
260,warehouse-10-20-10-2-1.map,PIBTOLD,0,1529853,100000,6197,1,warehouse-10-20-10-2-1-random-19.scen
260,warehouse-10-20-10-2-1.map,PIBT,0,433399,100000,15320,10,warehouse-10-20-10-2-1-random-19.scen
260,warehouse-10-20-10-2-1.map,PIBTOLD,0,1529853,100000,6354,10,warehouse-10-20-10-2-1-random-19.scen
260,warehouse-10-20-10-2-1.map,PIBT,0,433399,100000,15068,100,warehouse-10-20-10-2-1-random-19.scen
260,warehouse-10-20-10-2-1.map,PIBTOLD,0,1529853,100000,6199,100,warehouse-10-20-10-2-1-random-19.scen
260,warehouse-10-20-10-2-1.map,PIBT,0,433399,100000,15160,1000,warehouse-10-20-10-2-1-random-19.scen
260,warehouse-10-20-10-2-1.map,PIBTOLD,0,1529853,100000,6201,1000,warehouse-10-20-10-2-1-random-19.scen
300,warehouse-10-20-10-2-1.map,PIBT,0,2234973,100000,15122,0,warehouse-10-20-10-2-1-random-19.scen
300,warehouse-10-20-10-2-1.map,PIBTOLD,0,2234973,100000,7218,0,warehouse-10-20-10-2-1-random-19.scen
300,warehouse-10-20-10-2-1.map,PIBT,0,1235008,100000,20012,1,warehouse-10-20-10-2-1-random-19.scen
300,warehouse-10-20-10-2-1.map,PIBTOLD,0,2234973,100000,7338,1,warehouse-10-20-10-2-1-random-19.scen
300,warehouse-10-20-10-2-1.map,PIBT,0,1235008,100000,19999,10,warehouse-10-20-10-2-1-random-19.scen
300,warehouse-10-20-10-2-1.map,PIBTOLD,0,2234973,100000,7245,10,warehouse-10-20-10-2-1-random-19.scen
300,warehouse-10-20-10-2-1.map,PIBT,0,1235008,100000,20050,100,warehouse-10-20-10-2-1-random-19.scen
300,warehouse-10-20-10-2-1.map,PIBTOLD,0,2234973,100000,7240,100,warehouse-10-20-10-2-1-random-19.scen
300,warehouse-10-20-10-2-1.map,PIBT,0,1235008,100000,20032,1000,warehouse-10-20-10-2-1-random-19.scen
300,warehouse-10-20-10-2-1.map,PIBTOLD,0,2234973,100000,7259,1000,warehouse-10-20-10-2-1-random-19.scen
340,warehouse-10-20-10-2-1.map,PIBT,0,3340853,100000,18448,0,warehouse-10-20-10-2-1-random-19.scen
340,warehouse-10-20-10-2-1.map,PIBTOLD,0,3340853,100000,8266,0,warehouse-10-20-10-2-1-random-19.scen
340,warehouse-10-20-10-2-1.map,PIBT,0,842348,100000,25548,1,warehouse-10-20-10-2-1-random-19.scen
340,warehouse-10-20-10-2-1.map,PIBTOLD,0,3340853,100000,8501,1,warehouse-10-20-10-2-1-random-19.scen
340,warehouse-10-20-10-2-1.map,PIBT,0,844153,100000,22128,10,warehouse-10-20-10-2-1-random-19.scen
340,warehouse-10-20-10-2-1.map,PIBTOLD,0,3340853,100000,8271,10,warehouse-10-20-10-2-1-random-19.scen
340,warehouse-10-20-10-2-1.map,PIBT,0,844153,100000,22036,100,warehouse-10-20-10-2-1-random-19.scen
340,warehouse-10-20-10-2-1.map,PIBTOLD,0,3340853,100000,8664,100,warehouse-10-20-10-2-1-random-19.scen
340,warehouse-10-20-10-2-1.map,PIBT,0,844153,100000,22063,1000,warehouse-10-20-10-2-1-random-19.scen
340,warehouse-10-20-10-2-1.map,PIBTOLD,0,3340853,100000,8351,1000,warehouse-10-20-10-2-1-random-19.scen
380,warehouse-10-20-10-2-1.map,PIBT,0,4047546,100000,21558,0,warehouse-10-20-10-2-1-random-19.scen
380,warehouse-10-20-10-2-1.map,PIBTOLD,0,4047546,100000,9644,0,warehouse-10-20-10-2-1-random-19.scen
380,warehouse-10-20-10-2-1.map,PIBT,0,650946,100000,29437,1,warehouse-10-20-10-2-1-random-19.scen
380,warehouse-10-20-10-2-1.map,PIBTOLD,0,4047546,100000,9592,1,warehouse-10-20-10-2-1-random-19.scen
380,warehouse-10-20-10-2-1.map,PIBT,0,850483,100000,27269,10,warehouse-10-20-10-2-1-random-19.scen
380,warehouse-10-20-10-2-1.map,PIBTOLD,0,4047546,100000,9596,10,warehouse-10-20-10-2-1-random-19.scen
380,warehouse-10-20-10-2-1.map,PIBT,0,850483,100000,27111,100,warehouse-10-20-10-2-1-random-19.scen
380,warehouse-10-20-10-2-1.map,PIBTOLD,0,4047546,100000,9238,100,warehouse-10-20-10-2-1-random-19.scen
380,warehouse-10-20-10-2-1.map,PIBT,0,850483,100000,27342,1000,warehouse-10-20-10-2-1-random-19.scen
380,warehouse-10-20-10-2-1.map,PIBTOLD,0,4047546,100000,9338,1000,warehouse-10-20-10-2-1-random-19.scen
420,warehouse-10-20-10-2-1.map,PIBT,0,3556026,100000,25397,0,warehouse-10-20-10-2-1-random-19.scen
420,warehouse-10-20-10-2-1.map,PIBTOLD,0,3556026,100000,10883,0,warehouse-10-20-10-2-1-random-19.scen
420,warehouse-10-20-10-2-1.map,PIBT,0,1659495,100000,42209,1,warehouse-10-20-10-2-1-random-19.scen
420,warehouse-10-20-10-2-1.map,PIBTOLD,0,3556026,100000,10782,1,warehouse-10-20-10-2-1-random-19.scen
420,warehouse-10-20-10-2-1.map,PIBT,0,659770,100000,36713,10,warehouse-10-20-10-2-1-random-19.scen
420,warehouse-10-20-10-2-1.map,PIBTOLD,0,3556026,100000,10372,10,warehouse-10-20-10-2-1-random-19.scen
420,warehouse-10-20-10-2-1.map,PIBT,0,857020,100000,34572,100,warehouse-10-20-10-2-1-random-19.scen
420,warehouse-10-20-10-2-1.map,PIBTOLD,0,3556026,100000,10650,100,warehouse-10-20-10-2-1-random-19.scen
420,warehouse-10-20-10-2-1.map,PIBT,0,457143,100000,41325,1000,warehouse-10-20-10-2-1-random-19.scen
420,warehouse-10-20-10-2-1.map,PIBTOLD,0,3556026,100000,10364,1000,warehouse-10-20-10-2-1-random-19.scen
20,warehouse-10-20-10-2-1.map,PIBT,1,1727,162,4,0,warehouse-10-20-10-2-1-random-1.scen
20,warehouse-10-20-10-2-1.map,PIBTOLD,1,1727,162,3,0,warehouse-10-20-10-2-1-random-1.scen
20,warehouse-10-20-10-2-1.map,PIBT,1,1690,170,3,1,warehouse-10-20-10-2-1-random-1.scen
20,warehouse-10-20-10-2-1.map,PIBTOLD,1,1727,162,3,1,warehouse-10-20-10-2-1-random-1.scen
20,warehouse-10-20-10-2-1.map,PIBT,1,1690,170,4,10,warehouse-10-20-10-2-1-random-1.scen
20,warehouse-10-20-10-2-1.map,PIBTOLD,1,1727,162,3,10,warehouse-10-20-10-2-1-random-1.scen
20,warehouse-10-20-10-2-1.map,PIBT,1,1690,170,4,100,warehouse-10-20-10-2-1-random-1.scen
20,warehouse-10-20-10-2-1.map,PIBTOLD,1,1727,162,3,100,warehouse-10-20-10-2-1-random-1.scen
20,warehouse-10-20-10-2-1.map,PIBT,1,1690,170,4,1000,warehouse-10-20-10-2-1-random-1.scen
20,warehouse-10-20-10-2-1.map,PIBTOLD,1,1727,162,3,1000,warehouse-10-20-10-2-1-random-1.scen
60,warehouse-10-20-10-2-1.map,PIBT,1,6061,192,10,0,warehouse-10-20-10-2-1-random-1.scen
60,warehouse-10-20-10-2-1.map,PIBTOLD,1,6061,192,8,0,warehouse-10-20-10-2-1-random-1.scen
60,warehouse-10-20-10-2-1.map,PIBT,0,5909,100000,2542,1,warehouse-10-20-10-2-1-random-1.scen
60,warehouse-10-20-10-2-1.map,PIBTOLD,1,6061,192,9,1,warehouse-10-20-10-2-1-random-1.scen
60,warehouse-10-20-10-2-1.map,PIBT,0,5909,100000,2550,10,warehouse-10-20-10-2-1-random-1.scen
60,warehouse-10-20-10-2-1.map,PIBTOLD,1,6061,192,9,10,warehouse-10-20-10-2-1-random-1.scen
60,warehouse-10-20-10-2-1.map,PIBT,0,5909,100000,2554,100,warehouse-10-20-10-2-1-random-1.scen
60,warehouse-10-20-10-2-1.map,PIBTOLD,1,6061,192,8,100,warehouse-10-20-10-2-1-random-1.scen
60,warehouse-10-20-10-2-1.map,PIBT,0,5909,100000,2587,1000,warehouse-10-20-10-2-1-random-1.scen
60,warehouse-10-20-10-2-1.map,PIBTOLD,1,6061,192,8,1000,warehouse-10-20-10-2-1-random-1.scen
100,warehouse-10-20-10-2-1.map,PIBT,0,410642,100000,3708,0,warehouse-10-20-10-2-1-random-1.scen
100,warehouse-10-20-10-2-1.map,PIBTOLD,0,410642,100000,2763,0,warehouse-10-20-10-2-1-random-1.scen
100,warehouse-10-20-10-2-1.map,PIBT,0,209851,100000,4695,1,warehouse-10-20-10-2-1-random-1.scen
100,warehouse-10-20-10-2-1.map,PIBTOLD,0,410642,100000,2735,1,warehouse-10-20-10-2-1-random-1.scen
100,warehouse-10-20-10-2-1.map,PIBT,0,209851,100000,4696,10,warehouse-10-20-10-2-1-random-1.scen
100,warehouse-10-20-10-2-1.map,PIBTOLD,0,410642,100000,2753,10,warehouse-10-20-10-2-1-random-1.scen
100,warehouse-10-20-10-2-1.map,PIBT,0,209851,100000,4797,100,warehouse-10-20-10-2-1-random-1.scen
100,warehouse-10-20-10-2-1.map,PIBTOLD,0,410642,100000,2769,100,warehouse-10-20-10-2-1-random-1.scen
100,warehouse-10-20-10-2-1.map,PIBT,0,209851,100000,4724,1000,warehouse-10-20-10-2-1-random-1.scen
100,warehouse-10-20-10-2-1.map,PIBTOLD,0,410642,100000,2743,1000,warehouse-10-20-10-2-1-random-1.scen
140,warehouse-10-20-10-2-1.map,PIBT,0,815517,100000,5414,0,warehouse-10-20-10-2-1-random-1.scen
140,warehouse-10-20-10-2-1.map,PIBTOLD,0,815517,100000,3513,0,warehouse-10-20-10-2-1-random-1.scen
140,warehouse-10-20-10-2-1.map,PIBT,0,215436,100000,6988,1,warehouse-10-20-10-2-1-random-1.scen
140,warehouse-10-20-10-2-1.map,PIBTOLD,0,815517,100000,3543,1,warehouse-10-20-10-2-1-random-1.scen
140,warehouse-10-20-10-2-1.map,PIBT,0,215436,100000,7188,10,warehouse-10-20-10-2-1-random-1.scen
140,warehouse-10-20-10-2-1.map,PIBTOLD,0,815517,100000,3509,10,warehouse-10-20-10-2-1-random-1.scen
140,warehouse-10-20-10-2-1.map,PIBT,0,215436,100000,7060,100,warehouse-10-20-10-2-1-random-1.scen
140,warehouse-10-20-10-2-1.map,PIBTOLD,0,815517,100000,3563,100,warehouse-10-20-10-2-1-random-1.scen
140,warehouse-10-20-10-2-1.map,PIBT,0,215436,100000,6936,1000,warehouse-10-20-10-2-1-random-1.scen
140,warehouse-10-20-10-2-1.map,PIBTOLD,0,815517,100000,3531,1000,warehouse-10-20-10-2-1-random-1.scen
180,warehouse-10-20-10-2-1.map,PIBT,0,920025,100000,7162,0,warehouse-10-20-10-2-1-random-1.scen
180,warehouse-10-20-10-2-1.map,PIBTOLD,0,920025,100000,4395,0,warehouse-10-20-10-2-1-random-1.scen
180,warehouse-10-20-10-2-1.map,PIBT,0,419990,100000,8277,1,warehouse-10-20-10-2-1-random-1.scen
180,warehouse-10-20-10-2-1.map,PIBTOLD,0,920025,100000,4357,1,warehouse-10-20-10-2-1-random-1.scen
180,warehouse-10-20-10-2-1.map,PIBT,0,419990,100000,8284,10,warehouse-10-20-10-2-1-random-1.scen
180,warehouse-10-20-10-2-1.map,PIBTOLD,0,920025,100000,4340,10,warehouse-10-20-10-2-1-random-1.scen
180,warehouse-10-20-10-2-1.map,PIBT,0,419990,100000,8196,100,warehouse-10-20-10-2-1-random-1.scen
180,warehouse-10-20-10-2-1.map,PIBTOLD,0,920025,100000,4274,100,warehouse-10-20-10-2-1-random-1.scen
180,warehouse-10-20-10-2-1.map,PIBT,0,419990,100000,8334,1000,warehouse-10-20-10-2-1-random-1.scen
180,warehouse-10-20-10-2-1.map,PIBTOLD,0,920025,100000,4385,1000,warehouse-10-20-10-2-1-random-1.scen
220,warehouse-10-20-10-2-1.map,PIBT,0,1025739,100000,9339,0,warehouse-10-20-10-2-1-random-1.scen
220,warehouse-10-20-10-2-1.map,PIBTOLD,0,1025739,100000,5428,0,warehouse-10-20-10-2-1-random-1.scen
220,warehouse-10-20-10-2-1.map,PIBT,0,227604,100000,10316,1,warehouse-10-20-10-2-1-random-1.scen
220,warehouse-10-20-10-2-1.map,PIBTOLD,0,1025739,100000,5306,1,warehouse-10-20-10-2-1-random-1.scen
220,warehouse-10-20-10-2-1.map,PIBT,0,227604,100000,10140,10,warehouse-10-20-10-2-1-random-1.scen
220,warehouse-10-20-10-2-1.map,PIBTOLD,0,1025739,100000,5228,10,warehouse-10-20-10-2-1-random-1.scen
220,warehouse-10-20-10-2-1.map,PIBT,0,227604,100000,10208,100,warehouse-10-20-10-2-1-random-1.scen
220,warehouse-10-20-10-2-1.map,PIBTOLD,0,1025739,100000,5212,100,warehouse-10-20-10-2-1-random-1.scen
220,warehouse-10-20-10-2-1.map,PIBT,0,227604,100000,10212,1000,warehouse-10-20-10-2-1-random-1.scen
220,warehouse-10-20-10-2-1.map,PIBTOLD,0,1025739,100000,5236,1000,warehouse-10-20-10-2-1-random-1.scen
260,warehouse-10-20-10-2-1.map,PIBT,0,1529853,100000,11668,0,warehouse-10-20-10-2-1-random-1.scen
260,warehouse-10-20-10-2-1.map,PIBTOLD,0,1529853,100000,6182,0,warehouse-10-20-10-2-1-random-1.scen
260,warehouse-10-20-10-2-1.map,PIBT,0,433399,100000,15328,1,warehouse-10-20-10-2-1-random-1.scen
260,warehouse-10-20-10-2-1.map,PIBTOLD,0,1529853,100000,6246,1,warehouse-10-20-10-2-1-random-1.scen
260,warehouse-10-20-10-2-1.map,PIBT,0,433399,100000,15264,10,warehouse-10-20-10-2-1-random-1.scen
260,warehouse-10-20-10-2-1.map,PIBTOLD,0,1529853,100000,6393,10,warehouse-10-20-10-2-1-random-1.scen
260,warehouse-10-20-10-2-1.map,PIBT,0,433399,100000,15179,100,warehouse-10-20-10-2-1-random-1.scen
260,warehouse-10-20-10-2-1.map,PIBTOLD,0,1529853,100000,6173,100,warehouse-10-20-10-2-1-random-1.scen
260,warehouse-10-20-10-2-1.map,PIBT,0,433399,100000,15091,1000,warehouse-10-20-10-2-1-random-1.scen
260,warehouse-10-20-10-2-1.map,PIBTOLD,0,1529853,100000,6237,1000,warehouse-10-20-10-2-1-random-1.scen
300,warehouse-10-20-10-2-1.map,PIBT,0,2234973,100000,15151,0,warehouse-10-20-10-2-1-random-1.scen
300,warehouse-10-20-10-2-1.map,PIBTOLD,0,2234973,100000,7177,0,warehouse-10-20-10-2-1-random-1.scen
300,warehouse-10-20-10-2-1.map,PIBT,0,1235008,100000,20041,1,warehouse-10-20-10-2-1-random-1.scen
300,warehouse-10-20-10-2-1.map,PIBTOLD,0,2234973,100000,7137,1,warehouse-10-20-10-2-1-random-1.scen
300,warehouse-10-20-10-2-1.map,PIBT,0,1235008,100000,20151,10,warehouse-10-20-10-2-1-random-1.scen
300,warehouse-10-20-10-2-1.map,PIBTOLD,0,2234973,100000,7119,10,warehouse-10-20-10-2-1-random-1.scen
300,warehouse-10-20-10-2-1.map,PIBT,0,1235008,100000,20354,100,warehouse-10-20-10-2-1-random-1.scen
300,warehouse-10-20-10-2-1.map,PIBTOLD,0,2234973,100000,7113,100,warehouse-10-20-10-2-1-random-1.scen
300,warehouse-10-20-10-2-1.map,PIBT,0,1235008,100000,20159,1000,warehouse-10-20-10-2-1-random-1.scen
300,warehouse-10-20-10-2-1.map,PIBTOLD,0,2234973,100000,7211,1000,warehouse-10-20-10-2-1-random-1.scen
340,warehouse-10-20-10-2-1.map,PIBT,0,3340853,100000,18134,0,warehouse-10-20-10-2-1-random-1.scen
340,warehouse-10-20-10-2-1.map,PIBTOLD,0,3340853,100000,8453,0,warehouse-10-20-10-2-1-random-1.scen
340,warehouse-10-20-10-2-1.map,PIBT,0,843625,100000,23756,1,warehouse-10-20-10-2-1-random-1.scen
340,warehouse-10-20-10-2-1.map,PIBTOLD,0,3340853,100000,8315,1,warehouse-10-20-10-2-1-random-1.scen
340,warehouse-10-20-10-2-1.map,PIBT,0,844153,100000,22060,10,warehouse-10-20-10-2-1-random-1.scen
340,warehouse-10-20-10-2-1.map,PIBTOLD,0,3340853,100000,8246,10,warehouse-10-20-10-2-1-random-1.scen
340,warehouse-10-20-10-2-1.map,PIBT,0,844153,100000,21959,100,warehouse-10-20-10-2-1-random-1.scen
340,warehouse-10-20-10-2-1.map,PIBTOLD,0,3340853,100000,8282,100,warehouse-10-20-10-2-1-random-1.scen
340,warehouse-10-20-10-2-1.map,PIBT,0,844153,100000,22022,1000,warehouse-10-20-10-2-1-random-1.scen
340,warehouse-10-20-10-2-1.map,PIBTOLD,0,3340853,100000,8438,1000,warehouse-10-20-10-2-1-random-1.scen
380,warehouse-10-20-10-2-1.map,PIBT,0,4047546,100000,21699,0,warehouse-10-20-10-2-1-random-1.scen
380,warehouse-10-20-10-2-1.map,PIBTOLD,0,4047546,100000,9460,0,warehouse-10-20-10-2-1-random-1.scen
380,warehouse-10-20-10-2-1.map,PIBT,0,1044748,100000,34101,1,warehouse-10-20-10-2-1-random-1.scen
380,warehouse-10-20-10-2-1.map,PIBTOLD,0,4047546,100000,9595,1,warehouse-10-20-10-2-1-random-1.scen
380,warehouse-10-20-10-2-1.map,PIBT,0,850483,100000,27189,10,warehouse-10-20-10-2-1-random-1.scen
380,warehouse-10-20-10-2-1.map,PIBTOLD,0,4047546,100000,9255,10,warehouse-10-20-10-2-1-random-1.scen
380,warehouse-10-20-10-2-1.map,PIBT,0,850483,100000,27374,100,warehouse-10-20-10-2-1-random-1.scen
380,warehouse-10-20-10-2-1.map,PIBTOLD,0,4047546,100000,9320,100,warehouse-10-20-10-2-1-random-1.scen
380,warehouse-10-20-10-2-1.map,PIBT,0,850483,100000,27343,1000,warehouse-10-20-10-2-1-random-1.scen
380,warehouse-10-20-10-2-1.map,PIBTOLD,0,4047546,100000,9380,1000,warehouse-10-20-10-2-1-random-1.scen
420,warehouse-10-20-10-2-1.map,PIBT,0,3556026,100000,25309,0,warehouse-10-20-10-2-1-random-1.scen
420,warehouse-10-20-10-2-1.map,PIBTOLD,0,3556026,100000,10436,0,warehouse-10-20-10-2-1-random-1.scen
420,warehouse-10-20-10-2-1.map,PIBT,0,1260504,100000,43270,1,warehouse-10-20-10-2-1-random-1.scen
420,warehouse-10-20-10-2-1.map,PIBTOLD,0,3556026,100000,10482,1,warehouse-10-20-10-2-1-random-1.scen
420,warehouse-10-20-10-2-1.map,PIBT,0,1054281,100000,49628,10,warehouse-10-20-10-2-1-random-1.scen
420,warehouse-10-20-10-2-1.map,PIBTOLD,0,3556026,100000,10386,10,warehouse-10-20-10-2-1-random-1.scen
420,warehouse-10-20-10-2-1.map,PIBT,0,1055053,100000,35780,100,warehouse-10-20-10-2-1-random-1.scen
420,warehouse-10-20-10-2-1.map,PIBTOLD,0,3556026,100000,10786,100,warehouse-10-20-10-2-1-random-1.scen
420,warehouse-10-20-10-2-1.map,PIBT,0,457143,100000,41381,1000,warehouse-10-20-10-2-1-random-1.scen
420,warehouse-10-20-10-2-1.map,PIBTOLD,0,3556026,100000,10672,1000,warehouse-10-20-10-2-1-random-1.scen
20,warehouse-10-20-10-2-1.map,PIBT,1,1727,162,3,0,warehouse-10-20-10-2-1-random-10.scen
20,warehouse-10-20-10-2-1.map,PIBTOLD,1,1727,162,3,0,warehouse-10-20-10-2-1-random-10.scen
20,warehouse-10-20-10-2-1.map,PIBT,1,1690,170,4,1,warehouse-10-20-10-2-1-random-10.scen
20,warehouse-10-20-10-2-1.map,PIBTOLD,1,1727,162,3,1,warehouse-10-20-10-2-1-random-10.scen
20,warehouse-10-20-10-2-1.map,PIBT,1,1690,170,3,10,warehouse-10-20-10-2-1-random-10.scen
20,warehouse-10-20-10-2-1.map,PIBTOLD,1,1727,162,3,10,warehouse-10-20-10-2-1-random-10.scen
20,warehouse-10-20-10-2-1.map,PIBT,1,1690,170,4,100,warehouse-10-20-10-2-1-random-10.scen
20,warehouse-10-20-10-2-1.map,PIBTOLD,1,1727,162,3,100,warehouse-10-20-10-2-1-random-10.scen
20,warehouse-10-20-10-2-1.map,PIBT,1,1690,170,3,1000,warehouse-10-20-10-2-1-random-10.scen
20,warehouse-10-20-10-2-1.map,PIBTOLD,1,1727,162,4,1000,warehouse-10-20-10-2-1-random-10.scen
60,warehouse-10-20-10-2-1.map,PIBT,1,6061,192,9,0,warehouse-10-20-10-2-1-random-10.scen
60,warehouse-10-20-10-2-1.map,PIBTOLD,1,6061,192,8,0,warehouse-10-20-10-2-1-random-10.scen
60,warehouse-10-20-10-2-1.map,PIBT,0,5909,100000,2525,1,warehouse-10-20-10-2-1-random-10.scen
60,warehouse-10-20-10-2-1.map,PIBTOLD,1,6061,192,9,1,warehouse-10-20-10-2-1-random-10.scen
60,warehouse-10-20-10-2-1.map,PIBT,0,5909,100000,2566,10,warehouse-10-20-10-2-1-random-10.scen
60,warehouse-10-20-10-2-1.map,PIBTOLD,1,6061,192,8,10,warehouse-10-20-10-2-1-random-10.scen
60,warehouse-10-20-10-2-1.map,PIBT,0,5909,100000,2545,100,warehouse-10-20-10-2-1-random-10.scen
60,warehouse-10-20-10-2-1.map,PIBTOLD,1,6061,192,9,100,warehouse-10-20-10-2-1-random-10.scen
60,warehouse-10-20-10-2-1.map,PIBT,0,5909,100000,2567,1000,warehouse-10-20-10-2-1-random-10.scen
60,warehouse-10-20-10-2-1.map,PIBTOLD,1,6061,192,9,1000,warehouse-10-20-10-2-1-random-10.scen
100,warehouse-10-20-10-2-1.map,PIBT,0,410642,100000,3691,0,warehouse-10-20-10-2-1-random-10.scen
100,warehouse-10-20-10-2-1.map,PIBTOLD,0,410642,100000,2764,0,warehouse-10-20-10-2-1-random-10.scen
100,warehouse-10-20-10-2-1.map,PIBT,0,209851,100000,4714,1,warehouse-10-20-10-2-1-random-10.scen
100,warehouse-10-20-10-2-1.map,PIBTOLD,0,410642,100000,2744,1,warehouse-10-20-10-2-1-random-10.scen
100,warehouse-10-20-10-2-1.map,PIBT,0,209851,100000,4758,10,warehouse-10-20-10-2-1-random-10.scen
100,warehouse-10-20-10-2-1.map,PIBTOLD,0,410642,100000,2733,10,warehouse-10-20-10-2-1-random-10.scen
100,warehouse-10-20-10-2-1.map,PIBT,0,209851,100000,4754,100,warehouse-10-20-10-2-1-random-10.scen
100,warehouse-10-20-10-2-1.map,PIBTOLD,0,410642,100000,2771,100,warehouse-10-20-10-2-1-random-10.scen
100,warehouse-10-20-10-2-1.map,PIBT,0,209851,100000,4706,1000,warehouse-10-20-10-2-1-random-10.scen
100,warehouse-10-20-10-2-1.map,PIBTOLD,0,410642,100000,2750,1000,warehouse-10-20-10-2-1-random-10.scen
140,warehouse-10-20-10-2-1.map,PIBT,0,815517,100000,5379,0,warehouse-10-20-10-2-1-random-10.scen
140,warehouse-10-20-10-2-1.map,PIBTOLD,0,815517,100000,3537,0,warehouse-10-20-10-2-1-random-10.scen
140,warehouse-10-20-10-2-1.map,PIBT,0,215436,100000,7037,1,warehouse-10-20-10-2-1-random-10.scen
140,warehouse-10-20-10-2-1.map,PIBTOLD,0,815517,100000,3528,1,warehouse-10-20-10-2-1-random-10.scen
140,warehouse-10-20-10-2-1.map,PIBT,0,215436,100000,6927,10,warehouse-10-20-10-2-1-random-10.scen
140,warehouse-10-20-10-2-1.map,PIBTOLD,0,815517,100000,3513,10,warehouse-10-20-10-2-1-random-10.scen
140,warehouse-10-20-10-2-1.map,PIBT,0,215436,100000,7020,100,warehouse-10-20-10-2-1-random-10.scen
140,warehouse-10-20-10-2-1.map,PIBTOLD,0,815517,100000,3510,100,warehouse-10-20-10-2-1-random-10.scen
140,warehouse-10-20-10-2-1.map,PIBT,0,215436,100000,7021,1000,warehouse-10-20-10-2-1-random-10.scen
140,warehouse-10-20-10-2-1.map,PIBTOLD,0,815517,100000,3612,1000,warehouse-10-20-10-2-1-random-10.scen
180,warehouse-10-20-10-2-1.map,PIBT,0,920025,100000,7146,0,warehouse-10-20-10-2-1-random-10.scen
180,warehouse-10-20-10-2-1.map,PIBTOLD,0,920025,100000,4354,0,warehouse-10-20-10-2-1-random-10.scen
180,warehouse-10-20-10-2-1.map,PIBT,0,419990,100000,8260,1,warehouse-10-20-10-2-1-random-10.scen
180,warehouse-10-20-10-2-1.map,PIBTOLD,0,920025,100000,4384,1,warehouse-10-20-10-2-1-random-10.scen
180,warehouse-10-20-10-2-1.map,PIBT,0,419990,100000,8133,10,warehouse-10-20-10-2-1-random-10.scen
180,warehouse-10-20-10-2-1.map,PIBTOLD,0,920025,100000,4259,10,warehouse-10-20-10-2-1-random-10.scen
180,warehouse-10-20-10-2-1.map,PIBT,0,419990,100000,8214,100,warehouse-10-20-10-2-1-random-10.scen
180,warehouse-10-20-10-2-1.map,PIBTOLD,0,920025,100000,4317,100,warehouse-10-20-10-2-1-random-10.scen
180,warehouse-10-20-10-2-1.map,PIBT,0,419990,100000,8229,1000,warehouse-10-20-10-2-1-random-10.scen
180,warehouse-10-20-10-2-1.map,PIBTOLD,0,920025,100000,4419,1000,warehouse-10-20-10-2-1-random-10.scen
220,warehouse-10-20-10-2-1.map,PIBT,0,1025739,100000,9238,0,warehouse-10-20-10-2-1-random-10.scen
220,warehouse-10-20-10-2-1.map,PIBTOLD,0,1025739,100000,5256,0,warehouse-10-20-10-2-1-random-10.scen
220,warehouse-10-20-10-2-1.map,PIBT,0,227604,100000,10323,1,warehouse-10-20-10-2-1-random-10.scen
220,warehouse-10-20-10-2-1.map,PIBTOLD,0,1025739,100000,5160,1,warehouse-10-20-10-2-1-random-10.scen
220,warehouse-10-20-10-2-1.map,PIBT,0,227604,100000,10244,10,warehouse-10-20-10-2-1-random-10.scen
220,warehouse-10-20-10-2-1.map,PIBTOLD,0,1025739,100000,5208,10,warehouse-10-20-10-2-1-random-10.scen
220,warehouse-10-20-10-2-1.map,PIBT,0,227604,100000,10202,100,warehouse-10-20-10-2-1-random-10.scen
220,warehouse-10-20-10-2-1.map,PIBTOLD,0,1025739,100000,5174,100,warehouse-10-20-10-2-1-random-10.scen
220,warehouse-10-20-10-2-1.map,PIBT,0,227604,100000,10204,1000,warehouse-10-20-10-2-1-random-10.scen
220,warehouse-10-20-10-2-1.map,PIBTOLD,0,1025739,100000,5194,1000,warehouse-10-20-10-2-1-random-10.scen
260,warehouse-10-20-10-2-1.map,PIBT,0,1529853,100000,11701,0,warehouse-10-20-10-2-1-random-10.scen
260,warehouse-10-20-10-2-1.map,PIBTOLD,0,1529853,100000,6146,0,warehouse-10-20-10-2-1-random-10.scen
260,warehouse-10-20-10-2-1.map,PIBT,0,433399,100000,15153,1,warehouse-10-20-10-2-1-random-10.scen
260,warehouse-10-20-10-2-1.map,PIBTOLD,0,1529853,100000,6326,1,warehouse-10-20-10-2-1-random-10.scen
260,warehouse-10-20-10-2-1.map,PIBT,0,433399,100000,15293,10,warehouse-10-20-10-2-1-random-10.scen
260,warehouse-10-20-10-2-1.map,PIBTOLD,0,1529853,100000,6207,10,warehouse-10-20-10-2-1-random-10.scen
260,warehouse-10-20-10-2-1.map,PIBT,0,433399,100000,15083,100,warehouse-10-20-10-2-1-random-10.scen
260,warehouse-10-20-10-2-1.map,PIBTOLD,0,1529853,100000,6367,100,warehouse-10-20-10-2-1-random-10.scen
260,warehouse-10-20-10-2-1.map,PIBT,0,433399,100000,15599,1000,warehouse-10-20-10-2-1-random-10.scen
260,warehouse-10-20-10-2-1.map,PIBTOLD,0,1529853,100000,6195,1000,warehouse-10-20-10-2-1-random-10.scen
300,warehouse-10-20-10-2-1.map,PIBT,0,2234973,100000,15487,0,warehouse-10-20-10-2-1-random-10.scen
300,warehouse-10-20-10-2-1.map,PIBTOLD,0,2234973,100000,7062,0,warehouse-10-20-10-2-1-random-10.scen
300,warehouse-10-20-10-2-1.map,PIBT,0,1235008,100000,20363,1,warehouse-10-20-10-2-1-random-10.scen
300,warehouse-10-20-10-2-1.map,PIBTOLD,0,2234973,100000,7122,1,warehouse-10-20-10-2-1-random-10.scen
300,warehouse-10-20-10-2-1.map,PIBT,0,1235008,100000,20112,10,warehouse-10-20-10-2-1-random-10.scen
300,warehouse-10-20-10-2-1.map,PIBTOLD,0,2234973,100000,7181,10,warehouse-10-20-10-2-1-random-10.scen
300,warehouse-10-20-10-2-1.map,PIBT,0,1235008,100000,20152,100,warehouse-10-20-10-2-1-random-10.scen
300,warehouse-10-20-10-2-1.map,PIBTOLD,0,2234973,100000,7380,100,warehouse-10-20-10-2-1-random-10.scen
300,warehouse-10-20-10-2-1.map,PIBT,0,1235008,100000,20285,1000,warehouse-10-20-10-2-1-random-10.scen
300,warehouse-10-20-10-2-1.map,PIBTOLD,0,2234973,100000,7461,1000,warehouse-10-20-10-2-1-random-10.scen
340,warehouse-10-20-10-2-1.map,PIBT,0,3340853,100000,18285,0,warehouse-10-20-10-2-1-random-10.scen
340,warehouse-10-20-10-2-1.map,PIBTOLD,0,3340853,100000,8273,0,warehouse-10-20-10-2-1-random-10.scen
340,warehouse-10-20-10-2-1.map,PIBT,0,444632,100000,24369,1,warehouse-10-20-10-2-1-random-10.scen
340,warehouse-10-20-10-2-1.map,PIBTOLD,0,3340853,100000,8258,1,warehouse-10-20-10-2-1-random-10.scen
340,warehouse-10-20-10-2-1.map,PIBT,0,844153,100000,22033,10,warehouse-10-20-10-2-1-random-10.scen
340,warehouse-10-20-10-2-1.map,PIBTOLD,0,3340853,100000,8442,10,warehouse-10-20-10-2-1-random-10.scen
340,warehouse-10-20-10-2-1.map,PIBT,0,844153,100000,22078,100,warehouse-10-20-10-2-1-random-10.scen
340,warehouse-10-20-10-2-1.map,PIBTOLD,0,3340853,100000,8175,100,warehouse-10-20-10-2-1-random-10.scen
340,warehouse-10-20-10-2-1.map,PIBT,0,844153,100000,22168,1000,warehouse-10-20-10-2-1-random-10.scen
340,warehouse-10-20-10-2-1.map,PIBTOLD,0,3340853,100000,8235,1000,warehouse-10-20-10-2-1-random-10.scen
380,warehouse-10-20-10-2-1.map,PIBT,0,4047546,100000,21864,0,warehouse-10-20-10-2-1-random-10.scen
380,warehouse-10-20-10-2-1.map,PIBTOLD,0,4047546,100000,9234,0,warehouse-10-20-10-2-1-random-10.scen
380,warehouse-10-20-10-2-1.map,PIBT,0,245421,100000,45275,1,warehouse-10-20-10-2-1-random-10.scen
380,warehouse-10-20-10-2-1.map,PIBTOLD,0,4047546,100000,9399,1,warehouse-10-20-10-2-1-random-10.scen
380,warehouse-10-20-10-2-1.map,PIBT,0,850483,100000,27626,10,warehouse-10-20-10-2-1-random-10.scen
380,warehouse-10-20-10-2-1.map,PIBTOLD,0,4047546,100000,9517,10,warehouse-10-20-10-2-1-random-10.scen
380,warehouse-10-20-10-2-1.map,PIBT,0,850483,100000,27125,100,warehouse-10-20-10-2-1-random-10.scen
380,warehouse-10-20-10-2-1.map,PIBTOLD,0,4047546,100000,9836,100,warehouse-10-20-10-2-1-random-10.scen
380,warehouse-10-20-10-2-1.map,PIBT,0,850483,100000,27185,1000,warehouse-10-20-10-2-1-random-10.scen
380,warehouse-10-20-10-2-1.map,PIBTOLD,0,4047546,100000,9462,1000,warehouse-10-20-10-2-1-random-10.scen
420,warehouse-10-20-10-2-1.map,PIBT,0,3556026,100000,25372,0,warehouse-10-20-10-2-1-random-10.scen
420,warehouse-10-20-10-2-1.map,PIBTOLD,0,3556026,100000,10270,0,warehouse-10-20-10-2-1-random-10.scen
420,warehouse-10-20-10-2-1.map,PIBT,0,457210,100000,40698,1,warehouse-10-20-10-2-1-random-10.scen
420,warehouse-10-20-10-2-1.map,PIBTOLD,0,3556026,100000,10294,1,warehouse-10-20-10-2-1-random-10.scen
420,warehouse-10-20-10-2-1.map,PIBT,0,857592,100000,34825,10,warehouse-10-20-10-2-1-random-10.scen
420,warehouse-10-20-10-2-1.map,PIBTOLD,0,3556026,100000,10723,10,warehouse-10-20-10-2-1-random-10.scen
