agents,map_file,solver,solved,soc,makespan,comp_time,Opti_Deadline,Scenario_File
20,ht_chantry.map,PIBT,1,1706,178,5,0,ht_chantry-random-5.scen
20,ht_chantry.map,PIBTOLD,1,1706,178,4,0,ht_chantry-random-5.scen
20,ht_chantry.map,PIBT,1,1708,178,5,1,ht_chantry-random-5.scen
20,ht_chantry.map,PIBTOLD,1,1706,178,4,1,ht_chantry-random-5.scen
20,ht_chantry.map,PIBT,1,1708,178,6,10,ht_chantry-random-5.scen
20,ht_chantry.map,PIBTOLD,1,1706,178,5,10,ht_chantry-random-5.scen
20,ht_chantry.map,PIBT,1,1708,178,5,100,ht_chantry-random-5.scen
20,ht_chantry.map,PIBTOLD,1,1706,178,5,100,ht_chantry-random-5.scen
20,ht_chantry.map,PIBT,1,1708,178,5,1000,ht_chantry-random-5.scen
20,ht_chantry.map,PIBTOLD,1,1706,178,4,1000,ht_chantry-random-5.scen
60,ht_chantry.map,PIBT,1,6035,192,13,0,ht_chantry-random-5.scen
60,ht_chantry.map,PIBTOLD,1,6035,192,12,0,ht_chantry-random-5.scen
60,ht_chantry.map,PIBT,1,6021,194,13,1,ht_chantry-random-5.scen
60,ht_chantry.map,PIBTOLD,1,6035,192,12,1,ht_chantry-random-5.scen
60,ht_chantry.map,PIBT,1,6021,194,13,10,ht_chantry-random-5.scen
60,ht_chantry.map,PIBTOLD,1,6035,192,12,10,ht_chantry-random-5.scen
60,ht_chantry.map,PIBT,1,6021,194,13,100,ht_chantry-random-5.scen
60,ht_chantry.map,PIBTOLD,1,6035,192,12,100,ht_chantry-random-5.scen
60,ht_chantry.map,PIBT,1,6021,194,13,1000,ht_chantry-random-5.scen
60,ht_chantry.map,PIBTOLD,1,6035,192,11,1000,ht_chantry-random-5.scen
100,ht_chantry.map,PIBT,1,10457,192,21,0,ht_chantry-random-5.scen
100,ht_chantry.map,PIBTOLD,1,10457,192,19,0,ht_chantry-random-5.scen
100,ht_chantry.map,PIBT,1,10303,194,21,1,ht_chantry-random-5.scen
100,ht_chantry.map,PIBTOLD,1,10457,192,19,1,ht_chantry-random-5.scen
100,ht_chantry.map,PIBT,1,10303,194,21,10,ht_chantry-random-5.scen
100,ht_chantry.map,PIBTOLD,1,10457,192,19,10,ht_chantry-random-5.scen
100,ht_chantry.map,PIBT,1,10303,194,22,100,ht_chantry-random-5.scen
100,ht_chantry.map,PIBTOLD,1,10457,192,20,100,ht_chantry-random-5.scen
100,ht_chantry.map,PIBT,1,10303,194,22,1000,ht_chantry-random-5.scen
100,ht_chantry.map,PIBTOLD,1,10457,192,19,1000,ht_chantry-random-5.scen
140,ht_chantry.map,PIBT,1,15141,226,32,0,ht_chantry-random-5.scen
140,ht_chantry.map,PIBTOLD,1,15141,226,30,0,ht_chantry-random-5.scen
140,ht_chantry.map,PIBT,1,14734,194,33,1,ht_chantry-random-5.scen
140,ht_chantry.map,PIBTOLD,1,15141,226,25,1,ht_chantry-random-5.scen
140,ht_chantry.map,PIBT,1,14618,195,38,10,ht_chantry-random-5.scen
140,ht_chantry.map,PIBTOLD,1,15141,226,28,10,ht_chantry-random-5.scen
140,ht_chantry.map,PIBT,1,14618,195,37,100,ht_chantry-random-5.scen
140,ht_chantry.map,PIBTOLD,1,15141,226,28,100,ht_chantry-random-5.scen
140,ht_chantry.map,PIBT,1,14618,195,37,1000,ht_chantry-random-5.scen
140,ht_chantry.map,PIBTOLD,1,15141,226,27,1000,ht_chantry-random-5.scen
180,ht_chantry.map,PIBT,1,20483,203,38,0,ht_chantry-random-5.scen
180,ht_chantry.map,PIBTOLD,1,20483,203,35,0,ht_chantry-random-5.scen
180,ht_chantry.map,PIBT,1,19884,192,52,1,ht_chantry-random-5.scen
180,ht_chantry.map,PIBTOLD,1,20483,203,34,1,ht_chantry-random-5.scen
180,ht_chantry.map,PIBT,1,20088,194,63,10,ht_chantry-random-5.scen
180,ht_chantry.map,PIBTOLD,1,20483,203,34,10,ht_chantry-random-5.scen
180,ht_chantry.map,PIBT,1,20088,194,65,100,ht_chantry-random-5.scen
180,ht_chantry.map,PIBTOLD,1,20483,203,35,100,ht_chantry-random-5.scen
180,ht_chantry.map,PIBT,1,20088,194,60,1000,ht_chantry-random-5.scen
180,ht_chantry.map,PIBTOLD,1,20483,203,36,1000,ht_chantry-random-5.scen
220,ht_chantry.map,PIBT,1,25933,192,52,0,ht_chantry-random-5.scen
220,ht_chantry.map,PIBTOLD,1,25933,192,43,0,ht_chantry-random-5.scen
220,ht_chantry.map,PIBT,1,24950,194,80,1,ht_chantry-random-5.scen
220,ht_chantry.map,PIBTOLD,1,25933,192,43,1,ht_chantry-random-5.scen
220,ht_chantry.map,PIBT,1,25135,196,158,10,ht_chantry-random-5.scen
220,ht_chantry.map,PIBTOLD,1,25933,192,43,10,ht_chantry-random-5.scen
220,ht_chantry.map,PIBT,1,25304,196,934,100,ht_chantry-random-5.scen
220,ht_chantry.map,PIBTOLD,1,25933,192,42,100,ht_chantry-random-5.scen
220,ht_chantry.map,PIBT,1,25044,196,4194,1000,ht_chantry-random-5.scen
220,ht_chantry.map,PIBTOLD,1,25933,192,42,1000,ht_chantry-random-5.scen
260,ht_chantry.map,PIBT,1,31723,192,62,0,ht_chantry-random-5.scen
260,ht_chantry.map,PIBTOLD,1,31723,192,51,0,ht_chantry-random-5.scen
260,ht_chantry.map,PIBT,1,31370,195,103,1,ht_chantry-random-5.scen
260,ht_chantry.map,PIBTOLD,1,31723,192,52,1,ht_chantry-random-5.scen
260,ht_chantry.map,PIBT,1,30975,197,438,10,ht_chantry-random-5.scen
260,ht_chantry.map,PIBTOLD,1,31723,192,52,10,ht_chantry-random-5.scen
260,ht_chantry.map,PIBT,1,31309,201,2357,100,ht_chantry-random-5.scen
260,ht_chantry.map,PIBTOLD,1,31723,192,51,100,ht_chantry-random-5.scen
260,ht_chantry.map,PIBT,1,31253,197,17127,1000,ht_chantry-random-5.scen
260,ht_chantry.map,PIBTOLD,1,31723,192,50,1000,ht_chantry-random-5.scen
300,ht_chantry.map,PIBT,1,36620,194,74,0,ht_chantry-random-5.scen
300,ht_chantry.map,PIBTOLD,1,36620,194,60,0,ht_chantry-random-5.scen
300,ht_chantry.map,PIBT,1,37086,203,140,1,ht_chantry-random-5.scen
300,ht_chantry.map,PIBTOLD,1,36620,194,58,1,ht_chantry-random-5.scen
300,ht_chantry.map,PIBT,1,36734,206,548,10,ht_chantry-random-5.scen
300,ht_chantry.map,PIBTOLD,1,36620,194,59,10,ht_chantry-random-5.scen
300,ht_chantry.map,PIBT,1,36440,207,3179,100,ht_chantry-random-5.scen
300,ht_chantry.map,PIBTOLD,1,36620,194,59,100,ht_chantry-random-5.scen
300,ht_chantry.map,PIBT,1,36481,203,25548,1000,ht_chantry-random-5.scen
300,ht_chantry.map,PIBTOLD,1,36620,194,60,1000,ht_chantry-random-5.scen
340,ht_chantry.map,PIBT,1,43615,207,89,0,ht_chantry-random-5.scen
340,ht_chantry.map,PIBTOLD,1,43615,207,68,0,ht_chantry-random-5.scen
340,ht_chantry.map,PIBT,1,42939,197,149,1,ht_chantry-random-5.scen
340,ht_chantry.map,PIBTOLD,1,43615,207,69,1,ht_chantry-random-5.scen
340,ht_chantry.map,PIBT,1,42643,208,680,10,ht_chantry-random-5.scen
340,ht_chantry.map,PIBTOLD,1,43615,207,68,10,ht_chantry-random-5.scen
340,ht_chantry.map,PIBT,1,42295,204,4943,100,ht_chantry-random-5.scen
340,ht_chantry.map,PIBTOLD,1,43615,207,70,100,ht_chantry-random-5.scen
340,ht_chantry.map,PIBT,1,42400,200,45563,1000,ht_chantry-random-5.scen
340,ht_chantry.map,PIBTOLD,1,43615,207,68,1000,ht_chantry-random-5.scen
380,ht_chantry.map,PIBT,1,50072,199,100,0,ht_chantry-random-5.scen
380,ht_chantry.map,PIBTOLD,1,50072,199,80,0,ht_chantry-random-5.scen
380,ht_chantry.map,PIBT,1,48884,206,183,1,ht_chantry-random-5.scen
380,ht_chantry.map,PIBTOLD,1,50072,199,79,1,ht_chantry-random-5.scen
380,ht_chantry.map,PIBT,1,49616,227,810,10,ht_chantry-random-5.scen
380,ht_chantry.map,PIBTOLD,1,50072,199,77,10,ht_chantry-random-5.scen
380,ht_chantry.map,PIBT,1,48759,202,6463,100,ht_chantry-random-5.scen
380,ht_chantry.map,PIBTOLD,1,50072,199,78,100,ht_chantry-random-5.scen
20,ht_chantry.map,PIBT,1,1706,178,4,0,ht_chantry-random-12.scen
20,ht_chantry.map,PIBTOLD,1,1706,178,4,0,ht_chantry-random-12.scen
20,ht_chantry.map,PIBT,1,1708,178,5,1,ht_chantry-random-12.scen
20,ht_chantry.map,PIBTOLD,1,1706,178,5,1,ht_chantry-random-12.scen
20,ht_chantry.map,PIBT,1,1708,178,5,10,ht_chantry-random-12.scen
20,ht_chantry.map,PIBTOLD,1,1706,178,5,10,ht_chantry-random-12.scen
20,ht_chantry.map,PIBT,1,1708,178,4,100,ht_chantry-random-12.scen
20,ht_chantry.map,PIBTOLD,1,1706,178,4,100,ht_chantry-random-12.scen
20,ht_chantry.map,PIBT,1,1708,178,4,1000,ht_chantry-random-12.scen
20,ht_chantry.map,PIBTOLD,1,1706,178,4,1000,ht_chantry-random-12.scen
60,ht_chantry.map,PIBT,1,6035,192,12,0,ht_chantry-random-12.scen
60,ht_chantry.map,PIBTOLD,1,6035,192,12,0,ht_chantry-random-12.scen
60,ht_chantry.map,PIBT,1,6021,194,13,1,ht_chantry-random-12.scen
60,ht_chantry.map,PIBTOLD,1,6035,192,12,1,ht_chantry-random-12.scen
60,ht_chantry.map,PIBT,1,6021,194,13,10,ht_chantry-random-12.scen
60,ht_chantry.map,PIBTOLD,1,6035,192,13,10,ht_chantry-random-12.scen
60,ht_chantry.map,PIBT,1,6021,194,14,100,ht_chantry-random-12.scen
60,ht_chantry.map,PIBTOLD,1,6035,192,11,100,ht_chantry-random-12.scen
60,ht_chantry.map,PIBT,1,6021,194,13,1000,ht_chantry-random-12.scen
60,ht_chantry.map,PIBTOLD,1,6035,192,13,1000,ht_chantry-random-12.scen
100,ht_chantry.map,PIBT,1,10457,192,21,0,ht_chantry-random-12.scen
100,ht_chantry.map,PIBTOLD,1,10457,192,19,0,ht_chantry-random-12.scen
100,ht_chantry.map,PIBT,1,10303,194,23,1,ht_chantry-random-12.scen
100,ht_chantry.map,PIBTOLD,1,10457,192,18,1,ht_chantry-random-12.scen
100,ht_chantry.map,PIBT,1,10303,194,22,10,ht_chantry-random-12.scen
100,ht_chantry.map,PIBTOLD,1,10457,192,19,10,ht_chantry-random-12.scen
100,ht_chantry.map,PIBT,1,10303,194,21,100,ht_chantry-random-12.scen
100,ht_chantry.map,PIBTOLD,1,10457,192,17,100,ht_chantry-random-12.scen
100,ht_chantry.map,PIBT,1,10303,194,22,1000,ht_chantry-random-12.scen
100,ht_chantry.map,PIBTOLD,1,10457,192,19,1000,ht_chantry-random-12.scen
140,ht_chantry.map,PIBT,1,15141,226,32,0,ht_chantry-random-12.scen
140,ht_chantry.map,PIBTOLD,1,15141,226,27,0,ht_chantry-random-12.scen
140,ht_chantry.map,PIBT,1,14965,224,35,1,ht_chantry-random-12.scen
140,ht_chantry.map,PIBTOLD,1,15141,226,26,1,ht_chantry-random-12.scen
140,ht_chantry.map,PIBT,1,14618,195,35,10,ht_chantry-random-12.scen
140,ht_chantry.map,PIBTOLD,1,15141,226,27,10,ht_chantry-random-12.scen
140,ht_chantry.map,PIBT,1,14618,195,35,100,ht_chantry-random-12.scen
140,ht_chantry.map,PIBTOLD,1,15141,226,27,100,ht_chantry-random-12.scen
140,ht_chantry.map,PIBT,1,14618,195,34,1000,ht_chantry-random-12.scen
140,ht_chantry.map,PIBTOLD,1,15141,226,28,1000,ht_chantry-random-12.scen
180,ht_chantry.map,PIBT,1,20483,203,44,0,ht_chantry-random-12.scen
180,ht_chantry.map,PIBTOLD,1,20483,203,35,0,ht_chantry-random-12.scen
180,ht_chantry.map,PIBT,1,19856,194,41,1,ht_chantry-random-12.scen
180,ht_chantry.map,PIBTOLD,1,20483,203,34,1,ht_chantry-random-12.scen
180,ht_chantry.map,PIBT,1,20088,194,62,10,ht_chantry-random-12.scen
180,ht_chantry.map,PIBTOLD,1,20483,203,35,10,ht_chantry-random-12.scen
180,ht_chantry.map,PIBT,1,20088,194,62,100,ht_chantry-random-12.scen
180,ht_chantry.map,PIBTOLD,1,20483,203,38,100,ht_chantry-random-12.scen
180,ht_chantry.map,PIBT,1,20088,194,63,1000,ht_chantry-random-12.scen
180,ht_chantry.map,PIBTOLD,1,20483,203,34,1000,ht_chantry-random-12.scen
220,ht_chantry.map,PIBT,1,25933,192,50,0,ht_chantry-random-12.scen
220,ht_chantry.map,PIBTOLD,1,25933,192,41,0,ht_chantry-random-12.scen
220,ht_chantry.map,PIBT,1,24857,196,71,1,ht_chantry-random-12.scen
220,ht_chantry.map,PIBTOLD,1,25933,192,43,1,ht_chantry-random-12.scen
220,ht_chantry.map,PIBT,1,25052,196,160,10,ht_chantry-random-12.scen
220,ht_chantry.map,PIBTOLD,1,25933,192,43,10,ht_chantry-random-12.scen
220,ht_chantry.map,PIBT,1,24959,196,766,100,ht_chantry-random-12.scen
220,ht_chantry.map,PIBTOLD,1,25933,192,42,100,ht_chantry-random-12.scen
220,ht_chantry.map,PIBT,1,25193,198,5014,1000,ht_chantry-random-12.scen
220,ht_chantry.map,PIBTOLD,1,25933,192,40,1000,ht_chantry-random-12.scen
260,ht_chantry.map,PIBT,1,31723,192,63,0,ht_chantry-random-12.scen
260,ht_chantry.map,PIBTOLD,1,31723,192,54,0,ht_chantry-random-12.scen
260,ht_chantry.map,PIBT,1,31703,204,107,1,ht_chantry-random-12.scen
260,ht_chantry.map,PIBTOLD,1,31723,192,51,1,ht_chantry-random-12.scen
260,ht_chantry.map,PIBT,1,31307,200,428,10,ht_chantry-random-12.scen
260,ht_chantry.map,PIBTOLD,1,31723,192,51,10,ht_chantry-random-12.scen
260,ht_chantry.map,PIBT,1,31035,195,2671,100,ht_chantry-random-12.scen
260,ht_chantry.map,PIBTOLD,1,31723,192,53,100,ht_chantry-random-12.scen
260,ht_chantry.map,PIBT,1,31437,201,22986,1000,ht_chantry-random-12.scen
260,ht_chantry.map,PIBTOLD,1,31723,192,54,1000,ht_chantry-random-12.scen
300,ht_chantry.map,PIBT,1,36620,194,74,0,ht_chantry-random-12.scen
300,ht_chantry.map,PIBTOLD,1,36620,194,63,0,ht_chantry-random-12.scen
300,ht_chantry.map,PIBT,1,36582,204,132,1,ht_chantry-random-12.scen
300,ht_chantry.map,PIBTOLD,1,36620,194,59,1,ht_chantry-random-12.scen
300,ht_chantry.map,PIBT,1,36019,200,475,10,ht_chantry-random-12.scen
300,ht_chantry.map,PIBTOLD,1,36620,194,60,10,ht_chantry-random-12.scen
300,ht_chantry.map,PIBT,1,36453,229,2756,100,ht_chantry-random-12.scen
300,ht_chantry.map,PIBTOLD,1,36620,194,58,100,ht_chantry-random-12.scen
300,ht_chantry.map,PIBT,1,35980,197,18126,1000,ht_chantry-random-12.scen
300,ht_chantry.map,PIBTOLD,1,36620,194,59,1000,ht_chantry-random-12.scen
340,ht_chantry.map,PIBT,1,43615,207,90,0,ht_chantry-random-12.scen
340,ht_chantry.map,PIBTOLD,1,43615,207,68,0,ht_chantry-random-12.scen
340,ht_chantry.map,PIBT,1,42990,216,159,1,ht_chantry-random-12.scen
340,ht_chantry.map,PIBTOLD,1,43615,207,67,1,ht_chantry-random-12.scen
340,ht_chantry.map,PIBT,1,42115,194,598,10,ht_chantry-random-12.scen
340,ht_chantry.map,PIBTOLD,1,43615,207,69,10,ht_chantry-random-12.scen
340,ht_chantry.map,PIBT,1,42567,212,5622,100,ht_chantry-random-12.scen
340,ht_chantry.map,PIBTOLD,1,43615,207,68,100,ht_chantry-random-12.scen
340,ht_chantry.map,PIBT,1,42761,201,45377,1000,ht_chantry-random-12.scen
340,ht_chantry.map,PIBTOLD,1,43615,207,69,1000,ht_chantry-random-12.scen
380,ht_chantry.map,PIBT,1,50072,199,100,0,ht_chantry-random-12.scen
380,ht_chantry.map,PIBTOLD,1,50072,199,78,0,ht_chantry-random-12.scen
380,ht_chantry.map,PIBT,1,49392,209,190,1,ht_chantry-random-12.scen
380,ht_chantry.map,PIBTOLD,1,50072,199,77,1,ht_chantry-random-12.scen
380,ht_chantry.map,PIBT,1,48620,200,750,10,ht_chantry-random-12.scen
380,ht_chantry.map,PIBTOLD,1,50072,199,78,10,ht_chantry-random-12.scen
380,ht_chantry.map,PIBT,1,48696,202,6959,100,ht_chantry-random-12.scen
380,ht_chantry.map,PIBTOLD,1,50072,199,76,100,ht_chantry-random-12.scen
20,ht_chantry.map,PIBT,1,1706,178,5,0,ht_chantry-random-1.scen
20,ht_chantry.map,PIBTOLD,1,1706,178,4,0,ht_chantry-random-1.scen
20,ht_chantry.map,PIBT,1,1708,178,4,1,ht_chantry-random-1.scen
20,ht_chantry.map,PIBTOLD,1,1706,178,4,1,ht_chantry-random-1.scen
20,ht_chantry.map,PIBT,1,1708,178,4,10,ht_chantry-random-1.scen
20,ht_chantry.map,PIBTOLD,1,1706,178,4,10,ht_chantry-random-1.scen
20,ht_chantry.map,PIBT,1,1708,178,5,100,ht_chantry-random-1.scen
20,ht_chantry.map,PIBTOLD,1,1706,178,4,100,ht_chantry-random-1.scen
20,ht_chantry.map,PIBT,1,1708,178,4,1000,ht_chantry-random-1.scen
20,ht_chantry.map,PIBTOLD,1,1706,178,4,1000,ht_chantry-random-1.scen
60,ht_chantry.map,PIBT,1,6035,192,13,0,ht_chantry-random-1.scen
60,ht_chantry.map,PIBTOLD,1,6035,192,12,0,ht_chantry-random-1.scen
60,ht_chantry.map,PIBT,1,6021,194,13,1,ht_chantry-random-1.scen
60,ht_chantry.map,PIBTOLD,1,6035,192,11,1,ht_chantry-random-1.scen
60,ht_chantry.map,PIBT,1,6021,194,13,10,ht_chantry-random-1.scen
60,ht_chantry.map,PIBTOLD,1,6035,192,11,10,ht_chantry-random-1.scen
60,ht_chantry.map,PIBT,1,6021,194,13,100,ht_chantry-random-1.scen
60,ht_chantry.map,PIBTOLD,1,6035,192,11,100,ht_chantry-random-1.scen
60,ht_chantry.map,PIBT,1,6021,194,13,1000,ht_chantry-random-1.scen
60,ht_chantry.map,PIBTOLD,1,6035,192,12,1000,ht_chantry-random-1.scen
100,ht_chantry.map,PIBT,1,10457,192,21,0,ht_chantry-random-1.scen
100,ht_chantry.map,PIBTOLD,1,10457,192,19,0,ht_chantry-random-1.scen
100,ht_chantry.map,PIBT,1,10303,194,22,1,ht_chantry-random-1.scen
100,ht_chantry.map,PIBTOLD,1,10457,192,19,1,ht_chantry-random-1.scen
100,ht_chantry.map,PIBT,1,10303,194,23,10,ht_chantry-random-1.scen
100,ht_chantry.map,PIBTOLD,1,10457,192,19,10,ht_chantry-random-1.scen
100,ht_chantry.map,PIBT,1,10303,194,22,100,ht_chantry-random-1.scen
100,ht_chantry.map,PIBTOLD,1,10457,192,19,100,ht_chantry-random-1.scen
100,ht_chantry.map,PIBT,1,10303,194,22,1000,ht_chantry-random-1.scen
100,ht_chantry.map,PIBTOLD,1,10457,192,19,1000,ht_chantry-random-1.scen
140,ht_chantry.map,PIBT,1,15141,226,32,0,ht_chantry-random-1.scen
140,ht_chantry.map,PIBTOLD,1,15141,226,29,0,ht_chantry-random-1.scen
140,ht_chantry.map,PIBT,1,14628,198,34,1,ht_chantry-random-1.scen
140,ht_chantry.map,PIBTOLD,1,15141,226,28,1,ht_chantry-random-1.scen
140,ht_chantry.map,PIBT,1,14618,195,35,10,ht_chantry-random-1.scen
140,ht_chantry.map,PIBTOLD,1,15141,226,33,10,ht_chantry-random-1.scen
140,ht_chantry.map,PIBT,1,14618,195,35,100,ht_chantry-random-1.scen
140,ht_chantry.map,PIBTOLD,1,15141,226,28,100,ht_chantry-random-1.scen
140,ht_chantry.map,PIBT,1,14618,195,33,1000,ht_chantry-random-1.scen
140,ht_chantry.map,PIBTOLD,1,15141,226,28,1000,ht_chantry-random-1.scen
180,ht_chantry.map,PIBT,1,20483,203,43,0,ht_chantry-random-1.scen
180,ht_chantry.map,PIBTOLD,1,20483,203,35,0,ht_chantry-random-1.scen
180,ht_chantry.map,PIBT,1,19908,192,45,1,ht_chantry-random-1.scen
180,ht_chantry.map,PIBTOLD,1,20483,203,36,1,ht_chantry-random-1.scen
180,ht_chantry.map,PIBT,1,20088,194,64,10,ht_chantry-random-1.scen
180,ht_chantry.map,PIBTOLD,1,20483,203,35,10,ht_chantry-random-1.scen
180,ht_chantry.map,PIBT,1,20088,194,62,100,ht_chantry-random-1.scen
180,ht_chantry.map,PIBTOLD,1,20483,203,30,100,ht_chantry-random-1.scen
180,ht_chantry.map,PIBT,1,20088,194,63,1000,ht_chantry-random-1.scen
180,ht_chantry.map,PIBTOLD,1,20483,203,34,1000,ht_chantry-random-1.scen
220,ht_chantry.map,PIBT,1,25933,192,49,0,ht_chantry-random-1.scen
220,ht_chantry.map,PIBTOLD,1,25933,192,41,0,ht_chantry-random-1.scen
220,ht_chantry.map,PIBT,1,24882,196,72,1,ht_chantry-random-1.scen
220,ht_chantry.map,PIBTOLD,1,25933,192,41,1,ht_chantry-random-1.scen
220,ht_chantry.map,PIBT,1,25029,196,133,10,ht_chantry-random-1.scen
220,ht_chantry.map,PIBTOLD,1,25933,192,42,10,ht_chantry-random-1.scen
220,ht_chantry.map,PIBT,1,25010,196,794,100,ht_chantry-random-1.scen
220,ht_chantry.map,PIBTOLD,1,25933,192,41,100,ht_chantry-random-1.scen
220,ht_chantry.map,PIBT,1,24853,196,6026,1000,ht_chantry-random-1.scen
220,ht_chantry.map,PIBTOLD,1,25933,192,41,1000,ht_chantry-random-1.scen
260,ht_chantry.map,PIBT,1,31723,192,62,0,ht_chantry-random-1.scen
260,ht_chantry.map,PIBTOLD,1,31723,192,51,0,ht_chantry-random-1.scen
260,ht_chantry.map,PIBT,1,31577,223,114,1,ht_chantry-random-1.scen
260,ht_chantry.map,PIBTOLD,1,31723,192,44,1,ht_chantry-random-1.scen
260,ht_chantry.map,PIBT,1,31470,195,419,10,ht_chantry-random-1.scen
260,ht_chantry.map,PIBTOLD,1,31723,192,50,10,ht_chantry-random-1.scen
260,ht_chantry.map,PIBT,1,31168,218,2456,100,ht_chantry-random-1.scen
260,ht_chantry.map,PIBTOLD,1,31723,192,48,100,ht_chantry-random-1.scen
260,ht_chantry.map,PIBT,1,30895,197,20661,1000,ht_chantry-random-1.scen
260,ht_chantry.map,PIBTOLD,1,31723,192,50,1000,ht_chantry-random-1.scen
300,ht_chantry.map,PIBT,1,36620,194,75,0,ht_chantry-random-1.scen
300,ht_chantry.map,PIBTOLD,1,36620,194,59,0,ht_chantry-random-1.scen
300,ht_chantry.map,PIBT,1,36955,203,137,1,ht_chantry-random-1.scen
300,ht_chantry.map,PIBTOLD,1,36620,194,57,1,ht_chantry-random-1.scen
300,ht_chantry.map,PIBT,1,36685,220,572,10,ht_chantry-random-1.scen
300,ht_chantry.map,PIBTOLD,1,36620,194,62,10,ht_chantry-random-1.scen
300,ht_chantry.map,PIBT,1,36572,206,3295,100,ht_chantry-random-1.scen
300,ht_chantry.map,PIBTOLD,1,36620,194,55,100,ht_chantry-random-1.scen
300,ht_chantry.map,PIBT,1,36797,199,23431,1000,ht_chantry-random-1.scen
300,ht_chantry.map,PIBTOLD,1,36620,194,60,1000,ht_chantry-random-1.scen
340,ht_chantry.map,PIBT,1,43615,207,87,0,ht_chantry-random-1.scen
340,ht_chantry.map,PIBTOLD,1,43615,207,70,0,ht_chantry-random-1.scen
340,ht_chantry.map,PIBT,1,42863,198,159,1,ht_chantry-random-1.scen
340,ht_chantry.map,PIBTOLD,1,43615,207,68,1,ht_chantry-random-1.scen
340,ht_chantry.map,PIBT,1,42679,200,628,10,ht_chantry-random-1.scen
340,ht_chantry.map,PIBTOLD,1,43615,207,69,10,ht_chantry-random-1.scen
340,ht_chantry.map,PIBT,1,42378,199,4995,100,ht_chantry-random-1.scen
340,ht_chantry.map,PIBTOLD,1,43615,207,69,100,ht_chantry-random-1.scen
340,ht_chantry.map,PIBT,1,42605,199,49824,1000,ht_chantry-random-1.scen
340,ht_chantry.map,PIBTOLD,1,43615,207,69,1000,ht_chantry-random-1.scen
380,ht_chantry.map,PIBT,1,50072,199,102,0,ht_chantry-random-1.scen
380,ht_chantry.map,PIBTOLD,1,50072,199,77,0,ht_chantry-random-1.scen
380,ht_chantry.map,PIBT,1,49218,200,185,1,ht_chantry-random-1.scen
380,ht_chantry.map,PIBTOLD,1,50072,199,79,1,ht_chantry-random-1.scen
380,ht_chantry.map,PIBT,1,48659,202,771,10,ht_chantry-random-1.scen
380,ht_chantry.map,PIBTOLD,1,50072,199,81,10,ht_chantry-random-1.scen
380,ht_chantry.map,PIBT,1,48292,203,5943,100,ht_chantry-random-1.scen
380,ht_chantry.map,PIBTOLD,1,50072,199,73,100,ht_chantry-random-1.scen
20,ht_chantry.map,PIBT,1,1706,178,4,0,ht_chantry-random-3.scen
20,ht_chantry.map,PIBTOLD,1,1706,178,4,0,ht_chantry-random-3.scen
20,ht_chantry.map,PIBT,1,1708,178,5,1,ht_chantry-random-3.scen
20,ht_chantry.map,PIBTOLD,1,1706,178,4,1,ht_chantry-random-3.scen
20,ht_chantry.map,PIBT,1,1708,178,4,10,ht_chantry-random-3.scen
20,ht_chantry.map,PIBTOLD,1,1706,178,4,10,ht_chantry-random-3.scen
20,ht_chantry.map,PIBT,1,1708,178,4,100,ht_chantry-random-3.scen
20,ht_chantry.map,PIBTOLD,1,1706,178,4,100,ht_chantry-random-3.scen
20,ht_chantry.map,PIBT,1,1708,178,4,1000,ht_chantry-random-3.scen
20,ht_chantry.map,PIBTOLD,1,1706,178,4,1000,ht_chantry-random-3.scen
60,ht_chantry.map,PIBT,1,6035,192,12,0,ht_chantry-random-3.scen
60,ht_chantry.map,PIBTOLD,1,6035,192,10,0,ht_chantry-random-3.scen
60,ht_chantry.map,PIBT,1,6021,194,12,1,ht_chantry-random-3.scen
60,ht_chantry.map,PIBTOLD,1,6035,192,11,1,ht_chantry-random-3.scen
60,ht_chantry.map,PIBT,1,6021,194,12,10,ht_chantry-random-3.scen
60,ht_chantry.map,PIBTOLD,1,6035,192,12,10,ht_chantry-random-3.scen
60,ht_chantry.map,PIBT,1,6021,194,13,100,ht_chantry-random-3.scen
60,ht_chantry.map,PIBTOLD,1,6035,192,11,100,ht_chantry-random-3.scen
60,ht_chantry.map,PIBT,1,6021,194,12,1000,ht_chantry-random-3.scen
60,ht_chantry.map,PIBTOLD,1,6035,192,11,1000,ht_chantry-random-3.scen
100,ht_chantry.map,PIBT,1,10457,192,21,0,ht_chantry-random-3.scen
100,ht_chantry.map,PIBTOLD,1,10457,192,20,0,ht_chantry-random-3.scen
100,ht_chantry.map,PIBT,1,10303,194,21,1,ht_chantry-random-3.scen
100,ht_chantry.map,PIBTOLD,1,10457,192,19,1,ht_chantry-random-3.scen
100,ht_chantry.map,PIBT,1,10303,194,22,10,ht_chantry-random-3.scen
100,ht_chantry.map,PIBTOLD,1,10457,192,21,10,ht_chantry-random-3.scen
100,ht_chantry.map,PIBT,1,10303,194,21,100,ht_chantry-random-3.scen
100,ht_chantry.map,PIBTOLD,1,10457,192,19,100,ht_chantry-random-3.scen
100,ht_chantry.map,PIBT,1,10303,194,22,1000,ht_chantry-random-3.scen
100,ht_chantry.map,PIBTOLD,1,10457,192,19,1000,ht_chantry-random-3.scen
140,ht_chantry.map,PIBT,1,15141,226,32,0,ht_chantry-random-3.scen
140,ht_chantry.map,PIBTOLD,1,15141,226,28,0,ht_chantry-random-3.scen
140,ht_chantry.map,PIBT,1,14562,197,33,1,ht_chantry-random-3.scen
140,ht_chantry.map,PIBTOLD,1,15141,226,28,1,ht_chantry-random-3.scen
140,ht_chantry.map,PIBT,1,14618,195,36,10,ht_chantry-random-3.scen
140,ht_chantry.map,PIBTOLD,1,15141,226,27,10,ht_chantry-random-3.scen
140,ht_chantry.map,PIBT,1,14618,195,35,100,ht_chantry-random-3.scen
140,ht_chantry.map,PIBTOLD,1,15141,226,27,100,ht_chantry-random-3.scen
140,ht_chantry.map,PIBT,1,14618,195,33,1000,ht_chantry-random-3.scen
140,ht_chantry.map,PIBTOLD,1,15141,226,28,1000,ht_chantry-random-3.scen
180,ht_chantry.map,PIBT,1,20483,203,40,0,ht_chantry-random-3.scen
180,ht_chantry.map,PIBTOLD,1,20483,203,35,0,ht_chantry-random-3.scen
180,ht_chantry.map,PIBT,1,19656,192,56,1,ht_chantry-random-3.scen
180,ht_chantry.map,PIBTOLD,1,20483,203,35,1,ht_chantry-random-3.scen
180,ht_chantry.map,PIBT,1,20088,194,66,10,ht_chantry-random-3.scen
180,ht_chantry.map,PIBTOLD,1,20483,203,38,10,ht_chantry-random-3.scen
180,ht_chantry.map,PIBT,1,20088,194,61,100,ht_chantry-random-3.scen
180,ht_chantry.map,PIBTOLD,1,20483,203,35,100,ht_chantry-random-3.scen
180,ht_chantry.map,PIBT,1,20088,194,63,1000,ht_chantry-random-3.scen
180,ht_chantry.map,PIBTOLD,1,20483,203,35,1000,ht_chantry-random-3.scen
220,ht_chantry.map,PIBT,1,25933,192,52,0,ht_chantry-random-3.scen
220,ht_chantry.map,PIBTOLD,1,25933,192,46,0,ht_chantry-random-3.scen
220,ht_chantry.map,PIBT,1,25183,198,78,1,ht_chantry-random-3.scen
220,ht_chantry.map,PIBTOLD,1,25933,192,43,1,ht_chantry-random-3.scen
220,ht_chantry.map,PIBT,1,25106,196,134,10,ht_chantry-random-3.scen
220,ht_chantry.map,PIBTOLD,1,25933,192,42,10,ht_chantry-random-3.scen
220,ht_chantry.map,PIBT,1,24894,196,530,100,ht_chantry-random-3.scen
220,ht_chantry.map,PIBTOLD,1,25933,192,43,100,ht_chantry-random-3.scen
220,ht_chantry.map,PIBT,1,25012,196,4120,1000,ht_chantry-random-3.scen
220,ht_chantry.map,PIBTOLD,1,25933,192,41,1000,ht_chantry-random-3.scen
260,ht_chantry.map,PIBT,1,31723,192,61,0,ht_chantry-random-3.scen
260,ht_chantry.map,PIBTOLD,1,31723,192,47,0,ht_chantry-random-3.scen
260,ht_chantry.map,PIBT,1,31265,196,108,1,ht_chantry-random-3.scen
260,ht_chantry.map,PIBTOLD,1,31723,192,50,1,ht_chantry-random-3.scen
260,ht_chantry.map,PIBT,1,30653,198,363,10,ht_chantry-random-3.scen
260,ht_chantry.map,PIBTOLD,1,31723,192,52,10,ht_chantry-random-3.scen
260,ht_chantry.map,PIBT,1,30962,195,2718,100,ht_chantry-random-3.scen
260,ht_chantry.map,PIBTOLD,1,31723,192,54,100,ht_chantry-random-3.scen
260,ht_chantry.map,PIBT,1,31372,195,16610,1000,ht_chantry-random-3.scen
260,ht_chantry.map,PIBTOLD,1,31723,192,51,1000,ht_chantry-random-3.scen
300,ht_chantry.map,PIBT,1,36620,194,75,0,ht_chantry-random-3.scen
300,ht_chantry.map,PIBTOLD,1,36620,194,64,0,ht_chantry-random-3.scen
300,ht_chantry.map,PIBT,1,36766,223,137,1,ht_chantry-random-3.scen
300,ht_chantry.map,PIBTOLD,1,36620,194,59,1,ht_chantry-random-3.scen
300,ht_chantry.map,PIBT,1,36428,205,425,10,ht_chantry-random-3.scen
300,ht_chantry.map,PIBTOLD,1,36620,194,58,10,ht_chantry-random-3.scen
300,ht_chantry.map,PIBT,1,36167,201,3374,100,ht_chantry-random-3.scen
300,ht_chantry.map,PIBTOLD,1,36620,194,59,100,ht_chantry-random-3.scen
300,ht_chantry.map,PIBT,1,36454,208,21135,1000,ht_chantry-random-3.scen
300,ht_chantry.map,PIBTOLD,1,36620,194,60,1000,ht_chantry-random-3.scen
340,ht_chantry.map,PIBT,1,43615,207,88,0,ht_chantry-random-3.scen
340,ht_chantry.map,PIBTOLD,1,43615,207,73,0,ht_chantry-random-3.scen
340,ht_chantry.map,PIBT,1,42940,206,159,1,ht_chantry-random-3.scen
340,ht_chantry.map,PIBTOLD,1,43615,207,70,1,ht_chantry-random-3.scen
340,ht_chantry.map,PIBT,1,42934,200,654,10,ht_chantry-random-3.scen
340,ht_chantry.map,PIBTOLD,1,43615,207,70,10,ht_chantry-random-3.scen
340,ht_chantry.map,PIBT,1,42627,199,5566,100,ht_chantry-random-3.scen
340,ht_chantry.map,PIBTOLD,1,43615,207,70,100,ht_chantry-random-3.scen
340,ht_chantry.map,PIBT,1,42781,210,42492,1000,ht_chantry-random-3.scen
340,ht_chantry.map,PIBTOLD,1,43615,207,70,1000,ht_chantry-random-3.scen
380,ht_chantry.map,PIBT,1,50072,199,104,0,ht_chantry-random-3.scen
380,ht_chantry.map,PIBTOLD,1,50072,199,75,0,ht_chantry-random-3.scen
380,ht_chantry.map,PIBT,1,48776,206,178,1,ht_chantry-random-3.scen
380,ht_chantry.map,PIBTOLD,1,50072,199,77,1,ht_chantry-random-3.scen
380,ht_chantry.map,PIBT,1,49558,206,831,10,ht_chantry-random-3.scen
380,ht_chantry.map,PIBTOLD,1,50072,199,76,10,ht_chantry-random-3.scen
380,ht_chantry.map,PIBT,1,48654,217,6826,100,ht_chantry-random-3.scen
380,ht_chantry.map,PIBTOLD,1,50072,199,78,100,ht_chantry-random-3.scen
380,ht_chantry.map,PIBT,1,48314,199,59521,1000,ht_chantry-random-3.scen
380,ht_chantry.map,PIBTOLD,1,50072,199,80,1000,ht_chantry-random-3.scen
20,ht_chantry.map,PIBT,1,1706,178,5,0,ht_chantry-random-7.scen
20,ht_chantry.map,PIBTOLD,1,1706,178,4,0,ht_chantry-random-7.scen
20,ht_chantry.map,PIBT,1,1708,178,5,1,ht_chantry-random-7.scen
20,ht_chantry.map,PIBTOLD,1,1706,178,5,1,ht_chantry-random-7.scen
20,ht_chantry.map,PIBT,1,1708,178,4,10,ht_chantry-random-7.scen
20,ht_chantry.map,PIBTOLD,1,1706,178,4,10,ht_chantry-random-7.scen
20,ht_chantry.map,PIBT,1,1708,178,4,100,ht_chantry-random-7.scen
20,ht_chantry.map,PIBTOLD,1,1706,178,4,100,ht_chantry-random-7.scen
20,ht_chantry.map,PIBT,1,1708,178,4,1000,ht_chantry-random-7.scen
20,ht_chantry.map,PIBTOLD,1,1706,178,4,1000,ht_chantry-random-7.scen
60,ht_chantry.map,PIBT,1,6035,192,12,0,ht_chantry-random-7.scen
60,ht_chantry.map,PIBTOLD,1,6035,192,11,0,ht_chantry-random-7.scen
60,ht_chantry.map,PIBT,1,6021,194,13,1,ht_chantry-random-7.scen
60,ht_chantry.map,PIBTOLD,1,6035,192,12,1,ht_chantry-random-7.scen
60,ht_chantry.map,PIBT,1,6021,194,11,10,ht_chantry-random-7.scen
60,ht_chantry.map,PIBTOLD,1,6035,192,10,10,ht_chantry-random-7.scen
60,ht_chantry.map,PIBT,1,6021,194,12,100,ht_chantry-random-7.scen
60,ht_chantry.map,PIBTOLD,1,6035,192,11,100,ht_chantry-random-7.scen
60,ht_chantry.map,PIBT,1,6021,194,13,1000,ht_chantry-random-7.scen
60,ht_chantry.map,PIBTOLD,1,6035,192,10,1000,ht_chantry-random-7.scen
100,ht_chantry.map,PIBT,1,10457,192,28,0,ht_chantry-random-7.scen
100,ht_chantry.map,PIBTOLD,1,10457,192,19,0,ht_chantry-random-7.scen
100,ht_chantry.map,PIBT,1,10303,194,22,1,ht_chantry-random-7.scen
100,ht_chantry.map,PIBTOLD,1,10457,192,18,1,ht_chantry-random-7.scen
100,ht_chantry.map,PIBT,1,10303,194,21,10,ht_chantry-random-7.scen
100,ht_chantry.map,PIBTOLD,1,10457,192,17,10,ht_chantry-random-7.scen
100,ht_chantry.map,PIBT,1,10303,194,21,100,ht_chantry-random-7.scen
100,ht_chantry.map,PIBTOLD,1,10457,192,20,100,ht_chantry-random-7.scen
100,ht_chantry.map,PIBT,1,10303,194,22,1000,ht_chantry-random-7.scen
100,ht_chantry.map,PIBTOLD,1,10457,192,19,1000,ht_chantry-random-7.scen
140,ht_chantry.map,PIBT,1,15141,226,31,0,ht_chantry-random-7.scen
140,ht_chantry.map,PIBTOLD,1,15141,226,27,0,ht_chantry-random-7.scen
140,ht_chantry.map,PIBT,1,14739,197,32,1,ht_chantry-random-7.scen
140,ht_chantry.map,PIBTOLD,1,15141,226,27,1,ht_chantry-random-7.scen
140,ht_chantry.map,PIBT,1,14618,195,34,10,ht_chantry-random-7.scen
140,ht_chantry.map,PIBTOLD,1,15141,226,27,10,ht_chantry-random-7.scen
140,ht_chantry.map,PIBT,1,14618,195,34,100,ht_chantry-random-7.scen
140,ht_chantry.map,PIBTOLD,1,15141,226,27,100,ht_chantry-random-7.scen
140,ht_chantry.map,PIBT,1,14618,195,37,1000,ht_chantry-random-7.scen
140,ht_chantry.map,PIBTOLD,1,15141,226,27,1000,ht_chantry-random-7.scen
180,ht_chantry.map,PIBT,1,20483,203,41,0,ht_chantry-random-7.scen
180,ht_chantry.map,PIBTOLD,1,20483,203,36,0,ht_chantry-random-7.scen
180,ht_chantry.map,PIBT,1,19669,194,46,1,ht_chantry-random-7.scen
180,ht_chantry.map,PIBTOLD,1,20483,203,34,1,ht_chantry-random-7.scen
180,ht_chantry.map,PIBT,1,20088,194,63,10,ht_chantry-random-7.scen
180,ht_chantry.map,PIBTOLD,1,20483,203,33,10,ht_chantry-random-7.scen
180,ht_chantry.map,PIBT,1,20088,194,63,100,ht_chantry-random-7.scen
180,ht_chantry.map,PIBTOLD,1,20483,203,32,100,ht_chantry-random-7.scen
180,ht_chantry.map,PIBT,1,20088,194,62,1000,ht_chantry-random-7.scen
180,ht_chantry.map,PIBTOLD,1,20483,203,32,1000,ht_chantry-random-7.scen
220,ht_chantry.map,PIBT,1,25933,192,52,0,ht_chantry-random-7.scen
220,ht_chantry.map,PIBTOLD,1,25933,192,38,0,ht_chantry-random-7.scen
220,ht_chantry.map,PIBT,1,25574,197,79,1,ht_chantry-random-7.scen
220,ht_chantry.map,PIBTOLD,1,25933,192,39,1,ht_chantry-random-7.scen
220,ht_chantry.map,PIBT,1,25279,196,189,10,ht_chantry-random-7.scen
220,ht_chantry.map,PIBTOLD,1,25933,192,43,10,ht_chantry-random-7.scen
220,ht_chantry.map,PIBT,1,25410,203,767,100,ht_chantry-random-7.scen
220,ht_chantry.map,PIBTOLD,1,25933,192,39,100,ht_chantry-random-7.scen
220,ht_chantry.map,PIBT,1,24791,196,4628,1000,ht_chantry-random-7.scen
220,ht_chantry.map,PIBTOLD,1,25933,192,45,1000,ht_chantry-random-7.scen
260,ht_chantry.map,PIBT,1,31723,192,65,0,ht_chantry-random-7.scen
260,ht_chantry.map,PIBTOLD,1,31723,192,51,0,ht_chantry-random-7.scen
260,ht_chantry.map,PIBT,1,30710,194,103,1,ht_chantry-random-7.scen
260,ht_chantry.map,PIBTOLD,1,31723,192,51,1,ht_chantry-random-7.scen
260,ht_chantry.map,PIBT,1,31479,201,392,10,ht_chantry-random-7.scen
260,ht_chantry.map,PIBTOLD,1,31723,192,49,10,ht_chantry-random-7.scen
260,ht_chantry.map,PIBT,1,31509,264,2819,100,ht_chantry-random-7.scen
260,ht_chantry.map,PIBTOLD,1,31723,192,51,100,ht_chantry-random-7.scen
260,ht_chantry.map,PIBT,1,31253,196,21764,1000,ht_chantry-random-7.scen
260,ht_chantry.map,PIBTOLD,1,31723,192,51,1000,ht_chantry-random-7.scen
300,ht_chantry.map,PIBT,1,36620,194,75,0,ht_chantry-random-7.scen
300,ht_chantry.map,PIBTOLD,1,36620,194,60,0,ht_chantry-random-7.scen
300,ht_chantry.map,PIBT,1,37059,227,139,1,ht_chantry-random-7.scen
300,ht_chantry.map,PIBTOLD,1,36620,194,59,1,ht_chantry-random-7.scen
300,ht_chantry.map,PIBT,1,36193,198,487,10,ht_chantry-random-7.scen
300,ht_chantry.map,PIBTOLD,1,36620,194,58,10,ht_chantry-random-7.scen
300,ht_chantry.map,PIBT,1,36197,203,3752,100,ht_chantry-random-7.scen
300,ht_chantry.map,PIBTOLD,1,36620,194,61,100,ht_chantry-random-7.scen
300,ht_chantry.map,PIBT,1,36487,202,23159,1000,ht_chantry-random-7.scen
300,ht_chantry.map,PIBTOLD,1,36620,194,60,1000,ht_chantry-random-7.scen
340,ht_chantry.map,PIBT,1,43615,207,92,0,ht_chantry-random-7.scen
340,ht_chantry.map,PIBTOLD,1,43615,207,69,0,ht_chantry-random-7.scen
340,ht_chantry.map,PIBT,1,42093,201,152,1,ht_chantry-random-7.scen
340,ht_chantry.map,PIBTOLD,1,43615,207,72,1,ht_chantry-random-7.scen
340,ht_chantry.map,PIBT,1,42691,207,688,10,ht_chantry-random-7.scen
340,ht_chantry.map,PIBTOLD,1,43615,207,69,10,ht_chantry-random-7.scen
340,ht_chantry.map,PIBT,1,41941,196,4175,100,ht_chantry-random-7.scen
340,ht_chantry.map,PIBTOLD,1,43615,207,61,100,ht_chantry-random-7.scen
340,ht_chantry.map,PIBT,1,42063,204,45522,1000,ht_chantry-random-7.scen
340,ht_chantry.map,PIBTOLD,1,43615,207,69,1000,ht_chantry-random-7.scen
380,ht_chantry.map,PIBT,1,50072,199,101,0,ht_chantry-random-7.scen
380,ht_chantry.map,PIBTOLD,1,50072,199,72,0,ht_chantry-random-7.scen
380,ht_chantry.map,PIBT,1,49352,201,181,1,ht_chantry-random-7.scen
380,ht_chantry.map,PIBTOLD,1,50072,199,73,1,ht_chantry-random-7.scen
380,ht_chantry.map,PIBT,1,48908,195,812,10,ht_chantry-random-7.scen
380,ht_chantry.map,PIBTOLD,1,50072,199,69,10,ht_chantry-random-7.scen
380,ht_chantry.map,PIBT,1,48758,205,6660,100,ht_chantry-random-7.scen
380,ht_chantry.map,PIBTOLD,1,50072,199,77,100,ht_chantry-random-7.scen
20,ht_chantry.map,PIBT,1,1706,178,4,0,ht_chantry-random-9.scen
20,ht_chantry.map,PIBTOLD,1,1706,178,4,0,ht_chantry-random-9.scen
20,ht_chantry.map,PIBT,1,1708,178,4,1,ht_chantry-random-9.scen
20,ht_chantry.map,PIBTOLD,1,1706,178,5,1,ht_chantry-random-9.scen
20,ht_chantry.map,PIBT,1,1708,178,4,10,ht_chantry-random-9.scen
20,ht_chantry.map,PIBTOLD,1,1706,178,5,10,ht_chantry-random-9.scen
20,ht_chantry.map,PIBT,1,1708,178,5,100,ht_chantry-random-9.scen
20,ht_chantry.map,PIBTOLD,1,1706,178,4,100,ht_chantry-random-9.scen
20,ht_chantry.map,PIBT,1,1708,178,4,1000,ht_chantry-random-9.scen
20,ht_chantry.map,PIBTOLD,1,1706,178,4,1000,ht_chantry-random-9.scen
60,ht_chantry.map,PIBT,1,6035,192,14,0,ht_chantry-random-9.scen
60,ht_chantry.map,PIBTOLD,1,6035,192,13,0,ht_chantry-random-9.scen
60,ht_chantry.map,PIBT,1,6021,194,14,1,ht_chantry-random-9.scen
60,ht_chantry.map,PIBTOLD,1,6035,192,12,1,ht_chantry-random-9.scen
60,ht_chantry.map,PIBT,1,6021,194,12,10,ht_chantry-random-9.scen
60,ht_chantry.map,PIBTOLD,1,6035,192,11,10,ht_chantry-random-9.scen
60,ht_chantry.map,PIBT,1,6021,194,13,100,ht_chantry-random-9.scen
60,ht_chantry.map,PIBTOLD,1,6035,192,11,100,ht_chantry-random-9.scen
60,ht_chantry.map,PIBT,1,6021,194,13,1000,ht_chantry-random-9.scen
60,ht_chantry.map,PIBTOLD,1,6035,192,12,1000,ht_chantry-random-9.scen
100,ht_chantry.map,PIBT,1,10457,192,22,0,ht_chantry-random-9.scen
100,ht_chantry.map,PIBTOLD,1,10457,192,19,0,ht_chantry-random-9.scen
100,ht_chantry.map,PIBT,1,10303,194,22,1,ht_chantry-random-9.scen
100,ht_chantry.map,PIBTOLD,1,10457,192,20,1,ht_chantry-random-9.scen
100,ht_chantry.map,PIBT,1,10303,194,22,10,ht_chantry-random-9.scen
100,ht_chantry.map,PIBTOLD,1,10457,192,19,10,ht_chantry-random-9.scen
100,ht_chantry.map,PIBT,1,10303,194,25,100,ht_chantry-random-9.scen
100,ht_chantry.map,PIBTOLD,1,10457,192,19,100,ht_chantry-random-9.scen
100,ht_chantry.map,PIBT,1,10303,194,21,1000,ht_chantry-random-9.scen
100,ht_chantry.map,PIBTOLD,1,10457,192,19,1000,ht_chantry-random-9.scen
140,ht_chantry.map,PIBT,1,15141,226,33,0,ht_chantry-random-9.scen
140,ht_chantry.map,PIBTOLD,1,15141,226,28,0,ht_chantry-random-9.scen
140,ht_chantry.map,PIBT,1,14613,199,32,1,ht_chantry-random-9.scen
140,ht_chantry.map,PIBTOLD,1,15141,226,28,1,ht_chantry-random-9.scen
140,ht_chantry.map,PIBT,1,14618,195,35,10,ht_chantry-random-9.scen
140,ht_chantry.map,PIBTOLD,1,15141,226,28,10,ht_chantry-random-9.scen
140,ht_chantry.map,PIBT,1,14618,195,39,100,ht_chantry-random-9.scen
140,ht_chantry.map,PIBTOLD,1,15141,226,27,100,ht_chantry-random-9.scen
140,ht_chantry.map,PIBT,1,14618,195,34,1000,ht_chantry-random-9.scen
140,ht_chantry.map,PIBTOLD,1,15141,226,29,1000,ht_chantry-random-9.scen
180,ht_chantry.map,PIBT,1,20483,203,41,0,ht_chantry-random-9.scen
180,ht_chantry.map,PIBTOLD,1,20483,203,35,0,ht_chantry-random-9.scen
180,ht_chantry.map,PIBT,1,19767,192,43,1,ht_chantry-random-9.scen
180,ht_chantry.map,PIBTOLD,1,20483,203,35,1,ht_chantry-random-9.scen
180,ht_chantry.map,PIBT,1,20088,194,63,10,ht_chantry-random-9.scen
180,ht_chantry.map,PIBTOLD,1,20483,203,35,10,ht_chantry-random-9.scen
180,ht_chantry.map,PIBT,1,20088,194,62,100,ht_chantry-random-9.scen
180,ht_chantry.map,PIBTOLD,1,20483,203,32,100,ht_chantry-random-9.scen
180,ht_chantry.map,PIBT,1,20088,194,64,1000,ht_chantry-random-9.scen
180,ht_chantry.map,PIBTOLD,1,20483,203,30,1000,ht_chantry-random-9.scen
220,ht_chantry.map,PIBT,1,25933,192,49,0,ht_chantry-random-9.scen
220,ht_chantry.map,PIBTOLD,1,25933,192,43,0,ht_chantry-random-9.scen
220,ht_chantry.map,PIBT,1,25117,255,77,1,ht_chantry-random-9.scen
220,ht_chantry.map,PIBTOLD,1,25933,192,43,1,ht_chantry-random-9.scen
220,ht_chantry.map,PIBT,0,25016,100000,10261,10,ht_chantry-random-9.scen
220,ht_chantry.map,PIBTOLD,1,25933,192,41,10,ht_chantry-random-9.scen
220,ht_chantry.map,PIBT,1,25302,196,865,100,ht_chantry-random-9.scen
220,ht_chantry.map,PIBTOLD,1,25933,192,42,100,ht_chantry-random-9.scen
220,ht_chantry.map,PIBT,1,25176,196,5463,1000,ht_chantry-random-9.scen
220,ht_chantry.map,PIBTOLD,1,25933,192,46,1000,ht_chantry-random-9.scen
260,ht_chantry.map,PIBT,1,31723,192,60,0,ht_chantry-random-9.scen
260,ht_chantry.map,PIBTOLD,1,31723,192,49,0,ht_chantry-random-9.scen
260,ht_chantry.map,PIBT,1,30926,201,108,1,ht_chantry-random-9.scen
260,ht_chantry.map,PIBTOLD,1,31723,192,54,1,ht_chantry-random-9.scen
260,ht_chantry.map,PIBT,1,30934,197,356,10,ht_chantry-random-9.scen
260,ht_chantry.map,PIBTOLD,1,31723,192,54,10,ht_chantry-random-9.scen
260,ht_chantry.map,PIBT,1,31186,200,2284,100,ht_chantry-random-9.scen
260,ht_chantry.map,PIBTOLD,1,31723,192,51,100,ht_chantry-random-9.scen
260,ht_chantry.map,PIBT,1,31249,202,21581,1000,ht_chantry-random-9.scen
260,ht_chantry.map,PIBTOLD,1,31723,192,51,1000,ht_chantry-random-9.scen
300,ht_chantry.map,PIBT,1,36620,194,75,0,ht_chantry-random-9.scen
300,ht_chantry.map,PIBTOLD,1,36620,194,61,0,ht_chantry-random-9.scen
300,ht_chantry.map,PIBT,1,36818,212,139,1,ht_chantry-random-9.scen
300,ht_chantry.map,PIBTOLD,1,36620,194,60,1,ht_chantry-random-9.scen
300,ht_chantry.map,PIBT,1,36747,207,499,10,ht_chantry-random-9.scen
300,ht_chantry.map,PIBTOLD,1,36620,194,58,10,ht_chantry-random-9.scen
300,ht_chantry.map,PIBT,1,36271,201,2945,100,ht_chantry-random-9.scen
300,ht_chantry.map,PIBTOLD,1,36620,194,65,100,ht_chantry-random-9.scen
300,ht_chantry.map,PIBT,1,36007,198,23120,1000,ht_chantry-random-9.scen
300,ht_chantry.map,PIBTOLD,1,36620,194,61,1000,ht_chantry-random-9.scen
340,ht_chantry.map,PIBT,1,43615,207,90,0,ht_chantry-random-9.scen
340,ht_chantry.map,PIBTOLD,1,43615,207,70,0,ht_chantry-random-9.scen
340,ht_chantry.map,PIBT,1,42818,202,154,1,ht_chantry-random-9.scen
340,ht_chantry.map,PIBTOLD,1,43615,207,71,1,ht_chantry-random-9.scen
340,ht_chantry.map,PIBT,1,42234,199,648,10,ht_chantry-random-9.scen
340,ht_chantry.map,PIBTOLD,1,43615,207,70,10,ht_chantry-random-9.scen
340,ht_chantry.map,PIBT,1,41865,199,5244,100,ht_chantry-random-9.scen
340,ht_chantry.map,PIBTOLD,1,43615,207,70,100,ht_chantry-random-9.scen
340,ht_chantry.map,PIBT,1,42309,200,39602,1000,ht_chantry-random-9.scen
340,ht_chantry.map,PIBTOLD,1,43615,207,69,1000,ht_chantry-random-9.scen
380,ht_chantry.map,PIBT,1,50072,199,103,0,ht_chantry-random-9.scen
380,ht_chantry.map,PIBTOLD,1,50072,199,76,0,ht_chantry-random-9.scen
380,ht_chantry.map,PIBT,1,48657,198,181,1,ht_chantry-random-9.scen
380,ht_chantry.map,PIBTOLD,1,50072,199,77,1,ht_chantry-random-9.scen
380,ht_chantry.map,PIBT,1,48731,196,778,10,ht_chantry-random-9.scen
380,ht_chantry.map,PIBTOLD,1,50072,199,74,10,ht_chantry-random-9.scen
380,ht_chantry.map,PIBT,1,48268,202,6168,100,ht_chantry-random-9.scen
380,ht_chantry.map,PIBTOLD,1,50072,199,76,100,ht_chantry-random-9.scen
380,ht_chantry.map,PIBT,1,47936,198,54818,1000,ht_chantry-random-9.scen
380,ht_chantry.map,PIBTOLD,1,50072,199,77,1000,ht_chantry-random-9.scen
20,ht_chantry.map,PIBT,1,1706,178,5,0,ht_chantry-random-13.scen
20,ht_chantry.map,PIBTOLD,1,1706,178,4,0,ht_chantry-random-13.scen
20,ht_chantry.map,PIBT,1,1708,178,5,1,ht_chantry-random-13.scen
20,ht_chantry.map,PIBTOLD,1,1706,178,5,1,ht_chantry-random-13.scen
20,ht_chantry.map,PIBT,1,1708,178,5,10,ht_chantry-random-13.scen
20,ht_chantry.map,PIBTOLD,1,1706,178,4,10,ht_chantry-random-13.scen
20,ht_chantry.map,PIBT,1,1708,178,4,100,ht_chantry-random-13.scen
20,ht_chantry.map,PIBTOLD,1,1706,178,4,100,ht_chantry-random-13.scen
20,ht_chantry.map,PIBT,1,1708,178,5,1000,ht_chantry-random-13.scen
20,ht_chantry.map,PIBTOLD,1,1706,178,5,1000,ht_chantry-random-13.scen
60,ht_chantry.map,PIBT,1,6035,192,13,0,ht_chantry-random-13.scen
60,ht_chantry.map,PIBTOLD,1,6035,192,12,0,ht_chantry-random-13.scen
60,ht_chantry.map,PIBT,1,6021,194,13,1,ht_chantry-random-13.scen
60,ht_chantry.map,PIBTOLD,1,6035,192,12,1,ht_chantry-random-13.scen
60,ht_chantry.map,PIBT,1,6021,194,13,10,ht_chantry-random-13.scen
60,ht_chantry.map,PIBTOLD,1,6035,192,12,10,ht_chantry-random-13.scen
60,ht_chantry.map,PIBT,1,6021,194,13,100,ht_chantry-random-13.scen
60,ht_chantry.map,PIBTOLD,1,6035,192,11,100,ht_chantry-random-13.scen
60,ht_chantry.map,PIBT,1,6021,194,13,1000,ht_chantry-random-13.scen
60,ht_chantry.map,PIBTOLD,1,6035,192,12,1000,ht_chantry-random-13.scen
100,ht_chantry.map,PIBT,1,10457,192,21,0,ht_chantry-random-13.scen
100,ht_chantry.map,PIBTOLD,1,10457,192,19,0,ht_chantry-random-13.scen
100,ht_chantry.map,PIBT,1,10303,194,22,1,ht_chantry-random-13.scen
100,ht_chantry.map,PIBTOLD,1,10457,192,19,1,ht_chantry-random-13.scen
100,ht_chantry.map,PIBT,1,10303,194,22,10,ht_chantry-random-13.scen
100,ht_chantry.map,PIBTOLD,1,10457,192,20,10,ht_chantry-random-13.scen
100,ht_chantry.map,PIBT,1,10303,194,18,100,ht_chantry-random-13.scen
100,ht_chantry.map,PIBTOLD,1,10457,192,19,100,ht_chantry-random-13.scen
100,ht_chantry.map,PIBT,1,10303,194,22,1000,ht_chantry-random-13.scen
100,ht_chantry.map,PIBTOLD,1,10457,192,20,1000,ht_chantry-random-13.scen
140,ht_chantry.map,PIBT,1,15141,226,33,0,ht_chantry-random-13.scen
140,ht_chantry.map,PIBTOLD,1,15141,226,28,0,ht_chantry-random-13.scen
140,ht_chantry.map,PIBT,1,14767,192,32,1,ht_chantry-random-13.scen
140,ht_chantry.map,PIBTOLD,1,15141,226,28,1,ht_chantry-random-13.scen
140,ht_chantry.map,PIBT,1,14618,195,36,10,ht_chantry-random-13.scen
140,ht_chantry.map,PIBTOLD,1,15141,226,28,10,ht_chantry-random-13.scen
140,ht_chantry.map,PIBT,1,14618,195,36,100,ht_chantry-random-13.scen
140,ht_chantry.map,PIBTOLD,1,15141,226,29,100,ht_chantry-random-13.scen
140,ht_chantry.map,PIBT,1,14618,195,37,1000,ht_chantry-random-13.scen
140,ht_chantry.map,PIBTOLD,1,15141,226,29,1000,ht_chantry-random-13.scen
180,ht_chantry.map,PIBT,1,20483,203,44,0,ht_chantry-random-13.scen
180,ht_chantry.map,PIBTOLD,1,20483,203,35,0,ht_chantry-random-13.scen
180,ht_chantry.map,PIBT,1,20025,192,47,1,ht_chantry-random-13.scen
180,ht_chantry.map,PIBTOLD,1,20483,203,35,1,ht_chantry-random-13.scen
180,ht_chantry.map,PIBT,1,20088,194,64,10,ht_chantry-random-13.scen
180,ht_chantry.map,PIBTOLD,1,20483,203,34,10,ht_chantry-random-13.scen
180,ht_chantry.map,PIBT,1,20088,194,64,100,ht_chantry-random-13.scen
180,ht_chantry.map,PIBTOLD,1,20483,203,32,100,ht_chantry-random-13.scen
180,ht_chantry.map,PIBT,1,20088,194,59,1000,ht_chantry-random-13.scen
180,ht_chantry.map,PIBTOLD,1,20483,203,35,1000,ht_chantry-random-13.scen
220,ht_chantry.map,PIBT,1,25933,192,52,0,ht_chantry-random-13.scen
220,ht_chantry.map,PIBTOLD,1,25933,192,45,0,ht_chantry-random-13.scen
220,ht_chantry.map,PIBT,1,25162,196,73,1,ht_chantry-random-13.scen
220,ht_chantry.map,PIBTOLD,1,25933,192,45,1,ht_chantry-random-13.scen
220,ht_chantry.map,PIBT,0,24923,100000,10163,10,ht_chantry-random-13.scen
220,ht_chantry.map,PIBTOLD,1,25933,192,44,10,ht_chantry-random-13.scen
220,ht_chantry.map,PIBT,1,25346,196,750,100,ht_chantry-random-13.scen
220,ht_chantry.map,PIBTOLD,1,25933,192,45,100,ht_chantry-random-13.scen
220,ht_chantry.map,PIBT,1,25139,196,3208,1000,ht_chantry-random-13.scen
220,ht_chantry.map,PIBTOLD,1,25933,192,43,1000,ht_chantry-random-13.scen
260,ht_chantry.map,PIBT,1,31723,192,62,0,ht_chantry-random-13.scen
260,ht_chantry.map,PIBTOLD,1,31723,192,51,0,ht_chantry-random-13.scen
260,ht_chantry.map,PIBT,1,30895,199,102,1,ht_chantry-random-13.scen
260,ht_chantry.map,PIBTOLD,1,31723,192,49,1,ht_chantry-random-13.scen
260,ht_chantry.map,PIBT,1,31222,198,412,10,ht_chantry-random-13.scen
260,ht_chantry.map,PIBTOLD,1,31723,192,50,10,ht_chantry-random-13.scen
260,ht_chantry.map,PIBT,1,31313,200,2967,100,ht_chantry-random-13.scen
260,ht_chantry.map,PIBTOLD,1,31723,192,49,100,ht_chantry-random-13.scen
260,ht_chantry.map,PIBT,1,31101,196,12997,1000,ht_chantry-random-13.scen
260,ht_chantry.map,PIBTOLD,1,31723,192,51,1000,ht_chantry-random-13.scen
300,ht_chantry.map,PIBT,1,36620,194,76,0,ht_chantry-random-13.scen
300,ht_chantry.map,PIBTOLD,1,36620,194,59,0,ht_chantry-random-13.scen
300,ht_chantry.map,PIBT,1,37110,201,130,1,ht_chantry-random-13.scen
300,ht_chantry.map,PIBTOLD,1,36620,194,59,1,ht_chantry-random-13.scen
300,ht_chantry.map,PIBT,1,36498,208,468,10,ht_chantry-random-13.scen
300,ht_chantry.map,PIBTOLD,1,36620,194,59,10,ht_chantry-random-13.scen
300,ht_chantry.map,PIBT,1,36133,202,3152,100,ht_chantry-random-13.scen
300,ht_chantry.map,PIBTOLD,1,36620,194,63,100,ht_chantry-random-13.scen
300,ht_chantry.map,PIBT,1,36092,202,25544,1000,ht_chantry-random-13.scen
300,ht_chantry.map,PIBTOLD,1,36620,194,60,1000,ht_chantry-random-13.scen
340,ht_chantry.map,PIBT,1,43615,207,83,0,ht_chantry-random-13.scen
340,ht_chantry.map,PIBTOLD,1,43615,207,69,0,ht_chantry-random-13.scen
340,ht_chantry.map,PIBT,1,42949,197,159,1,ht_chantry-random-13.scen
340,ht_chantry.map,PIBTOLD,1,43615,207,68,1,ht_chantry-random-13.scen
340,ht_chantry.map,PIBT,1,42759,201,663,10,ht_chantry-random-13.scen
340,ht_chantry.map,PIBTOLD,1,43615,207,68,10,ht_chantry-random-13.scen
340,ht_chantry.map,PIBT,1,42713,197,5349,100,ht_chantry-random-13.scen
340,ht_chantry.map,PIBTOLD,1,43615,207,61,100,ht_chantry-random-13.scen
340,ht_chantry.map,PIBT,1,42405,202,40725,1000,ht_chantry-random-13.scen
340,ht_chantry.map,PIBTOLD,1,43615,207,72,1000,ht_chantry-random-13.scen
380,ht_chantry.map,PIBT,1,50072,199,103,0,ht_chantry-random-13.scen
380,ht_chantry.map,PIBTOLD,1,50072,199,76,0,ht_chantry-random-13.scen
380,ht_chantry.map,PIBT,1,49069,200,185,1,ht_chantry-random-13.scen
380,ht_chantry.map,PIBTOLD,1,50072,199,78,1,ht_chantry-random-13.scen
380,ht_chantry.map,PIBT,1,49194,202,805,10,ht_chantry-random-13.scen
380,ht_chantry.map,PIBTOLD,1,50072,199,80,10,ht_chantry-random-13.scen
380,ht_chantry.map,PIBT,0,48750,100000,27388,100,ht_chantry-random-13.scen
380,ht_chantry.map,PIBTOLD,1,50072,199,71,100,ht_chantry-random-13.scen
380,ht_chantry.map,PIBT,1,47916,201,56132,1000,ht_chantry-random-13.scen
380,ht_chantry.map,PIBTOLD,1,50072,199,77,1000,ht_chantry-random-13.scen
20,ht_chantry.map,PIBT,1,1706,178,4,0,ht_chantry-random-21.scen
20,ht_chantry.map,PIBTOLD,1,1706,178,4,0,ht_chantry-random-21.scen
20,ht_chantry.map,PIBT,1,1708,178,5,1,ht_chantry-random-21.scen
20,ht_chantry.map,PIBTOLD,1,1706,178,4,1,ht_chantry-random-21.scen
20,ht_chantry.map,PIBT,1,1708,178,4,10,ht_chantry-random-21.scen
20,ht_chantry.map,PIBTOLD,1,1706,178,4,10,ht_chantry-random-21.scen
20,ht_chantry.map,PIBT,1,1708,178,5,100,ht_chantry-random-21.scen
20,ht_chantry.map,PIBTOLD,1,1706,178,4,100,ht_chantry-random-21.scen
20,ht_chantry.map,PIBT,1,1708,178,4,1000,ht_chantry-random-21.scen
20,ht_chantry.map,PIBTOLD,1,1706,178,4,1000,ht_chantry-random-21.scen
60,ht_chantry.map,PIBT,1,6035,192,13,0,ht_chantry-random-21.scen
60,ht_chantry.map,PIBTOLD,1,6035,192,12,0,ht_chantry-random-21.scen
60,ht_chantry.map,PIBT,1,6021,194,11,1,ht_chantry-random-21.scen
60,ht_chantry.map,PIBTOLD,1,6035,192,11,1,ht_chantry-random-21.scen
60,ht_chantry.map,PIBT,1,6021,194,12,10,ht_chantry-random-21.scen
60,ht_chantry.map,PIBTOLD,1,6035,192,12,10,ht_chantry-random-21.scen
60,ht_chantry.map,PIBT,1,6021,194,13,100,ht_chantry-random-21.scen
60,ht_chantry.map,PIBTOLD,1,6035,192,12,100,ht_chantry-random-21.scen
60,ht_chantry.map,PIBT,1,6021,194,12,1000,ht_chantry-random-21.scen
60,ht_chantry.map,PIBTOLD,1,6035,192,10,1000,ht_chantry-random-21.scen
100,ht_chantry.map,PIBT,1,10457,192,21,0,ht_chantry-random-21.scen
100,ht_chantry.map,PIBTOLD,1,10457,192,19,0,ht_chantry-random-21.scen
100,ht_chantry.map,PIBT,1,10303,194,21,1,ht_chantry-random-21.scen
100,ht_chantry.map,PIBTOLD,1,10457,192,19,1,ht_chantry-random-21.scen
100,ht_chantry.map,PIBT,1,10303,194,21,10,ht_chantry-random-21.scen
100,ht_chantry.map,PIBTOLD,1,10457,192,21,10,ht_chantry-random-21.scen
100,ht_chantry.map,PIBT,1,10303,194,21,100,ht_chantry-random-21.scen
100,ht_chantry.map,PIBTOLD,1,10457,192,18,100,ht_chantry-random-21.scen
100,ht_chantry.map,PIBT,1,10303,194,21,1000,ht_chantry-random-21.scen
100,ht_chantry.map,PIBTOLD,1,10457,192,19,1000,ht_chantry-random-21.scen
140,ht_chantry.map,PIBT,1,15141,226,31,0,ht_chantry-random-21.scen
140,ht_chantry.map,PIBTOLD,1,15141,226,27,0,ht_chantry-random-21.scen
140,ht_chantry.map,PIBT,1,14799,224,35,1,ht_chantry-random-21.scen
140,ht_chantry.map,PIBTOLD,1,15141,226,31,1,ht_chantry-random-21.scen
140,ht_chantry.map,PIBT,1,14618,195,38,10,ht_chantry-random-21.scen
140,ht_chantry.map,PIBTOLD,1,15141,226,28,10,ht_chantry-random-21.scen
140,ht_chantry.map,PIBT,1,14618,195,37,100,ht_chantry-random-21.scen
140,ht_chantry.map,PIBTOLD,1,15141,226,28,100,ht_chantry-random-21.scen
140,ht_chantry.map,PIBT,1,14618,195,36,1000,ht_chantry-random-21.scen
140,ht_chantry.map,PIBTOLD,1,15141,226,29,1000,ht_chantry-random-21.scen
180,ht_chantry.map,PIBT,1,20483,203,44,0,ht_chantry-random-21.scen
180,ht_chantry.map,PIBTOLD,1,20483,203,35,0,ht_chantry-random-21.scen
180,ht_chantry.map,PIBT,1,19646,192,47,1,ht_chantry-random-21.scen
180,ht_chantry.map,PIBTOLD,1,20483,203,36,1,ht_chantry-random-21.scen
180,ht_chantry.map,PIBT,1,20088,194,64,10,ht_chantry-random-21.scen
180,ht_chantry.map,PIBTOLD,1,20483,203,35,10,ht_chantry-random-21.scen
180,ht_chantry.map,PIBT,1,20088,194,62,100,ht_chantry-random-21.scen
180,ht_chantry.map,PIBTOLD,1,20483,203,36,100,ht_chantry-random-21.scen
180,ht_chantry.map,PIBT,1,20088,194,62,1000,ht_chantry-random-21.scen
180,ht_chantry.map,PIBTOLD,1,20483,203,34,1000,ht_chantry-random-21.scen
220,ht_chantry.map,PIBT,1,25933,192,50,0,ht_chantry-random-21.scen
220,ht_chantry.map,PIBTOLD,1,25933,192,40,0,ht_chantry-random-21.scen
220,ht_chantry.map,PIBT,1,25059,197,76,1,ht_chantry-random-21.scen
220,ht_chantry.map,PIBTOLD,1,25933,192,42,1,ht_chantry-random-21.scen
220,ht_chantry.map,PIBT,1,25090,201,176,10,ht_chantry-random-21.scen
220,ht_chantry.map,PIBTOLD,1,25933,192,43,10,ht_chantry-random-21.scen
220,ht_chantry.map,PIBT,1,25241,199,744,100,ht_chantry-random-21.scen
220,ht_chantry.map,PIBTOLD,1,25933,192,45,100,ht_chantry-random-21.scen
220,ht_chantry.map,PIBT,1,24852,196,5336,1000,ht_chantry-random-21.scen
220,ht_chantry.map,PIBTOLD,1,25933,192,44,1000,ht_chantry-random-21.scen
260,ht_chantry.map,PIBT,1,31723,192,67,0,ht_chantry-random-21.scen
260,ht_chantry.map,PIBTOLD,1,31723,192,52,0,ht_chantry-random-21.scen
260,ht_chantry.map,PIBT,1,31519,204,107,1,ht_chantry-random-21.scen
260,ht_chantry.map,PIBTOLD,1,31723,192,51,1,ht_chantry-random-21.scen
260,ht_chantry.map,PIBT,1,31034,195,382,10,ht_chantry-random-21.scen
260,ht_chantry.map,PIBTOLD,1,31723,192,46,10,ht_chantry-random-21.scen
260,ht_chantry.map,PIBT,1,31009,197,2796,100,ht_chantry-random-21.scen
260,ht_chantry.map,PIBTOLD,1,31723,192,50,100,ht_chantry-random-21.scen
260,ht_chantry.map,PIBT,1,31151,197,20396,1000,ht_chantry-random-21.scen
260,ht_chantry.map,PIBTOLD,1,31723,192,55,1000,ht_chantry-random-21.scen
300,ht_chantry.map,PIBT,1,36620,194,75,0,ht_chantry-random-21.scen
300,ht_chantry.map,PIBTOLD,1,36620,194,62,0,ht_chantry-random-21.scen
300,ht_chantry.map,PIBT,1,36759,209,134,1,ht_chantry-random-21.scen
300,ht_chantry.map,PIBTOLD,1,36620,194,58,1,ht_chantry-random-21.scen
300,ht_chantry.map,PIBT,1,36418,199,486,10,ht_chantry-random-21.scen
300,ht_chantry.map,PIBTOLD,1,36620,194,61,10,ht_chantry-random-21.scen
300,ht_chantry.map,PIBT,1,36417,206,2664,100,ht_chantry-random-21.scen
300,ht_chantry.map,PIBTOLD,1,36620,194,57,100,ht_chantry-random-21.scen
300,ht_chantry.map,PIBT,1,36419,203,23362,1000,ht_chantry-random-21.scen
300,ht_chantry.map,PIBTOLD,1,36620,194,60,1000,ht_chantry-random-21.scen
340,ht_chantry.map,PIBT,1,43615,207,90,0,ht_chantry-random-21.scen
340,ht_chantry.map,PIBTOLD,1,43615,207,69,0,ht_chantry-random-21.scen
340,ht_chantry.map,PIBT,1,42901,202,157,1,ht_chantry-random-21.scen
340,ht_chantry.map,PIBTOLD,1,43615,207,69,1,ht_chantry-random-21.scen
340,ht_chantry.map,PIBT,1,42849,202,699,10,ht_chantry-random-21.scen
340,ht_chantry.map,PIBTOLD,1,43615,207,74,10,ht_chantry-random-21.scen
340,ht_chantry.map,PIBT,1,42507,195,5379,100,ht_chantry-random-21.scen
340,ht_chantry.map,PIBTOLD,1,43615,207,69,100,ht_chantry-random-21.scen
340,ht_chantry.map,PIBT,1,42697,210,48727,1000,ht_chantry-random-21.scen
340,ht_chantry.map,PIBTOLD,1,43615,207,68,1000,ht_chantry-random-21.scen
380,ht_chantry.map,PIBT,1,50072,199,103,0,ht_chantry-random-21.scen
380,ht_chantry.map,PIBTOLD,1,50072,199,76,0,ht_chantry-random-21.scen
380,ht_chantry.map,PIBT,1,49405,203,184,1,ht_chantry-random-21.scen
380,ht_chantry.map,PIBTOLD,1,50072,199,68,1,ht_chantry-random-21.scen
380,ht_chantry.map,PIBT,1,48976,200,798,10,ht_chantry-random-21.scen
380,ht_chantry.map,PIBTOLD,1,50072,199,79,10,ht_chantry-random-21.scen
380,ht_chantry.map,PIBT,1,48209,211,6038,100,ht_chantry-random-21.scen
380,ht_chantry.map,PIBTOLD,1,50072,199,80,100,ht_chantry-random-21.scen
380,ht_chantry.map,PIBT,1,47767,200,48641,1000,ht_chantry-random-21.scen
380,ht_chantry.map,PIBTOLD,1,50072,199,79,1000,ht_chantry-random-21.scen
20,ht_chantry.map,PIBT,1,1706,178,4,0,ht_chantry-random-16.scen
20,ht_chantry.map,PIBTOLD,1,1706,178,4,0,ht_chantry-random-16.scen
20,ht_chantry.map,PIBT,1,1708,178,4,1,ht_chantry-random-16.scen
20,ht_chantry.map,PIBTOLD,1,1706,178,4,1,ht_chantry-random-16.scen
20,ht_chantry.map,PIBT,1,1708,178,4,10,ht_chantry-random-16.scen
20,ht_chantry.map,PIBTOLD,1,1706,178,5,10,ht_chantry-random-16.scen
20,ht_chantry.map,PIBT,1,1708,178,4,100,ht_chantry-random-16.scen
20,ht_chantry.map,PIBTOLD,1,1706,178,5,100,ht_chantry-random-16.scen
20,ht_chantry.map,PIBT,1,1708,178,5,1000,ht_chantry-random-16.scen
20,ht_chantry.map,PIBTOLD,1,1706,178,4,1000,ht_chantry-random-16.scen
60,ht_chantry.map,PIBT,1,6035,192,13,0,ht_chantry-random-16.scen
60,ht_chantry.map,PIBTOLD,1,6035,192,12,0,ht_chantry-random-16.scen
60,ht_chantry.map,PIBT,1,6021,194,12,1,ht_chantry-random-16.scen
60,ht_chantry.map,PIBTOLD,1,6035,192,12,1,ht_chantry-random-16.scen
60,ht_chantry.map,PIBT,1,6021,194,13,10,ht_chantry-random-16.scen
60,ht_chantry.map,PIBTOLD,1,6035,192,12,10,ht_chantry-random-16.scen
60,ht_chantry.map,PIBT,1,6021,194,13,100,ht_chantry-random-16.scen
60,ht_chantry.map,PIBTOLD,1,6035,192,12,100,ht_chantry-random-16.scen
60,ht_chantry.map,PIBT,1,6021,194,13,1000,ht_chantry-random-16.scen
60,ht_chantry.map,PIBTOLD,1,6035,192,12,1000,ht_chantry-random-16.scen
100,ht_chantry.map,PIBT,1,10457,192,24,0,ht_chantry-random-16.scen
100,ht_chantry.map,PIBTOLD,1,10457,192,19,0,ht_chantry-random-16.scen
100,ht_chantry.map,PIBT,1,10303,194,24,1,ht_chantry-random-16.scen
100,ht_chantry.map,PIBTOLD,1,10457,192,19,1,ht_chantry-random-16.scen
100,ht_chantry.map,PIBT,1,10303,194,21,10,ht_chantry-random-16.scen
100,ht_chantry.map,PIBTOLD,1,10457,192,19,10,ht_chantry-random-16.scen
100,ht_chantry.map,PIBT,1,10303,194,22,100,ht_chantry-random-16.scen
100,ht_chantry.map,PIBTOLD,1,10457,192,19,100,ht_chantry-random-16.scen
100,ht_chantry.map,PIBT,1,10303,194,22,1000,ht_chantry-random-16.scen
100,ht_chantry.map,PIBTOLD,1,10457,192,19,1000,ht_chantry-random-16.scen
140,ht_chantry.map,PIBT,1,15141,226,33,0,ht_chantry-random-16.scen
140,ht_chantry.map,PIBTOLD,1,15141,226,28,0,ht_chantry-random-16.scen
140,ht_chantry.map,PIBT,1,14800,195,34,1,ht_chantry-random-16.scen
140,ht_chantry.map,PIBTOLD,1,15141,226,28,1,ht_chantry-random-16.scen
140,ht_chantry.map,PIBT,1,14618,195,35,10,ht_chantry-random-16.scen
140,ht_chantry.map,PIBTOLD,1,15141,226,27,10,ht_chantry-random-16.scen
140,ht_chantry.map,PIBT,1,14618,195,37,100,ht_chantry-random-16.scen
140,ht_chantry.map,PIBTOLD,1,15141,226,28,100,ht_chantry-random-16.scen
140,ht_chantry.map,PIBT,1,14618,195,35,1000,ht_chantry-random-16.scen
140,ht_chantry.map,PIBTOLD,1,15141,226,28,1000,ht_chantry-random-16.scen
180,ht_chantry.map,PIBT,1,20483,203,42,0,ht_chantry-random-16.scen
180,ht_chantry.map,PIBTOLD,1,20483,203,36,0,ht_chantry-random-16.scen
180,ht_chantry.map,PIBT,1,19960,194,45,1,ht_chantry-random-16.scen
180,ht_chantry.map,PIBTOLD,1,20483,203,35,1,ht_chantry-random-16.scen
180,ht_chantry.map,PIBT,1,20088,194,68,10,ht_chantry-random-16.scen
180,ht_chantry.map,PIBTOLD,1,20483,203,34,10,ht_chantry-random-16.scen
180,ht_chantry.map,PIBT,1,20088,194,63,100,ht_chantry-random-16.scen
180,ht_chantry.map,PIBTOLD,1,20483,203,34,100,ht_chantry-random-16.scen
180,ht_chantry.map,PIBT,1,20088,194,63,1000,ht_chantry-random-16.scen
180,ht_chantry.map,PIBTOLD,1,20483,203,35,1000,ht_chantry-random-16.scen
220,ht_chantry.map,PIBT,1,25933,192,54,0,ht_chantry-random-16.scen
220,ht_chantry.map,PIBTOLD,1,25933,192,42,0,ht_chantry-random-16.scen
220,ht_chantry.map,PIBT,1,25455,196,77,1,ht_chantry-random-16.scen
220,ht_chantry.map,PIBTOLD,1,25933,192,42,1,ht_chantry-random-16.scen
220,ht_chantry.map,PIBT,1,25002,198,132,10,ht_chantry-random-16.scen
220,ht_chantry.map,PIBTOLD,1,25933,192,43,10,ht_chantry-random-16.scen
220,ht_chantry.map,PIBT,1,25084,196,679,100,ht_chantry-random-16.scen
220,ht_chantry.map,PIBTOLD,1,25933,192,43,100,ht_chantry-random-16.scen
220,ht_chantry.map,PIBT,1,25259,196,4828,1000,ht_chantry-random-16.scen
220,ht_chantry.map,PIBTOLD,1,25933,192,42,1000,ht_chantry-random-16.scen
260,ht_chantry.map,PIBT,1,31723,192,59,0,ht_chantry-random-16.scen
260,ht_chantry.map,PIBTOLD,1,31723,192,51,0,ht_chantry-random-16.scen
260,ht_chantry.map,PIBT,1,31163,202,111,1,ht_chantry-random-16.scen
260,ht_chantry.map,PIBTOLD,1,31723,192,51,1,ht_chantry-random-16.scen
260,ht_chantry.map,PIBT,1,31471,196,393,10,ht_chantry-random-16.scen
260,ht_chantry.map,PIBTOLD,1,31723,192,49,10,ht_chantry-random-16.scen
260,ht_chantry.map,PIBT,1,31200,205,2845,100,ht_chantry-random-16.scen
260,ht_chantry.map,PIBTOLD,1,31723,192,54,100,ht_chantry-random-16.scen
260,ht_chantry.map,PIBT,1,31125,200,16271,1000,ht_chantry-random-16.scen
260,ht_chantry.map,PIBTOLD,1,31723,192,53,1000,ht_chantry-random-16.scen
300,ht_chantry.map,PIBT,1,36620,194,77,0,ht_chantry-random-16.scen
300,ht_chantry.map,PIBTOLD,1,36620,194,61,0,ht_chantry-random-16.scen
300,ht_chantry.map,PIBT,1,36447,207,133,1,ht_chantry-random-16.scen
300,ht_chantry.map,PIBTOLD,1,36620,194,60,1,ht_chantry-random-16.scen
300,ht_chantry.map,PIBT,1,36789,238,492,10,ht_chantry-random-16.scen
300,ht_chantry.map,PIBTOLD,1,36620,194,60,10,ht_chantry-random-16.scen
300,ht_chantry.map,PIBT,1,36596,201,2887,100,ht_chantry-random-16.scen
300,ht_chantry.map,PIBTOLD,1,36620,194,60,100,ht_chantry-random-16.scen
300,ht_chantry.map,PIBT,1,36511,207,23802,1000,ht_chantry-random-16.scen
300,ht_chantry.map,PIBTOLD,1,36620,194,59,1000,ht_chantry-random-16.scen
340,ht_chantry.map,PIBT,1,43615,207,91,0,ht_chantry-random-16.scen
340,ht_chantry.map,PIBTOLD,1,43615,207,69,0,ht_chantry-random-16.scen
340,ht_chantry.map,PIBT,1,43243,216,164,1,ht_chantry-random-16.scen
340,ht_chantry.map,PIBTOLD,1,43615,207,71,1,ht_chantry-random-16.scen
340,ht_chantry.map,PIBT,1,42230,215,606,10,ht_chantry-random-16.scen
340,ht_chantry.map,PIBTOLD,1,43615,207,63,10,ht_chantry-random-16.scen
340,ht_chantry.map,PIBT,1,42217,203,4712,100,ht_chantry-random-16.scen
340,ht_chantry.map,PIBTOLD,1,43615,207,67,100,ht_chantry-random-16.scen
340,ht_chantry.map,PIBT,1,42528,216,48767,1000,ht_chantry-random-16.scen
340,ht_chantry.map,PIBTOLD,1,43615,207,72,1000,ht_chantry-random-16.scen
380,ht_chantry.map,PIBT,1,50072,199,102,0,ht_chantry-random-16.scen
380,ht_chantry.map,PIBTOLD,1,50072,199,75,0,ht_chantry-random-16.scen
380,ht_chantry.map,PIBT,1,49759,270,193,1,ht_chantry-random-16.scen
380,ht_chantry.map,PIBTOLD,1,50072,199,74,1,ht_chantry-random-16.scen
380,ht_chantry.map,PIBT,1,47985,198,763,10,ht_chantry-random-16.scen
380,ht_chantry.map,PIBTOLD,1,50072,199,80,10,ht_chantry-random-16.scen
380,ht_chantry.map,PIBT,1,48602,209,6137,100,ht_chantry-random-16.scen
380,ht_chantry.map,PIBTOLD,1,50072,199,75,100,ht_chantry-random-16.scen
380,ht_chantry.map,PIBT,1,47655,201,55117,1000,ht_chantry-random-16.scen
380,ht_chantry.map,PIBTOLD,1,50072,199,77,1000,ht_chantry-random-16.scen
20,ht_chantry.map,PIBT,1,1706,178,4,0,ht_chantry-random-2.scen
20,ht_chantry.map,PIBTOLD,1,1706,178,5,0,ht_chantry-random-2.scen
20,ht_chantry.map,PIBT,1,1708,178,4,1,ht_chantry-random-2.scen
20,ht_chantry.map,PIBTOLD,1,1706,178,4,1,ht_chantry-random-2.scen
20,ht_chantry.map,PIBT,1,1708,178,5,10,ht_chantry-random-2.scen
20,ht_chantry.map,PIBTOLD,1,1706,178,4,10,ht_chantry-random-2.scen
20,ht_chantry.map,PIBT,1,1708,178,4,100,ht_chantry-random-2.scen
20,ht_chantry.map,PIBTOLD,1,1706,178,4,100,ht_chantry-random-2.scen
20,ht_chantry.map,PIBT,1,1708,178,4,1000,ht_chantry-random-2.scen
20,ht_chantry.map,PIBTOLD,1,1706,178,4,1000,ht_chantry-random-2.scen
60,ht_chantry.map,PIBT,1,6035,192,12,0,ht_chantry-random-2.scen
60,ht_chantry.map,PIBTOLD,1,6035,192,11,0,ht_chantry-random-2.scen
60,ht_chantry.map,PIBT,1,6021,194,13,1,ht_chantry-random-2.scen
60,ht_chantry.map,PIBTOLD,1,6035,192,12,1,ht_chantry-random-2.scen
60,ht_chantry.map,PIBT,1,6021,194,12,10,ht_chantry-random-2.scen
60,ht_chantry.map,PIBTOLD,1,6035,192,12,10,ht_chantry-random-2.scen
60,ht_chantry.map,PIBT,1,6021,194,13,100,ht_chantry-random-2.scen
60,ht_chantry.map,PIBTOLD,1,6035,192,12,100,ht_chantry-random-2.scen
60,ht_chantry.map,PIBT,1,6021,194,12,1000,ht_chantry-random-2.scen
60,ht_chantry.map,PIBTOLD,1,6035,192,11,1000,ht_chantry-random-2.scen
100,ht_chantry.map,PIBT,1,10457,192,21,0,ht_chantry-random-2.scen
100,ht_chantry.map,PIBTOLD,1,10457,192,19,0,ht_chantry-random-2.scen
100,ht_chantry.map,PIBT,1,10303,194,22,1,ht_chantry-random-2.scen
100,ht_chantry.map,PIBTOLD,1,10457,192,19,1,ht_chantry-random-2.scen
100,ht_chantry.map,PIBT,1,10303,194,22,10,ht_chantry-random-2.scen
100,ht_chantry.map,PIBTOLD,1,10457,192,19,10,ht_chantry-random-2.scen
100,ht_chantry.map,PIBT,1,10303,194,21,100,ht_chantry-random-2.scen
100,ht_chantry.map,PIBTOLD,1,10457,192,19,100,ht_chantry-random-2.scen
100,ht_chantry.map,PIBT,1,10303,194,22,1000,ht_chantry-random-2.scen
100,ht_chantry.map,PIBTOLD,1,10457,192,19,1000,ht_chantry-random-2.scen
140,ht_chantry.map,PIBT,1,15141,226,34,0,ht_chantry-random-2.scen
140,ht_chantry.map,PIBTOLD,1,15141,226,28,0,ht_chantry-random-2.scen
140,ht_chantry.map,PIBT,1,14536,201,29,1,ht_chantry-random-2.scen
140,ht_chantry.map,PIBTOLD,1,15141,226,29,1,ht_chantry-random-2.scen
140,ht_chantry.map,PIBT,1,14618,195,35,10,ht_chantry-random-2.scen
140,ht_chantry.map,PIBTOLD,1,15141,226,28,10,ht_chantry-random-2.scen
140,ht_chantry.map,PIBT,1,14618,195,35,100,ht_chantry-random-2.scen
140,ht_chantry.map,PIBTOLD,1,15141,226,28,100,ht_chantry-random-2.scen
140,ht_chantry.map,PIBT,1,14618,195,35,1000,ht_chantry-random-2.scen
140,ht_chantry.map,PIBTOLD,1,15141,226,29,1000,ht_chantry-random-2.scen
180,ht_chantry.map,PIBT,1,20483,203,41,0,ht_chantry-random-2.scen
180,ht_chantry.map,PIBTOLD,1,20483,203,34,0,ht_chantry-random-2.scen
180,ht_chantry.map,PIBT,1,19926,192,45,1,ht_chantry-random-2.scen
180,ht_chantry.map,PIBTOLD,1,20483,203,35,1,ht_chantry-random-2.scen
180,ht_chantry.map,PIBT,1,20088,194,62,10,ht_chantry-random-2.scen
180,ht_chantry.map,PIBTOLD,1,20483,203,34,10,ht_chantry-random-2.scen
180,ht_chantry.map,PIBT,1,20088,194,65,100,ht_chantry-random-2.scen
180,ht_chantry.map,PIBTOLD,1,20483,203,33,100,ht_chantry-random-2.scen
180,ht_chantry.map,PIBT,1,20088,194,64,1000,ht_chantry-random-2.scen
180,ht_chantry.map,PIBTOLD,1,20483,203,35,1000,ht_chantry-random-2.scen
220,ht_chantry.map,PIBT,1,25933,192,51,0,ht_chantry-random-2.scen
220,ht_chantry.map,PIBTOLD,1,25933,192,42,0,ht_chantry-random-2.scen
220,ht_chantry.map,PIBT,1,24817,200,74,1,ht_chantry-random-2.scen
220,ht_chantry.map,PIBTOLD,1,25933,192,41,1,ht_chantry-random-2.scen
220,ht_chantry.map,PIBT,1,25189,196,157,10,ht_chantry-random-2.scen
220,ht_chantry.map,PIBTOLD,1,25933,192,42,10,ht_chantry-random-2.scen
220,ht_chantry.map,PIBT,1,25031,196,618,100,ht_chantry-random-2.scen
220,ht_chantry.map,PIBTOLD,1,25933,192,43,100,ht_chantry-random-2.scen
220,ht_chantry.map,PIBT,1,25187,196,4659,1000,ht_chantry-random-2.scen
220,ht_chantry.map,PIBTOLD,1,25933,192,41,1000,ht_chantry-random-2.scen
260,ht_chantry.map,PIBT,1,31723,192,62,0,ht_chantry-random-2.scen
260,ht_chantry.map,PIBTOLD,1,31723,192,51,0,ht_chantry-random-2.scen
260,ht_chantry.map,PIBT,1,30613,195,101,1,ht_chantry-random-2.scen
260,ht_chantry.map,PIBTOLD,1,31723,192,46,1,ht_chantry-random-2.scen
260,ht_chantry.map,PIBT,1,31090,198,377,10,ht_chantry-random-2.scen
260,ht_chantry.map,PIBTOLD,1,31723,192,53,10,ht_chantry-random-2.scen
260,ht_chantry.map,PIBT,1,30780,199,2369,100,ht_chantry-random-2.scen
260,ht_chantry.map,PIBTOLD,1,31723,192,50,100,ht_chantry-random-2.scen
260,ht_chantry.map,PIBT,1,30963,197,13744,1000,ht_chantry-random-2.scen
260,ht_chantry.map,PIBTOLD,1,31723,192,52,1000,ht_chantry-random-2.scen
300,ht_chantry.map,PIBT,1,36620,194,75,0,ht_chantry-random-2.scen
300,ht_chantry.map,PIBTOLD,1,36620,194,58,0,ht_chantry-random-2.scen
300,ht_chantry.map,PIBT,1,36421,204,135,1,ht_chantry-random-2.scen
300,ht_chantry.map,PIBTOLD,1,36620,194,62,1,ht_chantry-random-2.scen
300,ht_chantry.map,PIBT,1,36110,214,484,10,ht_chantry-random-2.scen
300,ht_chantry.map,PIBTOLD,1,36620,194,59,10,ht_chantry-random-2.scen
300,ht_chantry.map,PIBT,1,36648,213,2894,100,ht_chantry-random-2.scen
300,ht_chantry.map,PIBTOLD,1,36620,194,58,100,ht_chantry-random-2.scen
300,ht_chantry.map,PIBT,1,36449,208,24446,1000,ht_chantry-random-2.scen
300,ht_chantry.map,PIBTOLD,1,36620,194,61,1000,ht_chantry-random-2.scen
340,ht_chantry.map,PIBT,1,43615,207,89,0,ht_chantry-random-2.scen
340,ht_chantry.map,PIBTOLD,1,43615,207,68,0,ht_chantry-random-2.scen
340,ht_chantry.map,PIBT,1,42407,195,155,1,ht_chantry-random-2.scen
340,ht_chantry.map,PIBTOLD,1,43615,207,69,1,ht_chantry-random-2.scen
340,ht_chantry.map,PIBT,1,42375,200,686,10,ht_chantry-random-2.scen
340,ht_chantry.map,PIBTOLD,1,43615,207,63,10,ht_chantry-random-2.scen
340,ht_chantry.map,PIBT,1,42552,199,5092,100,ht_chantry-random-2.scen
340,ht_chantry.map,PIBTOLD,1,43615,207,68,100,ht_chantry-random-2.scen
340,ht_chantry.map,PIBT,1,43073,200,45715,1000,ht_chantry-random-2.scen
340,ht_chantry.map,PIBTOLD,1,43615,207,68,1000,ht_chantry-random-2.scen
380,ht_chantry.map,PIBT,1,50072,199,95,0,ht_chantry-random-2.scen
380,ht_chantry.map,PIBTOLD,1,50072,199,80,0,ht_chantry-random-2.scen
380,ht_chantry.map,PIBT,1,48873,210,185,1,ht_chantry-random-2.scen
380,ht_chantry.map,PIBTOLD,1,50072,199,80,1,ht_chantry-random-2.scen
380,ht_chantry.map,PIBT,1,48940,201,755,10,ht_chantry-random-2.scen
380,ht_chantry.map,PIBTOLD,1,50072,199,76,10,ht_chantry-random-2.scen
380,ht_chantry.map,PIBT,1,48246,209,6050,100,ht_chantry-random-2.scen
380,ht_chantry.map,PIBTOLD,1,50072,199,72,100,ht_chantry-random-2.scen
20,ht_chantry.map,PIBT,1,1706,178,5,0,ht_chantry-random-19.scen
20,ht_chantry.map,PIBTOLD,1,1706,178,5,0,ht_chantry-random-19.scen
20,ht_chantry.map,PIBT,1,1708,178,4,1,ht_chantry-random-19.scen
20,ht_chantry.map,PIBTOLD,1,1706,178,4,1,ht_chantry-random-19.scen
20,ht_chantry.map,PIBT,1,1708,178,5,10,ht_chantry-random-19.scen
20,ht_chantry.map,PIBTOLD,1,1706,178,4,10,ht_chantry-random-19.scen
20,ht_chantry.map,PIBT,1,1708,178,5,100,ht_chantry-random-19.scen
20,ht_chantry.map,PIBTOLD,1,1706,178,5,100,ht_chantry-random-19.scen
20,ht_chantry.map,PIBT,1,1708,178,5,1000,ht_chantry-random-19.scen
20,ht_chantry.map,PIBTOLD,1,1706,178,5,1000,ht_chantry-random-19.scen
60,ht_chantry.map,PIBT,1,6035,192,13,0,ht_chantry-random-19.scen
60,ht_chantry.map,PIBTOLD,1,6035,192,12,0,ht_chantry-random-19.scen
60,ht_chantry.map,PIBT,1,6021,194,13,1,ht_chantry-random-19.scen
60,ht_chantry.map,PIBTOLD,1,6035,192,11,1,ht_chantry-random-19.scen
60,ht_chantry.map,PIBT,1,6021,194,15,10,ht_chantry-random-19.scen
60,ht_chantry.map,PIBTOLD,1,6035,192,13,10,ht_chantry-random-19.scen
60,ht_chantry.map,PIBT,1,6021,194,13,100,ht_chantry-random-19.scen
60,ht_chantry.map,PIBTOLD,1,6035,192,13,100,ht_chantry-random-19.scen
60,ht_chantry.map,PIBT,1,6021,194,13,1000,ht_chantry-random-19.scen
60,ht_chantry.map,PIBTOLD,1,6035,192,13,1000,ht_chantry-random-19.scen
100,ht_chantry.map,PIBT,1,10457,192,20,0,ht_chantry-random-19.scen
100,ht_chantry.map,PIBTOLD,1,10457,192,19,0,ht_chantry-random-19.scen
100,ht_chantry.map,PIBT,1,10303,194,23,1,ht_chantry-random-19.scen
100,ht_chantry.map,PIBTOLD,1,10457,192,19,1,ht_chantry-random-19.scen
100,ht_chantry.map,PIBT,1,10303,194,23,10,ht_chantry-random-19.scen
100,ht_chantry.map,PIBTOLD,1,10457,192,17,10,ht_chantry-random-19.scen
100,ht_chantry.map,PIBT,1,10303,194,22,100,ht_chantry-random-19.scen
100,ht_chantry.map,PIBTOLD,1,10457,192,21,100,ht_chantry-random-19.scen
100,ht_chantry.map,PIBT,1,10303,194,23,1000,ht_chantry-random-19.scen
100,ht_chantry.map,PIBTOLD,1,10457,192,20,1000,ht_chantry-random-19.scen
140,ht_chantry.map,PIBT,1,15141,226,35,0,ht_chantry-random-19.scen
140,ht_chantry.map,PIBTOLD,1,15141,226,26,0,ht_chantry-random-19.scen
140,ht_chantry.map,PIBT,1,14544,203,34,1,ht_chantry-random-19.scen
140,ht_chantry.map,PIBTOLD,1,15141,226,28,1,ht_chantry-random-19.scen
140,ht_chantry.map,PIBT,1,14618,195,35,10,ht_chantry-random-19.scen
140,ht_chantry.map,PIBTOLD,1,15141,226,29,10,ht_chantry-random-19.scen
140,ht_chantry.map,PIBT,1,14618,195,38,100,ht_chantry-random-19.scen
140,ht_chantry.map,PIBTOLD,1,15141,226,26,100,ht_chantry-random-19.scen
140,ht_chantry.map,PIBT,1,14618,195,33,1000,ht_chantry-random-19.scen
140,ht_chantry.map,PIBTOLD,1,15141,226,28,1000,ht_chantry-random-19.scen
180,ht_chantry.map,PIBT,1,20483,203,41,0,ht_chantry-random-19.scen
180,ht_chantry.map,PIBTOLD,1,20483,203,34,0,ht_chantry-random-19.scen
180,ht_chantry.map,PIBT,1,19819,192,43,1,ht_chantry-random-19.scen
180,ht_chantry.map,PIBTOLD,1,20483,203,38,1,ht_chantry-random-19.scen
180,ht_chantry.map,PIBT,1,20088,194,65,10,ht_chantry-random-19.scen
180,ht_chantry.map,PIBTOLD,1,20483,203,34,10,ht_chantry-random-19.scen
180,ht_chantry.map,PIBT,1,20088,194,62,100,ht_chantry-random-19.scen
180,ht_chantry.map,PIBTOLD,1,20483,203,33,100,ht_chantry-random-19.scen
180,ht_chantry.map,PIBT,1,20088,194,63,1000,ht_chantry-random-19.scen
180,ht_chantry.map,PIBTOLD,1,20483,203,35,1000,ht_chantry-random-19.scen
220,ht_chantry.map,PIBT,1,25933,192,49,0,ht_chantry-random-19.scen
220,ht_chantry.map,PIBTOLD,1,25933,192,43,0,ht_chantry-random-19.scen
220,ht_chantry.map,PIBT,1,25178,199,82,1,ht_chantry-random-19.scen
220,ht_chantry.map,PIBTOLD,1,25933,192,35,1,ht_chantry-random-19.scen
220,ht_chantry.map,PIBT,1,24998,196,166,10,ht_chantry-random-19.scen
220,ht_chantry.map,PIBTOLD,1,25933,192,44,10,ht_chantry-random-19.scen
220,ht_chantry.map,PIBT,1,24960,196,894,100,ht_chantry-random-19.scen
220,ht_chantry.map,PIBTOLD,1,25933,192,43,100,ht_chantry-random-19.scen
220,ht_chantry.map,PIBT,1,25377,196,6632,1000,ht_chantry-random-19.scen
220,ht_chantry.map,PIBTOLD,1,25933,192,43,1000,ht_chantry-random-19.scen
260,ht_chantry.map,PIBT,1,31723,192,62,0,ht_chantry-random-19.scen
260,ht_chantry.map,PIBTOLD,1,31723,192,49,0,ht_chantry-random-19.scen
260,ht_chantry.map,PIBT,1,30863,245,103,1,ht_chantry-random-19.scen
260,ht_chantry.map,PIBTOLD,1,31723,192,50,1,ht_chantry-random-19.scen
260,ht_chantry.map,PIBT,1,31268,200,461,10,ht_chantry-random-19.scen
260,ht_chantry.map,PIBTOLD,1,31723,192,51,10,ht_chantry-random-19.scen
260,ht_chantry.map,PIBT,1,31309,196,3084,100,ht_chantry-random-19.scen
260,ht_chantry.map,PIBTOLD,1,31723,192,51,100,ht_chantry-random-19.scen
260,ht_chantry.map,PIBT,1,31133,199,18811,1000,ht_chantry-random-19.scen
260,ht_chantry.map,PIBTOLD,1,31723,192,50,1000,ht_chantry-random-19.scen
300,ht_chantry.map,PIBT,1,36620,194,74,0,ht_chantry-random-19.scen
300,ht_chantry.map,PIBTOLD,1,36620,194,59,0,ht_chantry-random-19.scen
300,ht_chantry.map,PIBT,1,36590,201,137,1,ht_chantry-random-19.scen
300,ht_chantry.map,PIBTOLD,1,36620,194,59,1,ht_chantry-random-19.scen
300,ht_chantry.map,PIBT,1,36497,221,506,10,ht_chantry-random-19.scen
300,ht_chantry.map,PIBTOLD,1,36620,194,59,10,ht_chantry-random-19.scen
300,ht_chantry.map,PIBT,1,36445,202,2483,100,ht_chantry-random-19.scen
300,ht_chantry.map,PIBTOLD,1,36620,194,62,100,ht_chantry-random-19.scen
300,ht_chantry.map,PIBT,1,36430,205,22972,1000,ht_chantry-random-19.scen
300,ht_chantry.map,PIBTOLD,1,36620,194,58,1000,ht_chantry-random-19.scen
340,ht_chantry.map,PIBT,1,43615,207,90,0,ht_chantry-random-19.scen
340,ht_chantry.map,PIBTOLD,1,43615,207,68,0,ht_chantry-random-19.scen
340,ht_chantry.map,PIBT,1,42676,207,156,1,ht_chantry-random-19.scen
340,ht_chantry.map,PIBTOLD,1,43615,207,69,1,ht_chantry-random-19.scen
340,ht_chantry.map,PIBT,1,42222,242,619,10,ht_chantry-random-19.scen
340,ht_chantry.map,PIBTOLD,1,43615,207,69,10,ht_chantry-random-19.scen
340,ht_chantry.map,PIBT,1,42611,202,4795,100,ht_chantry-random-19.scen
340,ht_chantry.map,PIBTOLD,1,43615,207,73,100,ht_chantry-random-19.scen
340,ht_chantry.map,PIBT,1,42429,233,41805,1000,ht_chantry-random-19.scen
340,ht_chantry.map,PIBTOLD,1,43615,207,73,1000,ht_chantry-random-19.scen
380,ht_chantry.map,PIBT,1,50072,199,100,0,ht_chantry-random-19.scen
380,ht_chantry.map,PIBTOLD,1,50072,199,77,0,ht_chantry-random-19.scen
380,ht_chantry.map,PIBT,1,49518,206,179,1,ht_chantry-random-19.scen
380,ht_chantry.map,PIBTOLD,1,50072,199,79,1,ht_chantry-random-19.scen
380,ht_chantry.map,PIBT,1,48560,208,763,10,ht_chantry-random-19.scen
380,ht_chantry.map,PIBTOLD,1,50072,199,77,10,ht_chantry-random-19.scen
380,ht_chantry.map,PIBT,1,47816,202,6099,100,ht_chantry-random-19.scen
380,ht_chantry.map,PIBTOLD,1,50072,199,76,100,ht_chantry-random-19.scen
380,ht_chantry.map,PIBT,1,47704,198,58929,1000,ht_chantry-random-19.scen
380,ht_chantry.map,PIBTOLD,1,50072,199,74,1000,ht_chantry-random-19.scen
20,ht_chantry.map,PIBT,1,1706,178,4,0,ht_chantry-random-4.scen
20,ht_chantry.map,PIBTOLD,1,1706,178,4,0,ht_chantry-random-4.scen
20,ht_chantry.map,PIBT,1,1708,178,5,1,ht_chantry-random-4.scen
20,ht_chantry.map,PIBTOLD,1,1706,178,4,1,ht_chantry-random-4.scen
20,ht_chantry.map,PIBT,1,1708,178,4,10,ht_chantry-random-4.scen
20,ht_chantry.map,PIBTOLD,1,1706,178,4,10,ht_chantry-random-4.scen
20,ht_chantry.map,PIBT,1,1708,178,4,100,ht_chantry-random-4.scen
20,ht_chantry.map,PIBTOLD,1,1706,178,4,100,ht_chantry-random-4.scen
20,ht_chantry.map,PIBT,1,1708,178,5,1000,ht_chantry-random-4.scen
20,ht_chantry.map,PIBTOLD,1,1706,178,4,1000,ht_chantry-random-4.scen
60,ht_chantry.map,PIBT,1,6035,192,13,0,ht_chantry-random-4.scen
60,ht_chantry.map,PIBTOLD,1,6035,192,12,0,ht_chantry-random-4.scen
60,ht_chantry.map,PIBT,1,6021,194,14,1,ht_chantry-random-4.scen
60,ht_chantry.map,PIBTOLD,1,6035,192,12,1,ht_chantry-random-4.scen
60,ht_chantry.map,PIBT,1,6021,194,14,10,ht_chantry-random-4.scen
60,ht_chantry.map,PIBTOLD,1,6035,192,12,10,ht_chantry-random-4.scen
60,ht_chantry.map,PIBT,1,6021,194,13,100,ht_chantry-random-4.scen
60,ht_chantry.map,PIBTOLD,1,6035,192,11,100,ht_chantry-random-4.scen
60,ht_chantry.map,PIBT,1,6021,194,12,1000,ht_chantry-random-4.scen
60,ht_chantry.map,PIBTOLD,1,6035,192,12,1000,ht_chantry-random-4.scen
100,ht_chantry.map,PIBT,1,10457,192,21,0,ht_chantry-random-4.scen
100,ht_chantry.map,PIBTOLD,1,10457,192,18,0,ht_chantry-random-4.scen
100,ht_chantry.map,PIBT,1,10303,194,22,1,ht_chantry-random-4.scen
100,ht_chantry.map,PIBTOLD,1,10457,192,18,1,ht_chantry-random-4.scen
100,ht_chantry.map,PIBT,1,10303,194,21,10,ht_chantry-random-4.scen
100,ht_chantry.map,PIBTOLD,1,10457,192,19,10,ht_chantry-random-4.scen
100,ht_chantry.map,PIBT,1,10303,194,22,100,ht_chantry-random-4.scen
100,ht_chantry.map,PIBTOLD,1,10457,192,19,100,ht_chantry-random-4.scen
100,ht_chantry.map,PIBT,1,10303,194,21,1000,ht_chantry-random-4.scen
100,ht_chantry.map,PIBTOLD,1,10457,192,19,1000,ht_chantry-random-4.scen
140,ht_chantry.map,PIBT,1,15141,226,30,0,ht_chantry-random-4.scen
140,ht_chantry.map,PIBTOLD,1,15141,226,27,0,ht_chantry-random-4.scen
140,ht_chantry.map,PIBT,1,14494,198,35,1,ht_chantry-random-4.scen
140,ht_chantry.map,PIBTOLD,1,15141,226,30,1,ht_chantry-random-4.scen
140,ht_chantry.map,PIBT,1,14618,195,35,10,ht_chantry-random-4.scen
140,ht_chantry.map,PIBTOLD,1,15141,226,31,10,ht_chantry-random-4.scen
140,ht_chantry.map,PIBT,1,14618,195,35,100,ht_chantry-random-4.scen
140,ht_chantry.map,PIBTOLD,1,15141,226,27,100,ht_chantry-random-4.scen
140,ht_chantry.map,PIBT,1,14618,195,35,1000,ht_chantry-random-4.scen
140,ht_chantry.map,PIBTOLD,1,15141,226,30,1000,ht_chantry-random-4.scen
180,ht_chantry.map,PIBT,1,20483,203,43,0,ht_chantry-random-4.scen
180,ht_chantry.map,PIBTOLD,1,20483,203,35,0,ht_chantry-random-4.scen
180,ht_chantry.map,PIBT,1,19788,192,42,1,ht_chantry-random-4.scen
180,ht_chantry.map,PIBTOLD,1,20483,203,35,1,ht_chantry-random-4.scen
180,ht_chantry.map,PIBT,1,20088,194,60,10,ht_chantry-random-4.scen
180,ht_chantry.map,PIBTOLD,1,20483,203,38,10,ht_chantry-random-4.scen
180,ht_chantry.map,PIBT,1,20088,194,65,100,ht_chantry-random-4.scen
180,ht_chantry.map,PIBTOLD,1,20483,203,37,100,ht_chantry-random-4.scen
180,ht_chantry.map,PIBT,1,20088,194,63,1000,ht_chantry-random-4.scen
180,ht_chantry.map,PIBTOLD,1,20483,203,36,1000,ht_chantry-random-4.scen
220,ht_chantry.map,PIBT,1,25933,192,52,0,ht_chantry-random-4.scen
220,ht_chantry.map,PIBTOLD,1,25933,192,43,0,ht_chantry-random-4.scen
220,ht_chantry.map,PIBT,1,25215,211,85,1,ht_chantry-random-4.scen
220,ht_chantry.map,PIBTOLD,1,25933,192,42,1,ht_chantry-random-4.scen
220,ht_chantry.map,PIBT,1,24746,196,168,10,ht_chantry-random-4.scen
220,ht_chantry.map,PIBTOLD,1,25933,192,40,10,ht_chantry-random-4.scen
220,ht_chantry.map,PIBT,1,24867,196,776,100,ht_chantry-random-4.scen
220,ht_chantry.map,PIBTOLD,1,25933,192,42,100,ht_chantry-random-4.scen
220,ht_chantry.map,PIBT,1,25373,196,7345,1000,ht_chantry-random-4.scen
220,ht_chantry.map,PIBTOLD,1,25933,192,41,1000,ht_chantry-random-4.scen
260,ht_chantry.map,PIBT,1,31723,192,65,0,ht_chantry-random-4.scen
260,ht_chantry.map,PIBTOLD,1,31723,192,52,0,ht_chantry-random-4.scen
260,ht_chantry.map,PIBT,1,31407,202,106,1,ht_chantry-random-4.scen
260,ht_chantry.map,PIBTOLD,1,31723,192,51,1,ht_chantry-random-4.scen
260,ht_chantry.map,PIBT,1,30949,195,338,10,ht_chantry-random-4.scen
260,ht_chantry.map,PIBTOLD,1,31723,192,51,10,ht_chantry-random-4.scen
260,ht_chantry.map,PIBT,1,31094,196,2193,100,ht_chantry-random-4.scen
260,ht_chantry.map,PIBTOLD,1,31723,192,51,100,ht_chantry-random-4.scen
260,ht_chantry.map,PIBT,1,30795,196,20962,1000,ht_chantry-random-4.scen
260,ht_chantry.map,PIBTOLD,1,31723,192,54,1000,ht_chantry-random-4.scen
300,ht_chantry.map,PIBT,1,36620,194,74,0,ht_chantry-random-4.scen
300,ht_chantry.map,PIBTOLD,1,36620,194,61,0,ht_chantry-random-4.scen
300,ht_chantry.map,PIBT,1,36578,205,131,1,ht_chantry-random-4.scen
300,ht_chantry.map,PIBTOLD,1,36620,194,63,1,ht_chantry-random-4.scen
300,ht_chantry.map,PIBT,1,36598,207,485,10,ht_chantry-random-4.scen
300,ht_chantry.map,PIBTOLD,1,36620,194,63,10,ht_chantry-random-4.scen
300,ht_chantry.map,PIBT,1,36660,212,3183,100,ht_chantry-random-4.scen
300,ht_chantry.map,PIBTOLD,1,36620,194,55,100,ht_chantry-random-4.scen
300,ht_chantry.map,PIBT,1,36351,199,24499,1000,ht_chantry-random-4.scen
300,ht_chantry.map,PIBTOLD,1,36620,194,60,1000,ht_chantry-random-4.scen
340,ht_chantry.map,PIBT,1,43615,207,90,0,ht_chantry-random-4.scen
340,ht_chantry.map,PIBTOLD,1,43615,207,62,0,ht_chantry-random-4.scen
340,ht_chantry.map,PIBT,1,42646,209,154,1,ht_chantry-random-4.scen
340,ht_chantry.map,PIBTOLD,1,43615,207,68,1,ht_chantry-random-4.scen
340,ht_chantry.map,PIBT,1,42844,203,713,10,ht_chantry-random-4.scen
340,ht_chantry.map,PIBTOLD,1,43615,207,69,10,ht_chantry-random-4.scen
340,ht_chantry.map,PIBT,1,42829,206,4757,100,ht_chantry-random-4.scen
340,ht_chantry.map,PIBTOLD,1,43615,207,69,100,ht_chantry-random-4.scen
340,ht_chantry.map,PIBT,1,42418,200,42292,1000,ht_chantry-random-4.scen
340,ht_chantry.map,PIBTOLD,1,43615,207,70,1000,ht_chantry-random-4.scen
380,ht_chantry.map,PIBT,1,50072,199,102,0,ht_chantry-random-4.scen
380,ht_chantry.map,PIBTOLD,1,50072,199,80,0,ht_chantry-random-4.scen
380,ht_chantry.map,PIBT,1,49871,204,185,1,ht_chantry-random-4.scen
380,ht_chantry.map,PIBTOLD,1,50072,199,75,1,ht_chantry-random-4.scen
380,ht_chantry.map,PIBT,1,48678,206,746,10,ht_chantry-random-4.scen
380,ht_chantry.map,PIBTOLD,1,50072,199,69,10,ht_chantry-random-4.scen
380,ht_chantry.map,PIBT,1,49400,206,6349,100,ht_chantry-random-4.scen
380,ht_chantry.map,PIBTOLD,1,50072,199,77,100,ht_chantry-random-4.scen
20,ht_chantry.map,PIBT,1,1706,178,4,0,ht_chantry-random-24.scen
20,ht_chantry.map,PIBTOLD,1,1706,178,4,0,ht_chantry-random-24.scen
20,ht_chantry.map,PIBT,1,1708,178,4,1,ht_chantry-random-24.scen
20,ht_chantry.map,PIBTOLD,1,1706,178,4,1,ht_chantry-random-24.scen
20,ht_chantry.map,PIBT,1,1708,178,4,10,ht_chantry-random-24.scen
20,ht_chantry.map,PIBTOLD,1,1706,178,4,10,ht_chantry-random-24.scen
20,ht_chantry.map,PIBT,1,1708,178,4,100,ht_chantry-random-24.scen
20,ht_chantry.map,PIBTOLD,1,1706,178,5,100,ht_chantry-random-24.scen
20,ht_chantry.map,PIBT,1,1708,178,5,1000,ht_chantry-random-24.scen
20,ht_chantry.map,PIBTOLD,1,1706,178,5,1000,ht_chantry-random-24.scen
60,ht_chantry.map,PIBT,1,6035,192,12,0,ht_chantry-random-24.scen
60,ht_chantry.map,PIBTOLD,1,6035,192,11,0,ht_chantry-random-24.scen
60,ht_chantry.map,PIBT,1,6021,194,13,1,ht_chantry-random-24.scen
60,ht_chantry.map,PIBTOLD,1,6035,192,12,1,ht_chantry-random-24.scen
60,ht_chantry.map,PIBT,1,6021,194,13,10,ht_chantry-random-24.scen
60,ht_chantry.map,PIBTOLD,1,6035,192,11,10,ht_chantry-random-24.scen
60,ht_chantry.map,PIBT,1,6021,194,13,100,ht_chantry-random-24.scen
60,ht_chantry.map,PIBTOLD,1,6035,192,12,100,ht_chantry-random-24.scen
60,ht_chantry.map,PIBT,1,6021,194,13,1000,ht_chantry-random-24.scen
60,ht_chantry.map,PIBTOLD,1,6035,192,12,1000,ht_chantry-random-24.scen
100,ht_chantry.map,PIBT,1,10457,192,21,0,ht_chantry-random-24.scen
100,ht_chantry.map,PIBTOLD,1,10457,192,18,0,ht_chantry-random-24.scen
100,ht_chantry.map,PIBT,1,10303,194,22,1,ht_chantry-random-24.scen
100,ht_chantry.map,PIBTOLD,1,10457,192,19,1,ht_chantry-random-24.scen
100,ht_chantry.map,PIBT,1,10303,194,21,10,ht_chantry-random-24.scen
100,ht_chantry.map,PIBTOLD,1,10457,192,19,10,ht_chantry-random-24.scen
100,ht_chantry.map,PIBT,1,10303,194,22,100,ht_chantry-random-24.scen
100,ht_chantry.map,PIBTOLD,1,10457,192,19,100,ht_chantry-random-24.scen
100,ht_chantry.map,PIBT,1,10303,194,22,1000,ht_chantry-random-24.scen
100,ht_chantry.map,PIBTOLD,1,10457,192,19,1000,ht_chantry-random-24.scen
140,ht_chantry.map,PIBT,1,15141,226,33,0,ht_chantry-random-24.scen
140,ht_chantry.map,PIBTOLD,1,15141,226,28,0,ht_chantry-random-24.scen
140,ht_chantry.map,PIBT,1,14598,193,33,1,ht_chantry-random-24.scen
140,ht_chantry.map,PIBTOLD,1,15141,226,29,1,ht_chantry-random-24.scen
140,ht_chantry.map,PIBT,1,14618,195,36,10,ht_chantry-random-24.scen
140,ht_chantry.map,PIBTOLD,1,15141,226,28,10,ht_chantry-random-24.scen
140,ht_chantry.map,PIBT,1,14618,195,36,100,ht_chantry-random-24.scen
140,ht_chantry.map,PIBTOLD,1,15141,226,28,100,ht_chantry-random-24.scen
140,ht_chantry.map,PIBT,1,14618,195,36,1000,ht_chantry-random-24.scen
140,ht_chantry.map,PIBTOLD,1,15141,226,28,1000,ht_chantry-random-24.scen
180,ht_chantry.map,PIBT,1,20483,203,41,0,ht_chantry-random-24.scen
180,ht_chantry.map,PIBTOLD,1,20483,203,34,0,ht_chantry-random-24.scen
180,ht_chantry.map,PIBT,1,19926,192,45,1,ht_chantry-random-24.scen
180,ht_chantry.map,PIBTOLD,1,20483,203,35,1,ht_chantry-random-24.scen
180,ht_chantry.map,PIBT,1,20088,194,64,10,ht_chantry-random-24.scen
180,ht_chantry.map,PIBTOLD,1,20483,203,32,10,ht_chantry-random-24.scen
180,ht_chantry.map,PIBT,1,20088,194,62,100,ht_chantry-random-24.scen
180,ht_chantry.map,PIBTOLD,1,20483,203,35,100,ht_chantry-random-24.scen
180,ht_chantry.map,PIBT,1,20088,194,61,1000,ht_chantry-random-24.scen
180,ht_chantry.map,PIBTOLD,1,20483,203,35,1000,ht_chantry-random-24.scen
220,ht_chantry.map,PIBT,1,25933,192,52,0,ht_chantry-random-24.scen
220,ht_chantry.map,PIBTOLD,1,25933,192,41,0,ht_chantry-random-24.scen
220,ht_chantry.map,PIBT,1,25294,195,76,1,ht_chantry-random-24.scen
220,ht_chantry.map,PIBTOLD,1,25933,192,43,1,ht_chantry-random-24.scen
220,ht_chantry.map,PIBT,1,24782,196,131,10,ht_chantry-random-24.scen
220,ht_chantry.map,PIBTOLD,1,25933,192,43,10,ht_chantry-random-24.scen
220,ht_chantry.map,PIBT,1,25072,196,887,100,ht_chantry-random-24.scen
220,ht_chantry.map,PIBTOLD,1,25933,192,43,100,ht_chantry-random-24.scen
220,ht_chantry.map,PIBT,1,25106,196,5748,1000,ht_chantry-random-24.scen
220,ht_chantry.map,PIBTOLD,1,25933,192,42,1000,ht_chantry-random-24.scen
260,ht_chantry.map,PIBT,1,31723,192,58,0,ht_chantry-random-24.scen
260,ht_chantry.map,PIBTOLD,1,31723,192,50,0,ht_chantry-random-24.scen
260,ht_chantry.map,PIBT,1,31177,197,96,1,ht_chantry-random-24.scen
260,ht_chantry.map,PIBTOLD,1,31723,192,50,1,ht_chantry-random-24.scen
260,ht_chantry.map,PIBT,1,31033,199,398,10,ht_chantry-random-24.scen
260,ht_chantry.map,PIBTOLD,1,31723,192,44,10,ht_chantry-random-24.scen
260,ht_chantry.map,PIBT,1,31615,234,2707,100,ht_chantry-random-24.scen
260,ht_chantry.map,PIBTOLD,1,31723,192,47,100,ht_chantry-random-24.scen
260,ht_chantry.map,PIBT,1,31407,200,17212,1000,ht_chantry-random-24.scen
260,ht_chantry.map,PIBTOLD,1,31723,192,51,1000,ht_chantry-random-24.scen
300,ht_chantry.map,PIBT,1,36620,194,74,0,ht_chantry-random-24.scen
300,ht_chantry.map,PIBTOLD,1,36620,194,60,0,ht_chantry-random-24.scen
300,ht_chantry.map,PIBT,1,36529,197,129,1,ht_chantry-random-24.scen
300,ht_chantry.map,PIBTOLD,1,36620,194,60,1,ht_chantry-random-24.scen
300,ht_chantry.map,PIBT,1,36624,207,528,10,ht_chantry-random-24.scen
300,ht_chantry.map,PIBTOLD,1,36620,194,52,10,ht_chantry-random-24.scen
300,ht_chantry.map,PIBT,1,36179,205,3094,100,ht_chantry-random-24.scen
300,ht_chantry.map,PIBTOLD,1,36620,194,58,100,ht_chantry-random-24.scen
300,ht_chantry.map,PIBT,1,35966,195,15794,1000,ht_chantry-random-24.scen
300,ht_chantry.map,PIBTOLD,1,36620,194,63,1000,ht_chantry-random-24.scen
340,ht_chantry.map,PIBT,1,43615,207,90,0,ht_chantry-random-24.scen
340,ht_chantry.map,PIBTOLD,1,43615,207,68,0,ht_chantry-random-24.scen
340,ht_chantry.map,PIBT,1,42872,198,163,1,ht_chantry-random-24.scen
340,ht_chantry.map,PIBTOLD,1,43615,207,73,1,ht_chantry-random-24.scen
340,ht_chantry.map,PIBT,1,42612,202,696,10,ht_chantry-random-24.scen
340,ht_chantry.map,PIBTOLD,1,43615,207,68,10,ht_chantry-random-24.scen
340,ht_chantry.map,PIBT,1,42299,202,4984,100,ht_chantry-random-24.scen
340,ht_chantry.map,PIBTOLD,1,43615,207,68,100,ht_chantry-random-24.scen
340,ht_chantry.map,PIBT,1,42714,207,44637,1000,ht_chantry-random-24.scen
340,ht_chantry.map,PIBTOLD,1,43615,207,68,1000,ht_chantry-random-24.scen
380,ht_chantry.map,PIBT,1,50072,199,102,0,ht_chantry-random-24.scen
380,ht_chantry.map,PIBTOLD,1,50072,199,81,0,ht_chantry-random-24.scen
380,ht_chantry.map,PIBT,1,48884,202,179,1,ht_chantry-random-24.scen
380,ht_chantry.map,PIBTOLD,1,50072,199,72,1,ht_chantry-random-24.scen
380,ht_chantry.map,PIBT,1,49487,208,799,10,ht_chantry-random-24.scen
380,ht_chantry.map,PIBTOLD,1,50072,199,73,10,ht_chantry-random-24.scen
380,ht_chantry.map,PIBT,1,48423,214,6171,100,ht_chantry-random-24.scen
380,ht_chantry.map,PIBTOLD,1,50072,199,78,100,ht_chantry-random-24.scen
380,ht_chantry.map,PIBT,1,48369,199,53069,1000,ht_chantry-random-24.scen
380,ht_chantry.map,PIBTOLD,1,50072,199,80,1000,ht_chantry-random-24.scen
20,ht_chantry.map,PIBT,1,1706,178,5,0,ht_chantry-random-18.scen
20,ht_chantry.map,PIBTOLD,1,1706,178,5,0,ht_chantry-random-18.scen
20,ht_chantry.map,PIBT,1,1708,178,4,1,ht_chantry-random-18.scen
20,ht_chantry.map,PIBTOLD,1,1706,178,5,1,ht_chantry-random-18.scen
20,ht_chantry.map,PIBT,1,1708,178,5,10,ht_chantry-random-18.scen
20,ht_chantry.map,PIBTOLD,1,1706,178,4,10,ht_chantry-random-18.scen
20,ht_chantry.map,PIBT,1,1708,178,5,100,ht_chantry-random-18.scen
20,ht_chantry.map,PIBTOLD,1,1706,178,4,100,ht_chantry-random-18.scen
20,ht_chantry.map,PIBT,1,1708,178,4,1000,ht_chantry-random-18.scen
20,ht_chantry.map,PIBTOLD,1,1706,178,4,1000,ht_chantry-random-18.scen
60,ht_chantry.map,PIBT,1,6035,192,12,0,ht_chantry-random-18.scen
60,ht_chantry.map,PIBTOLD,1,6035,192,12,0,ht_chantry-random-18.scen
60,ht_chantry.map,PIBT,1,6021,194,13,1,ht_chantry-random-18.scen
60,ht_chantry.map,PIBTOLD,1,6035,192,12,1,ht_chantry-random-18.scen
60,ht_chantry.map,PIBT,1,6021,194,13,10,ht_chantry-random-18.scen
60,ht_chantry.map,PIBTOLD,1,6035,192,12,10,ht_chantry-random-18.scen
60,ht_chantry.map,PIBT,1,6021,194,13,100,ht_chantry-random-18.scen
60,ht_chantry.map,PIBTOLD,1,6035,192,12,100,ht_chantry-random-18.scen
60,ht_chantry.map,PIBT,1,6021,194,11,1000,ht_chantry-random-18.scen
60,ht_chantry.map,PIBTOLD,1,6035,192,12,1000,ht_chantry-random-18.scen
100,ht_chantry.map,PIBT,1,10457,192,23,0,ht_chantry-random-18.scen
100,ht_chantry.map,PIBTOLD,1,10457,192,19,0,ht_chantry-random-18.scen
100,ht_chantry.map,PIBT,1,10303,194,21,1,ht_chantry-random-18.scen
100,ht_chantry.map,PIBTOLD,1,10457,192,19,1,ht_chantry-random-18.scen
100,ht_chantry.map,PIBT,1,10303,194,22,10,ht_chantry-random-18.scen
100,ht_chantry.map,PIBTOLD,1,10457,192,19,10,ht_chantry-random-18.scen
100,ht_chantry.map,PIBT,1,10303,194,22,100,ht_chantry-random-18.scen
100,ht_chantry.map,PIBTOLD,1,10457,192,18,100,ht_chantry-random-18.scen
100,ht_chantry.map,PIBT,1,10303,194,22,1000,ht_chantry-random-18.scen
100,ht_chantry.map,PIBTOLD,1,10457,192,21,1000,ht_chantry-random-18.scen
140,ht_chantry.map,PIBT,1,15141,226,33,0,ht_chantry-random-18.scen
140,ht_chantry.map,PIBTOLD,1,15141,226,28,0,ht_chantry-random-18.scen
140,ht_chantry.map,PIBT,1,14544,203,34,1,ht_chantry-random-18.scen
140,ht_chantry.map,PIBTOLD,1,15141,226,27,1,ht_chantry-random-18.scen
140,ht_chantry.map,PIBT,1,14618,195,36,10,ht_chantry-random-18.scen
140,ht_chantry.map,PIBTOLD,1,15141,226,30,10,ht_chantry-random-18.scen
140,ht_chantry.map,PIBT,1,14618,195,35,100,ht_chantry-random-18.scen
140,ht_chantry.map,PIBTOLD,1,15141,226,30,100,ht_chantry-random-18.scen
140,ht_chantry.map,PIBT,1,14618,195,35,1000,ht_chantry-random-18.scen
140,ht_chantry.map,PIBTOLD,1,15141,226,29,1000,ht_chantry-random-18.scen
180,ht_chantry.map,PIBT,1,20483,203,42,0,ht_chantry-random-18.scen
180,ht_chantry.map,PIBTOLD,1,20483,203,35,0,ht_chantry-random-18.scen
180,ht_chantry.map,PIBT,1,19973,192,46,1,ht_chantry-random-18.scen
180,ht_chantry.map,PIBTOLD,1,20483,203,36,1,ht_chantry-random-18.scen
180,ht_chantry.map,PIBT,1,20088,194,65,10,ht_chantry-random-18.scen
180,ht_chantry.map,PIBTOLD,1,20483,203,32,10,ht_chantry-random-18.scen
180,ht_chantry.map,PIBT,1,20088,194,63,100,ht_chantry-random-18.scen
180,ht_chantry.map,PIBTOLD,1,20483,203,33,100,ht_chantry-random-18.scen
180,ht_chantry.map,PIBT,1,20088,194,64,1000,ht_chantry-random-18.scen
180,ht_chantry.map,PIBTOLD,1,20483,203,34,1000,ht_chantry-random-18.scen
220,ht_chantry.map,PIBT,1,25933,192,54,0,ht_chantry-random-18.scen
220,ht_chantry.map,PIBTOLD,1,25933,192,40,0,ht_chantry-random-18.scen
220,ht_chantry.map,PIBT,1,25075,196,68,1,ht_chantry-random-18.scen
220,ht_chantry.map,PIBTOLD,1,25933,192,46,1,ht_chantry-random-18.scen
220,ht_chantry.map,PIBT,1,24890,196,163,10,ht_chantry-random-18.scen
220,ht_chantry.map,PIBTOLD,1,25933,192,41,10,ht_chantry-random-18.scen
220,ht_chantry.map,PIBT,1,25224,196,929,100,ht_chantry-random-18.scen
220,ht_chantry.map,PIBTOLD,1,25933,192,41,100,ht_chantry-random-18.scen
220,ht_chantry.map,PIBT,1,25075,196,5161,1000,ht_chantry-random-18.scen
220,ht_chantry.map,PIBTOLD,1,25933,192,39,1000,ht_chantry-random-18.scen
260,ht_chantry.map,PIBT,1,31723,192,62,0,ht_chantry-random-18.scen
260,ht_chantry.map,PIBTOLD,1,31723,192,54,0,ht_chantry-random-18.scen
260,ht_chantry.map,PIBT,1,31199,195,106,1,ht_chantry-random-18.scen
260,ht_chantry.map,PIBTOLD,1,31723,192,50,1,ht_chantry-random-18.scen
260,ht_chantry.map,PIBT,1,31179,199,416,10,ht_chantry-random-18.scen
260,ht_chantry.map,PIBTOLD,1,31723,192,51,10,ht_chantry-random-18.scen
260,ht_chantry.map,PIBT,1,31133,196,2225,100,ht_chantry-random-18.scen
260,ht_chantry.map,PIBTOLD,1,31723,192,52,100,ht_chantry-random-18.scen
260,ht_chantry.map,PIBT,1,31397,196,22067,1000,ht_chantry-random-18.scen
260,ht_chantry.map,PIBTOLD,1,31723,192,50,1000,ht_chantry-random-18.scen
300,ht_chantry.map,PIBT,1,36620,194,74,0,ht_chantry-random-18.scen
300,ht_chantry.map,PIBTOLD,1,36620,194,59,0,ht_chantry-random-18.scen
300,ht_chantry.map,PIBT,1,36173,215,134,1,ht_chantry-random-18.scen
300,ht_chantry.map,PIBTOLD,1,36620,194,59,1,ht_chantry-random-18.scen
300,ht_chantry.map,PIBT,1,36768,204,501,10,ht_chantry-random-18.scen
300,ht_chantry.map,PIBTOLD,1,36620,194,60,10,ht_chantry-random-18.scen
300,ht_chantry.map,PIBT,1,36295,207,3199,100,ht_chantry-random-18.scen
300,ht_chantry.map,PIBTOLD,1,36620,194,60,100,ht_chantry-random-18.scen
300,ht_chantry.map,PIBT,1,36622,200,23394,1000,ht_chantry-random-18.scen
300,ht_chantry.map,PIBTOLD,1,36620,194,58,1000,ht_chantry-random-18.scen
340,ht_chantry.map,PIBT,1,43615,207,89,0,ht_chantry-random-18.scen
340,ht_chantry.map,PIBTOLD,1,43615,207,71,0,ht_chantry-random-18.scen
340,ht_chantry.map,PIBT,1,43033,202,160,1,ht_chantry-random-18.scen
340,ht_chantry.map,PIBTOLD,1,43615,207,68,1,ht_chantry-random-18.scen
340,ht_chantry.map,PIBT,1,42381,196,644,10,ht_chantry-random-18.scen
340,ht_chantry.map,PIBTOLD,1,43615,207,69,10,ht_chantry-random-18.scen
340,ht_chantry.map,PIBT,1,42422,271,5129,100,ht_chantry-random-18.scen
340,ht_chantry.map,PIBTOLD,1,43615,207,66,100,ht_chantry-random-18.scen
340,ht_chantry.map,PIBT,1,42075,206,43360,1000,ht_chantry-random-18.scen
340,ht_chantry.map,PIBTOLD,1,43615,207,72,1000,ht_chantry-random-18.scen
380,ht_chantry.map,PIBT,1,50072,199,102,0,ht_chantry-random-18.scen
380,ht_chantry.map,PIBTOLD,1,50072,199,75,0,ht_chantry-random-18.scen
380,ht_chantry.map,PIBT,1,49547,270,191,1,ht_chantry-random-18.scen
380,ht_chantry.map,PIBTOLD,1,50072,199,72,1,ht_chantry-random-18.scen
380,ht_chantry.map,PIBT,1,48059,196,763,10,ht_chantry-random-18.scen
380,ht_chantry.map,PIBTOLD,1,50072,199,77,10,ht_chantry-random-18.scen
380,ht_chantry.map,PIBT,1,48771,204,5986,100,ht_chantry-random-18.scen
380,ht_chantry.map,PIBTOLD,1,50072,199,74,100,ht_chantry-random-18.scen
380,ht_chantry.map,PIBT,1,48902,225,59537,1000,ht_chantry-random-18.scen
380,ht_chantry.map,PIBTOLD,1,50072,199,70,1000,ht_chantry-random-18.scen
20,ht_chantry.map,PIBT,1,1706,178,4,0,ht_chantry-random-11.scen
20,ht_chantry.map,PIBTOLD,1,1706,178,4,0,ht_chantry-random-11.scen
20,ht_chantry.map,PIBT,1,1708,178,4,1,ht_chantry-random-11.scen
20,ht_chantry.map,PIBTOLD,1,1706,178,5,1,ht_chantry-random-11.scen
20,ht_chantry.map,PIBT,1,1708,178,5,10,ht_chantry-random-11.scen
20,ht_chantry.map,PIBTOLD,1,1706,178,4,10,ht_chantry-random-11.scen
20,ht_chantry.map,PIBT,1,1708,178,5,100,ht_chantry-random-11.scen
20,ht_chantry.map,PIBTOLD,1,1706,178,4,100,ht_chantry-random-11.scen
20,ht_chantry.map,PIBT,1,1708,178,4,1000,ht_chantry-random-11.scen
20,ht_chantry.map,PIBTOLD,1,1706,178,4,1000,ht_chantry-random-11.scen
60,ht_chantry.map,PIBT,1,6035,192,13,0,ht_chantry-random-11.scen
60,ht_chantry.map,PIBTOLD,1,6035,192,12,0,ht_chantry-random-11.scen
60,ht_chantry.map,PIBT,1,6021,194,13,1,ht_chantry-random-11.scen
60,ht_chantry.map,PIBTOLD,1,6035,192,11,1,ht_chantry-random-11.scen
60,ht_chantry.map,PIBT,1,6021,194,13,10,ht_chantry-random-11.scen
60,ht_chantry.map,PIBTOLD,1,6035,192,10,10,ht_chantry-random-11.scen
60,ht_chantry.map,PIBT,1,6021,194,13,100,ht_chantry-random-11.scen
60,ht_chantry.map,PIBTOLD,1,6035,192,12,100,ht_chantry-random-11.scen
60,ht_chantry.map,PIBT,1,6021,194,13,1000,ht_chantry-random-11.scen
60,ht_chantry.map,PIBTOLD,1,6035,192,12,1000,ht_chantry-random-11.scen
100,ht_chantry.map,PIBT,1,10457,192,21,0,ht_chantry-random-11.scen
100,ht_chantry.map,PIBTOLD,1,10457,192,19,0,ht_chantry-random-11.scen
100,ht_chantry.map,PIBT,1,10303,194,22,1,ht_chantry-random-11.scen
100,ht_chantry.map,PIBTOLD,1,10457,192,19,1,ht_chantry-random-11.scen
100,ht_chantry.map,PIBT,1,10303,194,20,10,ht_chantry-random-11.scen
100,ht_chantry.map,PIBTOLD,1,10457,192,19,10,ht_chantry-random-11.scen
100,ht_chantry.map,PIBT,1,10303,194,21,100,ht_chantry-random-11.scen
100,ht_chantry.map,PIBTOLD,1,10457,192,19,100,ht_chantry-random-11.scen
100,ht_chantry.map,PIBT,1,10303,194,22,1000,ht_chantry-random-11.scen
100,ht_chantry.map,PIBTOLD,1,10457,192,19,1000,ht_chantry-random-11.scen
140,ht_chantry.map,PIBT,1,15141,226,33,0,ht_chantry-random-11.scen
140,ht_chantry.map,PIBTOLD,1,15141,226,27,0,ht_chantry-random-11.scen
140,ht_chantry.map,PIBT,1,14619,194,33,1,ht_chantry-random-11.scen
140,ht_chantry.map,PIBTOLD,1,15141,226,27,1,ht_chantry-random-11.scen
140,ht_chantry.map,PIBT,1,14618,195,35,10,ht_chantry-random-11.scen
140,ht_chantry.map,PIBTOLD,1,15141,226,27,10,ht_chantry-random-11.scen
140,ht_chantry.map,PIBT,1,14618,195,34,100,ht_chantry-random-11.scen
140,ht_chantry.map,PIBTOLD,1,15141,226,27,100,ht_chantry-random-11.scen
140,ht_chantry.map,PIBT,1,14618,195,38,1000,ht_chantry-random-11.scen
140,ht_chantry.map,PIBTOLD,1,15141,226,25,1000,ht_chantry-random-11.scen
180,ht_chantry.map,PIBT,1,20483,203,41,0,ht_chantry-random-11.scen
180,ht_chantry.map,PIBTOLD,1,20483,203,33,0,ht_chantry-random-11.scen
180,ht_chantry.map,PIBT,1,20015,194,51,1,ht_chantry-random-11.scen
180,ht_chantry.map,PIBTOLD,1,20483,203,34,1,ht_chantry-random-11.scen
180,ht_chantry.map,PIBT,1,20088,194,63,10,ht_chantry-random-11.scen
180,ht_chantry.map,PIBTOLD,1,20483,203,37,10,ht_chantry-random-11.scen
180,ht_chantry.map,PIBT,1,20088,194,59,100,ht_chantry-random-11.scen
180,ht_chantry.map,PIBTOLD,1,20483,203,37,100,ht_chantry-random-11.scen
180,ht_chantry.map,PIBT,1,20088,194,62,1000,ht_chantry-random-11.scen
180,ht_chantry.map,PIBTOLD,1,20483,203,35,1000,ht_chantry-random-11.scen
220,ht_chantry.map,PIBT,1,25933,192,50,0,ht_chantry-random-11.scen
220,ht_chantry.map,PIBTOLD,1,25933,192,43,0,ht_chantry-random-11.scen
220,ht_chantry.map,PIBT,1,25134,198,77,1,ht_chantry-random-11.scen
220,ht_chantry.map,PIBTOLD,1,25933,192,44,1,ht_chantry-random-11.scen
220,ht_chantry.map,PIBT,1,25116,196,157,10,ht_chantry-random-11.scen
220,ht_chantry.map,PIBTOLD,1,25933,192,43,10,ht_chantry-random-11.scen
220,ht_chantry.map,PIBT,1,25163,196,627,100,ht_chantry-random-11.scen
220,ht_chantry.map,PIBTOLD,1,25933,192,42,100,ht_chantry-random-11.scen
220,ht_chantry.map,PIBT,1,25043,196,4206,1000,ht_chantry-random-11.scen
220,ht_chantry.map,PIBTOLD,1,25933,192,37,1000,ht_chantry-random-11.scen
260,ht_chantry.map,PIBT,1,31723,192,63,0,ht_chantry-random-11.scen
260,ht_chantry.map,PIBTOLD,1,31723,192,53,0,ht_chantry-random-11.scen
260,ht_chantry.map,PIBT,1,31108,200,105,1,ht_chantry-random-11.scen
260,ht_chantry.map,PIBTOLD,1,31723,192,51,1,ht_chantry-random-11.scen
260,ht_chantry.map,PIBT,1,31398,204,421,10,ht_chantry-random-11.scen
260,ht_chantry.map,PIBTOLD,1,31723,192,52,10,ht_chantry-random-11.scen
260,ht_chantry.map,PIBT,1,31669,205,2989,100,ht_chantry-random-11.scen
260,ht_chantry.map,PIBTOLD,1,31723,192,50,100,ht_chantry-random-11.scen
260,ht_chantry.map,PIBT,1,31019,201,21078,1000,ht_chantry-random-11.scen
260,ht_chantry.map,PIBTOLD,1,31723,192,49,1000,ht_chantry-random-11.scen
300,ht_chantry.map,PIBT,1,36620,194,75,0,ht_chantry-random-11.scen
300,ht_chantry.map,PIBTOLD,1,36620,194,62,0,ht_chantry-random-11.scen
300,ht_chantry.map,PIBT,1,36751,225,137,1,ht_chantry-random-11.scen
300,ht_chantry.map,PIBTOLD,1,36620,194,61,1,ht_chantry-random-11.scen
300,ht_chantry.map,PIBT,1,36768,205,529,10,ht_chantry-random-11.scen
300,ht_chantry.map,PIBTOLD,1,36620,194,59,10,ht_chantry-random-11.scen
300,ht_chantry.map,PIBT,1,36336,197,3025,100,ht_chantry-random-11.scen
300,ht_chantry.map,PIBTOLD,1,36620,194,58,100,ht_chantry-random-11.scen
300,ht_chantry.map,PIBT,1,36344,203,20705,1000,ht_chantry-random-11.scen
300,ht_chantry.map,PIBTOLD,1,36620,194,59,1000,ht_chantry-random-11.scen
340,ht_chantry.map,PIBT,1,43615,207,87,0,ht_chantry-random-11.scen
340,ht_chantry.map,PIBTOLD,1,43615,207,70,0,ht_chantry-random-11.scen
340,ht_chantry.map,PIBT,1,42495,200,169,1,ht_chantry-random-11.scen
340,ht_chantry.map,PIBTOLD,1,43615,207,73,1,ht_chantry-random-11.scen
340,ht_chantry.map,PIBT,1,43112,219,730,10,ht_chantry-random-11.scen
340,ht_chantry.map,PIBTOLD,1,43615,207,72,10,ht_chantry-random-11.scen
340,ht_chantry.map,PIBT,1,42555,200,4818,100,ht_chantry-random-11.scen
340,ht_chantry.map,PIBTOLD,1,43615,207,70,100,ht_chantry-random-11.scen
340,ht_chantry.map,PIBT,1,42540,223,44474,1000,ht_chantry-random-11.scen
340,ht_chantry.map,PIBTOLD,1,43615,207,71,1000,ht_chantry-random-11.scen
380,ht_chantry.map,PIBT,1,50072,199,100,0,ht_chantry-random-11.scen
380,ht_chantry.map,PIBTOLD,1,50072,199,76,0,ht_chantry-random-11.scen
380,ht_chantry.map,PIBT,1,48447,204,176,1,ht_chantry-random-11.scen
380,ht_chantry.map,PIBTOLD,1,50072,199,76,1,ht_chantry-random-11.scen
380,ht_chantry.map,PIBT,1,48233,204,748,10,ht_chantry-random-11.scen
380,ht_chantry.map,PIBTOLD,1,50072,199,79,10,ht_chantry-random-11.scen
380,ht_chantry.map,PIBT,1,47966,199,6269,100,ht_chantry-random-11.scen
380,ht_chantry.map,PIBTOLD,1,50072,199,78,100,ht_chantry-random-11.scen
380,ht_chantry.map,PIBT,1,48699,272,58327,1000,ht_chantry-random-11.scen
380,ht_chantry.map,PIBTOLD,1,50072,199,78,1000,ht_chantry-random-11.scen
20,ht_chantry.map,PIBT,1,1706,178,4,0,ht_chantry-random-23.scen
20,ht_chantry.map,PIBTOLD,1,1706,178,4,0,ht_chantry-random-23.scen
20,ht_chantry.map,PIBT,1,1708,178,5,1,ht_chantry-random-23.scen
20,ht_chantry.map,PIBTOLD,1,1706,178,5,1,ht_chantry-random-23.scen
20,ht_chantry.map,PIBT,1,1708,178,5,10,ht_chantry-random-23.scen
20,ht_chantry.map,PIBTOLD,1,1706,178,4,10,ht_chantry-random-23.scen
20,ht_chantry.map,PIBT,1,1708,178,5,100,ht_chantry-random-23.scen
20,ht_chantry.map,PIBTOLD,1,1706,178,5,100,ht_chantry-random-23.scen
20,ht_chantry.map,PIBT,1,1708,178,5,1000,ht_chantry-random-23.scen
20,ht_chantry.map,PIBTOLD,1,1706,178,5,1000,ht_chantry-random-23.scen
60,ht_chantry.map,PIBT,1,6035,192,13,0,ht_chantry-random-23.scen
60,ht_chantry.map,PIBTOLD,1,6035,192,12,0,ht_chantry-random-23.scen
60,ht_chantry.map,PIBT,1,6021,194,13,1,ht_chantry-random-23.scen
60,ht_chantry.map,PIBTOLD,1,6035,192,12,1,ht_chantry-random-23.scen
60,ht_chantry.map,PIBT,1,6021,194,13,10,ht_chantry-random-23.scen
60,ht_chantry.map,PIBTOLD,1,6035,192,13,10,ht_chantry-random-23.scen
60,ht_chantry.map,PIBT,1,6021,194,11,100,ht_chantry-random-23.scen
60,ht_chantry.map,PIBTOLD,1,6035,192,13,100,ht_chantry-random-23.scen
60,ht_chantry.map,PIBT,1,6021,194,13,1000,ht_chantry-random-23.scen
60,ht_chantry.map,PIBTOLD,1,6035,192,11,1000,ht_chantry-random-23.scen
100,ht_chantry.map,PIBT,1,10457,192,23,0,ht_chantry-random-23.scen
100,ht_chantry.map,PIBTOLD,1,10457,192,19,0,ht_chantry-random-23.scen
100,ht_chantry.map,PIBT,1,10303,194,22,1,ht_chantry-random-23.scen
100,ht_chantry.map,PIBTOLD,1,10457,192,19,1,ht_chantry-random-23.scen
100,ht_chantry.map,PIBT,1,10303,194,22,10,ht_chantry-random-23.scen
100,ht_chantry.map,PIBTOLD,1,10457,192,18,10,ht_chantry-random-23.scen
100,ht_chantry.map,PIBT,1,10303,194,21,100,ht_chantry-random-23.scen
100,ht_chantry.map,PIBTOLD,1,10457,192,19,100,ht_chantry-random-23.scen
100,ht_chantry.map,PIBT,1,10303,194,21,1000,ht_chantry-random-23.scen
100,ht_chantry.map,PIBTOLD,1,10457,192,19,1000,ht_chantry-random-23.scen
140,ht_chantry.map,PIBT,1,15141,226,33,0,ht_chantry-random-23.scen
140,ht_chantry.map,PIBTOLD,1,15141,226,28,0,ht_chantry-random-23.scen
140,ht_chantry.map,PIBT,1,14734,194,33,1,ht_chantry-random-23.scen
140,ht_chantry.map,PIBTOLD,1,15141,226,28,1,ht_chantry-random-23.scen
140,ht_chantry.map,PIBT,1,14618,195,34,10,ht_chantry-random-23.scen
140,ht_chantry.map,PIBTOLD,1,15141,226,29,10,ht_chantry-random-23.scen
140,ht_chantry.map,PIBT,1,14618,195,37,100,ht_chantry-random-23.scen
140,ht_chantry.map,PIBTOLD,1,15141,226,28,100,ht_chantry-random-23.scen
140,ht_chantry.map,PIBT,1,14618,195,36,1000,ht_chantry-random-23.scen
140,ht_chantry.map,PIBTOLD,1,15141,226,26,1000,ht_chantry-random-23.scen
180,ht_chantry.map,PIBT,1,20483,203,41,0,ht_chantry-random-23.scen
180,ht_chantry.map,PIBTOLD,1,20483,203,35,0,ht_chantry-random-23.scen
180,ht_chantry.map,PIBT,1,19988,192,46,1,ht_chantry-random-23.scen
180,ht_chantry.map,PIBTOLD,1,20483,203,33,1,ht_chantry-random-23.scen
180,ht_chantry.map,PIBT,1,20088,194,63,10,ht_chantry-random-23.scen
180,ht_chantry.map,PIBTOLD,1,20483,203,34,10,ht_chantry-random-23.scen
180,ht_chantry.map,PIBT,1,20088,194,63,100,ht_chantry-random-23.scen
180,ht_chantry.map,PIBTOLD,1,20483,203,34,100,ht_chantry-random-23.scen
180,ht_chantry.map,PIBT,1,20088,194,63,1000,ht_chantry-random-23.scen
180,ht_chantry.map,PIBTOLD,1,20483,203,35,1000,ht_chantry-random-23.scen
220,ht_chantry.map,PIBT,1,25933,192,50,0,ht_chantry-random-23.scen
220,ht_chantry.map,PIBTOLD,1,25933,192,42,0,ht_chantry-random-23.scen
220,ht_chantry.map,PIBT,1,25432,198,80,1,ht_chantry-random-23.scen
220,ht_chantry.map,PIBTOLD,1,25933,192,40,1,ht_chantry-random-23.scen
220,ht_chantry.map,PIBT,1,25068,199,149,10,ht_chantry-random-23.scen
220,ht_chantry.map,PIBTOLD,1,25933,192,41,10,ht_chantry-random-23.scen
220,ht_chantry.map,PIBT,1,25257,198,639,100,ht_chantry-random-23.scen
220,ht_chantry.map,PIBTOLD,1,25933,192,50,100,ht_chantry-random-23.scen
220,ht_chantry.map,PIBT,1,25112,196,5317,1000,ht_chantry-random-23.scen
220,ht_chantry.map,PIBTOLD,1,25933,192,43,1000,ht_chantry-random-23.scen
260,ht_chantry.map,PIBT,1,31723,192,60,0,ht_chantry-random-23.scen
260,ht_chantry.map,PIBTOLD,1,31723,192,51,0,ht_chantry-random-23.scen
260,ht_chantry.map,PIBT,1,31173,200,106,1,ht_chantry-random-23.scen
260,ht_chantry.map,PIBTOLD,1,31723,192,49,1,ht_chantry-random-23.scen
260,ht_chantry.map,PIBT,1,31287,198,336,10,ht_chantry-random-23.scen
260,ht_chantry.map,PIBTOLD,1,31723,192,50,10,ht_chantry-random-23.scen
260,ht_chantry.map,PIBT,1,30897,198,2597,100,ht_chantry-random-23.scen
260,ht_chantry.map,PIBTOLD,1,31723,192,51,100,ht_chantry-random-23.scen
260,ht_chantry.map,PIBT,1,30931,201,18394,1000,ht_chantry-random-23.scen
260,ht_chantry.map,PIBTOLD,1,31723,192,51,1000,ht_chantry-random-23.scen
300,ht_chantry.map,PIBT,1,36620,194,75,0,ht_chantry-random-23.scen
300,ht_chantry.map,PIBTOLD,1,36620,194,59,0,ht_chantry-random-23.scen
300,ht_chantry.map,PIBT,1,36626,200,130,1,ht_chantry-random-23.scen
300,ht_chantry.map,PIBTOLD,1,36620,194,57,1,ht_chantry-random-23.scen
300,ht_chantry.map,PIBT,1,36870,228,522,10,ht_chantry-random-23.scen
300,ht_chantry.map,PIBTOLD,1,36620,194,58,10,ht_chantry-random-23.scen
300,ht_chantry.map,PIBT,1,36417,201,2691,100,ht_chantry-random-23.scen
300,ht_chantry.map,PIBTOLD,1,36620,194,59,100,ht_chantry-random-23.scen
300,ht_chantry.map,PIBT,1,36210,205,23065,1000,ht_chantry-random-23.scen
300,ht_chantry.map,PIBTOLD,1,36620,194,60,1000,ht_chantry-random-23.scen
340,ht_chantry.map,PIBT,1,43615,207,90,0,ht_chantry-random-23.scen
340,ht_chantry.map,PIBTOLD,1,43615,207,71,0,ht_chantry-random-23.scen
340,ht_chantry.map,PIBT,1,42883,208,156,1,ht_chantry-random-23.scen
340,ht_chantry.map,PIBTOLD,1,43615,207,69,1,ht_chantry-random-23.scen
340,ht_chantry.map,PIBT,1,42581,195,665,10,ht_chantry-random-23.scen
340,ht_chantry.map,PIBTOLD,1,43615,207,68,10,ht_chantry-random-23.scen
340,ht_chantry.map,PIBT,1,42812,200,5066,100,ht_chantry-random-23.scen
340,ht_chantry.map,PIBTOLD,1,43615,207,69,100,ht_chantry-random-23.scen
340,ht_chantry.map,PIBT,1,42548,202,44524,1000,ht_chantry-random-23.scen
340,ht_chantry.map,PIBTOLD,1,43615,207,70,1000,ht_chantry-random-23.scen
380,ht_chantry.map,PIBT,1,50072,199,106,0,ht_chantry-random-23.scen
380,ht_chantry.map,PIBTOLD,1,50072,199,79,0,ht_chantry-random-23.scen
380,ht_chantry.map,PIBT,1,48592,204,183,1,ht_chantry-random-23.scen
380,ht_chantry.map,PIBTOLD,1,50072,199,76,1,ht_chantry-random-23.scen
380,ht_chantry.map,PIBT,1,48360,203,759,10,ht_chantry-random-23.scen
380,ht_chantry.map,PIBTOLD,1,50072,199,78,10,ht_chantry-random-23.scen
380,ht_chantry.map,PIBT,1,48228,197,6159,100,ht_chantry-random-23.scen
380,ht_chantry.map,PIBTOLD,1,50072,199,76,100,ht_chantry-random-23.scen
380,ht_chantry.map,PIBT,1,48597,205,57050,1000,ht_chantry-random-23.scen
380,ht_chantry.map,PIBTOLD,1,50072,199,78,1000,ht_chantry-random-23.scen
20,ht_chantry.map,PIBT,1,1706,178,5,0,ht_chantry-random-8.scen
20,ht_chantry.map,PIBTOLD,1,1706,178,4,0,ht_chantry-random-8.scen
20,ht_chantry.map,PIBT,1,1708,178,4,1,ht_chantry-random-8.scen
20,ht_chantry.map,PIBTOLD,1,1706,178,4,1,ht_chantry-random-8.scen
20,ht_chantry.map,PIBT,1,1708,178,5,10,ht_chantry-random-8.scen
20,ht_chantry.map,PIBTOLD,1,1706,178,5,10,ht_chantry-random-8.scen
20,ht_chantry.map,PIBT,1,1708,178,5,100,ht_chantry-random-8.scen
20,ht_chantry.map,PIBTOLD,1,1706,178,4,100,ht_chantry-random-8.scen
20,ht_chantry.map,PIBT,1,1708,178,4,1000,ht_chantry-random-8.scen
20,ht_chantry.map,PIBTOLD,1,1706,178,4,1000,ht_chantry-random-8.scen
60,ht_chantry.map,PIBT,1,6035,192,12,0,ht_chantry-random-8.scen
60,ht_chantry.map,PIBTOLD,1,6035,192,12,0,ht_chantry-random-8.scen
60,ht_chantry.map,PIBT,1,6021,194,13,1,ht_chantry-random-8.scen
60,ht_chantry.map,PIBTOLD,1,6035,192,11,1,ht_chantry-random-8.scen
60,ht_chantry.map,PIBT,1,6021,194,14,10,ht_chantry-random-8.scen
60,ht_chantry.map,PIBTOLD,1,6035,192,12,10,ht_chantry-random-8.scen
60,ht_chantry.map,PIBT,1,6021,194,13,100,ht_chantry-random-8.scen
60,ht_chantry.map,PIBTOLD,1,6035,192,11,100,ht_chantry-random-8.scen
60,ht_chantry.map,PIBT,1,6021,194,12,1000,ht_chantry-random-8.scen
60,ht_chantry.map,PIBTOLD,1,6035,192,12,1000,ht_chantry-random-8.scen
100,ht_chantry.map,PIBT,1,10457,192,21,0,ht_chantry-random-8.scen
100,ht_chantry.map,PIBTOLD,1,10457,192,19,0,ht_chantry-random-8.scen
100,ht_chantry.map,PIBT,1,10303,194,21,1,ht_chantry-random-8.scen
100,ht_chantry.map,PIBTOLD,1,10457,192,19,1,ht_chantry-random-8.scen
100,ht_chantry.map,PIBT,1,10303,194,21,10,ht_chantry-random-8.scen
100,ht_chantry.map,PIBTOLD,1,10457,192,20,10,ht_chantry-random-8.scen
100,ht_chantry.map,PIBT,1,10303,194,21,100,ht_chantry-random-8.scen
100,ht_chantry.map,PIBTOLD,1,10457,192,16,100,ht_chantry-random-8.scen
100,ht_chantry.map,PIBT,1,10303,194,22,1000,ht_chantry-random-8.scen
100,ht_chantry.map,PIBTOLD,1,10457,192,19,1000,ht_chantry-random-8.scen
140,ht_chantry.map,PIBT,1,15141,226,33,0,ht_chantry-random-8.scen
140,ht_chantry.map,PIBTOLD,1,15141,226,28,0,ht_chantry-random-8.scen
140,ht_chantry.map,PIBT,1,14578,198,32,1,ht_chantry-random-8.scen
140,ht_chantry.map,PIBTOLD,1,15141,226,26,1,ht_chantry-random-8.scen
140,ht_chantry.map,PIBT,1,14618,195,36,10,ht_chantry-random-8.scen
140,ht_chantry.map,PIBTOLD,1,15141,226,25,10,ht_chantry-random-8.scen
140,ht_chantry.map,PIBT,1,14618,195,32,100,ht_chantry-random-8.scen
140,ht_chantry.map,PIBTOLD,1,15141,226,26,100,ht_chantry-random-8.scen
140,ht_chantry.map,PIBT,1,14618,195,36,1000,ht_chantry-random-8.scen
140,ht_chantry.map,PIBTOLD,1,15141,226,31,1000,ht_chantry-random-8.scen
180,ht_chantry.map,PIBT,1,20483,203,46,0,ht_chantry-random-8.scen
180,ht_chantry.map,PIBTOLD,1,20483,203,35,0,ht_chantry-random-8.scen
180,ht_chantry.map,PIBT,1,19909,192,46,1,ht_chantry-random-8.scen
180,ht_chantry.map,PIBTOLD,1,20483,203,37,1,ht_chantry-random-8.scen
180,ht_chantry.map,PIBT,1,20088,194,64,10,ht_chantry-random-8.scen
180,ht_chantry.map,PIBTOLD,1,20483,203,32,10,ht_chantry-random-8.scen
180,ht_chantry.map,PIBT,1,20088,194,66,100,ht_chantry-random-8.scen
180,ht_chantry.map,PIBTOLD,1,20483,203,34,100,ht_chantry-random-8.scen
180,ht_chantry.map,PIBT,1,20088,194,63,1000,ht_chantry-random-8.scen
180,ht_chantry.map,PIBTOLD,1,20483,203,37,1000,ht_chantry-random-8.scen
220,ht_chantry.map,PIBT,1,25933,192,50,0,ht_chantry-random-8.scen
220,ht_chantry.map,PIBTOLD,1,25933,192,42,0,ht_chantry-random-8.scen
220,ht_chantry.map,PIBT,1,25343,196,73,1,ht_chantry-random-8.scen
220,ht_chantry.map,PIBTOLD,1,25933,192,43,1,ht_chantry-random-8.scen
220,ht_chantry.map,PIBT,1,25135,196,189,10,ht_chantry-random-8.scen
220,ht_chantry.map,PIBTOLD,1,25933,192,45,10,ht_chantry-random-8.scen
220,ht_chantry.map,PIBT,1,24962,196,718,100,ht_chantry-random-8.scen
220,ht_chantry.map,PIBTOLD,1,25933,192,40,100,ht_chantry-random-8.scen
220,ht_chantry.map,PIBT,1,25290,196,2979,1000,ht_chantry-random-8.scen
220,ht_chantry.map,PIBTOLD,1,25933,192,42,1000,ht_chantry-random-8.scen
260,ht_chantry.map,PIBT,1,31723,192,61,0,ht_chantry-random-8.scen
260,ht_chantry.map,PIBTOLD,1,31723,192,48,0,ht_chantry-random-8.scen
260,ht_chantry.map,PIBT,1,30885,204,109,1,ht_chantry-random-8.scen
260,ht_chantry.map,PIBTOLD,1,31723,192,50,1,ht_chantry-random-8.scen
260,ht_chantry.map,PIBT,1,31339,203,386,10,ht_chantry-random-8.scen
260,ht_chantry.map,PIBTOLD,1,31723,192,50,10,ht_chantry-random-8.scen
260,ht_chantry.map,PIBT,1,30573,196,2409,100,ht_chantry-random-8.scen
260,ht_chantry.map,PIBTOLD,1,31723,192,49,100,ht_chantry-random-8.scen
260,ht_chantry.map,PIBT,1,31162,197,22763,1000,ht_chantry-random-8.scen
260,ht_chantry.map,PIBTOLD,1,31723,192,50,1000,ht_chantry-random-8.scen
300,ht_chantry.map,PIBT,1,36620,194,79,0,ht_chantry-random-8.scen
300,ht_chantry.map,PIBTOLD,1,36620,194,59,0,ht_chantry-random-8.scen
300,ht_chantry.map,PIBT,1,36174,196,129,1,ht_chantry-random-8.scen
300,ht_chantry.map,PIBTOLD,1,36620,194,57,1,ht_chantry-random-8.scen
300,ht_chantry.map,PIBT,1,35950,199,481,10,ht_chantry-random-8.scen
300,ht_chantry.map,PIBTOLD,1,36620,194,59,10,ht_chantry-random-8.scen
300,ht_chantry.map,PIBT,1,36520,203,2309,100,ht_chantry-random-8.scen
300,ht_chantry.map,PIBTOLD,1,36620,194,67,100,ht_chantry-random-8.scen
300,ht_chantry.map,PIBT,1,36447,204,24089,1000,ht_chantry-random-8.scen
300,ht_chantry.map,PIBTOLD,1,36620,194,59,1000,ht_chantry-random-8.scen
340,ht_chantry.map,PIBT,1,43615,207,89,0,ht_chantry-random-8.scen
340,ht_chantry.map,PIBTOLD,1,43615,207,68,0,ht_chantry-random-8.scen
340,ht_chantry.map,PIBT,1,42734,204,156,1,ht_chantry-random-8.scen
340,ht_chantry.map,PIBTOLD,1,43615,207,68,1,ht_chantry-random-8.scen
340,ht_chantry.map,PIBT,1,42379,202,682,10,ht_chantry-random-8.scen
340,ht_chantry.map,PIBTOLD,1,43615,207,75,10,ht_chantry-random-8.scen
340,ht_chantry.map,PIBT,1,41995,199,5015,100,ht_chantry-random-8.scen
340,ht_chantry.map,PIBTOLD,1,43615,207,70,100,ht_chantry-random-8.scen
340,ht_chantry.map,PIBT,1,42377,205,47386,1000,ht_chantry-random-8.scen
340,ht_chantry.map,PIBTOLD,1,43615,207,70,1000,ht_chantry-random-8.scen
380,ht_chantry.map,PIBT,1,50072,199,104,0,ht_chantry-random-8.scen
380,ht_chantry.map,PIBTOLD,1,50072,199,80,0,ht_chantry-random-8.scen
380,ht_chantry.map,PIBT,1,49407,201,185,1,ht_chantry-random-8.scen
380,ht_chantry.map,PIBTOLD,1,50072,199,74,1,ht_chantry-random-8.scen
380,ht_chantry.map,PIBT,1,48953,205,751,10,ht_chantry-random-8.scen
380,ht_chantry.map,PIBTOLD,1,50072,199,77,10,ht_chantry-random-8.scen
380,ht_chantry.map,PIBT,1,49102,211,7160,100,ht_chantry-random-8.scen
380,ht_chantry.map,PIBTOLD,1,50072,199,76,100,ht_chantry-random-8.scen
20,ht_chantry.map,PIBT,1,1706,178,5,0,ht_chantry-random-10.scen
20,ht_chantry.map,PIBTOLD,1,1706,178,5,0,ht_chantry-random-10.scen
20,ht_chantry.map,PIBT,1,1708,178,5,1,ht_chantry-random-10.scen
20,ht_chantry.map,PIBTOLD,1,1706,178,4,1,ht_chantry-random-10.scen
20,ht_chantry.map,PIBT,1,1708,178,5,10,ht_chantry-random-10.scen
20,ht_chantry.map,PIBTOLD,1,1706,178,4,10,ht_chantry-random-10.scen
20,ht_chantry.map,PIBT,1,1708,178,5,100,ht_chantry-random-10.scen
20,ht_chantry.map,PIBTOLD,1,1706,178,4,100,ht_chantry-random-10.scen
20,ht_chantry.map,PIBT,1,1708,178,4,1000,ht_chantry-random-10.scen
20,ht_chantry.map,PIBTOLD,1,1706,178,5,1000,ht_chantry-random-10.scen
60,ht_chantry.map,PIBT,1,6035,192,13,0,ht_chantry-random-10.scen
60,ht_chantry.map,PIBTOLD,1,6035,192,12,0,ht_chantry-random-10.scen
60,ht_chantry.map,PIBT,1,6021,194,13,1,ht_chantry-random-10.scen
60,ht_chantry.map,PIBTOLD,1,6035,192,12,1,ht_chantry-random-10.scen
60,ht_chantry.map,PIBT,1,6021,194,13,10,ht_chantry-random-10.scen
60,ht_chantry.map,PIBTOLD,1,6035,192,12,10,ht_chantry-random-10.scen
60,ht_chantry.map,PIBT,1,6021,194,13,100,ht_chantry-random-10.scen
60,ht_chantry.map,PIBTOLD,1,6035,192,12,100,ht_chantry-random-10.scen
60,ht_chantry.map,PIBT,1,6021,194,13,1000,ht_chantry-random-10.scen
60,ht_chantry.map,PIBTOLD,1,6035,192,12,1000,ht_chantry-random-10.scen
100,ht_chantry.map,PIBT,1,10457,192,21,0,ht_chantry-random-10.scen
100,ht_chantry.map,PIBTOLD,1,10457,192,20,0,ht_chantry-random-10.scen
100,ht_chantry.map,PIBT,1,10303,194,21,1,ht_chantry-random-10.scen
100,ht_chantry.map,PIBTOLD,1,10457,192,18,1,ht_chantry-random-10.scen
100,ht_chantry.map,PIBT,1,10303,194,22,10,ht_chantry-random-10.scen
100,ht_chantry.map,PIBTOLD,1,10457,192,19,10,ht_chantry-random-10.scen
100,ht_chantry.map,PIBT,1,10303,194,22,100,ht_chantry-random-10.scen
100,ht_chantry.map,PIBTOLD,1,10457,192,19,100,ht_chantry-random-10.scen
100,ht_chantry.map,PIBT,1,10303,194,22,1000,ht_chantry-random-10.scen
100,ht_chantry.map,PIBTOLD,1,10457,192,19,1000,ht_chantry-random-10.scen
140,ht_chantry.map,PIBT,1,15141,226,32,0,ht_chantry-random-10.scen
140,ht_chantry.map,PIBTOLD,1,15141,226,28,0,ht_chantry-random-10.scen
140,ht_chantry.map,PIBT,1,14647,197,30,1,ht_chantry-random-10.scen
140,ht_chantry.map,PIBTOLD,1,15141,226,26,1,ht_chantry-random-10.scen
140,ht_chantry.map,PIBT,1,14618,195,35,10,ht_chantry-random-10.scen
140,ht_chantry.map,PIBTOLD,1,15141,226,30,10,ht_chantry-random-10.scen
140,ht_chantry.map,PIBT,1,14618,195,31,100,ht_chantry-random-10.scen
140,ht_chantry.map,PIBTOLD,1,15141,226,28,100,ht_chantry-random-10.scen
140,ht_chantry.map,PIBT,1,14618,195,35,1000,ht_chantry-random-10.scen
140,ht_chantry.map,PIBTOLD,1,15141,226,26,1000,ht_chantry-random-10.scen
180,ht_chantry.map,PIBT,1,20483,203,40,0,ht_chantry-random-10.scen
180,ht_chantry.map,PIBTOLD,1,20483,203,34,0,ht_chantry-random-10.scen
180,ht_chantry.map,PIBT,1,19799,194,48,1,ht_chantry-random-10.scen
180,ht_chantry.map,PIBTOLD,1,20483,203,35,1,ht_chantry-random-10.scen
180,ht_chantry.map,PIBT,1,20088,194,63,10,ht_chantry-random-10.scen
180,ht_chantry.map,PIBTOLD,1,20483,203,35,10,ht_chantry-random-10.scen
180,ht_chantry.map,PIBT,1,20088,194,63,100,ht_chantry-random-10.scen
180,ht_chantry.map,PIBTOLD,1,20483,203,35,100,ht_chantry-random-10.scen
180,ht_chantry.map,PIBT,1,20088,194,63,1000,ht_chantry-random-10.scen
180,ht_chantry.map,PIBTOLD,1,20483,203,34,1000,ht_chantry-random-10.scen
220,ht_chantry.map,PIBT,1,25933,192,53,0,ht_chantry-random-10.scen
220,ht_chantry.map,PIBTOLD,1,25933,192,42,0,ht_chantry-random-10.scen
220,ht_chantry.map,PIBT,1,24963,196,75,1,ht_chantry-random-10.scen
220,ht_chantry.map,PIBTOLD,1,25933,192,42,1,ht_chantry-random-10.scen
220,ht_chantry.map,PIBT,1,25102,196,155,10,ht_chantry-random-10.scen
220,ht_chantry.map,PIBTOLD,1,25933,192,43,10,ht_chantry-random-10.scen
220,ht_chantry.map,PIBT,1,25249,196,722,100,ht_chantry-random-10.scen
220,ht_chantry.map,PIBTOLD,1,25933,192,43,100,ht_chantry-random-10.scen
220,ht_chantry.map,PIBT,1,25256,196,5046,1000,ht_chantry-random-10.scen
220,ht_chantry.map,PIBTOLD,1,25933,192,41,1000,ht_chantry-random-10.scen
260,ht_chantry.map,PIBT,1,31723,192,62,0,ht_chantry-random-10.scen
260,ht_chantry.map,PIBTOLD,1,31723,192,50,0,ht_chantry-random-10.scen
260,ht_chantry.map,PIBT,1,31310,199,106,1,ht_chantry-random-10.scen
260,ht_chantry.map,PIBTOLD,1,31723,192,53,1,ht_chantry-random-10.scen
260,ht_chantry.map,PIBT,1,31329,202,422,10,ht_chantry-random-10.scen
260,ht_chantry.map,PIBTOLD,1,31723,192,53,10,ht_chantry-random-10.scen
260,ht_chantry.map,PIBT,1,31042,200,2726,100,ht_chantry-random-10.scen
260,ht_chantry.map,PIBTOLD,1,31723,192,53,100,ht_chantry-random-10.scen
260,ht_chantry.map,PIBT,1,31229,203,14149,1000,ht_chantry-random-10.scen
260,ht_chantry.map,PIBTOLD,1,31723,192,51,1000,ht_chantry-random-10.scen
300,ht_chantry.map,PIBT,1,36620,194,75,0,ht_chantry-random-10.scen
300,ht_chantry.map,PIBTOLD,1,36620,194,58,0,ht_chantry-random-10.scen
300,ht_chantry.map,PIBT,1,36306,203,132,1,ht_chantry-random-10.scen
300,ht_chantry.map,PIBTOLD,1,36620,194,56,1,ht_chantry-random-10.scen
300,ht_chantry.map,PIBT,1,36618,207,472,10,ht_chantry-random-10.scen
300,ht_chantry.map,PIBTOLD,1,36620,194,61,10,ht_chantry-random-10.scen
300,ht_chantry.map,PIBT,1,36288,205,2539,100,ht_chantry-random-10.scen
300,ht_chantry.map,PIBTOLD,1,36620,194,58,100,ht_chantry-random-10.scen
300,ht_chantry.map,PIBT,1,36039,206,24088,1000,ht_chantry-random-10.scen
300,ht_chantry.map,PIBTOLD,1,36620,194,59,1000,ht_chantry-random-10.scen
340,ht_chantry.map,PIBT,1,43615,207,90,0,ht_chantry-random-10.scen
340,ht_chantry.map,PIBTOLD,1,43615,207,71,0,ht_chantry-random-10.scen
340,ht_chantry.map,PIBT,1,42319,194,155,1,ht_chantry-random-10.scen
340,ht_chantry.map,PIBTOLD,1,43615,207,69,1,ht_chantry-random-10.scen
340,ht_chantry.map,PIBT,1,42542,202,676,10,ht_chantry-random-10.scen
340,ht_chantry.map,PIBTOLD,1,43615,207,68,10,ht_chantry-random-10.scen
340,ht_chantry.map,PIBT,1,41654,207,4957,100,ht_chantry-random-10.scen
340,ht_chantry.map,PIBTOLD,1,43615,207,69,100,ht_chantry-random-10.scen
340,ht_chantry.map,PIBT,1,41836,201,45019,1000,ht_chantry-random-10.scen
340,ht_chantry.map,PIBTOLD,1,43615,207,69,1000,ht_chantry-random-10.scen
380,ht_chantry.map,PIBT,1,50072,199,102,0,ht_chantry-random-10.scen
380,ht_chantry.map,PIBTOLD,1,50072,199,74,0,ht_chantry-random-10.scen
380,ht_chantry.map,PIBT,1,48410,196,173,1,ht_chantry-random-10.scen
380,ht_chantry.map,PIBTOLD,1,50072,199,79,1,ht_chantry-random-10.scen
380,ht_chantry.map,PIBT,1,49020,205,755,10,ht_chantry-random-10.scen
380,ht_chantry.map,PIBTOLD,1,50072,199,68,10,ht_chantry-random-10.scen
380,ht_chantry.map,PIBT,1,48552,200,6178,100,ht_chantry-random-10.scen
380,ht_chantry.map,PIBTOLD,1,50072,199,77,100,ht_chantry-random-10.scen
20,ht_chantry.map,PIBT,1,1706,178,5,0,ht_chantry-random-25.scen
20,ht_chantry.map,PIBTOLD,1,1706,178,4,0,ht_chantry-random-25.scen
20,ht_chantry.map,PIBT,1,1708,178,4,1,ht_chantry-random-25.scen
20,ht_chantry.map,PIBTOLD,1,1706,178,4,1,ht_chantry-random-25.scen
20,ht_chantry.map,PIBT,1,1708,178,4,10,ht_chantry-random-25.scen
20,ht_chantry.map,PIBTOLD,1,1706,178,4,10,ht_chantry-random-25.scen
20,ht_chantry.map,PIBT,1,1708,178,5,100,ht_chantry-random-25.scen
20,ht_chantry.map,PIBTOLD,1,1706,178,4,100,ht_chantry-random-25.scen
20,ht_chantry.map,PIBT,1,1708,178,4,1000,ht_chantry-random-25.scen
20,ht_chantry.map,PIBTOLD,1,1706,178,4,1000,ht_chantry-random-25.scen
60,ht_chantry.map,PIBT,1,6035,192,12,0,ht_chantry-random-25.scen
60,ht_chantry.map,PIBTOLD,1,6035,192,13,0,ht_chantry-random-25.scen
60,ht_chantry.map,PIBT,1,6021,194,14,1,ht_chantry-random-25.scen
60,ht_chantry.map,PIBTOLD,1,6035,192,13,1,ht_chantry-random-25.scen
60,ht_chantry.map,PIBT,1,6021,194,14,10,ht_chantry-random-25.scen
60,ht_chantry.map,PIBTOLD,1,6035,192,13,10,ht_chantry-random-25.scen
60,ht_chantry.map,PIBT,1,6021,194,15,100,ht_chantry-random-25.scen
60,ht_chantry.map,PIBTOLD,1,6035,192,12,100,ht_chantry-random-25.scen
60,ht_chantry.map,PIBT,1,6021,194,13,1000,ht_chantry-random-25.scen
60,ht_chantry.map,PIBTOLD,1,6035,192,13,1000,ht_chantry-random-25.scen
100,ht_chantry.map,PIBT,1,10457,192,22,0,ht_chantry-random-25.scen
100,ht_chantry.map,PIBTOLD,1,10457,192,19,0,ht_chantry-random-25.scen
100,ht_chantry.map,PIBT,1,10303,194,23,1,ht_chantry-random-25.scen
100,ht_chantry.map,PIBTOLD,1,10457,192,19,1,ht_chantry-random-25.scen
100,ht_chantry.map,PIBT,1,10303,194,22,10,ht_chantry-random-25.scen
100,ht_chantry.map,PIBTOLD,1,10457,192,20,10,ht_chantry-random-25.scen
100,ht_chantry.map,PIBT,1,10303,194,21,100,ht_chantry-random-25.scen
100,ht_chantry.map,PIBTOLD,1,10457,192,19,100,ht_chantry-random-25.scen
100,ht_chantry.map,PIBT,1,10303,194,22,1000,ht_chantry-random-25.scen
100,ht_chantry.map,PIBTOLD,1,10457,192,20,1000,ht_chantry-random-25.scen
140,ht_chantry.map,PIBT,1,15141,226,35,0,ht_chantry-random-25.scen
140,ht_chantry.map,PIBTOLD,1,15141,226,31,0,ht_chantry-random-25.scen
140,ht_chantry.map,PIBT,1,14494,198,36,1,ht_chantry-random-25.scen
140,ht_chantry.map,PIBTOLD,1,15141,226,28,1,ht_chantry-random-25.scen
140,ht_chantry.map,PIBT,1,14618,195,38,10,ht_chantry-random-25.scen
140,ht_chantry.map,PIBTOLD,1,15141,226,30,10,ht_chantry-random-25.scen
140,ht_chantry.map,PIBT,1,14618,195,34,100,ht_chantry-random-25.scen
140,ht_chantry.map,PIBTOLD,1,15141,226,29,100,ht_chantry-random-25.scen
140,ht_chantry.map,PIBT,1,14618,195,38,1000,ht_chantry-random-25.scen
140,ht_chantry.map,PIBTOLD,1,15141,226,27,1000,ht_chantry-random-25.scen
180,ht_chantry.map,PIBT,1,20483,203,44,0,ht_chantry-random-25.scen
180,ht_chantry.map,PIBTOLD,1,20483,203,36,0,ht_chantry-random-25.scen
180,ht_chantry.map,PIBT,1,19819,192,47,1,ht_chantry-random-25.scen
180,ht_chantry.map,PIBTOLD,1,20483,203,37,1,ht_chantry-random-25.scen
180,ht_chantry.map,PIBT,1,20088,194,63,10,ht_chantry-random-25.scen
180,ht_chantry.map,PIBTOLD,1,20483,203,37,10,ht_chantry-random-25.scen
180,ht_chantry.map,PIBT,1,20088,194,62,100,ht_chantry-random-25.scen
180,ht_chantry.map,PIBTOLD,1,20483,203,33,100,ht_chantry-random-25.scen
180,ht_chantry.map,PIBT,1,20088,194,62,1000,ht_chantry-random-25.scen
180,ht_chantry.map,PIBTOLD,1,20483,203,37,1000,ht_chantry-random-25.scen
220,ht_chantry.map,PIBT,1,25933,192,49,0,ht_chantry-random-25.scen
220,ht_chantry.map,PIBTOLD,1,25933,192,43,0,ht_chantry-random-25.scen
220,ht_chantry.map,PIBT,1,25284,199,75,1,ht_chantry-random-25.scen
220,ht_chantry.map,PIBTOLD,1,25933,192,49,1,ht_chantry-random-25.scen
220,ht_chantry.map,PIBT,1,24977,196,144,10,ht_chantry-random-25.scen
220,ht_chantry.map,PIBTOLD,1,25933,192,41,10,ht_chantry-random-25.scen
220,ht_chantry.map,PIBT,1,25004,196,727,100,ht_chantry-random-25.scen
220,ht_chantry.map,PIBTOLD,1,25933,192,46,100,ht_chantry-random-25.scen
220,ht_chantry.map,PIBT,1,24994,196,5381,1000,ht_chantry-random-25.scen
220,ht_chantry.map,PIBTOLD,1,25933,192,42,1000,ht_chantry-random-25.scen
260,ht_chantry.map,PIBT,1,31723,192,59,0,ht_chantry-random-25.scen
260,ht_chantry.map,PIBTOLD,1,31723,192,48,0,ht_chantry-random-25.scen
260,ht_chantry.map,PIBT,1,31160,196,98,1,ht_chantry-random-25.scen
260,ht_chantry.map,PIBTOLD,1,31723,192,50,1,ht_chantry-random-25.scen
260,ht_chantry.map,PIBT,1,31038,209,360,10,ht_chantry-random-25.scen
260,ht_chantry.map,PIBTOLD,1,31723,192,50,10,ht_chantry-random-25.scen
260,ht_chantry.map,PIBT,1,31099,201,2918,100,ht_chantry-random-25.scen
260,ht_chantry.map,PIBTOLD,1,31723,192,49,100,ht_chantry-random-25.scen
260,ht_chantry.map,PIBT,1,30958,195,16284,1000,ht_chantry-random-25.scen
260,ht_chantry.map,PIBTOLD,1,31723,192,50,1000,ht_chantry-random-25.scen
300,ht_chantry.map,PIBT,1,36620,194,73,0,ht_chantry-random-25.scen
300,ht_chantry.map,PIBTOLD,1,36620,194,59,0,ht_chantry-random-25.scen
300,ht_chantry.map,PIBT,1,36895,210,133,1,ht_chantry-random-25.scen
300,ht_chantry.map,PIBTOLD,1,36620,194,61,1,ht_chantry-random-25.scen
300,ht_chantry.map,PIBT,1,36550,202,540,10,ht_chantry-random-25.scen
300,ht_chantry.map,PIBTOLD,1,36620,194,58,10,ht_chantry-random-25.scen
300,ht_chantry.map,PIBT,1,36989,201,2771,100,ht_chantry-random-25.scen
300,ht_chantry.map,PIBTOLD,1,36620,194,60,100,ht_chantry-random-25.scen
300,ht_chantry.map,PIBT,1,36273,201,25706,1000,ht_chantry-random-25.scen
300,ht_chantry.map,PIBTOLD,1,36620,194,58,1000,ht_chantry-random-25.scen
340,ht_chantry.map,PIBT,1,43615,207,90,0,ht_chantry-random-25.scen
340,ht_chantry.map,PIBTOLD,1,43615,207,67,0,ht_chantry-random-25.scen
340,ht_chantry.map,PIBT,1,42675,202,152,1,ht_chantry-random-25.scen
340,ht_chantry.map,PIBTOLD,1,43615,207,58,1,ht_chantry-random-25.scen
340,ht_chantry.map,PIBT,1,43170,196,709,10,ht_chantry-random-25.scen
340,ht_chantry.map,PIBTOLD,1,43615,207,69,10,ht_chantry-random-25.scen
340,ht_chantry.map,PIBT,1,42602,201,5137,100,ht_chantry-random-25.scen
340,ht_chantry.map,PIBTOLD,1,43615,207,69,100,ht_chantry-random-25.scen
340,ht_chantry.map,PIBT,1,42348,198,41406,1000,ht_chantry-random-25.scen
340,ht_chantry.map,PIBTOLD,1,43615,207,66,1000,ht_chantry-random-25.scen
380,ht_chantry.map,PIBT,1,50072,199,103,0,ht_chantry-random-25.scen
380,ht_chantry.map,PIBTOLD,1,50072,199,77,0,ht_chantry-random-25.scen
380,ht_chantry.map,PIBT,1,49297,206,181,1,ht_chantry-random-25.scen
380,ht_chantry.map,PIBTOLD,1,50072,199,72,1,ht_chantry-random-25.scen
380,ht_chantry.map,PIBT,1,48238,202,736,10,ht_chantry-random-25.scen
380,ht_chantry.map,PIBTOLD,1,50072,199,77,10,ht_chantry-random-25.scen
380,ht_chantry.map,PIBT,1,48829,208,6597,100,ht_chantry-random-25.scen
380,ht_chantry.map,PIBTOLD,1,50072,199,77,100,ht_chantry-random-25.scen
380,ht_chantry.map,PIBT,1,47646,198,53106,1000,ht_chantry-random-25.scen
380,ht_chantry.map,PIBTOLD,1,50072,199,77,1000,ht_chantry-random-25.scen
20,ht_chantry.map,PIBT,1,1706,178,4,0,ht_chantry-random-6.scen
20,ht_chantry.map,PIBTOLD,1,1706,178,4,0,ht_chantry-random-6.scen
20,ht_chantry.map,PIBT,1,1708,178,4,1,ht_chantry-random-6.scen
20,ht_chantry.map,PIBTOLD,1,1706,178,5,1,ht_chantry-random-6.scen
20,ht_chantry.map,PIBT,1,1708,178,4,10,ht_chantry-random-6.scen
20,ht_chantry.map,PIBTOLD,1,1706,178,4,10,ht_chantry-random-6.scen
20,ht_chantry.map,PIBT,1,1708,178,5,100,ht_chantry-random-6.scen
20,ht_chantry.map,PIBTOLD,1,1706,178,4,100,ht_chantry-random-6.scen
20,ht_chantry.map,PIBT,1,1708,178,4,1000,ht_chantry-random-6.scen
20,ht_chantry.map,PIBTOLD,1,1706,178,4,1000,ht_chantry-random-6.scen
60,ht_chantry.map,PIBT,1,6035,192,14,0,ht_chantry-random-6.scen
60,ht_chantry.map,PIBTOLD,1,6035,192,13,0,ht_chantry-random-6.scen
60,ht_chantry.map,PIBT,1,6021,194,12,1,ht_chantry-random-6.scen
60,ht_chantry.map,PIBTOLD,1,6035,192,12,1,ht_chantry-random-6.scen
60,ht_chantry.map,PIBT,1,6021,194,14,10,ht_chantry-random-6.scen
60,ht_chantry.map,PIBTOLD,1,6035,192,13,10,ht_chantry-random-6.scen
60,ht_chantry.map,PIBT,1,6021,194,13,100,ht_chantry-random-6.scen
60,ht_chantry.map,PIBTOLD,1,6035,192,12,100,ht_chantry-random-6.scen
60,ht_chantry.map,PIBT,1,6021,194,13,1000,ht_chantry-random-6.scen
60,ht_chantry.map,PIBTOLD,1,6035,192,12,1000,ht_chantry-random-6.scen
100,ht_chantry.map,PIBT,1,10457,192,21,0,ht_chantry-random-6.scen
100,ht_chantry.map,PIBTOLD,1,10457,192,19,0,ht_chantry-random-6.scen
100,ht_chantry.map,PIBT,1,10303,194,21,1,ht_chantry-random-6.scen
100,ht_chantry.map,PIBTOLD,1,10457,192,19,1,ht_chantry-random-6.scen
100,ht_chantry.map,PIBT,1,10303,194,22,10,ht_chantry-random-6.scen
100,ht_chantry.map,PIBTOLD,1,10457,192,19,10,ht_chantry-random-6.scen
100,ht_chantry.map,PIBT,1,10303,194,21,100,ht_chantry-random-6.scen
100,ht_chantry.map,PIBTOLD,1,10457,192,19,100,ht_chantry-random-6.scen
100,ht_chantry.map,PIBT,1,10303,194,21,1000,ht_chantry-random-6.scen
100,ht_chantry.map,PIBTOLD,1,10457,192,20,1000,ht_chantry-random-6.scen
140,ht_chantry.map,PIBT,1,15141,226,33,0,ht_chantry-random-6.scen
140,ht_chantry.map,PIBTOLD,1,15141,226,28,0,ht_chantry-random-6.scen
140,ht_chantry.map,PIBT,1,14535,194,34,1,ht_chantry-random-6.scen
140,ht_chantry.map,PIBTOLD,1,15141,226,27,1,ht_chantry-random-6.scen
140,ht_chantry.map,PIBT,1,14618,195,35,10,ht_chantry-random-6.scen
140,ht_chantry.map,PIBTOLD,1,15141,226,28,10,ht_chantry-random-6.scen
140,ht_chantry.map,PIBT,1,14618,195,35,100,ht_chantry-random-6.scen
140,ht_chantry.map,PIBTOLD,1,15141,226,28,100,ht_chantry-random-6.scen
140,ht_chantry.map,PIBT,1,14618,195,34,1000,ht_chantry-random-6.scen
140,ht_chantry.map,PIBTOLD,1,15141,226,29,1000,ht_chantry-random-6.scen
180,ht_chantry.map,PIBT,1,20483,203,38,0,ht_chantry-random-6.scen
180,ht_chantry.map,PIBTOLD,1,20483,203,36,0,ht_chantry-random-6.scen
180,ht_chantry.map,PIBT,1,19689,192,43,1,ht_chantry-random-6.scen
180,ht_chantry.map,PIBTOLD,1,20483,203,35,1,ht_chantry-random-6.scen
180,ht_chantry.map,PIBT,1,20088,194,63,10,ht_chantry-random-6.scen
180,ht_chantry.map,PIBTOLD,1,20483,203,36,10,ht_chantry-random-6.scen
180,ht_chantry.map,PIBT,1,20088,194,63,100,ht_chantry-random-6.scen
180,ht_chantry.map,PIBTOLD,1,20483,203,34,100,ht_chantry-random-6.scen
180,ht_chantry.map,PIBT,1,20088,194,64,1000,ht_chantry-random-6.scen
180,ht_chantry.map,PIBTOLD,1,20483,203,35,1000,ht_chantry-random-6.scen
220,ht_chantry.map,PIBT,1,25933,192,51,0,ht_chantry-random-6.scen
220,ht_chantry.map,PIBTOLD,1,25933,192,43,0,ht_chantry-random-6.scen
220,ht_chantry.map,PIBT,1,25337,196,79,1,ht_chantry-random-6.scen
220,ht_chantry.map,PIBTOLD,1,25933,192,43,1,ht_chantry-random-6.scen
220,ht_chantry.map,PIBT,1,25358,196,145,10,ht_chantry-random-6.scen
220,ht_chantry.map,PIBTOLD,1,25933,192,43,10,ht_chantry-random-6.scen
220,ht_chantry.map,PIBT,1,25418,196,803,100,ht_chantry-random-6.scen
220,ht_chantry.map,PIBTOLD,1,25933,192,42,100,ht_chantry-random-6.scen
220,ht_chantry.map,PIBT,1,24966,196,5473,1000,ht_chantry-random-6.scen
220,ht_chantry.map,PIBTOLD,1,25933,192,41,1000,ht_chantry-random-6.scen
260,ht_chantry.map,PIBT,1,31723,192,66,0,ht_chantry-random-6.scen
260,ht_chantry.map,PIBTOLD,1,31723,192,52,0,ht_chantry-random-6.scen
260,ht_chantry.map,PIBT,1,31545,197,114,1,ht_chantry-random-6.scen
260,ht_chantry.map,PIBTOLD,1,31723,192,52,1,ht_chantry-random-6.scen
260,ht_chantry.map,PIBT,1,31076,225,374,10,ht_chantry-random-6.scen
260,ht_chantry.map,PIBTOLD,1,31723,192,51,10,ht_chantry-random-6.scen
260,ht_chantry.map,PIBT,1,31063,221,2773,100,ht_chantry-random-6.scen
260,ht_chantry.map,PIBTOLD,1,31723,192,45,100,ht_chantry-random-6.scen
260,ht_chantry.map,PIBT,1,30731,197,14935,1000,ht_chantry-random-6.scen
260,ht_chantry.map,PIBTOLD,1,31723,192,50,1000,ht_chantry-random-6.scen
300,ht_chantry.map,PIBT,1,36620,194,74,0,ht_chantry-random-6.scen
300,ht_chantry.map,PIBTOLD,1,36620,194,61,0,ht_chantry-random-6.scen
300,ht_chantry.map,PIBT,1,36510,201,125,1,ht_chantry-random-6.scen
300,ht_chantry.map,PIBTOLD,1,36620,194,61,1,ht_chantry-random-6.scen
300,ht_chantry.map,PIBT,1,36331,196,478,10,ht_chantry-random-6.scen
300,ht_chantry.map,PIBTOLD,1,36620,194,59,10,ht_chantry-random-6.scen
300,ht_chantry.map,PIBT,1,36307,200,2782,100,ht_chantry-random-6.scen
300,ht_chantry.map,PIBTOLD,1,36620,194,59,100,ht_chantry-random-6.scen
300,ht_chantry.map,PIBT,1,36683,213,24132,1000,ht_chantry-random-6.scen
300,ht_chantry.map,PIBTOLD,1,36620,194,57,1000,ht_chantry-random-6.scen
340,ht_chantry.map,PIBT,1,43615,207,89,0,ht_chantry-random-6.scen
340,ht_chantry.map,PIBTOLD,1,43615,207,70,0,ht_chantry-random-6.scen
340,ht_chantry.map,PIBT,1,42702,202,158,1,ht_chantry-random-6.scen
340,ht_chantry.map,PIBTOLD,1,43615,207,68,1,ht_chantry-random-6.scen
340,ht_chantry.map,PIBT,1,42844,198,653,10,ht_chantry-random-6.scen
340,ht_chantry.map,PIBTOLD,1,43615,207,70,10,ht_chantry-random-6.scen
340,ht_chantry.map,PIBT,1,41913,197,4582,100,ht_chantry-random-6.scen
340,ht_chantry.map,PIBTOLD,1,43615,207,70,100,ht_chantry-random-6.scen
340,ht_chantry.map,PIBT,1,42194,200,39279,1000,ht_chantry-random-6.scen
340,ht_chantry.map,PIBTOLD,1,43615,207,68,1000,ht_chantry-random-6.scen
380,ht_chantry.map,PIBT,1,50072,199,105,0,ht_chantry-random-6.scen
380,ht_chantry.map,PIBTOLD,1,50072,199,82,0,ht_chantry-random-6.scen
380,ht_chantry.map,PIBT,1,48956,203,181,1,ht_chantry-random-6.scen
380,ht_chantry.map,PIBTOLD,1,50072,199,77,1,ht_chantry-random-6.scen
380,ht_chantry.map,PIBT,1,48409,201,772,10,ht_chantry-random-6.scen
380,ht_chantry.map,PIBTOLD,1,50072,199,75,10,ht_chantry-random-6.scen
380,ht_chantry.map,PIBT,1,48079,203,6837,100,ht_chantry-random-6.scen
380,ht_chantry.map,PIBTOLD,1,50072,199,75,100,ht_chantry-random-6.scen
380,ht_chantry.map,PIBT,1,47671,196,49293,1000,ht_chantry-random-6.scen
380,ht_chantry.map,PIBTOLD,1,50072,199,76,1000,ht_chantry-random-6.scen
20,ht_chantry.map,PIBT,1,1706,178,4,0,ht_chantry-random-14.scen
20,ht_chantry.map,PIBTOLD,1,1706,178,4,0,ht_chantry-random-14.scen
20,ht_chantry.map,PIBT,1,1708,178,4,1,ht_chantry-random-14.scen
20,ht_chantry.map,PIBTOLD,1,1706,178,5,1,ht_chantry-random-14.scen
20,ht_chantry.map,PIBT,1,1708,178,5,10,ht_chantry-random-14.scen
20,ht_chantry.map,PIBTOLD,1,1706,178,4,10,ht_chantry-random-14.scen
20,ht_chantry.map,PIBT,1,1708,178,6,100,ht_chantry-random-14.scen
20,ht_chantry.map,PIBTOLD,1,1706,178,5,100,ht_chantry-random-14.scen
20,ht_chantry.map,PIBT,1,1708,178,5,1000,ht_chantry-random-14.scen
20,ht_chantry.map,PIBTOLD,1,1706,178,4,1000,ht_chantry-random-14.scen
60,ht_chantry.map,PIBT,1,6035,192,12,0,ht_chantry-random-14.scen
60,ht_chantry.map,PIBTOLD,1,6035,192,10,0,ht_chantry-random-14.scen
60,ht_chantry.map,PIBT,1,6021,194,13,1,ht_chantry-random-14.scen
60,ht_chantry.map,PIBTOLD,1,6035,192,12,1,ht_chantry-random-14.scen
60,ht_chantry.map,PIBT,1,6021,194,13,10,ht_chantry-random-14.scen
60,ht_chantry.map,PIBTOLD,1,6035,192,13,10,ht_chantry-random-14.scen
60,ht_chantry.map,PIBT,1,6021,194,13,100,ht_chantry-random-14.scen
60,ht_chantry.map,PIBTOLD,1,6035,192,10,100,ht_chantry-random-14.scen
60,ht_chantry.map,PIBT,1,6021,194,13,1000,ht_chantry-random-14.scen
60,ht_chantry.map,PIBTOLD,1,6035,192,12,1000,ht_chantry-random-14.scen
100,ht_chantry.map,PIBT,1,10457,192,22,0,ht_chantry-random-14.scen
100,ht_chantry.map,PIBTOLD,1,10457,192,19,0,ht_chantry-random-14.scen
100,ht_chantry.map,PIBT,1,10303,194,21,1,ht_chantry-random-14.scen
100,ht_chantry.map,PIBTOLD,1,10457,192,19,1,ht_chantry-random-14.scen
100,ht_chantry.map,PIBT,1,10303,194,23,10,ht_chantry-random-14.scen
100,ht_chantry.map,PIBTOLD,1,10457,192,20,10,ht_chantry-random-14.scen
100,ht_chantry.map,PIBT,1,10303,194,21,100,ht_chantry-random-14.scen
100,ht_chantry.map,PIBTOLD,1,10457,192,19,100,ht_chantry-random-14.scen
100,ht_chantry.map,PIBT,1,10303,194,22,1000,ht_chantry-random-14.scen
100,ht_chantry.map,PIBTOLD,1,10457,192,18,1000,ht_chantry-random-14.scen
140,ht_chantry.map,PIBT,1,15141,226,30,0,ht_chantry-random-14.scen
140,ht_chantry.map,PIBTOLD,1,15141,226,28,0,ht_chantry-random-14.scen
140,ht_chantry.map,PIBT,1,14598,193,35,1,ht_chantry-random-14.scen
140,ht_chantry.map,PIBTOLD,1,15141,226,28,1,ht_chantry-random-14.scen
140,ht_chantry.map,PIBT,1,14618,195,35,10,ht_chantry-random-14.scen
140,ht_chantry.map,PIBTOLD,1,15141,226,28,10,ht_chantry-random-14.scen
140,ht_chantry.map,PIBT,1,14618,195,34,100,ht_chantry-random-14.scen
140,ht_chantry.map,PIBTOLD,1,15141,226,29,100,ht_chantry-random-14.scen
140,ht_chantry.map,PIBT,1,14618,195,33,1000,ht_chantry-random-14.scen
140,ht_chantry.map,PIBTOLD,1,15141,226,28,1000,ht_chantry-random-14.scen
180,ht_chantry.map,PIBT,1,20483,203,40,0,ht_chantry-random-14.scen
180,ht_chantry.map,PIBTOLD,1,20483,203,35,0,ht_chantry-random-14.scen
180,ht_chantry.map,PIBT,1,19973,192,42,1,ht_chantry-random-14.scen
180,ht_chantry.map,PIBTOLD,1,20483,203,35,1,ht_chantry-random-14.scen
180,ht_chantry.map,PIBT,1,20088,194,66,10,ht_chantry-random-14.scen
180,ht_chantry.map,PIBTOLD,1,20483,203,36,10,ht_chantry-random-14.scen
180,ht_chantry.map,PIBT,1,20088,194,63,100,ht_chantry-random-14.scen
180,ht_chantry.map,PIBTOLD,1,20483,203,35,100,ht_chantry-random-14.scen
180,ht_chantry.map,PIBT,1,20088,194,65,1000,ht_chantry-random-14.scen
180,ht_chantry.map,PIBTOLD,1,20483,203,35,1000,ht_chantry-random-14.scen
220,ht_chantry.map,PIBT,1,25933,192,49,0,ht_chantry-random-14.scen
220,ht_chantry.map,PIBTOLD,1,25933,192,43,0,ht_chantry-random-14.scen
220,ht_chantry.map,PIBT,1,25245,196,84,1,ht_chantry-random-14.scen
220,ht_chantry.map,PIBTOLD,1,25933,192,43,1,ht_chantry-random-14.scen
220,ht_chantry.map,PIBT,1,24977,198,161,10,ht_chantry-random-14.scen
220,ht_chantry.map,PIBTOLD,1,25933,192,44,10,ht_chantry-random-14.scen
220,ht_chantry.map,PIBT,1,25002,196,765,100,ht_chantry-random-14.scen
220,ht_chantry.map,PIBTOLD,1,25933,192,43,100,ht_chantry-random-14.scen
220,ht_chantry.map,PIBT,1,25350,196,4436,1000,ht_chantry-random-14.scen
220,ht_chantry.map,PIBTOLD,1,25933,192,42,1000,ht_chantry-random-14.scen
260,ht_chantry.map,PIBT,1,31723,192,62,0,ht_chantry-random-14.scen
260,ht_chantry.map,PIBTOLD,1,31723,192,54,0,ht_chantry-random-14.scen
260,ht_chantry.map,PIBT,1,31103,199,103,1,ht_chantry-random-14.scen
260,ht_chantry.map,PIBTOLD,1,31723,192,51,1,ht_chantry-random-14.scen
260,ht_chantry.map,PIBT,1,30802,200,392,10,ht_chantry-random-14.scen
260,ht_chantry.map,PIBTOLD,1,31723,192,49,10,ht_chantry-random-14.scen
260,ht_chantry.map,PIBT,1,31414,196,2353,100,ht_chantry-random-14.scen
260,ht_chantry.map,PIBTOLD,1,31723,192,54,100,ht_chantry-random-14.scen
260,ht_chantry.map,PIBT,1,31155,233,17588,1000,ht_chantry-random-14.scen
260,ht_chantry.map,PIBTOLD,1,31723,192,52,1000,ht_chantry-random-14.scen
300,ht_chantry.map,PIBT,1,36620,194,76,0,ht_chantry-random-14.scen
300,ht_chantry.map,PIBTOLD,1,36620,194,60,0,ht_chantry-random-14.scen
300,ht_chantry.map,PIBT,1,36801,204,127,1,ht_chantry-random-14.scen
300,ht_chantry.map,PIBTOLD,1,36620,194,60,1,ht_chantry-random-14.scen
300,ht_chantry.map,PIBT,1,37217,235,495,10,ht_chantry-random-14.scen
300,ht_chantry.map,PIBTOLD,1,36620,194,61,10,ht_chantry-random-14.scen
300,ht_chantry.map,PIBT,1,36144,201,3061,100,ht_chantry-random-14.scen
300,ht_chantry.map,PIBTOLD,1,36620,194,59,100,ht_chantry-random-14.scen
300,ht_chantry.map,PIBT,1,35907,205,22432,1000,ht_chantry-random-14.scen
300,ht_chantry.map,PIBTOLD,1,36620,194,60,1000,ht_chantry-random-14.scen
340,ht_chantry.map,PIBT,1,43615,207,92,0,ht_chantry-random-14.scen
340,ht_chantry.map,PIBTOLD,1,43615,207,71,0,ht_chantry-random-14.scen
340,ht_chantry.map,PIBT,1,42412,208,160,1,ht_chantry-random-14.scen
340,ht_chantry.map,PIBTOLD,1,43615,207,68,1,ht_chantry-random-14.scen
340,ht_chantry.map,PIBT,1,42722,222,678,10,ht_chantry-random-14.scen
340,ht_chantry.map,PIBTOLD,1,43615,207,67,10,ht_chantry-random-14.scen
340,ht_chantry.map,PIBT,1,41987,196,4704,100,ht_chantry-random-14.scen
340,ht_chantry.map,PIBTOLD,1,43615,207,68,100,ht_chantry-random-14.scen
340,ht_chantry.map,PIBT,1,43163,204,47037,1000,ht_chantry-random-14.scen
340,ht_chantry.map,PIBTOLD,1,43615,207,68,1000,ht_chantry-random-14.scen
380,ht_chantry.map,PIBT,1,50072,199,101,0,ht_chantry-random-14.scen
380,ht_chantry.map,PIBTOLD,1,50072,199,76,0,ht_chantry-random-14.scen
380,ht_chantry.map,PIBT,1,48692,202,183,1,ht_chantry-random-14.scen
380,ht_chantry.map,PIBTOLD,1,50072,199,73,1,ht_chantry-random-14.scen
380,ht_chantry.map,PIBT,1,48817,207,761,10,ht_chantry-random-14.scen
380,ht_chantry.map,PIBTOLD,1,50072,199,72,10,ht_chantry-random-14.scen
380,ht_chantry.map,PIBT,1,48816,205,6467,100,ht_chantry-random-14.scen
380,ht_chantry.map,PIBTOLD,1,50072,199,79,100,ht_chantry-random-14.scen
20,ht_chantry.map,PIBT,1,1706,178,5,0,ht_chantry-random-17.scen
20,ht_chantry.map,PIBTOLD,1,1706,178,4,0,ht_chantry-random-17.scen
20,ht_chantry.map,PIBT,1,1708,178,4,1,ht_chantry-random-17.scen
20,ht_chantry.map,PIBTOLD,1,1706,178,4,1,ht_chantry-random-17.scen
20,ht_chantry.map,PIBT,1,1708,178,5,10,ht_chantry-random-17.scen
20,ht_chantry.map,PIBTOLD,1,1706,178,4,10,ht_chantry-random-17.scen
20,ht_chantry.map,PIBT,1,1708,178,5,100,ht_chantry-random-17.scen
20,ht_chantry.map,PIBTOLD,1,1706,178,4,100,ht_chantry-random-17.scen
20,ht_chantry.map,PIBT,1,1708,178,4,1000,ht_chantry-random-17.scen
20,ht_chantry.map,PIBTOLD,1,1706,178,4,1000,ht_chantry-random-17.scen
60,ht_chantry.map,PIBT,1,6035,192,13,0,ht_chantry-random-17.scen
60,ht_chantry.map,PIBTOLD,1,6035,192,12,0,ht_chantry-random-17.scen
60,ht_chantry.map,PIBT,1,6021,194,13,1,ht_chantry-random-17.scen
60,ht_chantry.map,PIBTOLD,1,6035,192,12,1,ht_chantry-random-17.scen
60,ht_chantry.map,PIBT,1,6021,194,12,10,ht_chantry-random-17.scen
60,ht_chantry.map,PIBTOLD,1,6035,192,11,10,ht_chantry-random-17.scen
60,ht_chantry.map,PIBT,1,6021,194,13,100,ht_chantry-random-17.scen
60,ht_chantry.map,PIBTOLD,1,6035,192,12,100,ht_chantry-random-17.scen
60,ht_chantry.map,PIBT,1,6021,194,13,1000,ht_chantry-random-17.scen
60,ht_chantry.map,PIBTOLD,1,6035,192,11,1000,ht_chantry-random-17.scen
100,ht_chantry.map,PIBT,1,10457,192,22,0,ht_chantry-random-17.scen
100,ht_chantry.map,PIBTOLD,1,10457,192,19,0,ht_chantry-random-17.scen
100,ht_chantry.map,PIBT,1,10303,194,21,1,ht_chantry-random-17.scen
100,ht_chantry.map,PIBTOLD,1,10457,192,19,1,ht_chantry-random-17.scen
100,ht_chantry.map,PIBT,1,10303,194,22,10,ht_chantry-random-17.scen
100,ht_chantry.map,PIBTOLD,1,10457,192,19,10,ht_chantry-random-17.scen
100,ht_chantry.map,PIBT,1,10303,194,24,100,ht_chantry-random-17.scen
100,ht_chantry.map,PIBTOLD,1,10457,192,19,100,ht_chantry-random-17.scen
100,ht_chantry.map,PIBT,1,10303,194,22,1000,ht_chantry-random-17.scen
100,ht_chantry.map,PIBTOLD,1,10457,192,19,1000,ht_chantry-random-17.scen
140,ht_chantry.map,PIBT,1,15141,226,32,0,ht_chantry-random-17.scen
140,ht_chantry.map,PIBTOLD,1,15141,226,27,0,ht_chantry-random-17.scen
140,ht_chantry.map,PIBT,1,14389,193,38,1,ht_chantry-random-17.scen
140,ht_chantry.map,PIBTOLD,1,15141,226,29,1,ht_chantry-random-17.scen
140,ht_chantry.map,PIBT,1,14618,195,36,10,ht_chantry-random-17.scen
140,ht_chantry.map,PIBTOLD,1,15141,226,29,10,ht_chantry-random-17.scen
140,ht_chantry.map,PIBT,1,14618,195,35,100,ht_chantry-random-17.scen
140,ht_chantry.map,PIBTOLD,1,15141,226,30,100,ht_chantry-random-17.scen
140,ht_chantry.map,PIBT,1,14618,195,32,1000,ht_chantry-random-17.scen
140,ht_chantry.map,PIBTOLD,1,15141,226,28,1000,ht_chantry-random-17.scen
180,ht_chantry.map,PIBT,1,20483,203,41,0,ht_chantry-random-17.scen
180,ht_chantry.map,PIBTOLD,1,20483,203,35,0,ht_chantry-random-17.scen
180,ht_chantry.map,PIBT,1,19794,192,46,1,ht_chantry-random-17.scen
180,ht_chantry.map,PIBTOLD,1,20483,203,34,1,ht_chantry-random-17.scen
180,ht_chantry.map,PIBT,1,20088,194,63,10,ht_chantry-random-17.scen
180,ht_chantry.map,PIBTOLD,1,20483,203,36,10,ht_chantry-random-17.scen
180,ht_chantry.map,PIBT,1,20088,194,62,100,ht_chantry-random-17.scen
180,ht_chantry.map,PIBTOLD,1,20483,203,37,100,ht_chantry-random-17.scen
180,ht_chantry.map,PIBT,1,20088,194,63,1000,ht_chantry-random-17.scen
180,ht_chantry.map,PIBTOLD,1,20483,203,36,1000,ht_chantry-random-17.scen
220,ht_chantry.map,PIBT,1,25933,192,50,0,ht_chantry-random-17.scen
220,ht_chantry.map,PIBTOLD,1,25933,192,42,0,ht_chantry-random-17.scen
220,ht_chantry.map,PIBT,1,25568,199,75,1,ht_chantry-random-17.scen
220,ht_chantry.map,PIBTOLD,1,25933,192,45,1,ht_chantry-random-17.scen
220,ht_chantry.map,PIBT,0,25235,100000,10274,10,ht_chantry-random-17.scen
220,ht_chantry.map,PIBTOLD,1,25933,192,42,10,ht_chantry-random-17.scen
220,ht_chantry.map,PIBT,1,25100,196,899,100,ht_chantry-random-17.scen
220,ht_chantry.map,PIBTOLD,1,25933,192,42,100,ht_chantry-random-17.scen
220,ht_chantry.map,PIBT,1,25323,196,5640,1000,ht_chantry-random-17.scen
220,ht_chantry.map,PIBTOLD,1,25933,192,43,1000,ht_chantry-random-17.scen
260,ht_chantry.map,PIBT,1,31723,192,61,0,ht_chantry-random-17.scen
260,ht_chantry.map,PIBTOLD,1,31723,192,46,0,ht_chantry-random-17.scen
260,ht_chantry.map,PIBT,1,30808,200,92,1,ht_chantry-random-17.scen
260,ht_chantry.map,PIBTOLD,1,31723,192,44,1,ht_chantry-random-17.scen
260,ht_chantry.map,PIBT,1,31491,203,386,10,ht_chantry-random-17.scen
260,ht_chantry.map,PIBTOLD,1,31723,192,53,10,ht_chantry-random-17.scen
260,ht_chantry.map,PIBT,1,30971,223,2371,100,ht_chantry-random-17.scen
260,ht_chantry.map,PIBTOLD,1,31723,192,49,100,ht_chantry-random-17.scen
260,ht_chantry.map,PIBT,1,31269,197,19237,1000,ht_chantry-random-17.scen
260,ht_chantry.map,PIBTOLD,1,31723,192,49,1000,ht_chantry-random-17.scen
300,ht_chantry.map,PIBT,1,36620,194,74,0,ht_chantry-random-17.scen
300,ht_chantry.map,PIBTOLD,1,36620,194,60,0,ht_chantry-random-17.scen
300,ht_chantry.map,PIBT,1,36953,208,136,1,ht_chantry-random-17.scen
300,ht_chantry.map,PIBTOLD,1,36620,194,59,1,ht_chantry-random-17.scen
300,ht_chantry.map,PIBT,1,36720,229,517,10,ht_chantry-random-17.scen
300,ht_chantry.map,PIBTOLD,1,36620,194,59,10,ht_chantry-random-17.scen
300,ht_chantry.map,PIBT,1,36553,197,2691,100,ht_chantry-random-17.scen
300,ht_chantry.map,PIBTOLD,1,36620,194,58,100,ht_chantry-random-17.scen
300,ht_chantry.map,PIBT,1,36003,196,23638,1000,ht_chantry-random-17.scen
300,ht_chantry.map,PIBTOLD,1,36620,194,57,1000,ht_chantry-random-17.scen
340,ht_chantry.map,PIBT,1,43615,207,90,0,ht_chantry-random-17.scen
340,ht_chantry.map,PIBTOLD,1,43615,207,67,0,ht_chantry-random-17.scen
340,ht_chantry.map,PIBT,1,42187,198,148,1,ht_chantry-random-17.scen
340,ht_chantry.map,PIBTOLD,1,43615,207,70,1,ht_chantry-random-17.scen
340,ht_chantry.map,PIBT,1,43100,199,643,10,ht_chantry-random-17.scen
340,ht_chantry.map,PIBTOLD,1,43615,207,68,10,ht_chantry-random-17.scen
340,ht_chantry.map,PIBT,1,42505,204,5537,100,ht_chantry-random-17.scen
340,ht_chantry.map,PIBTOLD,1,43615,207,69,100,ht_chantry-random-17.scen
340,ht_chantry.map,PIBT,1,42388,198,44953,1000,ht_chantry-random-17.scen
340,ht_chantry.map,PIBTOLD,1,43615,207,69,1000,ht_chantry-random-17.scen
380,ht_chantry.map,PIBT,1,50072,199,101,0,ht_chantry-random-17.scen
380,ht_chantry.map,PIBTOLD,1,50072,199,78,0,ht_chantry-random-17.scen
380,ht_chantry.map,PIBT,1,49463,211,190,1,ht_chantry-random-17.scen
380,ht_chantry.map,PIBTOLD,1,50072,199,76,1,ht_chantry-random-17.scen
380,ht_chantry.map,PIBT,1,48631,214,772,10,ht_chantry-random-17.scen
380,ht_chantry.map,PIBTOLD,1,50072,199,80,10,ht_chantry-random-17.scen
380,ht_chantry.map,PIBT,1,49402,202,6299,100,ht_chantry-random-17.scen
380,ht_chantry.map,PIBTOLD,1,50072,199,76,100,ht_chantry-random-17.scen
380,ht_chantry.map,PIBT,1,48629,205,57980,1000,ht_chantry-random-17.scen
380,ht_chantry.map,PIBTOLD,1,50072,199,75,1000,ht_chantry-random-17.scen
20,ht_chantry.map,PIBT,1,1706,178,5,0,ht_chantry-random-20.scen
20,ht_chantry.map,PIBTOLD,1,1706,178,5,0,ht_chantry-random-20.scen
20,ht_chantry.map,PIBT,1,1708,178,5,1,ht_chantry-random-20.scen
20,ht_chantry.map,PIBTOLD,1,1706,178,4,1,ht_chantry-random-20.scen
20,ht_chantry.map,PIBT,1,1708,178,5,10,ht_chantry-random-20.scen
20,ht_chantry.map,PIBTOLD,1,1706,178,4,10,ht_chantry-random-20.scen
20,ht_chantry.map,PIBT,1,1708,178,4,100,ht_chantry-random-20.scen
20,ht_chantry.map,PIBTOLD,1,1706,178,4,100,ht_chantry-random-20.scen
20,ht_chantry.map,PIBT,1,1708,178,4,1000,ht_chantry-random-20.scen
20,ht_chantry.map,PIBTOLD,1,1706,178,4,1000,ht_chantry-random-20.scen
60,ht_chantry.map,PIBT,1,6035,192,13,0,ht_chantry-random-20.scen
60,ht_chantry.map,PIBTOLD,1,6035,192,13,0,ht_chantry-random-20.scen
60,ht_chantry.map,PIBT,1,6021,194,11,1,ht_chantry-random-20.scen
60,ht_chantry.map,PIBTOLD,1,6035,192,13,1,ht_chantry-random-20.scen
60,ht_chantry.map,PIBT,1,6021,194,12,10,ht_chantry-random-20.scen
60,ht_chantry.map,PIBTOLD,1,6035,192,13,10,ht_chantry-random-20.scen
60,ht_chantry.map,PIBT,1,6021,194,13,100,ht_chantry-random-20.scen
60,ht_chantry.map,PIBTOLD,1,6035,192,12,100,ht_chantry-random-20.scen
60,ht_chantry.map,PIBT,1,6021,194,14,1000,ht_chantry-random-20.scen
60,ht_chantry.map,PIBTOLD,1,6035,192,12,1000,ht_chantry-random-20.scen
100,ht_chantry.map,PIBT,1,10457,192,20,0,ht_chantry-random-20.scen
100,ht_chantry.map,PIBTOLD,1,10457,192,18,0,ht_chantry-random-20.scen
100,ht_chantry.map,PIBT,1,10303,194,22,1,ht_chantry-random-20.scen
100,ht_chantry.map,PIBTOLD,1,10457,192,20,1,ht_chantry-random-20.scen
100,ht_chantry.map,PIBT,1,10303,194,22,10,ht_chantry-random-20.scen
100,ht_chantry.map,PIBTOLD,1,10457,192,18,10,ht_chantry-random-20.scen
100,ht_chantry.map,PIBT,1,10303,194,22,100,ht_chantry-random-20.scen
100,ht_chantry.map,PIBTOLD,1,10457,192,19,100,ht_chantry-random-20.scen
100,ht_chantry.map,PIBT,1,10303,194,25,1000,ht_chantry-random-20.scen
100,ht_chantry.map,PIBTOLD,1,10457,192,19,1000,ht_chantry-random-20.scen
140,ht_chantry.map,PIBT,1,15141,226,36,0,ht_chantry-random-20.scen
140,ht_chantry.map,PIBTOLD,1,15141,226,28,0,ht_chantry-random-20.scen
140,ht_chantry.map,PIBT,1,14739,197,33,1,ht_chantry-random-20.scen
140,ht_chantry.map,PIBTOLD,1,15141,226,28,1,ht_chantry-random-20.scen
140,ht_chantry.map,PIBT,1,14618,195,35,10,ht_chantry-random-20.scen
140,ht_chantry.map,PIBTOLD,1,15141,226,29,10,ht_chantry-random-20.scen
140,ht_chantry.map,PIBT,1,14618,195,34,100,ht_chantry-random-20.scen
140,ht_chantry.map,PIBTOLD,1,15141,226,28,100,ht_chantry-random-20.scen
140,ht_chantry.map,PIBT,1,14618,195,37,1000,ht_chantry-random-20.scen
140,ht_chantry.map,PIBTOLD,1,15141,226,28,1000,ht_chantry-random-20.scen
180,ht_chantry.map,PIBT,1,20483,203,41,0,ht_chantry-random-20.scen
180,ht_chantry.map,PIBTOLD,1,20483,203,37,0,ht_chantry-random-20.scen
180,ht_chantry.map,PIBT,1,19742,194,45,1,ht_chantry-random-20.scen
180,ht_chantry.map,PIBTOLD,1,20483,203,37,1,ht_chantry-random-20.scen
180,ht_chantry.map,PIBT,1,20088,194,64,10,ht_chantry-random-20.scen
180,ht_chantry.map,PIBTOLD,1,20483,203,37,10,ht_chantry-random-20.scen
180,ht_chantry.map,PIBT,1,20088,194,62,100,ht_chantry-random-20.scen
180,ht_chantry.map,PIBTOLD,1,20483,203,34,100,ht_chantry-random-20.scen
180,ht_chantry.map,PIBT,1,20088,194,67,1000,ht_chantry-random-20.scen
180,ht_chantry.map,PIBTOLD,1,20483,203,36,1000,ht_chantry-random-20.scen
220,ht_chantry.map,PIBT,1,25933,192,53,0,ht_chantry-random-20.scen
220,ht_chantry.map,PIBTOLD,1,25933,192,38,0,ht_chantry-random-20.scen
220,ht_chantry.map,PIBT,1,25278,196,77,1,ht_chantry-random-20.scen
220,ht_chantry.map,PIBTOLD,1,25933,192,45,1,ht_chantry-random-20.scen
220,ht_chantry.map,PIBT,1,25207,196,128,10,ht_chantry-random-20.scen
220,ht_chantry.map,PIBTOLD,1,25933,192,43,10,ht_chantry-random-20.scen
220,ht_chantry.map,PIBT,1,24894,196,825,100,ht_chantry-random-20.scen
220,ht_chantry.map,PIBTOLD,1,25933,192,43,100,ht_chantry-random-20.scen
220,ht_chantry.map,PIBT,1,25044,196,4878,1000,ht_chantry-random-20.scen
220,ht_chantry.map,PIBTOLD,1,25933,192,42,1000,ht_chantry-random-20.scen
260,ht_chantry.map,PIBT,1,31723,192,66,0,ht_chantry-random-20.scen
260,ht_chantry.map,PIBTOLD,1,31723,192,51,0,ht_chantry-random-20.scen
260,ht_chantry.map,PIBT,1,30940,196,110,1,ht_chantry-random-20.scen
260,ht_chantry.map,PIBTOLD,1,31723,192,51,1,ht_chantry-random-20.scen
260,ht_chantry.map,PIBT,1,30944,207,396,10,ht_chantry-random-20.scen
260,ht_chantry.map,PIBTOLD,1,31723,192,51,10,ht_chantry-random-20.scen
260,ht_chantry.map,PIBT,1,30861,201,2599,100,ht_chantry-random-20.scen
260,ht_chantry.map,PIBTOLD,1,31723,192,52,100,ht_chantry-random-20.scen
260,ht_chantry.map,PIBT,1,30918,193,18294,1000,ht_chantry-random-20.scen
260,ht_chantry.map,PIBTOLD,1,31723,192,50,1000,ht_chantry-random-20.scen
300,ht_chantry.map,PIBT,1,36620,194,76,0,ht_chantry-random-20.scen
300,ht_chantry.map,PIBTOLD,1,36620,194,61,0,ht_chantry-random-20.scen
300,ht_chantry.map,PIBT,1,37504,204,134,1,ht_chantry-random-20.scen
300,ht_chantry.map,PIBTOLD,1,36620,194,60,1,ht_chantry-random-20.scen
300,ht_chantry.map,PIBT,1,36302,202,557,10,ht_chantry-random-20.scen
300,ht_chantry.map,PIBTOLD,1,36620,194,60,10,ht_chantry-random-20.scen
300,ht_chantry.map,PIBT,1,36308,203,2431,100,ht_chantry-random-20.scen
300,ht_chantry.map,PIBTOLD,1,36620,194,59,100,ht_chantry-random-20.scen
300,ht_chantry.map,PIBT,1,36474,204,27887,1000,ht_chantry-random-20.scen
300,ht_chantry.map,PIBTOLD,1,36620,194,52,1000,ht_chantry-random-20.scen
340,ht_chantry.map,PIBT,1,43615,207,91,0,ht_chantry-random-20.scen
340,ht_chantry.map,PIBTOLD,1,43615,207,69,0,ht_chantry-random-20.scen
340,ht_chantry.map,PIBT,1,43039,220,160,1,ht_chantry-random-20.scen
340,ht_chantry.map,PIBTOLD,1,43615,207,69,1,ht_chantry-random-20.scen
340,ht_chantry.map,PIBT,1,42898,199,615,10,ht_chantry-random-20.scen
340,ht_chantry.map,PIBTOLD,1,43615,207,66,10,ht_chantry-random-20.scen
340,ht_chantry.map,PIBT,1,42514,199,5060,100,ht_chantry-random-20.scen
340,ht_chantry.map,PIBTOLD,1,43615,207,71,100,ht_chantry-random-20.scen
340,ht_chantry.map,PIBT,1,42258,199,46409,1000,ht_chantry-random-20.scen
340,ht_chantry.map,PIBTOLD,1,43615,207,71,1000,ht_chantry-random-20.scen
380,ht_chantry.map,PIBT,1,50072,199,103,0,ht_chantry-random-20.scen
380,ht_chantry.map,PIBTOLD,1,50072,199,77,0,ht_chantry-random-20.scen
380,ht_chantry.map,PIBT,1,49302,275,198,1,ht_chantry-random-20.scen
380,ht_chantry.map,PIBTOLD,1,50072,199,78,1,ht_chantry-random-20.scen
380,ht_chantry.map,PIBT,1,48832,202,803,10,ht_chantry-random-20.scen
380,ht_chantry.map,PIBTOLD,1,50072,199,76,10,ht_chantry-random-20.scen
380,ht_chantry.map,PIBT,1,48051,218,6400,100,ht_chantry-random-20.scen
380,ht_chantry.map,PIBTOLD,1,50072,199,78,100,ht_chantry-random-20.scen
20,ht_chantry.map,PIBT,1,1706,178,5,0,ht_chantry-random-15.scen
20,ht_chantry.map,PIBTOLD,1,1706,178,4,0,ht_chantry-random-15.scen
20,ht_chantry.map,PIBT,1,1708,178,4,1,ht_chantry-random-15.scen
20,ht_chantry.map,PIBTOLD,1,1706,178,4,1,ht_chantry-random-15.scen
20,ht_chantry.map,PIBT,1,1708,178,5,10,ht_chantry-random-15.scen
20,ht_chantry.map,PIBTOLD,1,1706,178,4,10,ht_chantry-random-15.scen
20,ht_chantry.map,PIBT,1,1708,178,5,100,ht_chantry-random-15.scen
20,ht_chantry.map,PIBTOLD,1,1706,178,5,100,ht_chantry-random-15.scen
20,ht_chantry.map,PIBT,1,1708,178,5,1000,ht_chantry-random-15.scen
20,ht_chantry.map,PIBTOLD,1,1706,178,4,1000,ht_chantry-random-15.scen
60,ht_chantry.map,PIBT,1,6035,192,13,0,ht_chantry-random-15.scen
60,ht_chantry.map,PIBTOLD,1,6035,192,12,0,ht_chantry-random-15.scen
60,ht_chantry.map,PIBT,1,6021,194,13,1,ht_chantry-random-15.scen
60,ht_chantry.map,PIBTOLD,1,6035,192,12,1,ht_chantry-random-15.scen
60,ht_chantry.map,PIBT,1,6021,194,13,10,ht_chantry-random-15.scen
60,ht_chantry.map,PIBTOLD,1,6035,192,12,10,ht_chantry-random-15.scen
60,ht_chantry.map,PIBT,1,6021,194,13,100,ht_chantry-random-15.scen
60,ht_chantry.map,PIBTOLD,1,6035,192,11,100,ht_chantry-random-15.scen
60,ht_chantry.map,PIBT,1,6021,194,13,1000,ht_chantry-random-15.scen
60,ht_chantry.map,PIBTOLD,1,6035,192,11,1000,ht_chantry-random-15.scen
100,ht_chantry.map,PIBT,1,10457,192,22,0,ht_chantry-random-15.scen
100,ht_chantry.map,PIBTOLD,1,10457,192,19,0,ht_chantry-random-15.scen
100,ht_chantry.map,PIBT,1,10303,194,21,1,ht_chantry-random-15.scen
100,ht_chantry.map,PIBTOLD,1,10457,192,20,1,ht_chantry-random-15.scen
100,ht_chantry.map,PIBT,1,10303,194,22,10,ht_chantry-random-15.scen
100,ht_chantry.map,PIBTOLD,1,10457,192,19,10,ht_chantry-random-15.scen
100,ht_chantry.map,PIBT,1,10303,194,21,100,ht_chantry-random-15.scen
100,ht_chantry.map,PIBTOLD,1,10457,192,20,100,ht_chantry-random-15.scen
100,ht_chantry.map,PIBT,1,10303,194,22,1000,ht_chantry-random-15.scen
100,ht_chantry.map,PIBTOLD,1,10457,192,21,1000,ht_chantry-random-15.scen
140,ht_chantry.map,PIBT,1,15141,226,33,0,ht_chantry-random-15.scen
140,ht_chantry.map,PIBTOLD,1,15141,226,30,0,ht_chantry-random-15.scen
140,ht_chantry.map,PIBT,1,14491,196,34,1,ht_chantry-random-15.scen
140,ht_chantry.map,PIBTOLD,1,15141,226,30,1,ht_chantry-random-15.scen
140,ht_chantry.map,PIBT,1,14618,195,37,10,ht_chantry-random-15.scen
140,ht_chantry.map,PIBTOLD,1,15141,226,31,10,ht_chantry-random-15.scen
140,ht_chantry.map,PIBT,1,14618,195,35,100,ht_chantry-random-15.scen
140,ht_chantry.map,PIBTOLD,1,15141,226,30,100,ht_chantry-random-15.scen
140,ht_chantry.map,PIBT,1,14618,195,36,1000,ht_chantry-random-15.scen
140,ht_chantry.map,PIBTOLD,1,15141,226,30,1000,ht_chantry-random-15.scen
180,ht_chantry.map,PIBT,1,20483,203,43,0,ht_chantry-random-15.scen
180,ht_chantry.map,PIBTOLD,1,20483,203,34,0,ht_chantry-random-15.scen
180,ht_chantry.map,PIBT,1,19578,194,44,1,ht_chantry-random-15.scen
180,ht_chantry.map,PIBTOLD,1,20483,203,38,1,ht_chantry-random-15.scen
180,ht_chantry.map,PIBT,1,20088,194,65,10,ht_chantry-random-15.scen
180,ht_chantry.map,PIBTOLD,1,20483,203,36,10,ht_chantry-random-15.scen
180,ht_chantry.map,PIBT,1,20088,194,62,100,ht_chantry-random-15.scen
180,ht_chantry.map,PIBTOLD,1,20483,203,36,100,ht_chantry-random-15.scen
180,ht_chantry.map,PIBT,1,20088,194,62,1000,ht_chantry-random-15.scen
180,ht_chantry.map,PIBTOLD,1,20483,203,34,1000,ht_chantry-random-15.scen
220,ht_chantry.map,PIBT,1,25933,192,53,0,ht_chantry-random-15.scen
220,ht_chantry.map,PIBTOLD,1,25933,192,42,0,ht_chantry-random-15.scen
220,ht_chantry.map,PIBT,1,25322,199,77,1,ht_chantry-random-15.scen
220,ht_chantry.map,PIBTOLD,1,25933,192,42,1,ht_chantry-random-15.scen
220,ht_chantry.map,PIBT,1,25074,196,195,10,ht_chantry-random-15.scen
220,ht_chantry.map,PIBTOLD,1,25933,192,42,10,ht_chantry-random-15.scen
220,ht_chantry.map,PIBT,1,25134,196,904,100,ht_chantry-random-15.scen
220,ht_chantry.map,PIBTOLD,1,25933,192,41,100,ht_chantry-random-15.scen
220,ht_chantry.map,PIBT,1,25124,196,5910,1000,ht_chantry-random-15.scen
220,ht_chantry.map,PIBTOLD,1,25933,192,42,1000,ht_chantry-random-15.scen
260,ht_chantry.map,PIBT,1,31723,192,62,0,ht_chantry-random-15.scen
260,ht_chantry.map,PIBTOLD,1,31723,192,48,0,ht_chantry-random-15.scen
260,ht_chantry.map,PIBT,1,30534,196,99,1,ht_chantry-random-15.scen
260,ht_chantry.map,PIBTOLD,1,31723,192,51,1,ht_chantry-random-15.scen
260,ht_chantry.map,PIBT,1,30630,202,337,10,ht_chantry-random-15.scen
260,ht_chantry.map,PIBTOLD,1,31723,192,51,10,ht_chantry-random-15.scen
260,ht_chantry.map,PIBT,1,31153,201,2707,100,ht_chantry-random-15.scen
260,ht_chantry.map,PIBTOLD,1,31723,192,42,100,ht_chantry-random-15.scen
260,ht_chantry.map,PIBT,1,31110,202,15296,1000,ht_chantry-random-15.scen
260,ht_chantry.map,PIBTOLD,1,31723,192,51,1000,ht_chantry-random-15.scen
300,ht_chantry.map,PIBT,1,36620,194,74,0,ht_chantry-random-15.scen
300,ht_chantry.map,PIBTOLD,1,36620,194,57,0,ht_chantry-random-15.scen
300,ht_chantry.map,PIBT,1,37041,212,134,1,ht_chantry-random-15.scen
300,ht_chantry.map,PIBTOLD,1,36620,194,59,1,ht_chantry-random-15.scen
300,ht_chantry.map,PIBT,1,36536,200,524,10,ht_chantry-random-15.scen
300,ht_chantry.map,PIBTOLD,1,36620,194,59,10,ht_chantry-random-15.scen
300,ht_chantry.map,PIBT,1,36162,209,3106,100,ht_chantry-random-15.scen
300,ht_chantry.map,PIBTOLD,1,36620,194,60,100,ht_chantry-random-15.scen
300,ht_chantry.map,PIBT,1,36186,201,22471,1000,ht_chantry-random-15.scen
300,ht_chantry.map,PIBTOLD,1,36620,194,65,1000,ht_chantry-random-15.scen
340,ht_chantry.map,PIBT,1,43615,207,89,0,ht_chantry-random-15.scen
340,ht_chantry.map,PIBTOLD,1,43615,207,69,0,ht_chantry-random-15.scen
340,ht_chantry.map,PIBT,1,42795,200,168,1,ht_chantry-random-15.scen
340,ht_chantry.map,PIBTOLD,1,43615,207,72,1,ht_chantry-random-15.scen
340,ht_chantry.map,PIBT,1,42898,199,721,10,ht_chantry-random-15.scen
340,ht_chantry.map,PIBTOLD,1,43615,207,70,10,ht_chantry-random-15.scen
340,ht_chantry.map,PIBT,1,42173,198,4713,100,ht_chantry-random-15.scen
340,ht_chantry.map,PIBTOLD,1,43615,207,68,100,ht_chantry-random-15.scen
340,ht_chantry.map,PIBT,1,42350,199,46185,1000,ht_chantry-random-15.scen
340,ht_chantry.map,PIBTOLD,1,43615,207,70,1000,ht_chantry-random-15.scen
380,ht_chantry.map,PIBT,1,50072,199,102,0,ht_chantry-random-15.scen
380,ht_chantry.map,PIBTOLD,1,50072,199,75,0,ht_chantry-random-15.scen
380,ht_chantry.map,PIBT,1,48924,196,178,1,ht_chantry-random-15.scen
380,ht_chantry.map,PIBTOLD,1,50072,199,76,1,ht_chantry-random-15.scen
380,ht_chantry.map,PIBT,1,48933,206,769,10,ht_chantry-random-15.scen
380,ht_chantry.map,PIBTOLD,1,50072,199,77,10,ht_chantry-random-15.scen
380,ht_chantry.map,PIBT,1,49428,220,6849,100,ht_chantry-random-15.scen
380,ht_chantry.map,PIBTOLD,1,50072,199,77,100,ht_chantry-random-15.scen
380,ht_chantry.map,PIBT,1,48916,204,56187,1000,ht_chantry-random-15.scen
380,ht_chantry.map,PIBTOLD,1,50072,199,77,1000,ht_chantry-random-15.scen
20,ht_chantry.map,PIBT,1,1706,178,5,0,ht_chantry-random-22.scen
20,ht_chantry.map,PIBTOLD,1,1706,178,4,0,ht_chantry-random-22.scen
20,ht_chantry.map,PIBT,1,1708,178,5,1,ht_chantry-random-22.scen
20,ht_chantry.map,PIBTOLD,1,1706,178,4,1,ht_chantry-random-22.scen
20,ht_chantry.map,PIBT,1,1708,178,5,10,ht_chantry-random-22.scen
20,ht_chantry.map,PIBTOLD,1,1706,178,4,10,ht_chantry-random-22.scen
20,ht_chantry.map,PIBT,1,1708,178,4,100,ht_chantry-random-22.scen
20,ht_chantry.map,PIBTOLD,1,1706,178,6,100,ht_chantry-random-22.scen
20,ht_chantry.map,PIBT,1,1708,178,4,1000,ht_chantry-random-22.scen
20,ht_chantry.map,PIBTOLD,1,1706,178,4,1000,ht_chantry-random-22.scen
60,ht_chantry.map,PIBT,1,6035,192,12,0,ht_chantry-random-22.scen
60,ht_chantry.map,PIBTOLD,1,6035,192,12,0,ht_chantry-random-22.scen
60,ht_chantry.map,PIBT,1,6021,194,12,1,ht_chantry-random-22.scen
60,ht_chantry.map,PIBTOLD,1,6035,192,11,1,ht_chantry-random-22.scen
60,ht_chantry.map,PIBT,1,6021,194,14,10,ht_chantry-random-22.scen
60,ht_chantry.map,PIBTOLD,1,6035,192,11,10,ht_chantry-random-22.scen
60,ht_chantry.map,PIBT,1,6021,194,13,100,ht_chantry-random-22.scen
60,ht_chantry.map,PIBTOLD,1,6035,192,12,100,ht_chantry-random-22.scen
60,ht_chantry.map,PIBT,1,6021,194,13,1000,ht_chantry-random-22.scen
60,ht_chantry.map,PIBTOLD,1,6035,192,11,1000,ht_chantry-random-22.scen
100,ht_chantry.map,PIBT,1,10457,192,21,0,ht_chantry-random-22.scen
100,ht_chantry.map,PIBTOLD,1,10457,192,18,0,ht_chantry-random-22.scen
100,ht_chantry.map,PIBT,1,10303,194,21,1,ht_chantry-random-22.scen
100,ht_chantry.map,PIBTOLD,1,10457,192,17,1,ht_chantry-random-22.scen
100,ht_chantry.map,PIBT,1,10303,194,22,10,ht_chantry-random-22.scen
100,ht_chantry.map,PIBTOLD,1,10457,192,19,10,ht_chantry-random-22.scen
100,ht_chantry.map,PIBT,1,10303,194,21,100,ht_chantry-random-22.scen
100,ht_chantry.map,PIBTOLD,1,10457,192,17,100,ht_chantry-random-22.scen
100,ht_chantry.map,PIBT,1,10303,194,24,1000,ht_chantry-random-22.scen
100,ht_chantry.map,PIBTOLD,1,10457,192,18,1000,ht_chantry-random-22.scen
140,ht_chantry.map,PIBT,1,15141,226,34,0,ht_chantry-random-22.scen
140,ht_chantry.map,PIBTOLD,1,15141,226,29,0,ht_chantry-random-22.scen
140,ht_chantry.map,PIBT,1,14494,198,33,1,ht_chantry-random-22.scen
140,ht_chantry.map,PIBTOLD,1,15141,226,27,1,ht_chantry-random-22.scen
140,ht_chantry.map,PIBT,1,14618,195,34,10,ht_chantry-random-22.scen
140,ht_chantry.map,PIBTOLD,1,15141,226,27,10,ht_chantry-random-22.scen
140,ht_chantry.map,PIBT,1,14618,195,35,100,ht_chantry-random-22.scen
140,ht_chantry.map,PIBTOLD,1,15141,226,30,100,ht_chantry-random-22.scen
140,ht_chantry.map,PIBT,1,14618,195,35,1000,ht_chantry-random-22.scen
140,ht_chantry.map,PIBTOLD,1,15141,226,30,1000,ht_chantry-random-22.scen
180,ht_chantry.map,PIBT,1,20483,203,41,0,ht_chantry-random-22.scen
180,ht_chantry.map,PIBTOLD,1,20483,203,35,0,ht_chantry-random-22.scen
180,ht_chantry.map,PIBT,1,19524,192,49,1,ht_chantry-random-22.scen
180,ht_chantry.map,PIBTOLD,1,20483,203,35,1,ht_chantry-random-22.scen
180,ht_chantry.map,PIBT,1,20088,194,62,10,ht_chantry-random-22.scen
180,ht_chantry.map,PIBTOLD,1,20483,203,35,10,ht_chantry-random-22.scen
180,ht_chantry.map,PIBT,1,20088,194,65,100,ht_chantry-random-22.scen
180,ht_chantry.map,PIBTOLD,1,20483,203,35,100,ht_chantry-random-22.scen
180,ht_chantry.map,PIBT,1,20088,194,63,1000,ht_chantry-random-22.scen
180,ht_chantry.map,PIBTOLD,1,20483,203,38,1000,ht_chantry-random-22.scen
220,ht_chantry.map,PIBT,1,25933,192,53,0,ht_chantry-random-22.scen
220,ht_chantry.map,PIBTOLD,1,25933,192,45,0,ht_chantry-random-22.scen
220,ht_chantry.map,PIBT,1,25039,196,78,1,ht_chantry-random-22.scen
220,ht_chantry.map,PIBTOLD,1,25933,192,45,1,ht_chantry-random-22.scen
220,ht_chantry.map,PIBT,1,24960,196,158,10,ht_chantry-random-22.scen
220,ht_chantry.map,PIBTOLD,1,25933,192,42,10,ht_chantry-random-22.scen
220,ht_chantry.map,PIBT,1,25432,196,1100,100,ht_chantry-random-22.scen
220,ht_chantry.map,PIBTOLD,1,25933,192,45,100,ht_chantry-random-22.scen
220,ht_chantry.map,PIBT,1,24983,196,5277,1000,ht_chantry-random-22.scen
220,ht_chantry.map,PIBTOLD,1,25933,192,45,1000,ht_chantry-random-22.scen
260,ht_chantry.map,PIBT,1,31723,192,62,0,ht_chantry-random-22.scen
260,ht_chantry.map,PIBTOLD,1,31723,192,55,0,ht_chantry-random-22.scen
260,ht_chantry.map,PIBT,1,31072,195,100,1,ht_chantry-random-22.scen
260,ht_chantry.map,PIBTOLD,1,31723,192,53,1,ht_chantry-random-22.scen
260,ht_chantry.map,PIBT,1,30993,200,408,10,ht_chantry-random-22.scen
260,ht_chantry.map,PIBTOLD,1,31723,192,54,10,ht_chantry-random-22.scen
260,ht_chantry.map,PIBT,1,31583,196,2653,100,ht_chantry-random-22.scen
260,ht_chantry.map,PIBTOLD,1,31723,192,50,100,ht_chantry-random-22.scen
260,ht_chantry.map,PIBT,1,31397,207,12250,1000,ht_chantry-random-22.scen
260,ht_chantry.map,PIBTOLD,1,31723,192,50,1000,ht_chantry-random-22.scen
300,ht_chantry.map,PIBT,1,36620,194,74,0,ht_chantry-random-22.scen
300,ht_chantry.map,PIBTOLD,1,36620,194,54,0,ht_chantry-random-22.scen
300,ht_chantry.map,PIBT,1,36896,200,127,1,ht_chantry-random-22.scen
300,ht_chantry.map,PIBTOLD,1,36620,194,61,1,ht_chantry-random-22.scen
300,ht_chantry.map,PIBT,1,36752,224,480,10,ht_chantry-random-22.scen
300,ht_chantry.map,PIBTOLD,1,36620,194,62,10,ht_chantry-random-22.scen
300,ht_chantry.map,PIBT,1,36505,208,2922,100,ht_chantry-random-22.scen
300,ht_chantry.map,PIBTOLD,1,36620,194,59,100,ht_chantry-random-22.scen
300,ht_chantry.map,PIBT,1,36576,212,17140,1000,ht_chantry-random-22.scen
300,ht_chantry.map,PIBTOLD,1,36620,194,57,1000,ht_chantry-random-22.scen
340,ht_chantry.map,PIBT,1,43615,207,88,0,ht_chantry-random-22.scen
340,ht_chantry.map,PIBTOLD,1,43615,207,70,0,ht_chantry-random-22.scen
340,ht_chantry.map,PIBT,1,42705,202,160,1,ht_chantry-random-22.scen
340,ht_chantry.map,PIBTOLD,1,43615,207,72,1,ht_chantry-random-22.scen
340,ht_chantry.map,PIBT,1,42481,197,657,10,ht_chantry-random-22.scen
340,ht_chantry.map,PIBTOLD,1,43615,207,65,10,ht_chantry-random-22.scen
340,ht_chantry.map,PIBT,1,42401,207,5291,100,ht_chantry-random-22.scen
340,ht_chantry.map,PIBTOLD,1,43615,207,69,100,ht_chantry-random-22.scen
340,ht_chantry.map,PIBT,1,42309,206,47515,1000,ht_chantry-random-22.scen
340,ht_chantry.map,PIBTOLD,1,43615,207,67,1000,ht_chantry-random-22.scen
380,ht_chantry.map,PIBT,1,50072,199,97,0,ht_chantry-random-22.scen
380,ht_chantry.map,PIBTOLD,1,50072,199,78,0,ht_chantry-random-22.scen
380,ht_chantry.map,PIBT,1,48716,194,176,1,ht_chantry-random-22.scen
380,ht_chantry.map,PIBTOLD,1,50072,199,75,1,ht_chantry-random-22.scen
380,ht_chantry.map,PIBT,1,48146,200,780,10,ht_chantry-random-22.scen
380,ht_chantry.map,PIBTOLD,1,50072,199,75,10,ht_chantry-random-22.scen
380,ht_chantry.map,PIBT,1,48416,200,6306,100,ht_chantry-random-22.scen
380,ht_chantry.map,PIBTOLD,1,50072,199,75,100,ht_chantry-random-22.scen
380,ht_chantry.map,PIBT,1,48720,201,59911,1000,ht_chantry-random-22.scen
380,ht_chantry.map,PIBTOLD,1,50072,199,77,1000,ht_chantry-random-22.scen
