agents,map_file,solver,solved,soc,makespan,comp_time,Opti_Deadline,Scenario_File
20,random-32-32-20.map,PIBT,1,577,42,0,0,random-32-32-20-random-3.scen
20,random-32-32-20.map,PIBTOLD,1,577,42,0,0,random-32-32-20-random-3.scen
20,random-32-32-20.map,PIBT,1,566,42,0,1,random-32-32-20-random-3.scen
20,random-32-32-20.map,PIBTOLD,1,577,42,0,1,random-32-32-20-random-3.scen
20,random-32-32-20.map,PIBT,1,566,42,0,10,random-32-32-20-random-3.scen
20,random-32-32-20.map,PIBTOLD,1,577,42,0,10,random-32-32-20-random-3.scen
20,random-32-32-20.map,PIBT,1,566,42,0,100,random-32-32-20-random-3.scen
20,random-32-32-20.map,PIBTOLD,1,577,42,0,100,random-32-32-20-random-3.scen
20,random-32-32-20.map,PIBT,1,566,42,0,1000,random-32-32-20-random-3.scen
20,random-32-32-20.map,PIBTOLD,1,577,42,0,1000,random-32-32-20-random-3.scen
60,random-32-32-20.map,PIBT,1,1711,48,2,0,random-32-32-20-random-3.scen
60,random-32-32-20.map,PIBTOLD,1,1711,48,1,0,random-32-32-20-random-3.scen
60,random-32-32-20.map,PIBT,1,1751,49,2,1,random-32-32-20-random-3.scen
60,random-32-32-20.map,PIBTOLD,1,1711,48,1,1,random-32-32-20-random-3.scen
60,random-32-32-20.map,PIBT,1,1751,49,2,10,random-32-32-20-random-3.scen
60,random-32-32-20.map,PIBTOLD,1,1711,48,2,10,random-32-32-20-random-3.scen
60,random-32-32-20.map,PIBT,1,1751,49,2,100,random-32-32-20-random-3.scen
60,random-32-32-20.map,PIBTOLD,1,1711,48,1,100,random-32-32-20-random-3.scen
60,random-32-32-20.map,PIBT,1,1751,49,2,1000,random-32-32-20-random-3.scen
60,random-32-32-20.map,PIBTOLD,1,1711,48,1,1000,random-32-32-20-random-3.scen
100,random-32-32-20.map,PIBT,1,3446,54,3,0,random-32-32-20-random-3.scen
100,random-32-32-20.map,PIBTOLD,1,3446,54,2,0,random-32-32-20-random-3.scen
100,random-32-32-20.map,PIBT,1,3292,56,10,1,random-32-32-20-random-3.scen
100,random-32-32-20.map,PIBTOLD,1,3446,54,3,1,random-32-32-20-random-3.scen
100,random-32-32-20.map,PIBT,0,3115,100000,4372,10,random-32-32-20-random-3.scen
100,random-32-32-20.map,PIBTOLD,1,3446,54,3,10,random-32-32-20-random-3.scen
100,random-32-32-20.map,PIBT,0,3117,100000,4399,100,random-32-32-20-random-3.scen
100,random-32-32-20.map,PIBTOLD,1,3446,54,2,100,random-32-32-20-random-3.scen
100,random-32-32-20.map,PIBT,0,3117,100000,4399,1000,random-32-32-20-random-3.scen
100,random-32-32-20.map,PIBTOLD,1,3446,54,3,1000,random-32-32-20-random-3.scen
140,random-32-32-20.map,PIBT,1,5501,71,6,0,random-32-32-20-random-3.scen
140,random-32-32-20.map,PIBTOLD,1,5501,71,4,0,random-32-32-20-random-3.scen
140,random-32-32-20.map,PIBT,0,5309,100000,6314,1,random-32-32-20-random-3.scen
140,random-32-32-20.map,PIBTOLD,1,5501,71,4,1,random-32-32-20-random-3.scen
140,random-32-32-20.map,PIBT,0,5062,100000,6784,10,random-32-32-20-random-3.scen
140,random-32-32-20.map,PIBTOLD,1,5501,71,4,10,random-32-32-20-random-3.scen
140,random-32-32-20.map,PIBT,0,5202,100000,7903,100,random-32-32-20-random-3.scen
140,random-32-32-20.map,PIBTOLD,1,5501,71,4,100,random-32-32-20-random-3.scen
140,random-32-32-20.map,PIBT,0,5232,100000,26350,1000,random-32-32-20-random-3.scen
140,random-32-32-20.map,PIBTOLD,1,5501,71,4,1000,random-32-32-20-random-3.scen
180,random-32-32-20.map,PIBT,0,407441,100000,7510,0,random-32-32-20-random-3.scen
180,random-32-32-20.map,PIBTOLD,0,407441,100000,4685,0,random-32-32-20-random-3.scen
180,random-32-32-20.map,PIBT,0,6985,100000,9703,1,random-32-32-20-random-3.scen
180,random-32-32-20.map,PIBTOLD,0,407441,100000,4619,1,random-32-32-20-random-3.scen
180,random-32-32-20.map,PIBT,0,7363,100000,8364,10,random-32-32-20-random-3.scen
180,random-32-32-20.map,PIBTOLD,0,407441,100000,4573,10,random-32-32-20-random-3.scen
180,random-32-32-20.map,PIBT,0,6840,100000,10312,100,random-32-32-20-random-3.scen
180,random-32-32-20.map,PIBTOLD,0,407441,100000,4567,100,random-32-32-20-random-3.scen
180,random-32-32-20.map,PIBT,0,7199,100000,37723,1000,random-32-32-20-random-3.scen
180,random-32-32-20.map,PIBTOLD,0,407441,100000,4581,1000,random-32-32-20-random-3.scen
220,random-32-32-20.map,PIBT,0,210083,100000,9571,0,random-32-32-20-random-3.scen
220,random-32-32-20.map,PIBTOLD,0,210083,100000,5386,0,random-32-32-20-random-3.scen
220,random-32-32-20.map,PIBT,0,9963,100000,19178,1,random-32-32-20-random-3.scen
220,random-32-32-20.map,PIBTOLD,0,210083,100000,5377,1,random-32-32-20-random-3.scen
220,random-32-32-20.map,PIBT,0,210053,100000,14428,10,random-32-32-20-random-3.scen
220,random-32-32-20.map,PIBTOLD,0,210083,100000,9999,10,random-32-32-20-random-3.scen
220,random-32-32-20.map,PIBT,0,409832,100000,27477,100,random-32-32-20-random-3.scen
220,random-32-32-20.map,PIBTOLD,0,210083,100000,5545,100,random-32-32-20-random-3.scen
220,random-32-32-20.map,PIBT,0,9231,100000,45497,1000,random-32-32-20-random-3.scen
220,random-32-32-20.map,PIBTOLD,0,210083,100000,5444,1000,random-32-32-20-random-3.scen
260,random-32-32-20.map,PIBT,0,1013296,100000,11780,0,random-32-32-20-random-3.scen
260,random-32-32-20.map,PIBTOLD,0,1013296,100000,6381,0,random-32-32-20-random-3.scen
260,random-32-32-20.map,PIBT,0,213614,100000,22919,1,random-32-32-20-random-3.scen
260,random-32-32-20.map,PIBTOLD,0,1013296,100000,6472,1,random-32-32-20-random-3.scen
260,random-32-32-20.map,PIBT,0,413370,100000,15054,10,random-32-32-20-random-3.scen
260,random-32-32-20.map,PIBTOLD,0,1013296,100000,6549,10,random-32-32-20-random-3.scen
260,random-32-32-20.map,PIBT,0,412919,100000,22965,100,random-32-32-20-random-3.scen
260,random-32-32-20.map,PIBTOLD,0,1013296,100000,6612,100,random-32-32-20-random-3.scen
20,random-32-32-20.map,PIBT,1,577,42,0,0,random-32-32-20-random-2.scen
20,random-32-32-20.map,PIBTOLD,1,577,42,0,0,random-32-32-20-random-2.scen
20,random-32-32-20.map,PIBT,1,566,42,0,1,random-32-32-20-random-2.scen
20,random-32-32-20.map,PIBTOLD,1,577,42,0,1,random-32-32-20-random-2.scen
20,random-32-32-20.map,PIBT,1,566,42,0,10,random-32-32-20-random-2.scen
20,random-32-32-20.map,PIBTOLD,1,577,42,0,10,random-32-32-20-random-2.scen
20,random-32-32-20.map,PIBT,1,566,42,0,100,random-32-32-20-random-2.scen
20,random-32-32-20.map,PIBTOLD,1,577,42,0,100,random-32-32-20-random-2.scen
20,random-32-32-20.map,PIBT,1,566,42,0,1000,random-32-32-20-random-2.scen
20,random-32-32-20.map,PIBTOLD,1,577,42,0,1000,random-32-32-20-random-2.scen
60,random-32-32-20.map,PIBT,1,1711,48,2,0,random-32-32-20-random-2.scen
60,random-32-32-20.map,PIBTOLD,1,1711,48,1,0,random-32-32-20-random-2.scen
60,random-32-32-20.map,PIBT,1,1751,49,2,1,random-32-32-20-random-2.scen
60,random-32-32-20.map,PIBTOLD,1,1711,48,1,1,random-32-32-20-random-2.scen
60,random-32-32-20.map,PIBT,1,1751,49,2,10,random-32-32-20-random-2.scen
60,random-32-32-20.map,PIBTOLD,1,1711,48,2,10,random-32-32-20-random-2.scen
60,random-32-32-20.map,PIBT,1,1751,49,2,100,random-32-32-20-random-2.scen
60,random-32-32-20.map,PIBTOLD,1,1711,48,1,100,random-32-32-20-random-2.scen
60,random-32-32-20.map,PIBT,1,1751,49,2,1000,random-32-32-20-random-2.scen
60,random-32-32-20.map,PIBTOLD,1,1711,48,1,1000,random-32-32-20-random-2.scen
100,random-32-32-20.map,PIBT,1,3446,54,3,0,random-32-32-20-random-2.scen
100,random-32-32-20.map,PIBTOLD,1,3446,54,3,0,random-32-32-20-random-2.scen
100,random-32-32-20.map,PIBT,1,3278,61,10,1,random-32-32-20-random-2.scen
100,random-32-32-20.map,PIBTOLD,1,3446,54,3,1,random-32-32-20-random-2.scen
100,random-32-32-20.map,PIBT,0,3207,100000,4441,10,random-32-32-20-random-2.scen
100,random-32-32-20.map,PIBTOLD,1,3446,54,2,10,random-32-32-20-random-2.scen
100,random-32-32-20.map,PIBT,0,3117,100000,4312,100,random-32-32-20-random-2.scen
100,random-32-32-20.map,PIBTOLD,1,3446,54,3,100,random-32-32-20-random-2.scen
100,random-32-32-20.map,PIBT,0,3117,100000,4478,1000,random-32-32-20-random-2.scen
100,random-32-32-20.map,PIBTOLD,1,3446,54,3,1000,random-32-32-20-random-2.scen
140,random-32-32-20.map,PIBT,1,5501,71,6,0,random-32-32-20-random-2.scen
140,random-32-32-20.map,PIBTOLD,1,5501,71,4,0,random-32-32-20-random-2.scen
140,random-32-32-20.map,PIBT,0,5207,100000,6513,1,random-32-32-20-random-2.scen
140,random-32-32-20.map,PIBTOLD,1,5501,71,4,1,random-32-32-20-random-2.scen
140,random-32-32-20.map,PIBT,0,4955,100000,51224,10,random-32-32-20-random-2.scen
140,random-32-32-20.map,PIBTOLD,1,5501,71,4,10,random-32-32-20-random-2.scen
140,random-32-32-20.map,PIBT,0,5044,100000,8130,100,random-32-32-20-random-2.scen
140,random-32-32-20.map,PIBTOLD,1,5501,71,4,100,random-32-32-20-random-2.scen
140,random-32-32-20.map,PIBT,0,5296,100000,19274,1000,random-32-32-20-random-2.scen
140,random-32-32-20.map,PIBTOLD,1,5501,71,4,1000,random-32-32-20-random-2.scen
180,random-32-32-20.map,PIBT,0,407441,100000,7615,0,random-32-32-20-random-2.scen
180,random-32-32-20.map,PIBTOLD,0,407441,100000,4699,0,random-32-32-20-random-2.scen
180,random-32-32-20.map,PIBT,0,207016,100000,8388,1,random-32-32-20-random-2.scen
180,random-32-32-20.map,PIBTOLD,0,407441,100000,4530,1,random-32-32-20-random-2.scen
180,random-32-32-20.map,PIBT,0,7146,100000,8773,10,random-32-32-20-random-2.scen
180,random-32-32-20.map,PIBTOLD,0,407441,100000,4619,10,random-32-32-20-random-2.scen
180,random-32-32-20.map,PIBT,0,207207,100000,10823,100,random-32-32-20-random-2.scen
180,random-32-32-20.map,PIBTOLD,0,407441,100000,4574,100,random-32-32-20-random-2.scen
180,random-32-32-20.map,PIBT,0,206984,100000,30282,1000,random-32-32-20-random-2.scen
180,random-32-32-20.map,PIBTOLD,0,407441,100000,4587,1000,random-32-32-20-random-2.scen
220,random-32-32-20.map,PIBT,0,210083,100000,9512,0,random-32-32-20-random-2.scen
220,random-32-32-20.map,PIBTOLD,0,210083,100000,5607,0,random-32-32-20-random-2.scen
220,random-32-32-20.map,PIBT,0,10460,100000,14337,1,random-32-32-20-random-2.scen
220,random-32-32-20.map,PIBTOLD,0,210083,100000,5410,1,random-32-32-20-random-2.scen
220,random-32-32-20.map,PIBT,0,10043,100000,18874,10,random-32-32-20-random-2.scen
220,random-32-32-20.map,PIBTOLD,0,210083,100000,5405,10,random-32-32-20-random-2.scen
220,random-32-32-20.map,PIBT,0,209580,100000,16834,100,random-32-32-20-random-2.scen
220,random-32-32-20.map,PIBTOLD,0,210083,100000,5634,100,random-32-32-20-random-2.scen
220,random-32-32-20.map,PIBT,0,209613,100000,48041,1000,random-32-32-20-random-2.scen
220,random-32-32-20.map,PIBTOLD,0,210083,100000,5755,1000,random-32-32-20-random-2.scen
260,random-32-32-20.map,PIBT,0,1013296,100000,11973,0,random-32-32-20-random-2.scen
260,random-32-32-20.map,PIBTOLD,0,1013296,100000,6465,0,random-32-32-20-random-2.scen
260,random-32-32-20.map,PIBT,0,213536,100000,17049,1,random-32-32-20-random-2.scen
260,random-32-32-20.map,PIBTOLD,0,1013296,100000,6383,1,random-32-32-20-random-2.scen
260,random-32-32-20.map,PIBT,0,13856,100000,13311,10,random-32-32-20-random-2.scen
260,random-32-32-20.map,PIBTOLD,0,1013296,100000,6550,10,random-32-32-20-random-2.scen
260,random-32-32-20.map,PIBT,0,12893,100000,21791,100,random-32-32-20-random-2.scen
260,random-32-32-20.map,PIBTOLD,0,1013296,100000,6431,100,random-32-32-20-random-2.scen
20,random-32-32-20.map,PIBT,1,577,42,0,0,random-32-32-20-random-24.scen
20,random-32-32-20.map,PIBTOLD,1,577,42,0,0,random-32-32-20-random-24.scen
20,random-32-32-20.map,PIBT,1,566,42,0,1,random-32-32-20-random-24.scen
20,random-32-32-20.map,PIBTOLD,1,577,42,0,1,random-32-32-20-random-24.scen
20,random-32-32-20.map,PIBT,1,566,42,0,10,random-32-32-20-random-24.scen
20,random-32-32-20.map,PIBTOLD,1,577,42,0,10,random-32-32-20-random-24.scen
20,random-32-32-20.map,PIBT,1,566,42,0,100,random-32-32-20-random-24.scen
20,random-32-32-20.map,PIBTOLD,1,577,42,0,100,random-32-32-20-random-24.scen
20,random-32-32-20.map,PIBT,1,566,42,0,1000,random-32-32-20-random-24.scen
20,random-32-32-20.map,PIBTOLD,1,577,42,0,1000,random-32-32-20-random-24.scen
60,random-32-32-20.map,PIBT,1,1711,48,2,0,random-32-32-20-random-24.scen
60,random-32-32-20.map,PIBTOLD,1,1711,48,1,0,random-32-32-20-random-24.scen
60,random-32-32-20.map,PIBT,1,1751,49,2,1,random-32-32-20-random-24.scen
60,random-32-32-20.map,PIBTOLD,1,1711,48,1,1,random-32-32-20-random-24.scen
60,random-32-32-20.map,PIBT,1,1751,49,2,10,random-32-32-20-random-24.scen
60,random-32-32-20.map,PIBTOLD,1,1711,48,1,10,random-32-32-20-random-24.scen
60,random-32-32-20.map,PIBT,1,1751,49,2,100,random-32-32-20-random-24.scen
60,random-32-32-20.map,PIBTOLD,1,1711,48,1,100,random-32-32-20-random-24.scen
60,random-32-32-20.map,PIBT,1,1751,49,2,1000,random-32-32-20-random-24.scen
60,random-32-32-20.map,PIBTOLD,1,1711,48,1,1000,random-32-32-20-random-24.scen
100,random-32-32-20.map,PIBT,1,3446,54,3,0,random-32-32-20-random-24.scen
100,random-32-32-20.map,PIBTOLD,1,3446,54,3,0,random-32-32-20-random-24.scen
100,random-32-32-20.map,PIBT,1,3461,65,16,1,random-32-32-20-random-24.scen
100,random-32-32-20.map,PIBTOLD,1,3446,54,3,1,random-32-32-20-random-24.scen
100,random-32-32-20.map,PIBT,1,3228,54,30,10,random-32-32-20-random-24.scen
100,random-32-32-20.map,PIBTOLD,1,3446,54,3,10,random-32-32-20-random-24.scen
100,random-32-32-20.map,PIBT,0,3117,100000,4494,100,random-32-32-20-random-24.scen
100,random-32-32-20.map,PIBTOLD,1,3446,54,3,100,random-32-32-20-random-24.scen
100,random-32-32-20.map,PIBT,0,3117,100000,4465,1000,random-32-32-20-random-24.scen
100,random-32-32-20.map,PIBTOLD,1,3446,54,3,1000,random-32-32-20-random-24.scen
140,random-32-32-20.map,PIBT,1,5501,71,6,0,random-32-32-20-random-24.scen
140,random-32-32-20.map,PIBTOLD,1,5501,71,4,0,random-32-32-20-random-24.scen
140,random-32-32-20.map,PIBT,0,5014,100000,6710,1,random-32-32-20-random-24.scen
140,random-32-32-20.map,PIBTOLD,1,5501,71,4,1,random-32-32-20-random-24.scen
140,random-32-32-20.map,PIBT,1,5169,59,157,10,random-32-32-20-random-24.scen
140,random-32-32-20.map,PIBTOLD,1,5501,71,4,10,random-32-32-20-random-24.scen
140,random-32-32-20.map,PIBT,1,5171,61,1651,100,random-32-32-20-random-24.scen
140,random-32-32-20.map,PIBTOLD,1,5501,71,5,100,random-32-32-20-random-24.scen
140,random-32-32-20.map,PIBT,0,5214,100000,19623,1000,random-32-32-20-random-24.scen
140,random-32-32-20.map,PIBTOLD,1,5501,71,4,1000,random-32-32-20-random-24.scen
180,random-32-32-20.map,PIBT,0,407441,100000,7517,0,random-32-32-20-random-24.scen
180,random-32-32-20.map,PIBTOLD,0,407441,100000,4709,0,random-32-32-20-random-24.scen
180,random-32-32-20.map,PIBT,0,7195,100000,8455,1,random-32-32-20-random-24.scen
180,random-32-32-20.map,PIBTOLD,0,407441,100000,4674,1,random-32-32-20-random-24.scen
180,random-32-32-20.map,PIBT,0,7171,100000,10559,10,random-32-32-20-random-24.scen
180,random-32-32-20.map,PIBTOLD,0,407441,100000,4603,10,random-32-32-20-random-24.scen
180,random-32-32-20.map,PIBT,0,7314,100000,11383,100,random-32-32-20-random-24.scen
180,random-32-32-20.map,PIBTOLD,0,407441,100000,4666,100,random-32-32-20-random-24.scen
180,random-32-32-20.map,PIBT,0,7066,100000,31969,1000,random-32-32-20-random-24.scen
180,random-32-32-20.map,PIBTOLD,0,407441,100000,4677,1000,random-32-32-20-random-24.scen
220,random-32-32-20.map,PIBT,0,210083,100000,9584,0,random-32-32-20-random-24.scen
220,random-32-32-20.map,PIBTOLD,0,210083,100000,5497,0,random-32-32-20-random-24.scen
220,random-32-32-20.map,PIBT,0,10376,100000,17291,1,random-32-32-20-random-24.scen
220,random-32-32-20.map,PIBTOLD,0,210083,100000,5481,1,random-32-32-20-random-24.scen
220,random-32-32-20.map,PIBT,0,210255,100000,15820,10,random-32-32-20-random-24.scen
220,random-32-32-20.map,PIBTOLD,0,210083,100000,5433,10,random-32-32-20-random-24.scen
220,random-32-32-20.map,PIBT,0,210578,100000,27095,100,random-32-32-20-random-24.scen
220,random-32-32-20.map,PIBTOLD,0,210083,100000,5563,100,random-32-32-20-random-24.scen
220,random-32-32-20.map,PIBT,0,209712,100000,43810,1000,random-32-32-20-random-24.scen
220,random-32-32-20.map,PIBTOLD,0,210083,100000,5598,1000,random-32-32-20-random-24.scen
260,random-32-32-20.map,PIBT,0,1013296,100000,11992,0,random-32-32-20-random-24.scen
260,random-32-32-20.map,PIBTOLD,0,1013296,100000,6437,0,random-32-32-20-random-24.scen
260,random-32-32-20.map,PIBT,0,213018,100000,15502,1,random-32-32-20-random-24.scen
260,random-32-32-20.map,PIBTOLD,0,1013296,100000,6590,1,random-32-32-20-random-24.scen
260,random-32-32-20.map,PIBT,0,13628,100000,22731,10,random-32-32-20-random-24.scen
260,random-32-32-20.map,PIBTOLD,0,1013296,100000,6528,10,random-32-32-20-random-24.scen
260,random-32-32-20.map,PIBT,0,13664,100000,20022,100,random-32-32-20-random-24.scen
260,random-32-32-20.map,PIBTOLD,0,1013296,100000,6766,100,random-32-32-20-random-24.scen
20,random-32-32-20.map,PIBT,1,577,42,0,0,random-32-32-20-random-4.scen
20,random-32-32-20.map,PIBTOLD,1,577,42,0,0,random-32-32-20-random-4.scen
20,random-32-32-20.map,PIBT,1,566,42,1,1,random-32-32-20-random-4.scen
20,random-32-32-20.map,PIBTOLD,1,577,42,0,1,random-32-32-20-random-4.scen
20,random-32-32-20.map,PIBT,1,566,42,0,10,random-32-32-20-random-4.scen
20,random-32-32-20.map,PIBTOLD,1,577,42,0,10,random-32-32-20-random-4.scen
20,random-32-32-20.map,PIBT,1,566,42,0,100,random-32-32-20-random-4.scen
20,random-32-32-20.map,PIBTOLD,1,577,42,1,100,random-32-32-20-random-4.scen
20,random-32-32-20.map,PIBT,1,566,42,0,1000,random-32-32-20-random-4.scen
20,random-32-32-20.map,PIBTOLD,1,577,42,0,1000,random-32-32-20-random-4.scen
60,random-32-32-20.map,PIBT,1,1711,48,2,0,random-32-32-20-random-4.scen
60,random-32-32-20.map,PIBTOLD,1,1711,48,1,0,random-32-32-20-random-4.scen
60,random-32-32-20.map,PIBT,1,1751,49,2,1,random-32-32-20-random-4.scen
60,random-32-32-20.map,PIBTOLD,1,1711,48,1,1,random-32-32-20-random-4.scen
60,random-32-32-20.map,PIBT,1,1751,49,2,10,random-32-32-20-random-4.scen
60,random-32-32-20.map,PIBTOLD,1,1711,48,2,10,random-32-32-20-random-4.scen
60,random-32-32-20.map,PIBT,1,1751,49,2,100,random-32-32-20-random-4.scen
60,random-32-32-20.map,PIBTOLD,1,1711,48,1,100,random-32-32-20-random-4.scen
60,random-32-32-20.map,PIBT,1,1751,49,3,1000,random-32-32-20-random-4.scen
60,random-32-32-20.map,PIBTOLD,1,1711,48,1,1000,random-32-32-20-random-4.scen
100,random-32-32-20.map,PIBT,1,3446,54,3,0,random-32-32-20-random-4.scen
100,random-32-32-20.map,PIBTOLD,1,3446,54,3,0,random-32-32-20-random-4.scen
100,random-32-32-20.map,PIBT,0,3316,100000,4001,1,random-32-32-20-random-4.scen
100,random-32-32-20.map,PIBTOLD,1,3446,54,3,1,random-32-32-20-random-4.scen
100,random-32-32-20.map,PIBT,1,3259,58,29,10,random-32-32-20-random-4.scen
100,random-32-32-20.map,PIBTOLD,1,3446,54,3,10,random-32-32-20-random-4.scen
100,random-32-32-20.map,PIBT,0,3117,100000,4462,100,random-32-32-20-random-4.scen
100,random-32-32-20.map,PIBTOLD,1,3446,54,3,100,random-32-32-20-random-4.scen
100,random-32-32-20.map,PIBT,0,3117,100000,4492,1000,random-32-32-20-random-4.scen
100,random-32-32-20.map,PIBTOLD,1,3446,54,3,1000,random-32-32-20-random-4.scen
140,random-32-32-20.map,PIBT,1,5501,71,6,0,random-32-32-20-random-4.scen
140,random-32-32-20.map,PIBTOLD,1,5501,71,4,0,random-32-32-20-random-4.scen
140,random-32-32-20.map,PIBT,0,5384,100000,6405,1,random-32-32-20-random-4.scen
140,random-32-32-20.map,PIBTOLD,1,5501,71,5,1,random-32-32-20-random-4.scen
140,random-32-32-20.map,PIBT,0,205151,100000,10066,10,random-32-32-20-random-4.scen
140,random-32-32-20.map,PIBTOLD,1,5501,71,4,10,random-32-32-20-random-4.scen
140,random-32-32-20.map,PIBT,0,5584,100000,7912,100,random-32-32-20-random-4.scen
140,random-32-32-20.map,PIBTOLD,1,5501,71,4,100,random-32-32-20-random-4.scen
140,random-32-32-20.map,PIBT,0,5100,100000,20620,1000,random-32-32-20-random-4.scen
140,random-32-32-20.map,PIBTOLD,1,5501,71,4,1000,random-32-32-20-random-4.scen
180,random-32-32-20.map,PIBT,0,407441,100000,7346,0,random-32-32-20-random-4.scen
180,random-32-32-20.map,PIBTOLD,0,407441,100000,4567,0,random-32-32-20-random-4.scen
180,random-32-32-20.map,PIBT,0,7087,100000,8412,1,random-32-32-20-random-4.scen
180,random-32-32-20.map,PIBTOLD,0,407441,100000,5075,1,random-32-32-20-random-4.scen
180,random-32-32-20.map,PIBT,0,7105,100000,9578,10,random-32-32-20-random-4.scen
180,random-32-32-20.map,PIBTOLD,0,407441,100000,4700,10,random-32-32-20-random-4.scen
180,random-32-32-20.map,PIBT,0,7238,100000,10517,100,random-32-32-20-random-4.scen
180,random-32-32-20.map,PIBTOLD,0,407441,100000,4712,100,random-32-32-20-random-4.scen
180,random-32-32-20.map,PIBT,0,6873,100000,34045,1000,random-32-32-20-random-4.scen
180,random-32-32-20.map,PIBTOLD,0,407441,100000,4645,1000,random-32-32-20-random-4.scen
220,random-32-32-20.map,PIBT,0,210083,100000,9461,0,random-32-32-20-random-4.scen
220,random-32-32-20.map,PIBTOLD,0,210083,100000,5518,0,random-32-32-20-random-4.scen
220,random-32-32-20.map,PIBT,0,210152,100000,13830,1,random-32-32-20-random-4.scen
220,random-32-32-20.map,PIBTOLD,0,210083,100000,5353,1,random-32-32-20-random-4.scen
220,random-32-32-20.map,PIBT,0,609331,100000,19101,10,random-32-32-20-random-4.scen
220,random-32-32-20.map,PIBTOLD,0,210083,100000,5428,10,random-32-32-20-random-4.scen
220,random-32-32-20.map,PIBT,0,210029,100000,15770,100,random-32-32-20-random-4.scen
220,random-32-32-20.map,PIBTOLD,0,210083,100000,5537,100,random-32-32-20-random-4.scen
220,random-32-32-20.map,PIBT,0,209900,100000,42086,1000,random-32-32-20-random-4.scen
220,random-32-32-20.map,PIBTOLD,0,210083,100000,5412,1000,random-32-32-20-random-4.scen
260,random-32-32-20.map,PIBT,0,1013296,100000,12165,0,random-32-32-20-random-4.scen
260,random-32-32-20.map,PIBTOLD,0,1013296,100000,6466,0,random-32-32-20-random-4.scen
260,random-32-32-20.map,PIBT,0,213619,100000,15984,1,random-32-32-20-random-4.scen
260,random-32-32-20.map,PIBTOLD,0,1013296,100000,6466,1,random-32-32-20-random-4.scen
260,random-32-32-20.map,PIBT,0,612680,100000,16454,10,random-32-32-20-random-4.scen
260,random-32-32-20.map,PIBTOLD,0,1013296,100000,6600,10,random-32-32-20-random-4.scen
260,random-32-32-20.map,PIBT,0,512109,100000,20572,100,random-32-32-20-random-4.scen
260,random-32-32-20.map,PIBTOLD,0,1013296,100000,6410,100,random-32-32-20-random-4.scen
20,random-32-32-20.map,PIBT,1,577,42,0,0,random-32-32-20-random-1.scen
20,random-32-32-20.map,PIBTOLD,1,577,42,0,0,random-32-32-20-random-1.scen
20,random-32-32-20.map,PIBT,1,566,42,0,1,random-32-32-20-random-1.scen
20,random-32-32-20.map,PIBTOLD,1,577,42,0,1,random-32-32-20-random-1.scen
20,random-32-32-20.map,PIBT,1,566,42,0,10,random-32-32-20-random-1.scen
20,random-32-32-20.map,PIBTOLD,1,577,42,0,10,random-32-32-20-random-1.scen
20,random-32-32-20.map,PIBT,1,566,42,0,100,random-32-32-20-random-1.scen
20,random-32-32-20.map,PIBTOLD,1,577,42,0,100,random-32-32-20-random-1.scen
20,random-32-32-20.map,PIBT,1,566,42,0,1000,random-32-32-20-random-1.scen
20,random-32-32-20.map,PIBTOLD,1,577,42,0,1000,random-32-32-20-random-1.scen
60,random-32-32-20.map,PIBT,1,1711,48,2,0,random-32-32-20-random-1.scen
60,random-32-32-20.map,PIBTOLD,1,1711,48,1,0,random-32-32-20-random-1.scen
60,random-32-32-20.map,PIBT,1,1751,49,2,1,random-32-32-20-random-1.scen
60,random-32-32-20.map,PIBTOLD,1,1711,48,1,1,random-32-32-20-random-1.scen
60,random-32-32-20.map,PIBT,1,1751,49,2,10,random-32-32-20-random-1.scen
60,random-32-32-20.map,PIBTOLD,1,1711,48,1,10,random-32-32-20-random-1.scen
60,random-32-32-20.map,PIBT,1,1751,49,2,100,random-32-32-20-random-1.scen
60,random-32-32-20.map,PIBTOLD,1,1711,48,1,100,random-32-32-20-random-1.scen
60,random-32-32-20.map,PIBT,1,1751,49,2,1000,random-32-32-20-random-1.scen
60,random-32-32-20.map,PIBTOLD,1,1711,48,1,1000,random-32-32-20-random-1.scen
100,random-32-32-20.map,PIBT,1,3446,54,3,0,random-32-32-20-random-1.scen
100,random-32-32-20.map,PIBTOLD,1,3446,54,3,0,random-32-32-20-random-1.scen
100,random-32-32-20.map,PIBT,0,3258,100000,3880,1,random-32-32-20-random-1.scen
100,random-32-32-20.map,PIBTOLD,1,3446,54,3,1,random-32-32-20-random-1.scen
100,random-32-32-20.map,PIBT,0,3263,100000,4066,10,random-32-32-20-random-1.scen
100,random-32-32-20.map,PIBTOLD,1,3446,54,3,10,random-32-32-20-random-1.scen
100,random-32-32-20.map,PIBT,0,3117,100000,4424,100,random-32-32-20-random-1.scen
100,random-32-32-20.map,PIBTOLD,1,3446,54,3,100,random-32-32-20-random-1.scen
100,random-32-32-20.map,PIBT,0,3117,100000,4487,1000,random-32-32-20-random-1.scen
100,random-32-32-20.map,PIBTOLD,1,3446,54,3,1000,random-32-32-20-random-1.scen
140,random-32-32-20.map,PIBT,1,5501,71,6,0,random-32-32-20-random-1.scen
140,random-32-32-20.map,PIBTOLD,1,5501,71,4,0,random-32-32-20-random-1.scen
140,random-32-32-20.map,PIBT,0,5234,100000,6058,1,random-32-32-20-random-1.scen
140,random-32-32-20.map,PIBTOLD,1,5501,71,4,1,random-32-32-20-random-1.scen
140,random-32-32-20.map,PIBT,0,5161,100000,7367,10,random-32-32-20-random-1.scen
140,random-32-32-20.map,PIBTOLD,1,5501,71,4,10,random-32-32-20-random-1.scen
140,random-32-32-20.map,PIBT,0,5176,100000,7910,100,random-32-32-20-random-1.scen
140,random-32-32-20.map,PIBTOLD,1,5501,71,4,100,random-32-32-20-random-1.scen
140,random-32-32-20.map,PIBT,0,5088,100000,15810,1000,random-32-32-20-random-1.scen
140,random-32-32-20.map,PIBTOLD,1,5501,71,4,1000,random-32-32-20-random-1.scen
180,random-32-32-20.map,PIBT,0,407441,100000,7456,0,random-32-32-20-random-1.scen
180,random-32-32-20.map,PIBTOLD,0,407441,100000,4660,0,random-32-32-20-random-1.scen
180,random-32-32-20.map,PIBT,0,7075,100000,8444,1,random-32-32-20-random-1.scen
180,random-32-32-20.map,PIBTOLD,0,407441,100000,4666,1,random-32-32-20-random-1.scen
180,random-32-32-20.map,PIBT,0,6800,100000,8247,10,random-32-32-20-random-1.scen
180,random-32-32-20.map,PIBTOLD,0,407441,100000,4696,10,random-32-32-20-random-1.scen
180,random-32-32-20.map,PIBT,0,7068,100000,11904,100,random-32-32-20-random-1.scen
180,random-32-32-20.map,PIBTOLD,0,407441,100000,4568,100,random-32-32-20-random-1.scen
180,random-32-32-20.map,PIBT,0,206809,100000,33654,1000,random-32-32-20-random-1.scen
180,random-32-32-20.map,PIBTOLD,0,407441,100000,4701,1000,random-32-32-20-random-1.scen
220,random-32-32-20.map,PIBT,0,210083,100000,9786,0,random-32-32-20-random-1.scen
220,random-32-32-20.map,PIBTOLD,0,210083,100000,5543,0,random-32-32-20-random-1.scen
220,random-32-32-20.map,PIBT,0,409914,100000,13657,1,random-32-32-20-random-1.scen
220,random-32-32-20.map,PIBTOLD,0,210083,100000,5545,1,random-32-32-20-random-1.scen
220,random-32-32-20.map,PIBT,0,209641,100000,12142,10,random-32-32-20-random-1.scen
220,random-32-32-20.map,PIBTOLD,0,210083,100000,5499,10,random-32-32-20-random-1.scen
220,random-32-32-20.map,PIBT,0,10120,100000,15262,100,random-32-32-20-random-1.scen
220,random-32-32-20.map,PIBTOLD,0,210083,100000,5466,100,random-32-32-20-random-1.scen
220,random-32-32-20.map,PIBT,0,9979,100000,46350,1000,random-32-32-20-random-1.scen
220,random-32-32-20.map,PIBTOLD,0,210083,100000,5431,1000,random-32-32-20-random-1.scen
260,random-32-32-20.map,PIBT,0,1013296,100000,11853,0,random-32-32-20-random-1.scen
260,random-32-32-20.map,PIBTOLD,0,1013296,100000,6386,0,random-32-32-20-random-1.scen
260,random-32-32-20.map,PIBT,0,414400,100000,14773,1,random-32-32-20-random-1.scen
260,random-32-32-20.map,PIBTOLD,0,1013296,100000,6462,1,random-32-32-20-random-1.scen
260,random-32-32-20.map,PIBT,0,12765,100000,18255,10,random-32-32-20-random-1.scen
260,random-32-32-20.map,PIBTOLD,0,1013296,100000,6410,10,random-32-32-20-random-1.scen
20,random-32-32-20.map,PIBT,1,577,42,0,0,random-32-32-20-random-6.scen
20,random-32-32-20.map,PIBTOLD,1,577,42,1,0,random-32-32-20-random-6.scen
20,random-32-32-20.map,PIBT,1,566,42,0,1,random-32-32-20-random-6.scen
20,random-32-32-20.map,PIBTOLD,1,577,42,0,1,random-32-32-20-random-6.scen
20,random-32-32-20.map,PIBT,1,566,42,0,10,random-32-32-20-random-6.scen
20,random-32-32-20.map,PIBTOLD,1,577,42,0,10,random-32-32-20-random-6.scen
20,random-32-32-20.map,PIBT,1,566,42,0,100,random-32-32-20-random-6.scen
20,random-32-32-20.map,PIBTOLD,1,577,42,0,100,random-32-32-20-random-6.scen
20,random-32-32-20.map,PIBT,1,566,42,0,1000,random-32-32-20-random-6.scen
20,random-32-32-20.map,PIBTOLD,1,577,42,0,1000,random-32-32-20-random-6.scen
60,random-32-32-20.map,PIBT,1,1711,48,2,0,random-32-32-20-random-6.scen
60,random-32-32-20.map,PIBTOLD,1,1711,48,1,0,random-32-32-20-random-6.scen
60,random-32-32-20.map,PIBT,1,1751,49,2,1,random-32-32-20-random-6.scen
60,random-32-32-20.map,PIBTOLD,1,1711,48,1,1,random-32-32-20-random-6.scen
60,random-32-32-20.map,PIBT,1,1751,49,2,10,random-32-32-20-random-6.scen
60,random-32-32-20.map,PIBTOLD,1,1711,48,1,10,random-32-32-20-random-6.scen
60,random-32-32-20.map,PIBT,1,1751,49,2,100,random-32-32-20-random-6.scen
60,random-32-32-20.map,PIBTOLD,1,1711,48,1,100,random-32-32-20-random-6.scen
60,random-32-32-20.map,PIBT,1,1751,49,2,1000,random-32-32-20-random-6.scen
60,random-32-32-20.map,PIBTOLD,1,1711,48,1,1000,random-32-32-20-random-6.scen
100,random-32-32-20.map,PIBT,1,3446,54,3,0,random-32-32-20-random-6.scen
100,random-32-32-20.map,PIBTOLD,1,3446,54,3,0,random-32-32-20-random-6.scen
100,random-32-32-20.map,PIBT,1,3205,58,10,1,random-32-32-20-random-6.scen
100,random-32-32-20.map,PIBTOLD,1,3446,54,3,1,random-32-32-20-random-6.scen
100,random-32-32-20.map,PIBT,1,3299,57,31,10,random-32-32-20-random-6.scen
100,random-32-32-20.map,PIBTOLD,1,3446,54,3,10,random-32-32-20-random-6.scen
100,random-32-32-20.map,PIBT,0,3117,100000,4527,100,random-32-32-20-random-6.scen
100,random-32-32-20.map,PIBTOLD,1,3446,54,3,100,random-32-32-20-random-6.scen
100,random-32-32-20.map,PIBT,0,3117,100000,4510,1000,random-32-32-20-random-6.scen
100,random-32-32-20.map,PIBTOLD,1,3446,54,3,1000,random-32-32-20-random-6.scen
140,random-32-32-20.map,PIBT,1,5501,71,6,0,random-32-32-20-random-6.scen
140,random-32-32-20.map,PIBTOLD,1,5501,71,4,0,random-32-32-20-random-6.scen
140,random-32-32-20.map,PIBT,0,5075,100000,6980,1,random-32-32-20-random-6.scen
140,random-32-32-20.map,PIBTOLD,1,5501,71,4,1,random-32-32-20-random-6.scen
140,random-32-32-20.map,PIBT,0,5176,100000,7278,10,random-32-32-20-random-6.scen
140,random-32-32-20.map,PIBTOLD,1,5501,71,4,10,random-32-32-20-random-6.scen
140,random-32-32-20.map,PIBT,0,5152,100000,9064,100,random-32-32-20-random-6.scen
140,random-32-32-20.map,PIBTOLD,1,5501,71,4,100,random-32-32-20-random-6.scen
140,random-32-32-20.map,PIBT,0,5123,100000,19052,1000,random-32-32-20-random-6.scen
140,random-32-32-20.map,PIBTOLD,1,5501,71,4,1000,random-32-32-20-random-6.scen
180,random-32-32-20.map,PIBT,0,407441,100000,7727,0,random-32-32-20-random-6.scen
180,random-32-32-20.map,PIBTOLD,0,407441,100000,4713,0,random-32-32-20-random-6.scen
180,random-32-32-20.map,PIBT,0,6989,100000,10361,1,random-32-32-20-random-6.scen
180,random-32-32-20.map,PIBTOLD,0,407441,100000,4659,1,random-32-32-20-random-6.scen
180,random-32-32-20.map,PIBT,0,7293,100000,13593,10,random-32-32-20-random-6.scen
180,random-32-32-20.map,PIBTOLD,0,407441,100000,4689,10,random-32-32-20-random-6.scen
180,random-32-32-20.map,PIBT,0,7159,100000,11201,100,random-32-32-20-random-6.scen
180,random-32-32-20.map,PIBTOLD,0,407441,100000,4805,100,random-32-32-20-random-6.scen
180,random-32-32-20.map,PIBT,0,207080,100000,33926,1000,random-32-32-20-random-6.scen
180,random-32-32-20.map,PIBTOLD,0,407441,100000,4722,1000,random-32-32-20-random-6.scen
220,random-32-32-20.map,PIBT,0,210083,100000,9526,0,random-32-32-20-random-6.scen
220,random-32-32-20.map,PIBTOLD,0,210083,100000,5499,0,random-32-32-20-random-6.scen
220,random-32-32-20.map,PIBT,0,10250,100000,14412,1,random-32-32-20-random-6.scen
220,random-32-32-20.map,PIBTOLD,0,210083,100000,5267,1,random-32-32-20-random-6.scen
220,random-32-32-20.map,PIBT,0,210048,100000,17434,10,random-32-32-20-random-6.scen
220,random-32-32-20.map,PIBTOLD,0,210083,100000,5336,10,random-32-32-20-random-6.scen
220,random-32-32-20.map,PIBT,0,210188,100000,24521,100,random-32-32-20-random-6.scen
220,random-32-32-20.map,PIBTOLD,0,210083,100000,5389,100,random-32-32-20-random-6.scen
220,random-32-32-20.map,PIBT,0,209310,100000,46172,1000,random-32-32-20-random-6.scen
220,random-32-32-20.map,PIBTOLD,0,210083,100000,5470,1000,random-32-32-20-random-6.scen
260,random-32-32-20.map,PIBT,0,1013296,100000,11786,0,random-32-32-20-random-6.scen
260,random-32-32-20.map,PIBTOLD,0,1013296,100000,6332,0,random-32-32-20-random-6.scen
260,random-32-32-20.map,PIBT,0,413352,100000,32131,1,random-32-32-20-random-6.scen
260,random-32-32-20.map,PIBTOLD,0,1013296,100000,6485,1,random-32-32-20-random-6.scen
260,random-32-32-20.map,PIBT,0,13627,100000,18552,10,random-32-32-20-random-6.scen
260,random-32-32-20.map,PIBTOLD,0,1013296,100000,6679,10,random-32-32-20-random-6.scen
260,random-32-32-20.map,PIBT,0,12705,100000,22848,100,random-32-32-20-random-6.scen
260,random-32-32-20.map,PIBTOLD,0,1013296,100000,6395,100,random-32-32-20-random-6.scen
20,random-32-32-20.map,PIBT,1,577,42,0,0,random-32-32-20-random-10.scen
20,random-32-32-20.map,PIBTOLD,1,577,42,0,0,random-32-32-20-random-10.scen
20,random-32-32-20.map,PIBT,1,566,42,0,1,random-32-32-20-random-10.scen
20,random-32-32-20.map,PIBTOLD,1,577,42,0,1,random-32-32-20-random-10.scen
20,random-32-32-20.map,PIBT,1,566,42,0,10,random-32-32-20-random-10.scen
20,random-32-32-20.map,PIBTOLD,1,577,42,1,10,random-32-32-20-random-10.scen
20,random-32-32-20.map,PIBT,1,566,42,0,100,random-32-32-20-random-10.scen
20,random-32-32-20.map,PIBTOLD,1,577,42,0,100,random-32-32-20-random-10.scen
20,random-32-32-20.map,PIBT,1,566,42,0,1000,random-32-32-20-random-10.scen
20,random-32-32-20.map,PIBTOLD,1,577,42,1,1000,random-32-32-20-random-10.scen
60,random-32-32-20.map,PIBT,1,1711,48,2,0,random-32-32-20-random-10.scen
60,random-32-32-20.map,PIBTOLD,1,1711,48,1,0,random-32-32-20-random-10.scen
60,random-32-32-20.map,PIBT,1,1751,49,2,1,random-32-32-20-random-10.scen
60,random-32-32-20.map,PIBTOLD,1,1711,48,1,1,random-32-32-20-random-10.scen
60,random-32-32-20.map,PIBT,1,1751,49,2,10,random-32-32-20-random-10.scen
60,random-32-32-20.map,PIBTOLD,1,1711,48,1,10,random-32-32-20-random-10.scen
60,random-32-32-20.map,PIBT,1,1751,49,2,100,random-32-32-20-random-10.scen
60,random-32-32-20.map,PIBTOLD,1,1711,48,1,100,random-32-32-20-random-10.scen
60,random-32-32-20.map,PIBT,1,1751,49,2,1000,random-32-32-20-random-10.scen
60,random-32-32-20.map,PIBTOLD,1,1711,48,1,1000,random-32-32-20-random-10.scen
100,random-32-32-20.map,PIBT,1,3446,54,3,0,random-32-32-20-random-10.scen
100,random-32-32-20.map,PIBTOLD,1,3446,54,3,0,random-32-32-20-random-10.scen
100,random-32-32-20.map,PIBT,1,3236,61,9,1,random-32-32-20-random-10.scen
100,random-32-32-20.map,PIBTOLD,1,3446,54,3,1,random-32-32-20-random-10.scen
100,random-32-32-20.map,PIBT,0,3152,100000,4567,10,random-32-32-20-random-10.scen
100,random-32-32-20.map,PIBTOLD,1,3446,54,3,10,random-32-32-20-random-10.scen
100,random-32-32-20.map,PIBT,0,3117,100000,4454,100,random-32-32-20-random-10.scen
100,random-32-32-20.map,PIBTOLD,1,3446,54,3,100,random-32-32-20-random-10.scen
100,random-32-32-20.map,PIBT,0,3117,100000,4421,1000,random-32-32-20-random-10.scen
100,random-32-32-20.map,PIBTOLD,1,3446,54,2,1000,random-32-32-20-random-10.scen
140,random-32-32-20.map,PIBT,1,5501,71,6,0,random-32-32-20-random-10.scen
140,random-32-32-20.map,PIBTOLD,1,5501,71,4,0,random-32-32-20-random-10.scen
140,random-32-32-20.map,PIBT,0,5321,100000,5877,1,random-32-32-20-random-10.scen
140,random-32-32-20.map,PIBTOLD,1,5501,71,4,1,random-32-32-20-random-10.scen
140,random-32-32-20.map,PIBT,0,5312,100000,6917,10,random-32-32-20-random-10.scen
140,random-32-32-20.map,PIBTOLD,1,5501,71,4,10,random-32-32-20-random-10.scen
140,random-32-32-20.map,PIBT,0,5143,100000,7616,100,random-32-32-20-random-10.scen
140,random-32-32-20.map,PIBTOLD,1,5501,71,4,100,random-32-32-20-random-10.scen
140,random-32-32-20.map,PIBT,0,5320,100000,21907,1000,random-32-32-20-random-10.scen
140,random-32-32-20.map,PIBTOLD,1,5501,71,4,1000,random-32-32-20-random-10.scen
180,random-32-32-20.map,PIBT,0,407441,100000,7544,0,random-32-32-20-random-10.scen
180,random-32-32-20.map,PIBTOLD,0,407441,100000,4573,0,random-32-32-20-random-10.scen
180,random-32-32-20.map,PIBT,0,206825,100000,9380,1,random-32-32-20-random-10.scen
180,random-32-32-20.map,PIBTOLD,0,407441,100000,4712,1,random-32-32-20-random-10.scen
180,random-32-32-20.map,PIBT,0,7268,100000,11778,10,random-32-32-20-random-10.scen
180,random-32-32-20.map,PIBTOLD,0,407441,100000,4649,10,random-32-32-20-random-10.scen
180,random-32-32-20.map,PIBT,0,7159,100000,11053,100,random-32-32-20-random-10.scen
180,random-32-32-20.map,PIBTOLD,0,407441,100000,4583,100,random-32-32-20-random-10.scen
180,random-32-32-20.map,PIBT,0,207080,100000,33822,1000,random-32-32-20-random-10.scen
180,random-32-32-20.map,PIBTOLD,0,407441,100000,4552,1000,random-32-32-20-random-10.scen
220,random-32-32-20.map,PIBT,0,210083,100000,9614,0,random-32-32-20-random-10.scen
220,random-32-32-20.map,PIBTOLD,0,210083,100000,5697,0,random-32-32-20-random-10.scen
220,random-32-32-20.map,PIBT,0,9917,100000,11472,1,random-32-32-20-random-10.scen
220,random-32-32-20.map,PIBTOLD,0,210083,100000,5376,1,random-32-32-20-random-10.scen
220,random-32-32-20.map,PIBT,0,9724,100000,12772,10,random-32-32-20-random-10.scen
220,random-32-32-20.map,PIBTOLD,0,210083,100000,5423,10,random-32-32-20-random-10.scen
220,random-32-32-20.map,PIBT,0,10699,100000,17134,100,random-32-32-20-random-10.scen
220,random-32-32-20.map,PIBTOLD,0,210083,100000,5398,100,random-32-32-20-random-10.scen
220,random-32-32-20.map,PIBT,0,209634,100000,47794,1000,random-32-32-20-random-10.scen
220,random-32-32-20.map,PIBTOLD,0,210083,100000,5525,1000,random-32-32-20-random-10.scen
260,random-32-32-20.map,PIBT,0,1013296,100000,11996,0,random-32-32-20-random-10.scen
260,random-32-32-20.map,PIBTOLD,0,1013296,100000,6574,0,random-32-32-20-random-10.scen
260,random-32-32-20.map,PIBT,0,13679,100000,13033,1,random-32-32-20-random-10.scen
260,random-32-32-20.map,PIBTOLD,0,1013296,100000,6441,1,random-32-32-20-random-10.scen
260,random-32-32-20.map,PIBT,0,212972,100000,26167,10,random-32-32-20-random-10.scen
260,random-32-32-20.map,PIBTOLD,0,1013296,100000,6556,10,random-32-32-20-random-10.scen
260,random-32-32-20.map,PIBT,0,12356,100000,37081,100,random-32-32-20-random-10.scen
260,random-32-32-20.map,PIBTOLD,0,1013296,100000,6393,100,random-32-32-20-random-10.scen
20,random-32-32-20.map,PIBT,1,577,42,1,0,random-32-32-20-random-19.scen
20,random-32-32-20.map,PIBTOLD,1,577,42,0,0,random-32-32-20-random-19.scen
20,random-32-32-20.map,PIBT,1,566,42,0,1,random-32-32-20-random-19.scen
20,random-32-32-20.map,PIBTOLD,1,577,42,0,1,random-32-32-20-random-19.scen
20,random-32-32-20.map,PIBT,1,566,42,0,10,random-32-32-20-random-19.scen
20,random-32-32-20.map,PIBTOLD,1,577,42,0,10,random-32-32-20-random-19.scen
20,random-32-32-20.map,PIBT,1,566,42,0,100,random-32-32-20-random-19.scen
20,random-32-32-20.map,PIBTOLD,1,577,42,0,100,random-32-32-20-random-19.scen
20,random-32-32-20.map,PIBT,1,566,42,0,1000,random-32-32-20-random-19.scen
20,random-32-32-20.map,PIBTOLD,1,577,42,0,1000,random-32-32-20-random-19.scen
60,random-32-32-20.map,PIBT,1,1711,48,2,0,random-32-32-20-random-19.scen
60,random-32-32-20.map,PIBTOLD,1,1711,48,1,0,random-32-32-20-random-19.scen
60,random-32-32-20.map,PIBT,1,1751,49,2,1,random-32-32-20-random-19.scen
60,random-32-32-20.map,PIBTOLD,1,1711,48,1,1,random-32-32-20-random-19.scen
60,random-32-32-20.map,PIBT,1,1751,49,2,10,random-32-32-20-random-19.scen
60,random-32-32-20.map,PIBTOLD,1,1711,48,1,10,random-32-32-20-random-19.scen
60,random-32-32-20.map,PIBT,1,1751,49,2,100,random-32-32-20-random-19.scen
60,random-32-32-20.map,PIBTOLD,1,1711,48,1,100,random-32-32-20-random-19.scen
60,random-32-32-20.map,PIBT,1,1751,49,2,1000,random-32-32-20-random-19.scen
60,random-32-32-20.map,PIBTOLD,1,1711,48,1,1000,random-32-32-20-random-19.scen
100,random-32-32-20.map,PIBT,1,3446,54,3,0,random-32-32-20-random-19.scen
100,random-32-32-20.map,PIBTOLD,1,3446,54,3,0,random-32-32-20-random-19.scen
100,random-32-32-20.map,PIBT,1,3306,56,10,1,random-32-32-20-random-19.scen
100,random-32-32-20.map,PIBTOLD,1,3446,54,3,1,random-32-32-20-random-19.scen
100,random-32-32-20.map,PIBT,0,3173,100000,4486,10,random-32-32-20-random-19.scen
100,random-32-32-20.map,PIBTOLD,1,3446,54,3,10,random-32-32-20-random-19.scen
100,random-32-32-20.map,PIBT,0,3117,100000,4449,100,random-32-32-20-random-19.scen
100,random-32-32-20.map,PIBTOLD,1,3446,54,3,100,random-32-32-20-random-19.scen
100,random-32-32-20.map,PIBT,0,3117,100000,4401,1000,random-32-32-20-random-19.scen
100,random-32-32-20.map,PIBTOLD,1,3446,54,3,1000,random-32-32-20-random-19.scen
140,random-32-32-20.map,PIBT,1,5501,71,6,0,random-32-32-20-random-19.scen
140,random-32-32-20.map,PIBTOLD,1,5501,71,4,0,random-32-32-20-random-19.scen
140,random-32-32-20.map,PIBT,0,5226,100000,6869,1,random-32-32-20-random-19.scen
140,random-32-32-20.map,PIBTOLD,1,5501,71,4,1,random-32-32-20-random-19.scen
140,random-32-32-20.map,PIBT,0,5388,100000,6878,10,random-32-32-20-random-19.scen
140,random-32-32-20.map,PIBTOLD,1,5501,71,4,10,random-32-32-20-random-19.scen
140,random-32-32-20.map,PIBT,0,4986,100000,8935,100,random-32-32-20-random-19.scen
140,random-32-32-20.map,PIBTOLD,1,5501,71,4,100,random-32-32-20-random-19.scen
140,random-32-32-20.map,PIBT,0,5252,100000,20516,1000,random-32-32-20-random-19.scen
140,random-32-32-20.map,PIBTOLD,1,5501,71,4,1000,random-32-32-20-random-19.scen
180,random-32-32-20.map,PIBT,0,407441,100000,7533,0,random-32-32-20-random-19.scen
180,random-32-32-20.map,PIBTOLD,0,407441,100000,4694,0,random-32-32-20-random-19.scen
180,random-32-32-20.map,PIBT,0,7040,100000,9932,1,random-32-32-20-random-19.scen
180,random-32-32-20.map,PIBTOLD,0,407441,100000,4636,1,random-32-32-20-random-19.scen
180,random-32-32-20.map,PIBT,0,7058,100000,8600,10,random-32-32-20-random-19.scen
180,random-32-32-20.map,PIBTOLD,0,407441,100000,4717,10,random-32-32-20-random-19.scen
180,random-32-32-20.map,PIBT,0,207194,100000,12000,100,random-32-32-20-random-19.scen
180,random-32-32-20.map,PIBTOLD,0,407441,100000,4650,100,random-32-32-20-random-19.scen
180,random-32-32-20.map,PIBT,0,7294,100000,34800,1000,random-32-32-20-random-19.scen
180,random-32-32-20.map,PIBTOLD,0,407441,100000,4668,1000,random-32-32-20-random-19.scen
220,random-32-32-20.map,PIBT,0,210083,100000,9573,0,random-32-32-20-random-19.scen
220,random-32-32-20.map,PIBTOLD,0,210083,100000,5553,0,random-32-32-20-random-19.scen
220,random-32-32-20.map,PIBT,0,10228,100000,12215,1,random-32-32-20-random-19.scen
220,random-32-32-20.map,PIBTOLD,0,210083,100000,5567,1,random-32-32-20-random-19.scen
220,random-32-32-20.map,PIBT,0,410714,100000,13244,10,random-32-32-20-random-19.scen
220,random-32-32-20.map,PIBTOLD,0,210083,100000,5496,10,random-32-32-20-random-19.scen
220,random-32-32-20.map,PIBT,0,10297,100000,23961,100,random-32-32-20-random-19.scen
220,random-32-32-20.map,PIBTOLD,0,210083,100000,5418,100,random-32-32-20-random-19.scen
220,random-32-32-20.map,PIBT,0,9961,100000,48579,1000,random-32-32-20-random-19.scen
220,random-32-32-20.map,PIBTOLD,0,210083,100000,5454,1000,random-32-32-20-random-19.scen
260,random-32-32-20.map,PIBT,0,1013296,100000,11758,0,random-32-32-20-random-19.scen
260,random-32-32-20.map,PIBTOLD,0,1013296,100000,6576,0,random-32-32-20-random-19.scen
260,random-32-32-20.map,PIBT,0,213284,100000,18646,1,random-32-32-20-random-19.scen
260,random-32-32-20.map,PIBTOLD,0,1013296,100000,6496,1,random-32-32-20-random-19.scen
260,random-32-32-20.map,PIBT,0,413160,100000,16645,10,random-32-32-20-random-19.scen
260,random-32-32-20.map,PIBTOLD,0,1013296,100000,6546,10,random-32-32-20-random-19.scen
260,random-32-32-20.map,PIBT,0,13098,100000,19523,100,random-32-32-20-random-19.scen
260,random-32-32-20.map,PIBTOLD,0,1013296,100000,6456,100,random-32-32-20-random-19.scen
20,random-32-32-20.map,PIBT,1,577,42,0,0,random-32-32-20-random-20.scen
20,random-32-32-20.map,PIBTOLD,1,577,42,0,0,random-32-32-20-random-20.scen
20,random-32-32-20.map,PIBT,1,566,42,0,1,random-32-32-20-random-20.scen
20,random-32-32-20.map,PIBTOLD,1,577,42,0,1,random-32-32-20-random-20.scen
20,random-32-32-20.map,PIBT,1,566,42,0,10,random-32-32-20-random-20.scen
20,random-32-32-20.map,PIBTOLD,1,577,42,0,10,random-32-32-20-random-20.scen
20,random-32-32-20.map,PIBT,1,566,42,0,100,random-32-32-20-random-20.scen
20,random-32-32-20.map,PIBTOLD,1,577,42,0,100,random-32-32-20-random-20.scen
20,random-32-32-20.map,PIBT,1,566,42,0,1000,random-32-32-20-random-20.scen
20,random-32-32-20.map,PIBTOLD,1,577,42,0,1000,random-32-32-20-random-20.scen
60,random-32-32-20.map,PIBT,1,1711,48,2,0,random-32-32-20-random-20.scen
60,random-32-32-20.map,PIBTOLD,1,1711,48,1,0,random-32-32-20-random-20.scen
60,random-32-32-20.map,PIBT,1,1751,49,2,1,random-32-32-20-random-20.scen
60,random-32-32-20.map,PIBTOLD,1,1711,48,1,1,random-32-32-20-random-20.scen
60,random-32-32-20.map,PIBT,1,1751,49,2,10,random-32-32-20-random-20.scen
60,random-32-32-20.map,PIBTOLD,1,1711,48,1,10,random-32-32-20-random-20.scen
60,random-32-32-20.map,PIBT,1,1751,49,2,100,random-32-32-20-random-20.scen
60,random-32-32-20.map,PIBTOLD,1,1711,48,1,100,random-32-32-20-random-20.scen
60,random-32-32-20.map,PIBT,1,1751,49,2,1000,random-32-32-20-random-20.scen
60,random-32-32-20.map,PIBTOLD,1,1711,48,1,1000,random-32-32-20-random-20.scen
100,random-32-32-20.map,PIBT,1,3446,54,3,0,random-32-32-20-random-20.scen
100,random-32-32-20.map,PIBTOLD,1,3446,54,3,0,random-32-32-20-random-20.scen
100,random-32-32-20.map,PIBT,1,3185,54,9,1,random-32-32-20-random-20.scen
100,random-32-32-20.map,PIBTOLD,1,3446,54,3,1,random-32-32-20-random-20.scen
100,random-32-32-20.map,PIBT,1,3331,62,31,10,random-32-32-20-random-20.scen
100,random-32-32-20.map,PIBTOLD,1,3446,54,3,10,random-32-32-20-random-20.scen
100,random-32-32-20.map,PIBT,0,3117,100000,4397,100,random-32-32-20-random-20.scen
100,random-32-32-20.map,PIBTOLD,1,3446,54,3,100,random-32-32-20-random-20.scen
100,random-32-32-20.map,PIBT,0,3117,100000,4366,1000,random-32-32-20-random-20.scen
100,random-32-32-20.map,PIBTOLD,1,3446,54,3,1000,random-32-32-20-random-20.scen
140,random-32-32-20.map,PIBT,1,5501,71,6,0,random-32-32-20-random-20.scen
140,random-32-32-20.map,PIBTOLD,1,5501,71,4,0,random-32-32-20-random-20.scen
140,random-32-32-20.map,PIBT,0,1006881,100000,10098,1,random-32-32-20-random-20.scen
140,random-32-32-20.map,PIBTOLD,1,5501,71,4,1,random-32-32-20-random-20.scen
140,random-32-32-20.map,PIBT,0,5212,100000,6239,10,random-32-32-20-random-20.scen
140,random-32-32-20.map,PIBTOLD,1,5501,71,4,10,random-32-32-20-random-20.scen
140,random-32-32-20.map,PIBT,0,5155,100000,7376,100,random-32-32-20-random-20.scen
140,random-32-32-20.map,PIBTOLD,1,5501,71,4,100,random-32-32-20-random-20.scen
140,random-32-32-20.map,PIBT,0,5104,100000,13965,1000,random-32-32-20-random-20.scen
140,random-32-32-20.map,PIBTOLD,1,5501,71,4,1000,random-32-32-20-random-20.scen
180,random-32-32-20.map,PIBT,0,407441,100000,7461,0,random-32-32-20-random-20.scen
180,random-32-32-20.map,PIBTOLD,0,407441,100000,4621,0,random-32-32-20-random-20.scen
180,random-32-32-20.map,PIBT,0,207148,100000,8279,1,random-32-32-20-random-20.scen
180,random-32-32-20.map,PIBTOLD,0,407441,100000,4528,1,random-32-32-20-random-20.scen
180,random-32-32-20.map,PIBT,0,6806,100000,11104,10,random-32-32-20-random-20.scen
180,random-32-32-20.map,PIBTOLD,0,407441,100000,4750,10,random-32-32-20-random-20.scen
180,random-32-32-20.map,PIBT,0,7121,100000,11859,100,random-32-32-20-random-20.scen
180,random-32-32-20.map,PIBTOLD,0,407441,100000,4618,100,random-32-32-20-random-20.scen
180,random-32-32-20.map,PIBT,0,7125,100000,34183,1000,random-32-32-20-random-20.scen
180,random-32-32-20.map,PIBTOLD,0,407441,100000,4590,1000,random-32-32-20-random-20.scen
220,random-32-32-20.map,PIBT,0,210083,100000,9484,0,random-32-32-20-random-20.scen
220,random-32-32-20.map,PIBTOLD,0,210083,100000,5473,0,random-32-32-20-random-20.scen
220,random-32-32-20.map,PIBT,0,10127,100000,14206,1,random-32-32-20-random-20.scen
220,random-32-32-20.map,PIBTOLD,0,210083,100000,5532,1,random-32-32-20-random-20.scen
220,random-32-32-20.map,PIBT,0,9764,100000,15539,10,random-32-32-20-random-20.scen
220,random-32-32-20.map,PIBTOLD,0,210083,100000,5404,10,random-32-32-20-random-20.scen
220,random-32-32-20.map,PIBT,0,209960,100000,15966,100,random-32-32-20-random-20.scen
220,random-32-32-20.map,PIBTOLD,0,210083,100000,5978,100,random-32-32-20-random-20.scen
220,random-32-32-20.map,PIBT,0,9701,100000,42764,1000,random-32-32-20-random-20.scen
220,random-32-32-20.map,PIBTOLD,0,210083,100000,5421,1000,random-32-32-20-random-20.scen
260,random-32-32-20.map,PIBT,0,1013296,100000,11872,0,random-32-32-20-random-20.scen
260,random-32-32-20.map,PIBTOLD,0,1013296,100000,6493,0,random-32-32-20-random-20.scen
260,random-32-32-20.map,PIBT,0,14253,100000,14221,1,random-32-32-20-random-20.scen
260,random-32-32-20.map,PIBTOLD,0,1013296,100000,6535,1,random-32-32-20-random-20.scen
260,random-32-32-20.map,PIBT,0,213138,100000,18592,10,random-32-32-20-random-20.scen
260,random-32-32-20.map,PIBTOLD,0,1013296,100000,6464,10,random-32-32-20-random-20.scen
260,random-32-32-20.map,PIBT,0,213339,100000,19942,100,random-32-32-20-random-20.scen
260,random-32-32-20.map,PIBTOLD,0,1013296,100000,6401,100,random-32-32-20-random-20.scen
20,random-32-32-20.map,PIBT,1,577,42,0,0,random-32-32-20-random-12.scen
20,random-32-32-20.map,PIBTOLD,1,577,42,0,0,random-32-32-20-random-12.scen
20,random-32-32-20.map,PIBT,1,566,42,0,1,random-32-32-20-random-12.scen
20,random-32-32-20.map,PIBTOLD,1,577,42,0,1,random-32-32-20-random-12.scen
20,random-32-32-20.map,PIBT,1,566,42,0,10,random-32-32-20-random-12.scen
20,random-32-32-20.map,PIBTOLD,1,577,42,0,10,random-32-32-20-random-12.scen
20,random-32-32-20.map,PIBT,1,566,42,1,100,random-32-32-20-random-12.scen
20,random-32-32-20.map,PIBTOLD,1,577,42,0,100,random-32-32-20-random-12.scen
20,random-32-32-20.map,PIBT,1,566,42,0,1000,random-32-32-20-random-12.scen
20,random-32-32-20.map,PIBTOLD,1,577,42,0,1000,random-32-32-20-random-12.scen
60,random-32-32-20.map,PIBT,1,1711,48,2,0,random-32-32-20-random-12.scen
60,random-32-32-20.map,PIBTOLD,1,1711,48,1,0,random-32-32-20-random-12.scen
60,random-32-32-20.map,PIBT,1,1751,49,2,1,random-32-32-20-random-12.scen
60,random-32-32-20.map,PIBTOLD,1,1711,48,1,1,random-32-32-20-random-12.scen
60,random-32-32-20.map,PIBT,1,1751,49,4,10,random-32-32-20-random-12.scen
60,random-32-32-20.map,PIBTOLD,1,1711,48,1,10,random-32-32-20-random-12.scen
60,random-32-32-20.map,PIBT,1,1751,49,2,100,random-32-32-20-random-12.scen
60,random-32-32-20.map,PIBTOLD,1,1711,48,1,100,random-32-32-20-random-12.scen
60,random-32-32-20.map,PIBT,1,1751,49,2,1000,random-32-32-20-random-12.scen
60,random-32-32-20.map,PIBTOLD,1,1711,48,1,1000,random-32-32-20-random-12.scen
100,random-32-32-20.map,PIBT,1,3446,54,3,0,random-32-32-20-random-12.scen
100,random-32-32-20.map,PIBTOLD,1,3446,54,3,0,random-32-32-20-random-12.scen
100,random-32-32-20.map,PIBT,1,3214,57,10,1,random-32-32-20-random-12.scen
100,random-32-32-20.map,PIBTOLD,1,3446,54,3,1,random-32-32-20-random-12.scen
100,random-32-32-20.map,PIBT,0,3127,100000,4513,10,random-32-32-20-random-12.scen
100,random-32-32-20.map,PIBTOLD,1,3446,54,3,10,random-32-32-20-random-12.scen
100,random-32-32-20.map,PIBT,0,3117,100000,4599,100,random-32-32-20-random-12.scen
100,random-32-32-20.map,PIBTOLD,1,3446,54,3,100,random-32-32-20-random-12.scen
100,random-32-32-20.map,PIBT,0,3117,100000,4453,1000,random-32-32-20-random-12.scen
100,random-32-32-20.map,PIBTOLD,1,3446,54,3,1000,random-32-32-20-random-12.scen
140,random-32-32-20.map,PIBT,1,5501,71,6,0,random-32-32-20-random-12.scen
140,random-32-32-20.map,PIBTOLD,1,5501,71,4,0,random-32-32-20-random-12.scen
140,random-32-32-20.map,PIBT,0,5098,100000,6428,1,random-32-32-20-random-12.scen
140,random-32-32-20.map,PIBTOLD,1,5501,71,4,1,random-32-32-20-random-12.scen
140,random-32-32-20.map,PIBT,0,5151,100000,6728,10,random-32-32-20-random-12.scen
140,random-32-32-20.map,PIBTOLD,1,5501,71,4,10,random-32-32-20-random-12.scen
140,random-32-32-20.map,PIBT,0,5141,100000,8712,100,random-32-32-20-random-12.scen
140,random-32-32-20.map,PIBTOLD,1,5501,71,4,100,random-32-32-20-random-12.scen
140,random-32-32-20.map,PIBT,0,5248,100000,22168,1000,random-32-32-20-random-12.scen
140,random-32-32-20.map,PIBTOLD,1,5501,71,4,1000,random-32-32-20-random-12.scen
180,random-32-32-20.map,PIBT,0,407441,100000,7564,0,random-32-32-20-random-12.scen
180,random-32-32-20.map,PIBTOLD,0,407441,100000,4627,0,random-32-32-20-random-12.scen
180,random-32-32-20.map,PIBT,0,6898,100000,8811,1,random-32-32-20-random-12.scen
180,random-32-32-20.map,PIBTOLD,0,407441,100000,4589,1,random-32-32-20-random-12.scen
180,random-32-32-20.map,PIBT,0,6962,100000,11097,10,random-32-32-20-random-12.scen
180,random-32-32-20.map,PIBTOLD,0,407441,100000,4585,10,random-32-32-20-random-12.scen
180,random-32-32-20.map,PIBT,0,207083,100000,10700,100,random-32-32-20-random-12.scen
180,random-32-32-20.map,PIBTOLD,0,407441,100000,4523,100,random-32-32-20-random-12.scen
180,random-32-32-20.map,PIBT,0,6869,100000,32049,1000,random-32-32-20-random-12.scen
180,random-32-32-20.map,PIBTOLD,0,407441,100000,4567,1000,random-32-32-20-random-12.scen
220,random-32-32-20.map,PIBT,0,210083,100000,9596,0,random-32-32-20-random-12.scen
220,random-32-32-20.map,PIBTOLD,0,210083,100000,5635,0,random-32-32-20-random-12.scen
220,random-32-32-20.map,PIBT,0,210405,100000,17000,1,random-32-32-20-random-12.scen
220,random-32-32-20.map,PIBTOLD,0,210083,100000,5543,1,random-32-32-20-random-12.scen
220,random-32-32-20.map,PIBT,0,210363,100000,13946,10,random-32-32-20-random-12.scen
220,random-32-32-20.map,PIBTOLD,0,210083,100000,5435,10,random-32-32-20-random-12.scen
220,random-32-32-20.map,PIBT,0,609905,100000,16089,100,random-32-32-20-random-12.scen
220,random-32-32-20.map,PIBTOLD,0,210083,100000,5451,100,random-32-32-20-random-12.scen
220,random-32-32-20.map,PIBT,0,209768,100000,44862,1000,random-32-32-20-random-12.scen
220,random-32-32-20.map,PIBTOLD,0,210083,100000,6562,1000,random-32-32-20-random-12.scen
260,random-32-32-20.map,PIBT,0,1013296,100000,11832,0,random-32-32-20-random-12.scen
260,random-32-32-20.map,PIBTOLD,0,1013296,100000,6535,0,random-32-32-20-random-12.scen
260,random-32-32-20.map,PIBT,0,813611,100000,16118,1,random-32-32-20-random-12.scen
260,random-32-32-20.map,PIBTOLD,0,1013296,100000,6380,1,random-32-32-20-random-12.scen
260,random-32-32-20.map,PIBT,0,213382,100000,16298,10,random-32-32-20-random-12.scen
260,random-32-32-20.map,PIBTOLD,0,1013296,100000,6556,10,random-32-32-20-random-12.scen
260,random-32-32-20.map,PIBT,0,13071,100000,20926,100,random-32-32-20-random-12.scen
260,random-32-32-20.map,PIBTOLD,0,1013296,100000,6449,100,random-32-32-20-random-12.scen
20,random-32-32-20.map,PIBT,1,577,42,1,0,random-32-32-20-random-25.scen
20,random-32-32-20.map,PIBTOLD,1,577,42,0,0,random-32-32-20-random-25.scen
20,random-32-32-20.map,PIBT,1,566,42,0,1,random-32-32-20-random-25.scen
20,random-32-32-20.map,PIBTOLD,1,577,42,0,1,random-32-32-20-random-25.scen
20,random-32-32-20.map,PIBT,1,566,42,0,10,random-32-32-20-random-25.scen
20,random-32-32-20.map,PIBTOLD,1,577,42,0,10,random-32-32-20-random-25.scen
20,random-32-32-20.map,PIBT,1,566,42,0,100,random-32-32-20-random-25.scen
20,random-32-32-20.map,PIBTOLD,1,577,42,0,100,random-32-32-20-random-25.scen
20,random-32-32-20.map,PIBT,1,566,42,0,1000,random-32-32-20-random-25.scen
20,random-32-32-20.map,PIBTOLD,1,577,42,0,1000,random-32-32-20-random-25.scen
60,random-32-32-20.map,PIBT,1,1711,48,2,0,random-32-32-20-random-25.scen
60,random-32-32-20.map,PIBTOLD,1,1711,48,1,0,random-32-32-20-random-25.scen
60,random-32-32-20.map,PIBT,1,1751,49,2,1,random-32-32-20-random-25.scen
60,random-32-32-20.map,PIBTOLD,1,1711,48,1,1,random-32-32-20-random-25.scen
60,random-32-32-20.map,PIBT,1,1751,49,2,10,random-32-32-20-random-25.scen
60,random-32-32-20.map,PIBTOLD,1,1711,48,1,10,random-32-32-20-random-25.scen
60,random-32-32-20.map,PIBT,1,1751,49,2,100,random-32-32-20-random-25.scen
60,random-32-32-20.map,PIBTOLD,1,1711,48,1,100,random-32-32-20-random-25.scen
60,random-32-32-20.map,PIBT,1,1751,49,2,1000,random-32-32-20-random-25.scen
60,random-32-32-20.map,PIBTOLD,1,1711,48,1,1000,random-32-32-20-random-25.scen
100,random-32-32-20.map,PIBT,1,3446,54,3,0,random-32-32-20-random-25.scen
100,random-32-32-20.map,PIBTOLD,1,3446,54,2,0,random-32-32-20-random-25.scen
100,random-32-32-20.map,PIBT,1,3349,54,8,1,random-32-32-20-random-25.scen
100,random-32-32-20.map,PIBTOLD,1,3446,54,3,1,random-32-32-20-random-25.scen
100,random-32-32-20.map,PIBT,0,3217,100000,4056,10,random-32-32-20-random-25.scen
100,random-32-32-20.map,PIBTOLD,1,3446,54,3,10,random-32-32-20-random-25.scen
100,random-32-32-20.map,PIBT,0,3117,100000,4469,100,random-32-32-20-random-25.scen
100,random-32-32-20.map,PIBTOLD,1,3446,54,3,100,random-32-32-20-random-25.scen
100,random-32-32-20.map,PIBT,0,3117,100000,4298,1000,random-32-32-20-random-25.scen
100,random-32-32-20.map,PIBTOLD,1,3446,54,3,1000,random-32-32-20-random-25.scen
140,random-32-32-20.map,PIBT,1,5501,71,6,0,random-32-32-20-random-25.scen
140,random-32-32-20.map,PIBTOLD,1,5501,71,4,0,random-32-32-20-random-25.scen
140,random-32-32-20.map,PIBT,0,204995,100000,6529,1,random-32-32-20-random-25.scen
140,random-32-32-20.map,PIBTOLD,1,5501,71,4,1,random-32-32-20-random-25.scen
140,random-32-32-20.map,PIBT,0,5123,100000,6459,10,random-32-32-20-random-25.scen
140,random-32-32-20.map,PIBTOLD,1,5501,71,4,10,random-32-32-20-random-25.scen
140,random-32-32-20.map,PIBT,0,5177,100000,8352,100,random-32-32-20-random-25.scen
140,random-32-32-20.map,PIBTOLD,1,5501,71,4,100,random-32-32-20-random-25.scen
140,random-32-32-20.map,PIBT,0,5059,100000,22107,1000,random-32-32-20-random-25.scen
140,random-32-32-20.map,PIBTOLD,1,5501,71,4,1000,random-32-32-20-random-25.scen
180,random-32-32-20.map,PIBT,0,407441,100000,7552,0,random-32-32-20-random-25.scen
180,random-32-32-20.map,PIBTOLD,0,407441,100000,4620,0,random-32-32-20-random-25.scen
180,random-32-32-20.map,PIBT,0,207277,100000,8252,1,random-32-32-20-random-25.scen
180,random-32-32-20.map,PIBTOLD,0,407441,100000,4613,1,random-32-32-20-random-25.scen
180,random-32-32-20.map,PIBT,0,207007,100000,8729,10,random-32-32-20-random-25.scen
180,random-32-32-20.map,PIBTOLD,0,407441,100000,4677,10,random-32-32-20-random-25.scen
180,random-32-32-20.map,PIBT,0,206893,100000,12137,100,random-32-32-20-random-25.scen
180,random-32-32-20.map,PIBTOLD,0,407441,100000,4664,100,random-32-32-20-random-25.scen
180,random-32-32-20.map,PIBT,0,207106,100000,30978,1000,random-32-32-20-random-25.scen
180,random-32-32-20.map,PIBTOLD,0,407441,100000,4490,1000,random-32-32-20-random-25.scen
220,random-32-32-20.map,PIBT,0,210083,100000,9556,0,random-32-32-20-random-25.scen
220,random-32-32-20.map,PIBTOLD,0,210083,100000,5487,0,random-32-32-20-random-25.scen
220,random-32-32-20.map,PIBT,0,9859,100000,12182,1,random-32-32-20-random-25.scen
220,random-32-32-20.map,PIBTOLD,0,210083,100000,5518,1,random-32-32-20-random-25.scen
220,random-32-32-20.map,PIBT,0,9366,100000,15079,10,random-32-32-20-random-25.scen
220,random-32-32-20.map,PIBTOLD,0,210083,100000,5517,10,random-32-32-20-random-25.scen
220,random-32-32-20.map,PIBT,0,409555,100000,18294,100,random-32-32-20-random-25.scen
220,random-32-32-20.map,PIBTOLD,0,210083,100000,5548,100,random-32-32-20-random-25.scen
220,random-32-32-20.map,PIBT,0,10531,100000,49156,1000,random-32-32-20-random-25.scen
220,random-32-32-20.map,PIBTOLD,0,210083,100000,5447,1000,random-32-32-20-random-25.scen
260,random-32-32-20.map,PIBT,0,1013296,100000,11800,0,random-32-32-20-random-25.scen
260,random-32-32-20.map,PIBTOLD,0,1013296,100000,6307,0,random-32-32-20-random-25.scen
260,random-32-32-20.map,PIBT,0,1168884,100000,20116,1,random-32-32-20-random-25.scen
260,random-32-32-20.map,PIBTOLD,0,1013296,100000,6334,1,random-32-32-20-random-25.scen
260,random-32-32-20.map,PIBT,0,12485,100000,19463,10,random-32-32-20-random-25.scen
260,random-32-32-20.map,PIBTOLD,0,1013296,100000,6444,10,random-32-32-20-random-25.scen
260,random-32-32-20.map,PIBT,0,213260,100000,19908,100,random-32-32-20-random-25.scen
260,random-32-32-20.map,PIBTOLD,0,1013296,100000,6513,100,random-32-32-20-random-25.scen
260,random-32-32-20.map,PIBT,0,213061,100000,57114,1000,random-32-32-20-random-25.scen
260,random-32-32-20.map,PIBTOLD,0,1013296,100000,6422,1000,random-32-32-20-random-25.scen
20,random-32-32-20.map,PIBT,1,577,42,0,0,random-32-32-20-random-22.scen
20,random-32-32-20.map,PIBTOLD,1,577,42,0,0,random-32-32-20-random-22.scen
20,random-32-32-20.map,PIBT,1,566,42,0,1,random-32-32-20-random-22.scen
20,random-32-32-20.map,PIBTOLD,1,577,42,0,1,random-32-32-20-random-22.scen
20,random-32-32-20.map,PIBT,1,566,42,0,10,random-32-32-20-random-22.scen
20,random-32-32-20.map,PIBTOLD,1,577,42,0,10,random-32-32-20-random-22.scen
20,random-32-32-20.map,PIBT,1,566,42,0,100,random-32-32-20-random-22.scen
20,random-32-32-20.map,PIBTOLD,1,577,42,0,100,random-32-32-20-random-22.scen
20,random-32-32-20.map,PIBT,1,566,42,0,1000,random-32-32-20-random-22.scen
20,random-32-32-20.map,PIBTOLD,1,577,42,0,1000,random-32-32-20-random-22.scen
60,random-32-32-20.map,PIBT,1,1711,48,2,0,random-32-32-20-random-22.scen
60,random-32-32-20.map,PIBTOLD,1,1711,48,1,0,random-32-32-20-random-22.scen
60,random-32-32-20.map,PIBT,1,1751,49,2,1,random-32-32-20-random-22.scen
60,random-32-32-20.map,PIBTOLD,1,1711,48,1,1,random-32-32-20-random-22.scen
60,random-32-32-20.map,PIBT,1,1751,49,2,10,random-32-32-20-random-22.scen
60,random-32-32-20.map,PIBTOLD,1,1711,48,1,10,random-32-32-20-random-22.scen
60,random-32-32-20.map,PIBT,1,1751,49,2,100,random-32-32-20-random-22.scen
60,random-32-32-20.map,PIBTOLD,1,1711,48,1,100,random-32-32-20-random-22.scen
60,random-32-32-20.map,PIBT,1,1751,49,2,1000,random-32-32-20-random-22.scen
60,random-32-32-20.map,PIBTOLD,1,1711,48,1,1000,random-32-32-20-random-22.scen
100,random-32-32-20.map,PIBT,1,3446,54,4,0,random-32-32-20-random-22.scen
100,random-32-32-20.map,PIBTOLD,1,3446,54,3,0,random-32-32-20-random-22.scen
100,random-32-32-20.map,PIBT,1,3350,64,13,1,random-32-32-20-random-22.scen
100,random-32-32-20.map,PIBTOLD,1,3446,54,3,1,random-32-32-20-random-22.scen
100,random-32-32-20.map,PIBT,0,3126,100000,4362,10,random-32-32-20-random-22.scen
100,random-32-32-20.map,PIBTOLD,1,3446,54,3,10,random-32-32-20-random-22.scen
100,random-32-32-20.map,PIBT,0,3117,100000,4482,100,random-32-32-20-random-22.scen
100,random-32-32-20.map,PIBTOLD,1,3446,54,3,100,random-32-32-20-random-22.scen
100,random-32-32-20.map,PIBT,0,3117,100000,4383,1000,random-32-32-20-random-22.scen
100,random-32-32-20.map,PIBTOLD,1,3446,54,3,1000,random-32-32-20-random-22.scen
140,random-32-32-20.map,PIBT,1,5501,71,6,0,random-32-32-20-random-22.scen
140,random-32-32-20.map,PIBTOLD,1,5501,71,4,0,random-32-32-20-random-22.scen
140,random-32-32-20.map,PIBT,0,5319,100000,5897,1,random-32-32-20-random-22.scen
140,random-32-32-20.map,PIBTOLD,1,5501,71,4,1,random-32-32-20-random-22.scen
140,random-32-32-20.map,PIBT,0,5227,100000,6648,10,random-32-32-20-random-22.scen
140,random-32-32-20.map,PIBTOLD,1,5501,71,5,10,random-32-32-20-random-22.scen
140,random-32-32-20.map,PIBT,0,5257,100000,8287,100,random-32-32-20-random-22.scen
140,random-32-32-20.map,PIBTOLD,1,5501,71,4,100,random-32-32-20-random-22.scen
140,random-32-32-20.map,PIBT,0,5073,100000,14489,1000,random-32-32-20-random-22.scen
140,random-32-32-20.map,PIBTOLD,1,5501,71,5,1000,random-32-32-20-random-22.scen
180,random-32-32-20.map,PIBT,0,407441,100000,7509,0,random-32-32-20-random-22.scen
180,random-32-32-20.map,PIBTOLD,0,407441,100000,4606,0,random-32-32-20-random-22.scen
180,random-32-32-20.map,PIBT,0,6941,100000,8799,1,random-32-32-20-random-22.scen
180,random-32-32-20.map,PIBTOLD,0,407441,100000,4699,1,random-32-32-20-random-22.scen
180,random-32-32-20.map,PIBT,0,7293,100000,11611,10,random-32-32-20-random-22.scen
180,random-32-32-20.map,PIBTOLD,0,407441,100000,4636,10,random-32-32-20-random-22.scen
180,random-32-32-20.map,PIBT,0,7173,100000,10451,100,random-32-32-20-random-22.scen
180,random-32-32-20.map,PIBTOLD,0,407441,100000,4726,100,random-32-32-20-random-22.scen
180,random-32-32-20.map,PIBT,0,207044,100000,28680,1000,random-32-32-20-random-22.scen
180,random-32-32-20.map,PIBTOLD,0,407441,100000,4610,1000,random-32-32-20-random-22.scen
220,random-32-32-20.map,PIBT,0,210083,100000,9603,0,random-32-32-20-random-22.scen
220,random-32-32-20.map,PIBTOLD,0,210083,100000,5474,0,random-32-32-20-random-22.scen
220,random-32-32-20.map,PIBT,0,10440,100000,12559,1,random-32-32-20-random-22.scen
220,random-32-32-20.map,PIBTOLD,0,210083,100000,5496,1,random-32-32-20-random-22.scen
220,random-32-32-20.map,PIBT,0,10212,100000,12047,10,random-32-32-20-random-22.scen
220,random-32-32-20.map,PIBTOLD,0,210083,100000,5345,10,random-32-32-20-random-22.scen
220,random-32-32-20.map,PIBT,0,209651,100000,15646,100,random-32-32-20-random-22.scen
220,random-32-32-20.map,PIBTOLD,0,210083,100000,5454,100,random-32-32-20-random-22.scen
220,random-32-32-20.map,PIBT,0,210048,100000,47461,1000,random-32-32-20-random-22.scen
220,random-32-32-20.map,PIBTOLD,0,210083,100000,5519,1000,random-32-32-20-random-22.scen
260,random-32-32-20.map,PIBT,0,1013296,100000,11809,0,random-32-32-20-random-22.scen
260,random-32-32-20.map,PIBTOLD,0,1013296,100000,6520,0,random-32-32-20-random-22.scen
260,random-32-32-20.map,PIBT,0,613044,100000,19003,1,random-32-32-20-random-22.scen
260,random-32-32-20.map,PIBTOLD,0,1013296,100000,6424,1,random-32-32-20-random-22.scen
260,random-32-32-20.map,PIBT,0,13568,100000,20026,10,random-32-32-20-random-22.scen
260,random-32-32-20.map,PIBTOLD,0,1013296,100000,6502,10,random-32-32-20-random-22.scen
260,random-32-32-20.map,PIBT,0,213015,100000,20469,100,random-32-32-20-random-22.scen
260,random-32-32-20.map,PIBTOLD,0,1013296,100000,6567,100,random-32-32-20-random-22.scen
20,random-32-32-20.map,PIBT,1,577,42,0,0,random-32-32-20-random-21.scen
20,random-32-32-20.map,PIBTOLD,1,577,42,1,0,random-32-32-20-random-21.scen
20,random-32-32-20.map,PIBT,1,566,42,0,1,random-32-32-20-random-21.scen
20,random-32-32-20.map,PIBTOLD,1,577,42,0,1,random-32-32-20-random-21.scen
20,random-32-32-20.map,PIBT,1,566,42,0,10,random-32-32-20-random-21.scen
20,random-32-32-20.map,PIBTOLD,1,577,42,0,10,random-32-32-20-random-21.scen
20,random-32-32-20.map,PIBT,1,566,42,0,100,random-32-32-20-random-21.scen
20,random-32-32-20.map,PIBTOLD,1,577,42,0,100,random-32-32-20-random-21.scen
20,random-32-32-20.map,PIBT,1,566,42,0,1000,random-32-32-20-random-21.scen
20,random-32-32-20.map,PIBTOLD,1,577,42,1,1000,random-32-32-20-random-21.scen
60,random-32-32-20.map,PIBT,1,1711,48,2,0,random-32-32-20-random-21.scen
60,random-32-32-20.map,PIBTOLD,1,1711,48,1,0,random-32-32-20-random-21.scen
60,random-32-32-20.map,PIBT,1,1751,49,2,1,random-32-32-20-random-21.scen
60,random-32-32-20.map,PIBTOLD,1,1711,48,1,1,random-32-32-20-random-21.scen
60,random-32-32-20.map,PIBT,1,1751,49,2,10,random-32-32-20-random-21.scen
60,random-32-32-20.map,PIBTOLD,1,1711,48,1,10,random-32-32-20-random-21.scen
60,random-32-32-20.map,PIBT,1,1751,49,2,100,random-32-32-20-random-21.scen
60,random-32-32-20.map,PIBTOLD,1,1711,48,1,100,random-32-32-20-random-21.scen
60,random-32-32-20.map,PIBT,1,1751,49,2,1000,random-32-32-20-random-21.scen
60,random-32-32-20.map,PIBTOLD,1,1711,48,1,1000,random-32-32-20-random-21.scen
100,random-32-32-20.map,PIBT,1,3446,54,3,0,random-32-32-20-random-21.scen
100,random-32-32-20.map,PIBTOLD,1,3446,54,3,0,random-32-32-20-random-21.scen
100,random-32-32-20.map,PIBT,1,3242,62,12,1,random-32-32-20-random-21.scen
100,random-32-32-20.map,PIBTOLD,1,3446,54,3,1,random-32-32-20-random-21.scen
100,random-32-32-20.map,PIBT,1,3313,55,29,10,random-32-32-20-random-21.scen
100,random-32-32-20.map,PIBTOLD,1,3446,54,3,10,random-32-32-20-random-21.scen
100,random-32-32-20.map,PIBT,0,3117,100000,4539,100,random-32-32-20-random-21.scen
100,random-32-32-20.map,PIBTOLD,1,3446,54,3,100,random-32-32-20-random-21.scen
100,random-32-32-20.map,PIBT,0,3117,100000,4446,1000,random-32-32-20-random-21.scen
100,random-32-32-20.map,PIBTOLD,1,3446,54,3,1000,random-32-32-20-random-21.scen
140,random-32-32-20.map,PIBT,1,5501,71,6,0,random-32-32-20-random-21.scen
140,random-32-32-20.map,PIBTOLD,1,5501,71,5,0,random-32-32-20-random-21.scen
140,random-32-32-20.map,PIBT,0,5228,100000,7012,1,random-32-32-20-random-21.scen
140,random-32-32-20.map,PIBTOLD,1,5501,71,4,1,random-32-32-20-random-21.scen
140,random-32-32-20.map,PIBT,0,4999,100000,7424,10,random-32-32-20-random-21.scen
140,random-32-32-20.map,PIBTOLD,1,5501,71,4,10,random-32-32-20-random-21.scen
140,random-32-32-20.map,PIBT,0,5221,100000,8163,100,random-32-32-20-random-21.scen
140,random-32-32-20.map,PIBTOLD,1,5501,71,4,100,random-32-32-20-random-21.scen
140,random-32-32-20.map,PIBT,0,5190,100000,16314,1000,random-32-32-20-random-21.scen
140,random-32-32-20.map,PIBTOLD,1,5501,71,4,1000,random-32-32-20-random-21.scen
180,random-32-32-20.map,PIBT,0,407441,100000,7607,0,random-32-32-20-random-21.scen
180,random-32-32-20.map,PIBTOLD,0,407441,100000,4707,0,random-32-32-20-random-21.scen
180,random-32-32-20.map,PIBT,0,206791,100000,9444,1,random-32-32-20-random-21.scen
180,random-32-32-20.map,PIBTOLD,0,407441,100000,4550,1,random-32-32-20-random-21.scen
180,random-32-32-20.map,PIBT,0,7017,100000,9213,10,random-32-32-20-random-21.scen
180,random-32-32-20.map,PIBTOLD,0,407441,100000,4615,10,random-32-32-20-random-21.scen
180,random-32-32-20.map,PIBT,0,7330,100000,12556,100,random-32-32-20-random-21.scen
180,random-32-32-20.map,PIBTOLD,0,407441,100000,4694,100,random-32-32-20-random-21.scen
180,random-32-32-20.map,PIBT,0,7045,100000,30893,1000,random-32-32-20-random-21.scen
180,random-32-32-20.map,PIBTOLD,0,407441,100000,4624,1000,random-32-32-20-random-21.scen
220,random-32-32-20.map,PIBT,0,210083,100000,9767,0,random-32-32-20-random-21.scen
220,random-32-32-20.map,PIBTOLD,0,210083,100000,5634,0,random-32-32-20-random-21.scen
220,random-32-32-20.map,PIBT,0,10071,100000,12060,1,random-32-32-20-random-21.scen
220,random-32-32-20.map,PIBTOLD,0,210083,100000,5410,1,random-32-32-20-random-21.scen
220,random-32-32-20.map,PIBT,0,9615,100000,23087,10,random-32-32-20-random-21.scen
220,random-32-32-20.map,PIBTOLD,0,210083,100000,5530,10,random-32-32-20-random-21.scen
220,random-32-32-20.map,PIBT,0,10048,100000,14892,100,random-32-32-20-random-21.scen
220,random-32-32-20.map,PIBTOLD,0,210083,100000,5358,100,random-32-32-20-random-21.scen
220,random-32-32-20.map,PIBT,0,9999,100000,45207,1000,random-32-32-20-random-21.scen
220,random-32-32-20.map,PIBTOLD,0,210083,100000,5595,1000,random-32-32-20-random-21.scen
260,random-32-32-20.map,PIBT,0,1013296,100000,12523,0,random-32-32-20-random-21.scen
260,random-32-32-20.map,PIBTOLD,0,1013296,100000,6415,0,random-32-32-20-random-21.scen
260,random-32-32-20.map,PIBT,0,413116,100000,18265,1,random-32-32-20-random-21.scen
260,random-32-32-20.map,PIBTOLD,0,1013296,100000,6460,1,random-32-32-20-random-21.scen
260,random-32-32-20.map,PIBT,0,13240,100000,16106,10,random-32-32-20-random-21.scen
260,random-32-32-20.map,PIBTOLD,0,1013296,100000,6576,10,random-32-32-20-random-21.scen
260,random-32-32-20.map,PIBT,0,612633,100000,19861,100,random-32-32-20-random-21.scen
260,random-32-32-20.map,PIBTOLD,0,1013296,100000,6457,100,random-32-32-20-random-21.scen
20,random-32-32-20.map,PIBT,1,577,42,0,0,random-32-32-20-random-13.scen
20,random-32-32-20.map,PIBTOLD,1,577,42,0,0,random-32-32-20-random-13.scen
20,random-32-32-20.map,PIBT,1,566,42,0,1,random-32-32-20-random-13.scen
20,random-32-32-20.map,PIBTOLD,1,577,42,0,1,random-32-32-20-random-13.scen
20,random-32-32-20.map,PIBT,1,566,42,0,10,random-32-32-20-random-13.scen
20,random-32-32-20.map,PIBTOLD,1,577,42,0,10,random-32-32-20-random-13.scen
20,random-32-32-20.map,PIBT,1,566,42,0,100,random-32-32-20-random-13.scen
20,random-32-32-20.map,PIBTOLD,1,577,42,0,100,random-32-32-20-random-13.scen
20,random-32-32-20.map,PIBT,1,566,42,0,1000,random-32-32-20-random-13.scen
20,random-32-32-20.map,PIBTOLD,1,577,42,0,1000,random-32-32-20-random-13.scen
60,random-32-32-20.map,PIBT,1,1711,48,2,0,random-32-32-20-random-13.scen
60,random-32-32-20.map,PIBTOLD,1,1711,48,1,0,random-32-32-20-random-13.scen
60,random-32-32-20.map,PIBT,1,1751,49,2,1,random-32-32-20-random-13.scen
60,random-32-32-20.map,PIBTOLD,1,1711,48,1,1,random-32-32-20-random-13.scen
60,random-32-32-20.map,PIBT,1,1751,49,2,10,random-32-32-20-random-13.scen
60,random-32-32-20.map,PIBTOLD,1,1711,48,1,10,random-32-32-20-random-13.scen
60,random-32-32-20.map,PIBT,1,1751,49,2,100,random-32-32-20-random-13.scen
60,random-32-32-20.map,PIBTOLD,1,1711,48,1,100,random-32-32-20-random-13.scen
60,random-32-32-20.map,PIBT,1,1751,49,2,1000,random-32-32-20-random-13.scen
60,random-32-32-20.map,PIBTOLD,1,1711,48,2,1000,random-32-32-20-random-13.scen
100,random-32-32-20.map,PIBT,1,3446,54,3,0,random-32-32-20-random-13.scen
100,random-32-32-20.map,PIBTOLD,1,3446,54,3,0,random-32-32-20-random-13.scen
100,random-32-32-20.map,PIBT,1,3333,55,14,1,random-32-32-20-random-13.scen
100,random-32-32-20.map,PIBTOLD,1,3446,54,3,1,random-32-32-20-random-13.scen
100,random-32-32-20.map,PIBT,1,3238,54,30,10,random-32-32-20-random-13.scen
100,random-32-32-20.map,PIBTOLD,1,3446,54,3,10,random-32-32-20-random-13.scen
100,random-32-32-20.map,PIBT,0,3117,100000,4472,100,random-32-32-20-random-13.scen
100,random-32-32-20.map,PIBTOLD,1,3446,54,3,100,random-32-32-20-random-13.scen
100,random-32-32-20.map,PIBT,0,3117,100000,4582,1000,random-32-32-20-random-13.scen
100,random-32-32-20.map,PIBTOLD,1,3446,54,3,1000,random-32-32-20-random-13.scen
140,random-32-32-20.map,PIBT,1,5501,71,6,0,random-32-32-20-random-13.scen
140,random-32-32-20.map,PIBTOLD,1,5501,71,4,0,random-32-32-20-random-13.scen
140,random-32-32-20.map,PIBT,0,837073,100000,6971,1,random-32-32-20-random-13.scen
140,random-32-32-20.map,PIBTOLD,1,5501,71,4,1,random-32-32-20-random-13.scen
140,random-32-32-20.map,PIBT,0,4989,100000,7749,10,random-32-32-20-random-13.scen
140,random-32-32-20.map,PIBTOLD,1,5501,71,5,10,random-32-32-20-random-13.scen
140,random-32-32-20.map,PIBT,0,5113,100000,8333,100,random-32-32-20-random-13.scen
140,random-32-32-20.map,PIBTOLD,1,5501,71,5,100,random-32-32-20-random-13.scen
140,random-32-32-20.map,PIBT,0,5002,100000,17977,1000,random-32-32-20-random-13.scen
140,random-32-32-20.map,PIBTOLD,1,5501,71,4,1000,random-32-32-20-random-13.scen
180,random-32-32-20.map,PIBT,0,407441,100000,7617,0,random-32-32-20-random-13.scen
180,random-32-32-20.map,PIBTOLD,0,407441,100000,4786,0,random-32-32-20-random-13.scen
180,random-32-32-20.map,PIBT,0,6804,100000,12456,1,random-32-32-20-random-13.scen
180,random-32-32-20.map,PIBTOLD,0,407441,100000,4678,1,random-32-32-20-random-13.scen
180,random-32-32-20.map,PIBT,0,7102,100000,9401,10,random-32-32-20-random-13.scen
180,random-32-32-20.map,PIBTOLD,0,407441,100000,4711,10,random-32-32-20-random-13.scen
180,random-32-32-20.map,PIBT,0,206997,100000,10689,100,random-32-32-20-random-13.scen
180,random-32-32-20.map,PIBTOLD,0,407441,100000,4680,100,random-32-32-20-random-13.scen
180,random-32-32-20.map,PIBT,0,206919,100000,35915,1000,random-32-32-20-random-13.scen
180,random-32-32-20.map,PIBTOLD,0,407441,100000,4604,1000,random-32-32-20-random-13.scen
220,random-32-32-20.map,PIBT,0,210083,100000,9506,0,random-32-32-20-random-13.scen
220,random-32-32-20.map,PIBTOLD,0,210083,100000,5472,0,random-32-32-20-random-13.scen
220,random-32-32-20.map,PIBT,0,10724,100000,17061,1,random-32-32-20-random-13.scen
220,random-32-32-20.map,PIBTOLD,0,210083,100000,5510,1,random-32-32-20-random-13.scen
220,random-32-32-20.map,PIBT,0,209788,100000,13203,10,random-32-32-20-random-13.scen
220,random-32-32-20.map,PIBTOLD,0,210083,100000,5468,10,random-32-32-20-random-13.scen
220,random-32-32-20.map,PIBT,0,209976,100000,15311,100,random-32-32-20-random-13.scen
220,random-32-32-20.map,PIBTOLD,0,210083,100000,5343,100,random-32-32-20-random-13.scen
220,random-32-32-20.map,PIBT,0,209644,100000,44800,1000,random-32-32-20-random-13.scen
220,random-32-32-20.map,PIBTOLD,0,210083,100000,5493,1000,random-32-32-20-random-13.scen
260,random-32-32-20.map,PIBT,0,1013296,100000,11816,0,random-32-32-20-random-13.scen
260,random-32-32-20.map,PIBTOLD,0,1013296,100000,6434,0,random-32-32-20-random-13.scen
260,random-32-32-20.map,PIBT,0,1443566,100000,16293,1,random-32-32-20-random-13.scen
260,random-32-32-20.map,PIBTOLD,0,1013296,100000,6432,1,random-32-32-20-random-13.scen
260,random-32-32-20.map,PIBT,0,213223,100000,16412,10,random-32-32-20-random-13.scen
260,random-32-32-20.map,PIBTOLD,0,1013296,100000,6453,10,random-32-32-20-random-13.scen
260,random-32-32-20.map,PIBT,0,213162,100000,20070,100,random-32-32-20-random-13.scen
260,random-32-32-20.map,PIBTOLD,0,1013296,100000,6468,100,random-32-32-20-random-13.scen
20,random-32-32-20.map,PIBT,1,577,42,0,0,random-32-32-20-random-17.scen
20,random-32-32-20.map,PIBTOLD,1,577,42,0,0,random-32-32-20-random-17.scen
20,random-32-32-20.map,PIBT,1,566,42,0,1,random-32-32-20-random-17.scen
20,random-32-32-20.map,PIBTOLD,1,577,42,0,1,random-32-32-20-random-17.scen
20,random-32-32-20.map,PIBT,1,566,42,0,10,random-32-32-20-random-17.scen
20,random-32-32-20.map,PIBTOLD,1,577,42,0,10,random-32-32-20-random-17.scen
20,random-32-32-20.map,PIBT,1,566,42,0,100,random-32-32-20-random-17.scen
20,random-32-32-20.map,PIBTOLD,1,577,42,0,100,random-32-32-20-random-17.scen
20,random-32-32-20.map,PIBT,1,566,42,0,1000,random-32-32-20-random-17.scen
20,random-32-32-20.map,PIBTOLD,1,577,42,0,1000,random-32-32-20-random-17.scen
60,random-32-32-20.map,PIBT,1,1711,48,2,0,random-32-32-20-random-17.scen
60,random-32-32-20.map,PIBTOLD,1,1711,48,1,0,random-32-32-20-random-17.scen
60,random-32-32-20.map,PIBT,1,1751,49,2,1,random-32-32-20-random-17.scen
60,random-32-32-20.map,PIBTOLD,1,1711,48,1,1,random-32-32-20-random-17.scen
60,random-32-32-20.map,PIBT,1,1751,49,2,10,random-32-32-20-random-17.scen
60,random-32-32-20.map,PIBTOLD,1,1711,48,1,10,random-32-32-20-random-17.scen
60,random-32-32-20.map,PIBT,1,1751,49,2,100,random-32-32-20-random-17.scen
60,random-32-32-20.map,PIBTOLD,1,1711,48,1,100,random-32-32-20-random-17.scen
60,random-32-32-20.map,PIBT,1,1751,49,2,1000,random-32-32-20-random-17.scen
60,random-32-32-20.map,PIBTOLD,1,1711,48,1,1000,random-32-32-20-random-17.scen
100,random-32-32-20.map,PIBT,1,3446,54,3,0,random-32-32-20-random-17.scen
100,random-32-32-20.map,PIBTOLD,1,3446,54,3,0,random-32-32-20-random-17.scen
100,random-32-32-20.map,PIBT,1,3262,57,10,1,random-32-32-20-random-17.scen
100,random-32-32-20.map,PIBTOLD,1,3446,54,3,1,random-32-32-20-random-17.scen
100,random-32-32-20.map,PIBT,1,3298,56,31,10,random-32-32-20-random-17.scen
100,random-32-32-20.map,PIBTOLD,1,3446,54,3,10,random-32-32-20-random-17.scen
100,random-32-32-20.map,PIBT,0,3117,100000,4732,100,random-32-32-20-random-17.scen
100,random-32-32-20.map,PIBTOLD,1,3446,54,3,100,random-32-32-20-random-17.scen
100,random-32-32-20.map,PIBT,0,3117,100000,4456,1000,random-32-32-20-random-17.scen
100,random-32-32-20.map,PIBTOLD,1,3446,54,3,1000,random-32-32-20-random-17.scen
140,random-32-32-20.map,PIBT,1,5501,71,6,0,random-32-32-20-random-17.scen
140,random-32-32-20.map,PIBTOLD,1,5501,71,4,0,random-32-32-20-random-17.scen
140,random-32-32-20.map,PIBT,0,5129,100000,6612,1,random-32-32-20-random-17.scen
140,random-32-32-20.map,PIBTOLD,1,5501,71,4,1,random-32-32-20-random-17.scen
140,random-32-32-20.map,PIBT,0,5211,100000,6716,10,random-32-32-20-random-17.scen
140,random-32-32-20.map,PIBTOLD,1,5501,71,4,10,random-32-32-20-random-17.scen
140,random-32-32-20.map,PIBT,0,5111,100000,8406,100,random-32-32-20-random-17.scen
140,random-32-32-20.map,PIBTOLD,1,5501,71,4,100,random-32-32-20-random-17.scen
140,random-32-32-20.map,PIBT,0,5009,100000,20800,1000,random-32-32-20-random-17.scen
140,random-32-32-20.map,PIBTOLD,1,5501,71,4,1000,random-32-32-20-random-17.scen
180,random-32-32-20.map,PIBT,0,407441,100000,7578,0,random-32-32-20-random-17.scen
180,random-32-32-20.map,PIBTOLD,0,407441,100000,4556,0,random-32-32-20-random-17.scen
180,random-32-32-20.map,PIBT,0,207195,100000,10269,1,random-32-32-20-random-17.scen
180,random-32-32-20.map,PIBTOLD,0,407441,100000,4668,1,random-32-32-20-random-17.scen
180,random-32-32-20.map,PIBT,0,6812,100000,11915,10,random-32-32-20-random-17.scen
180,random-32-32-20.map,PIBTOLD,0,407441,100000,4659,10,random-32-32-20-random-17.scen
180,random-32-32-20.map,PIBT,1,7074,64,2135,100,random-32-32-20-random-17.scen
180,random-32-32-20.map,PIBTOLD,0,407441,100000,4669,100,random-32-32-20-random-17.scen
180,random-32-32-20.map,PIBT,0,6811,100000,33695,1000,random-32-32-20-random-17.scen
180,random-32-32-20.map,PIBTOLD,0,407441,100000,4582,1000,random-32-32-20-random-17.scen
220,random-32-32-20.map,PIBT,0,210083,100000,9954,0,random-32-32-20-random-17.scen
220,random-32-32-20.map,PIBTOLD,0,210083,100000,5343,0,random-32-32-20-random-17.scen
220,random-32-32-20.map,PIBT,0,410046,100000,11508,1,random-32-32-20-random-17.scen
220,random-32-32-20.map,PIBTOLD,0,210083,100000,5484,1,random-32-32-20-random-17.scen
220,random-32-32-20.map,PIBT,0,10201,100000,12537,10,random-32-32-20-random-17.scen
220,random-32-32-20.map,PIBTOLD,0,210083,100000,5471,10,random-32-32-20-random-17.scen
220,random-32-32-20.map,PIBT,0,9394,100000,15788,100,random-32-32-20-random-17.scen
220,random-32-32-20.map,PIBTOLD,0,210083,100000,5390,100,random-32-32-20-random-17.scen
220,random-32-32-20.map,PIBT,0,9936,100000,46424,1000,random-32-32-20-random-17.scen
220,random-32-32-20.map,PIBTOLD,0,210083,100000,5475,1000,random-32-32-20-random-17.scen
260,random-32-32-20.map,PIBT,0,1013296,100000,12012,0,random-32-32-20-random-17.scen
260,random-32-32-20.map,PIBTOLD,0,1013296,100000,6556,0,random-32-32-20-random-17.scen
260,random-32-32-20.map,PIBT,0,13519,100000,15118,1,random-32-32-20-random-17.scen
260,random-32-32-20.map,PIBTOLD,0,1013296,100000,6772,1,random-32-32-20-random-17.scen
260,random-32-32-20.map,PIBT,0,213407,100000,15470,10,random-32-32-20-random-17.scen
260,random-32-32-20.map,PIBTOLD,0,1013296,100000,6478,10,random-32-32-20-random-17.scen
260,random-32-32-20.map,PIBT,0,213094,100000,20150,100,random-32-32-20-random-17.scen
260,random-32-32-20.map,PIBTOLD,0,1013296,100000,6601,100,random-32-32-20-random-17.scen
20,random-32-32-20.map,PIBT,1,577,42,0,0,random-32-32-20-random-9.scen
20,random-32-32-20.map,PIBTOLD,1,577,42,0,0,random-32-32-20-random-9.scen
20,random-32-32-20.map,PIBT,1,566,42,0,1,random-32-32-20-random-9.scen
20,random-32-32-20.map,PIBTOLD,1,577,42,0,1,random-32-32-20-random-9.scen
20,random-32-32-20.map,PIBT,1,566,42,0,10,random-32-32-20-random-9.scen
20,random-32-32-20.map,PIBTOLD,1,577,42,0,10,random-32-32-20-random-9.scen
20,random-32-32-20.map,PIBT,1,566,42,0,100,random-32-32-20-random-9.scen
20,random-32-32-20.map,PIBTOLD,1,577,42,0,100,random-32-32-20-random-9.scen
20,random-32-32-20.map,PIBT,1,566,42,0,1000,random-32-32-20-random-9.scen
20,random-32-32-20.map,PIBTOLD,1,577,42,0,1000,random-32-32-20-random-9.scen
60,random-32-32-20.map,PIBT,1,1711,48,2,0,random-32-32-20-random-9.scen
60,random-32-32-20.map,PIBTOLD,1,1711,48,1,0,random-32-32-20-random-9.scen
60,random-32-32-20.map,PIBT,1,1751,49,2,1,random-32-32-20-random-9.scen
60,random-32-32-20.map,PIBTOLD,1,1711,48,1,1,random-32-32-20-random-9.scen
60,random-32-32-20.map,PIBT,1,1751,49,2,10,random-32-32-20-random-9.scen
60,random-32-32-20.map,PIBTOLD,1,1711,48,1,10,random-32-32-20-random-9.scen
60,random-32-32-20.map,PIBT,1,1751,49,2,100,random-32-32-20-random-9.scen
60,random-32-32-20.map,PIBTOLD,1,1711,48,1,100,random-32-32-20-random-9.scen
60,random-32-32-20.map,PIBT,1,1751,49,2,1000,random-32-32-20-random-9.scen
60,random-32-32-20.map,PIBTOLD,1,1711,48,1,1000,random-32-32-20-random-9.scen
100,random-32-32-20.map,PIBT,1,3446,54,3,0,random-32-32-20-random-9.scen
100,random-32-32-20.map,PIBTOLD,1,3446,54,3,0,random-32-32-20-random-9.scen
100,random-32-32-20.map,PIBT,1,3275,57,10,1,random-32-32-20-random-9.scen
100,random-32-32-20.map,PIBTOLD,1,3446,54,3,1,random-32-32-20-random-9.scen
100,random-32-32-20.map,PIBT,1,3236,57,31,10,random-32-32-20-random-9.scen
100,random-32-32-20.map,PIBTOLD,1,3446,54,2,10,random-32-32-20-random-9.scen
100,random-32-32-20.map,PIBT,0,3117,100000,4438,100,random-32-32-20-random-9.scen
100,random-32-32-20.map,PIBTOLD,1,3446,54,3,100,random-32-32-20-random-9.scen
100,random-32-32-20.map,PIBT,0,3117,100000,4389,1000,random-32-32-20-random-9.scen
100,random-32-32-20.map,PIBTOLD,1,3446,54,3,1000,random-32-32-20-random-9.scen
140,random-32-32-20.map,PIBT,1,5501,71,6,0,random-32-32-20-random-9.scen
140,random-32-32-20.map,PIBTOLD,1,5501,71,4,0,random-32-32-20-random-9.scen
140,random-32-32-20.map,PIBT,0,5122,100000,7235,1,random-32-32-20-random-9.scen
140,random-32-32-20.map,PIBTOLD,1,5501,71,4,1,random-32-32-20-random-9.scen
140,random-32-32-20.map,PIBT,0,5310,100000,6493,10,random-32-32-20-random-9.scen
140,random-32-32-20.map,PIBTOLD,1,5501,71,4,10,random-32-32-20-random-9.scen
140,random-32-32-20.map,PIBT,0,5071,100000,8873,100,random-32-32-20-random-9.scen
140,random-32-32-20.map,PIBTOLD,1,5501,71,4,100,random-32-32-20-random-9.scen
140,random-32-32-20.map,PIBT,0,5222,100000,19695,1000,random-32-32-20-random-9.scen
140,random-32-32-20.map,PIBTOLD,1,5501,71,4,1000,random-32-32-20-random-9.scen
180,random-32-32-20.map,PIBT,0,407441,100000,7495,0,random-32-32-20-random-9.scen
180,random-32-32-20.map,PIBTOLD,0,407441,100000,4623,0,random-32-32-20-random-9.scen
180,random-32-32-20.map,PIBT,0,7321,100000,9831,1,random-32-32-20-random-9.scen
180,random-32-32-20.map,PIBTOLD,0,407441,100000,4680,1,random-32-32-20-random-9.scen
180,random-32-32-20.map,PIBT,0,7116,100000,11012,10,random-32-32-20-random-9.scen
180,random-32-32-20.map,PIBTOLD,0,407441,100000,4754,10,random-32-32-20-random-9.scen
180,random-32-32-20.map,PIBT,0,7039,100000,11061,100,random-32-32-20-random-9.scen
180,random-32-32-20.map,PIBTOLD,0,407441,100000,4560,100,random-32-32-20-random-9.scen
180,random-32-32-20.map,PIBT,0,207056,100000,33583,1000,random-32-32-20-random-9.scen
180,random-32-32-20.map,PIBTOLD,0,407441,100000,4561,1000,random-32-32-20-random-9.scen
220,random-32-32-20.map,PIBT,0,210083,100000,9550,0,random-32-32-20-random-9.scen
220,random-32-32-20.map,PIBTOLD,0,210083,100000,5368,0,random-32-32-20-random-9.scen
220,random-32-32-20.map,PIBT,0,10117,100000,11374,1,random-32-32-20-random-9.scen
220,random-32-32-20.map,PIBTOLD,0,210083,100000,5481,1,random-32-32-20-random-9.scen
220,random-32-32-20.map,PIBT,0,209944,100000,16368,10,random-32-32-20-random-9.scen
220,random-32-32-20.map,PIBTOLD,0,210083,100000,5453,10,random-32-32-20-random-9.scen
220,random-32-32-20.map,PIBT,0,609605,100000,16530,100,random-32-32-20-random-9.scen
220,random-32-32-20.map,PIBTOLD,0,210083,100000,5386,100,random-32-32-20-random-9.scen
220,random-32-32-20.map,PIBT,0,9744,100000,57189,1000,random-32-32-20-random-9.scen
220,random-32-32-20.map,PIBTOLD,0,210083,100000,5543,1000,random-32-32-20-random-9.scen
260,random-32-32-20.map,PIBT,0,1013296,100000,11900,0,random-32-32-20-random-9.scen
260,random-32-32-20.map,PIBTOLD,0,1013296,100000,6332,0,random-32-32-20-random-9.scen
260,random-32-32-20.map,PIBT,0,12766,100000,14139,1,random-32-32-20-random-9.scen
260,random-32-32-20.map,PIBTOLD,0,1013296,100000,6269,1,random-32-32-20-random-9.scen
260,random-32-32-20.map,PIBT,0,13467,100000,14292,10,random-32-32-20-random-9.scen
260,random-32-32-20.map,PIBTOLD,0,1013296,100000,6615,10,random-32-32-20-random-9.scen
260,random-32-32-20.map,PIBT,0,213832,100000,18926,100,random-32-32-20-random-9.scen
260,random-32-32-20.map,PIBTOLD,0,1013296,100000,6594,100,random-32-32-20-random-9.scen
20,random-32-32-20.map,PIBT,1,577,42,0,0,random-32-32-20-random-15.scen
20,random-32-32-20.map,PIBTOLD,1,577,42,0,0,random-32-32-20-random-15.scen
20,random-32-32-20.map,PIBT,1,566,42,0,1,random-32-32-20-random-15.scen
20,random-32-32-20.map,PIBTOLD,1,577,42,0,1,random-32-32-20-random-15.scen
20,random-32-32-20.map,PIBT,1,566,42,0,10,random-32-32-20-random-15.scen
20,random-32-32-20.map,PIBTOLD,1,577,42,0,10,random-32-32-20-random-15.scen
20,random-32-32-20.map,PIBT,1,566,42,0,100,random-32-32-20-random-15.scen
20,random-32-32-20.map,PIBTOLD,1,577,42,0,100,random-32-32-20-random-15.scen
20,random-32-32-20.map,PIBT,1,566,42,0,1000,random-32-32-20-random-15.scen
20,random-32-32-20.map,PIBTOLD,1,577,42,0,1000,random-32-32-20-random-15.scen
60,random-32-32-20.map,PIBT,1,1711,48,2,0,random-32-32-20-random-15.scen
60,random-32-32-20.map,PIBTOLD,1,1711,48,1,0,random-32-32-20-random-15.scen
60,random-32-32-20.map,PIBT,1,1751,49,2,1,random-32-32-20-random-15.scen
60,random-32-32-20.map,PIBTOLD,1,1711,48,1,1,random-32-32-20-random-15.scen
60,random-32-32-20.map,PIBT,1,1751,49,2,10,random-32-32-20-random-15.scen
60,random-32-32-20.map,PIBTOLD,1,1711,48,1,10,random-32-32-20-random-15.scen
60,random-32-32-20.map,PIBT,1,1751,49,2,100,random-32-32-20-random-15.scen
60,random-32-32-20.map,PIBTOLD,1,1711,48,1,100,random-32-32-20-random-15.scen
60,random-32-32-20.map,PIBT,1,1751,49,2,1000,random-32-32-20-random-15.scen
60,random-32-32-20.map,PIBTOLD,1,1711,48,1,1000,random-32-32-20-random-15.scen
100,random-32-32-20.map,PIBT,1,3446,54,3,0,random-32-32-20-random-15.scen
100,random-32-32-20.map,PIBTOLD,1,3446,54,3,0,random-32-32-20-random-15.scen
100,random-32-32-20.map,PIBT,0,3242,100000,4149,1,random-32-32-20-random-15.scen
100,random-32-32-20.map,PIBTOLD,1,3446,54,3,1,random-32-32-20-random-15.scen
100,random-32-32-20.map,PIBT,0,3044,100000,4608,10,random-32-32-20-random-15.scen
100,random-32-32-20.map,PIBTOLD,1,3446,54,3,10,random-32-32-20-random-15.scen
100,random-32-32-20.map,PIBT,0,3117,100000,4374,100,random-32-32-20-random-15.scen
100,random-32-32-20.map,PIBTOLD,1,3446,54,3,100,random-32-32-20-random-15.scen
100,random-32-32-20.map,PIBT,0,3117,100000,4580,1000,random-32-32-20-random-15.scen
100,random-32-32-20.map,PIBTOLD,1,3446,54,2,1000,random-32-32-20-random-15.scen
140,random-32-32-20.map,PIBT,1,5501,71,6,0,random-32-32-20-random-15.scen
140,random-32-32-20.map,PIBTOLD,1,5501,71,4,0,random-32-32-20-random-15.scen
140,random-32-32-20.map,PIBT,0,5161,100000,6526,1,random-32-32-20-random-15.scen
140,random-32-32-20.map,PIBTOLD,1,5501,71,4,1,random-32-32-20-random-15.scen
140,random-32-32-20.map,PIBT,0,5187,100000,7068,10,random-32-32-20-random-15.scen
140,random-32-32-20.map,PIBTOLD,1,5501,71,4,10,random-32-32-20-random-15.scen
140,random-32-32-20.map,PIBT,0,5253,100000,8514,100,random-32-32-20-random-15.scen
140,random-32-32-20.map,PIBTOLD,1,5501,71,4,100,random-32-32-20-random-15.scen
140,random-32-32-20.map,PIBT,0,5135,100000,17137,1000,random-32-32-20-random-15.scen
140,random-32-32-20.map,PIBTOLD,1,5501,71,4,1000,random-32-32-20-random-15.scen
180,random-32-32-20.map,PIBT,0,407441,100000,7467,0,random-32-32-20-random-15.scen
180,random-32-32-20.map,PIBTOLD,0,407441,100000,4685,0,random-32-32-20-random-15.scen
180,random-32-32-20.map,PIBT,0,407268,100000,8371,1,random-32-32-20-random-15.scen
180,random-32-32-20.map,PIBTOLD,0,407441,100000,4695,1,random-32-32-20-random-15.scen
180,random-32-32-20.map,PIBT,0,6791,100000,10529,10,random-32-32-20-random-15.scen
180,random-32-32-20.map,PIBTOLD,0,407441,100000,4661,10,random-32-32-20-random-15.scen
180,random-32-32-20.map,PIBT,0,7467,100000,11627,100,random-32-32-20-random-15.scen
180,random-32-32-20.map,PIBTOLD,0,407441,100000,4646,100,random-32-32-20-random-15.scen
180,random-32-32-20.map,PIBT,0,207181,100000,31121,1000,random-32-32-20-random-15.scen
180,random-32-32-20.map,PIBTOLD,0,407441,100000,4554,1000,random-32-32-20-random-15.scen
220,random-32-32-20.map,PIBT,0,210083,100000,9666,0,random-32-32-20-random-15.scen
220,random-32-32-20.map,PIBTOLD,0,210083,100000,5473,0,random-32-32-20-random-15.scen
220,random-32-32-20.map,PIBT,0,10672,100000,17410,1,random-32-32-20-random-15.scen
220,random-32-32-20.map,PIBTOLD,0,210083,100000,5509,1,random-32-32-20-random-15.scen
220,random-32-32-20.map,PIBT,0,409643,100000,14686,10,random-32-32-20-random-15.scen
220,random-32-32-20.map,PIBTOLD,0,210083,100000,5520,10,random-32-32-20-random-15.scen
220,random-32-32-20.map,PIBT,0,210010,100000,15932,100,random-32-32-20-random-15.scen
220,random-32-32-20.map,PIBTOLD,0,210083,100000,5603,100,random-32-32-20-random-15.scen
220,random-32-32-20.map,PIBT,0,409843,100000,43448,1000,random-32-32-20-random-15.scen
220,random-32-32-20.map,PIBTOLD,0,210083,100000,5346,1000,random-32-32-20-random-15.scen
260,random-32-32-20.map,PIBT,0,1013296,100000,12046,0,random-32-32-20-random-15.scen
260,random-32-32-20.map,PIBTOLD,0,1013296,100000,6481,0,random-32-32-20-random-15.scen
260,random-32-32-20.map,PIBT,0,213851,100000,14703,1,random-32-32-20-random-15.scen
260,random-32-32-20.map,PIBTOLD,0,1013296,100000,6441,1,random-32-32-20-random-15.scen
260,random-32-32-20.map,PIBT,0,13848,100000,19606,10,random-32-32-20-random-15.scen
260,random-32-32-20.map,PIBTOLD,0,1013296,100000,6413,10,random-32-32-20-random-15.scen
260,random-32-32-20.map,PIBT,0,212544,100000,21669,100,random-32-32-20-random-15.scen
260,random-32-32-20.map,PIBTOLD,0,1013296,100000,6830,100,random-32-32-20-random-15.scen
20,random-32-32-20.map,PIBT,1,577,42,0,0,random-32-32-20-random-7.scen
20,random-32-32-20.map,PIBTOLD,1,577,42,0,0,random-32-32-20-random-7.scen
20,random-32-32-20.map,PIBT,1,566,42,0,1,random-32-32-20-random-7.scen
20,random-32-32-20.map,PIBTOLD,1,577,42,0,1,random-32-32-20-random-7.scen
20,random-32-32-20.map,PIBT,1,566,42,0,10,random-32-32-20-random-7.scen
20,random-32-32-20.map,PIBTOLD,1,577,42,0,10,random-32-32-20-random-7.scen
20,random-32-32-20.map,PIBT,1,566,42,0,100,random-32-32-20-random-7.scen
20,random-32-32-20.map,PIBTOLD,1,577,42,0,100,random-32-32-20-random-7.scen
20,random-32-32-20.map,PIBT,1,566,42,0,1000,random-32-32-20-random-7.scen
20,random-32-32-20.map,PIBTOLD,1,577,42,0,1000,random-32-32-20-random-7.scen
60,random-32-32-20.map,PIBT,1,1711,48,2,0,random-32-32-20-random-7.scen
60,random-32-32-20.map,PIBTOLD,1,1711,48,1,0,random-32-32-20-random-7.scen
60,random-32-32-20.map,PIBT,1,1751,49,2,1,random-32-32-20-random-7.scen
60,random-32-32-20.map,PIBTOLD,1,1711,48,1,1,random-32-32-20-random-7.scen
60,random-32-32-20.map,PIBT,1,1751,49,2,10,random-32-32-20-random-7.scen
60,random-32-32-20.map,PIBTOLD,1,1711,48,1,10,random-32-32-20-random-7.scen
60,random-32-32-20.map,PIBT,1,1751,49,2,100,random-32-32-20-random-7.scen
60,random-32-32-20.map,PIBTOLD,1,1711,48,1,100,random-32-32-20-random-7.scen
60,random-32-32-20.map,PIBT,1,1751,49,2,1000,random-32-32-20-random-7.scen
60,random-32-32-20.map,PIBTOLD,1,1711,48,1,1000,random-32-32-20-random-7.scen
100,random-32-32-20.map,PIBT,1,3446,54,3,0,random-32-32-20-random-7.scen
100,random-32-32-20.map,PIBTOLD,1,3446,54,3,0,random-32-32-20-random-7.scen
100,random-32-32-20.map,PIBT,1,3343,57,13,1,random-32-32-20-random-7.scen
100,random-32-32-20.map,PIBTOLD,1,3446,54,3,1,random-32-32-20-random-7.scen
100,random-32-32-20.map,PIBT,0,3164,100000,4573,10,random-32-32-20-random-7.scen
100,random-32-32-20.map,PIBTOLD,1,3446,54,3,10,random-32-32-20-random-7.scen
100,random-32-32-20.map,PIBT,0,3117,100000,4540,100,random-32-32-20-random-7.scen
100,random-32-32-20.map,PIBTOLD,1,3446,54,3,100,random-32-32-20-random-7.scen
100,random-32-32-20.map,PIBT,0,3117,100000,4438,1000,random-32-32-20-random-7.scen
100,random-32-32-20.map,PIBTOLD,1,3446,54,3,1000,random-32-32-20-random-7.scen
140,random-32-32-20.map,PIBT,1,5501,71,6,0,random-32-32-20-random-7.scen
140,random-32-32-20.map,PIBTOLD,1,5501,71,4,0,random-32-32-20-random-7.scen
140,random-32-32-20.map,PIBT,0,5114,100000,10493,1,random-32-32-20-random-7.scen
140,random-32-32-20.map,PIBTOLD,1,5501,71,4,1,random-32-32-20-random-7.scen
140,random-32-32-20.map,PIBT,0,5302,100000,7014,10,random-32-32-20-random-7.scen
140,random-32-32-20.map,PIBTOLD,1,5501,71,4,10,random-32-32-20-random-7.scen
140,random-32-32-20.map,PIBT,0,4997,100000,7635,100,random-32-32-20-random-7.scen
140,random-32-32-20.map,PIBTOLD,1,5501,71,4,100,random-32-32-20-random-7.scen
140,random-32-32-20.map,PIBT,0,5116,100000,18158,1000,random-32-32-20-random-7.scen
140,random-32-32-20.map,PIBTOLD,1,5501,71,4,1000,random-32-32-20-random-7.scen
180,random-32-32-20.map,PIBT,0,407441,100000,7656,0,random-32-32-20-random-7.scen
180,random-32-32-20.map,PIBTOLD,0,407441,100000,4595,0,random-32-32-20-random-7.scen
180,random-32-32-20.map,PIBT,0,206921,100000,10195,1,random-32-32-20-random-7.scen
180,random-32-32-20.map,PIBTOLD,0,407441,100000,4815,1,random-32-32-20-random-7.scen
180,random-32-32-20.map,PIBT,0,207497,100000,8389,10,random-32-32-20-random-7.scen
180,random-32-32-20.map,PIBTOLD,0,407441,100000,4756,10,random-32-32-20-random-7.scen
180,random-32-32-20.map,PIBT,0,7126,100000,11654,100,random-32-32-20-random-7.scen
180,random-32-32-20.map,PIBTOLD,0,407441,100000,4661,100,random-32-32-20-random-7.scen
180,random-32-32-20.map,PIBT,0,7171,100000,34290,1000,random-32-32-20-random-7.scen
180,random-32-32-20.map,PIBTOLD,0,407441,100000,4660,1000,random-32-32-20-random-7.scen
220,random-32-32-20.map,PIBT,0,210083,100000,9751,0,random-32-32-20-random-7.scen
220,random-32-32-20.map,PIBTOLD,0,210083,100000,5384,0,random-32-32-20-random-7.scen
220,random-32-32-20.map,PIBT,0,209911,100000,13903,1,random-32-32-20-random-7.scen
220,random-32-32-20.map,PIBTOLD,0,210083,100000,5820,1,random-32-32-20-random-7.scen
220,random-32-32-20.map,PIBT,0,10590,100000,11944,10,random-32-32-20-random-7.scen
220,random-32-32-20.map,PIBTOLD,0,210083,100000,5486,10,random-32-32-20-random-7.scen
220,random-32-32-20.map,PIBT,0,9633,100000,15580,100,random-32-32-20-random-7.scen
220,random-32-32-20.map,PIBTOLD,0,210083,100000,5487,100,random-32-32-20-random-7.scen
220,random-32-32-20.map,PIBT,0,9514,100000,45673,1000,random-32-32-20-random-7.scen
220,random-32-32-20.map,PIBTOLD,0,210083,100000,5520,1000,random-32-32-20-random-7.scen
260,random-32-32-20.map,PIBT,0,1013296,100000,12138,0,random-32-32-20-random-7.scen
260,random-32-32-20.map,PIBTOLD,0,1013296,100000,6789,0,random-32-32-20-random-7.scen
260,random-32-32-20.map,PIBT,0,213981,100000,20944,1,random-32-32-20-random-7.scen
260,random-32-32-20.map,PIBTOLD,0,1013296,100000,6520,1,random-32-32-20-random-7.scen
260,random-32-32-20.map,PIBT,0,214282,100000,15088,10,random-32-32-20-random-7.scen
260,random-32-32-20.map,PIBTOLD,0,1013296,100000,6847,10,random-32-32-20-random-7.scen
260,random-32-32-20.map,PIBT,0,12728,100000,23733,100,random-32-32-20-random-7.scen
260,random-32-32-20.map,PIBTOLD,0,1013296,100000,6720,100,random-32-32-20-random-7.scen
20,random-32-32-20.map,PIBT,1,577,42,0,0,random-32-32-20-random-14.scen
20,random-32-32-20.map,PIBTOLD,1,577,42,0,0,random-32-32-20-random-14.scen
20,random-32-32-20.map,PIBT,1,566,42,0,1,random-32-32-20-random-14.scen
20,random-32-32-20.map,PIBTOLD,1,577,42,0,1,random-32-32-20-random-14.scen
20,random-32-32-20.map,PIBT,1,566,42,0,10,random-32-32-20-random-14.scen
20,random-32-32-20.map,PIBTOLD,1,577,42,0,10,random-32-32-20-random-14.scen
20,random-32-32-20.map,PIBT,1,566,42,0,100,random-32-32-20-random-14.scen
20,random-32-32-20.map,PIBTOLD,1,577,42,0,100,random-32-32-20-random-14.scen
20,random-32-32-20.map,PIBT,1,566,42,0,1000,random-32-32-20-random-14.scen
20,random-32-32-20.map,PIBTOLD,1,577,42,0,1000,random-32-32-20-random-14.scen
60,random-32-32-20.map,PIBT,1,1711,48,2,0,random-32-32-20-random-14.scen
60,random-32-32-20.map,PIBTOLD,1,1711,48,1,0,random-32-32-20-random-14.scen
60,random-32-32-20.map,PIBT,1,1751,49,2,1,random-32-32-20-random-14.scen
60,random-32-32-20.map,PIBTOLD,1,1711,48,1,1,random-32-32-20-random-14.scen
60,random-32-32-20.map,PIBT,1,1751,49,2,10,random-32-32-20-random-14.scen
60,random-32-32-20.map,PIBTOLD,1,1711,48,1,10,random-32-32-20-random-14.scen
60,random-32-32-20.map,PIBT,1,1751,49,2,100,random-32-32-20-random-14.scen
60,random-32-32-20.map,PIBTOLD,1,1711,48,1,100,random-32-32-20-random-14.scen
60,random-32-32-20.map,PIBT,1,1751,49,2,1000,random-32-32-20-random-14.scen
60,random-32-32-20.map,PIBTOLD,1,1711,48,1,1000,random-32-32-20-random-14.scen
100,random-32-32-20.map,PIBT,1,3446,54,3,0,random-32-32-20-random-14.scen
100,random-32-32-20.map,PIBTOLD,1,3446,54,3,0,random-32-32-20-random-14.scen
100,random-32-32-20.map,PIBT,1,3314,55,10,1,random-32-32-20-random-14.scen
100,random-32-32-20.map,PIBTOLD,1,3446,54,3,1,random-32-32-20-random-14.scen
100,random-32-32-20.map,PIBT,0,3157,100000,4566,10,random-32-32-20-random-14.scen
100,random-32-32-20.map,PIBTOLD,1,3446,54,2,10,random-32-32-20-random-14.scen
100,random-32-32-20.map,PIBT,0,3117,100000,4537,100,random-32-32-20-random-14.scen
100,random-32-32-20.map,PIBTOLD,1,3446,54,3,100,random-32-32-20-random-14.scen
100,random-32-32-20.map,PIBT,0,3117,100000,4482,1000,random-32-32-20-random-14.scen
100,random-32-32-20.map,PIBTOLD,1,3446,54,3,1000,random-32-32-20-random-14.scen
140,random-32-32-20.map,PIBT,1,5501,71,6,0,random-32-32-20-random-14.scen
140,random-32-32-20.map,PIBTOLD,1,5501,71,4,0,random-32-32-20-random-14.scen
140,random-32-32-20.map,PIBT,0,5239,100000,6977,1,random-32-32-20-random-14.scen
140,random-32-32-20.map,PIBTOLD,1,5501,71,4,1,random-32-32-20-random-14.scen
140,random-32-32-20.map,PIBT,0,5088,100000,6792,10,random-32-32-20-random-14.scen
140,random-32-32-20.map,PIBTOLD,1,5501,71,4,10,random-32-32-20-random-14.scen
140,random-32-32-20.map,PIBT,0,5342,100000,8390,100,random-32-32-20-random-14.scen
140,random-32-32-20.map,PIBTOLD,1,5501,71,4,100,random-32-32-20-random-14.scen
140,random-32-32-20.map,PIBT,0,5346,100000,15437,1000,random-32-32-20-random-14.scen
140,random-32-32-20.map,PIBTOLD,1,5501,71,4,1000,random-32-32-20-random-14.scen
180,random-32-32-20.map,PIBT,0,407441,100000,7714,0,random-32-32-20-random-14.scen
180,random-32-32-20.map,PIBTOLD,0,407441,100000,4490,0,random-32-32-20-random-14.scen
180,random-32-32-20.map,PIBT,0,6831,100000,11969,1,random-32-32-20-random-14.scen
180,random-32-32-20.map,PIBTOLD,0,407441,100000,4698,1,random-32-32-20-random-14.scen
180,random-32-32-20.map,PIBT,0,206892,100000,8584,10,random-32-32-20-random-14.scen
180,random-32-32-20.map,PIBTOLD,0,407441,100000,4680,10,random-32-32-20-random-14.scen
180,random-32-32-20.map,PIBT,0,206975,100000,10470,100,random-32-32-20-random-14.scen
180,random-32-32-20.map,PIBTOLD,0,407441,100000,4887,100,random-32-32-20-random-14.scen
180,random-32-32-20.map,PIBT,0,207127,100000,30486,1000,random-32-32-20-random-14.scen
180,random-32-32-20.map,PIBTOLD,0,407441,100000,4699,1000,random-32-32-20-random-14.scen
220,random-32-32-20.map,PIBT,0,210083,100000,9465,0,random-32-32-20-random-14.scen
220,random-32-32-20.map,PIBTOLD,0,210083,100000,5470,0,random-32-32-20-random-14.scen
220,random-32-32-20.map,PIBT,0,1090203,100000,14302,1,random-32-32-20-random-14.scen
220,random-32-32-20.map,PIBTOLD,0,210083,100000,5484,1,random-32-32-20-random-14.scen
220,random-32-32-20.map,PIBT,0,210169,100000,11448,10,random-32-32-20-random-14.scen
220,random-32-32-20.map,PIBTOLD,0,210083,100000,5487,10,random-32-32-20-random-14.scen
220,random-32-32-20.map,PIBT,0,210193,100000,18467,100,random-32-32-20-random-14.scen
220,random-32-32-20.map,PIBTOLD,0,210083,100000,5581,100,random-32-32-20-random-14.scen
220,random-32-32-20.map,PIBT,0,9588,100000,52174,1000,random-32-32-20-random-14.scen
220,random-32-32-20.map,PIBTOLD,0,210083,100000,5539,1000,random-32-32-20-random-14.scen
260,random-32-32-20.map,PIBT,0,1013296,100000,11949,0,random-32-32-20-random-14.scen
260,random-32-32-20.map,PIBTOLD,0,1013296,100000,6626,0,random-32-32-20-random-14.scen
260,random-32-32-20.map,PIBT,0,213472,100000,18360,1,random-32-32-20-random-14.scen
260,random-32-32-20.map,PIBTOLD,0,1013296,100000,6564,1,random-32-32-20-random-14.scen
260,random-32-32-20.map,PIBT,0,212447,100000,21180,10,random-32-32-20-random-14.scen
260,random-32-32-20.map,PIBTOLD,0,1013296,100000,6486,10,random-32-32-20-random-14.scen
260,random-32-32-20.map,PIBT,0,12971,100000,24444,100,random-32-32-20-random-14.scen
260,random-32-32-20.map,PIBTOLD,0,1013296,100000,6404,100,random-32-32-20-random-14.scen
20,random-32-32-20.map,PIBT,1,577,42,1,0,random-32-32-20-random-18.scen
20,random-32-32-20.map,PIBTOLD,1,577,42,0,0,random-32-32-20-random-18.scen
20,random-32-32-20.map,PIBT,1,566,42,0,1,random-32-32-20-random-18.scen
20,random-32-32-20.map,PIBTOLD,1,577,42,0,1,random-32-32-20-random-18.scen
20,random-32-32-20.map,PIBT,1,566,42,0,10,random-32-32-20-random-18.scen
20,random-32-32-20.map,PIBTOLD,1,577,42,0,10,random-32-32-20-random-18.scen
20,random-32-32-20.map,PIBT,1,566,42,0,100,random-32-32-20-random-18.scen
20,random-32-32-20.map,PIBTOLD,1,577,42,0,100,random-32-32-20-random-18.scen
20,random-32-32-20.map,PIBT,1,566,42,0,1000,random-32-32-20-random-18.scen
20,random-32-32-20.map,PIBTOLD,1,577,42,0,1000,random-32-32-20-random-18.scen
60,random-32-32-20.map,PIBT,1,1711,48,2,0,random-32-32-20-random-18.scen
60,random-32-32-20.map,PIBTOLD,1,1711,48,1,0,random-32-32-20-random-18.scen
60,random-32-32-20.map,PIBT,1,1751,49,2,1,random-32-32-20-random-18.scen
60,random-32-32-20.map,PIBTOLD,1,1711,48,1,1,random-32-32-20-random-18.scen
60,random-32-32-20.map,PIBT,1,1751,49,2,10,random-32-32-20-random-18.scen
60,random-32-32-20.map,PIBTOLD,1,1711,48,1,10,random-32-32-20-random-18.scen
60,random-32-32-20.map,PIBT,1,1751,49,2,100,random-32-32-20-random-18.scen
60,random-32-32-20.map,PIBTOLD,1,1711,48,1,100,random-32-32-20-random-18.scen
60,random-32-32-20.map,PIBT,1,1751,49,2,1000,random-32-32-20-random-18.scen
60,random-32-32-20.map,PIBTOLD,1,1711,48,1,1000,random-32-32-20-random-18.scen
100,random-32-32-20.map,PIBT,1,3446,54,3,0,random-32-32-20-random-18.scen
100,random-32-32-20.map,PIBTOLD,1,3446,54,3,0,random-32-32-20-random-18.scen
100,random-32-32-20.map,PIBT,1,3301,68,13,1,random-32-32-20-random-18.scen
100,random-32-32-20.map,PIBTOLD,1,3446,54,3,1,random-32-32-20-random-18.scen
100,random-32-32-20.map,PIBT,0,3120,100000,4373,10,random-32-32-20-random-18.scen
100,random-32-32-20.map,PIBTOLD,1,3446,54,3,10,random-32-32-20-random-18.scen
100,random-32-32-20.map,PIBT,0,3117,100000,4463,100,random-32-32-20-random-18.scen
100,random-32-32-20.map,PIBTOLD,1,3446,54,3,100,random-32-32-20-random-18.scen
100,random-32-32-20.map,PIBT,0,3117,100000,4487,1000,random-32-32-20-random-18.scen
100,random-32-32-20.map,PIBTOLD,1,3446,54,3,1000,random-32-32-20-random-18.scen
140,random-32-32-20.map,PIBT,1,5501,71,6,0,random-32-32-20-random-18.scen
140,random-32-32-20.map,PIBTOLD,1,5501,71,4,0,random-32-32-20-random-18.scen
140,random-32-32-20.map,PIBT,0,5221,100000,7980,1,random-32-32-20-random-18.scen
140,random-32-32-20.map,PIBTOLD,1,5501,71,4,1,random-32-32-20-random-18.scen
140,random-32-32-20.map,PIBT,0,5129,100000,6609,10,random-32-32-20-random-18.scen
140,random-32-32-20.map,PIBTOLD,1,5501,71,4,10,random-32-32-20-random-18.scen
140,random-32-32-20.map,PIBT,0,5213,100000,7706,100,random-32-32-20-random-18.scen
140,random-32-32-20.map,PIBTOLD,1,5501,71,4,100,random-32-32-20-random-18.scen
140,random-32-32-20.map,PIBT,0,5253,100000,16011,1000,random-32-32-20-random-18.scen
140,random-32-32-20.map,PIBTOLD,1,5501,71,4,1000,random-32-32-20-random-18.scen
180,random-32-32-20.map,PIBT,0,407441,100000,7530,0,random-32-32-20-random-18.scen
180,random-32-32-20.map,PIBTOLD,0,407441,100000,4630,0,random-32-32-20-random-18.scen
180,random-32-32-20.map,PIBT,0,206816,100000,15300,1,random-32-32-20-random-18.scen
180,random-32-32-20.map,PIBTOLD,0,407441,100000,4551,1,random-32-32-20-random-18.scen
180,random-32-32-20.map,PIBT,0,207160,100000,9996,10,random-32-32-20-random-18.scen
180,random-32-32-20.map,PIBTOLD,0,407441,100000,4750,10,random-32-32-20-random-18.scen
180,random-32-32-20.map,PIBT,0,6804,100000,10528,100,random-32-32-20-random-18.scen
180,random-32-32-20.map,PIBTOLD,0,407441,100000,4677,100,random-32-32-20-random-18.scen
180,random-32-32-20.map,PIBT,0,207148,100000,34094,1000,random-32-32-20-random-18.scen
180,random-32-32-20.map,PIBTOLD,0,407441,100000,4737,1000,random-32-32-20-random-18.scen
220,random-32-32-20.map,PIBT,0,210083,100000,9718,0,random-32-32-20-random-18.scen
220,random-32-32-20.map,PIBTOLD,0,210083,100000,5507,0,random-32-32-20-random-18.scen
220,random-32-32-20.map,PIBT,0,9876,100000,19580,1,random-32-32-20-random-18.scen
220,random-32-32-20.map,PIBTOLD,0,210083,100000,5513,1,random-32-32-20-random-18.scen
220,random-32-32-20.map,PIBT,0,9876,100000,15721,10,random-32-32-20-random-18.scen
220,random-32-32-20.map,PIBTOLD,0,210083,100000,5283,10,random-32-32-20-random-18.scen
220,random-32-32-20.map,PIBT,0,210135,100000,15341,100,random-32-32-20-random-18.scen
220,random-32-32-20.map,PIBTOLD,0,210083,100000,5657,100,random-32-32-20-random-18.scen
220,random-32-32-20.map,PIBT,0,210483,100000,44600,1000,random-32-32-20-random-18.scen
220,random-32-32-20.map,PIBTOLD,0,210083,100000,5354,1000,random-32-32-20-random-18.scen
260,random-32-32-20.map,PIBT,0,1013296,100000,12104,0,random-32-32-20-random-18.scen
260,random-32-32-20.map,PIBTOLD,0,1013296,100000,6537,0,random-32-32-20-random-18.scen
260,random-32-32-20.map,PIBT,0,13595,100000,15657,1,random-32-32-20-random-18.scen
260,random-32-32-20.map,PIBTOLD,0,1013296,100000,6454,1,random-32-32-20-random-18.scen
260,random-32-32-20.map,PIBT,0,12633,100000,36210,10,random-32-32-20-random-18.scen
260,random-32-32-20.map,PIBTOLD,0,1013296,100000,6462,10,random-32-32-20-random-18.scen
260,random-32-32-20.map,PIBT,0,413421,100000,19981,100,random-32-32-20-random-18.scen
260,random-32-32-20.map,PIBTOLD,0,1013296,100000,6465,100,random-32-32-20-random-18.scen
20,random-32-32-20.map,PIBT,1,577,42,0,0,random-32-32-20-random-23.scen
20,random-32-32-20.map,PIBTOLD,1,577,42,0,0,random-32-32-20-random-23.scen
20,random-32-32-20.map,PIBT,1,566,42,0,1,random-32-32-20-random-23.scen
20,random-32-32-20.map,PIBTOLD,1,577,42,0,1,random-32-32-20-random-23.scen
20,random-32-32-20.map,PIBT,1,566,42,0,10,random-32-32-20-random-23.scen
20,random-32-32-20.map,PIBTOLD,1,577,42,0,10,random-32-32-20-random-23.scen
20,random-32-32-20.map,PIBT,1,566,42,0,100,random-32-32-20-random-23.scen
20,random-32-32-20.map,PIBTOLD,1,577,42,0,100,random-32-32-20-random-23.scen
20,random-32-32-20.map,PIBT,1,566,42,0,1000,random-32-32-20-random-23.scen
20,random-32-32-20.map,PIBTOLD,1,577,42,0,1000,random-32-32-20-random-23.scen
60,random-32-32-20.map,PIBT,1,1711,48,2,0,random-32-32-20-random-23.scen
60,random-32-32-20.map,PIBTOLD,1,1711,48,1,0,random-32-32-20-random-23.scen
60,random-32-32-20.map,PIBT,1,1751,49,2,1,random-32-32-20-random-23.scen
60,random-32-32-20.map,PIBTOLD,1,1711,48,1,1,random-32-32-20-random-23.scen
60,random-32-32-20.map,PIBT,1,1751,49,2,10,random-32-32-20-random-23.scen
60,random-32-32-20.map,PIBTOLD,1,1711,48,1,10,random-32-32-20-random-23.scen
60,random-32-32-20.map,PIBT,1,1751,49,2,100,random-32-32-20-random-23.scen
60,random-32-32-20.map,PIBTOLD,1,1711,48,2,100,random-32-32-20-random-23.scen
60,random-32-32-20.map,PIBT,1,1751,49,3,1000,random-32-32-20-random-23.scen
60,random-32-32-20.map,PIBTOLD,1,1711,48,2,1000,random-32-32-20-random-23.scen
100,random-32-32-20.map,PIBT,1,3446,54,3,0,random-32-32-20-random-23.scen
100,random-32-32-20.map,PIBTOLD,1,3446,54,3,0,random-32-32-20-random-23.scen
100,random-32-32-20.map,PIBT,1,3334,57,10,1,random-32-32-20-random-23.scen
100,random-32-32-20.map,PIBTOLD,1,3446,54,3,1,random-32-32-20-random-23.scen
100,random-32-32-20.map,PIBT,0,3096,100000,4470,10,random-32-32-20-random-23.scen
100,random-32-32-20.map,PIBTOLD,1,3446,54,3,10,random-32-32-20-random-23.scen
100,random-32-32-20.map,PIBT,0,3117,100000,4385,100,random-32-32-20-random-23.scen
100,random-32-32-20.map,PIBTOLD,1,3446,54,3,100,random-32-32-20-random-23.scen
100,random-32-32-20.map,PIBT,0,3117,100000,4525,1000,random-32-32-20-random-23.scen
100,random-32-32-20.map,PIBTOLD,1,3446,54,3,1000,random-32-32-20-random-23.scen
140,random-32-32-20.map,PIBT,1,5501,71,7,0,random-32-32-20-random-23.scen
140,random-32-32-20.map,PIBTOLD,1,5501,71,4,0,random-32-32-20-random-23.scen
140,random-32-32-20.map,PIBT,0,5097,100000,10933,1,random-32-32-20-random-23.scen
140,random-32-32-20.map,PIBTOLD,1,5501,71,4,1,random-32-32-20-random-23.scen
140,random-32-32-20.map,PIBT,0,5253,100000,7324,10,random-32-32-20-random-23.scen
140,random-32-32-20.map,PIBTOLD,1,5501,71,5,10,random-32-32-20-random-23.scen
140,random-32-32-20.map,PIBT,0,5363,100000,7940,100,random-32-32-20-random-23.scen
140,random-32-32-20.map,PIBTOLD,1,5501,71,4,100,random-32-32-20-random-23.scen
140,random-32-32-20.map,PIBT,0,5347,100000,20633,1000,random-32-32-20-random-23.scen
140,random-32-32-20.map,PIBTOLD,1,5501,71,4,1000,random-32-32-20-random-23.scen
180,random-32-32-20.map,PIBT,0,407441,100000,7550,0,random-32-32-20-random-23.scen
180,random-32-32-20.map,PIBTOLD,0,407441,100000,4649,0,random-32-32-20-random-23.scen
180,random-32-32-20.map,PIBT,0,7374,100000,9528,1,random-32-32-20-random-23.scen
180,random-32-32-20.map,PIBTOLD,0,407441,100000,4718,1,random-32-32-20-random-23.scen
180,random-32-32-20.map,PIBT,0,207141,100000,7916,10,random-32-32-20-random-23.scen
180,random-32-32-20.map,PIBTOLD,0,407441,100000,4629,10,random-32-32-20-random-23.scen
180,random-32-32-20.map,PIBT,0,7269,100000,11157,100,random-32-32-20-random-23.scen
180,random-32-32-20.map,PIBTOLD,0,407441,100000,4601,100,random-32-32-20-random-23.scen
180,random-32-32-20.map,PIBT,0,207128,100000,35223,1000,random-32-32-20-random-23.scen
180,random-32-32-20.map,PIBTOLD,0,407441,100000,4618,1000,random-32-32-20-random-23.scen
220,random-32-32-20.map,PIBT,0,210083,100000,9578,0,random-32-32-20-random-23.scen
220,random-32-32-20.map,PIBTOLD,0,210083,100000,5522,0,random-32-32-20-random-23.scen
220,random-32-32-20.map,PIBT,0,409690,100000,20763,1,random-32-32-20-random-23.scen
220,random-32-32-20.map,PIBTOLD,0,210083,100000,5599,1,random-32-32-20-random-23.scen
220,random-32-32-20.map,PIBT,0,9733,100000,16520,10,random-32-32-20-random-23.scen
220,random-32-32-20.map,PIBTOLD,0,210083,100000,5467,10,random-32-32-20-random-23.scen
220,random-32-32-20.map,PIBT,0,210071,100000,15833,100,random-32-32-20-random-23.scen
220,random-32-32-20.map,PIBTOLD,0,210083,100000,5559,100,random-32-32-20-random-23.scen
220,random-32-32-20.map,PIBT,0,9914,100000,51553,1000,random-32-32-20-random-23.scen
220,random-32-32-20.map,PIBTOLD,0,210083,100000,5334,1000,random-32-32-20-random-23.scen
260,random-32-32-20.map,PIBT,0,1013296,100000,11811,0,random-32-32-20-random-23.scen
260,random-32-32-20.map,PIBTOLD,0,1013296,100000,6420,0,random-32-32-20-random-23.scen
260,random-32-32-20.map,PIBT,0,13302,100000,16076,1,random-32-32-20-random-23.scen
260,random-32-32-20.map,PIBTOLD,0,1013296,100000,6375,1,random-32-32-20-random-23.scen
260,random-32-32-20.map,PIBT,0,13942,100000,16036,10,random-32-32-20-random-23.scen
260,random-32-32-20.map,PIBTOLD,0,1013296,100000,6361,10,random-32-32-20-random-23.scen
260,random-32-32-20.map,PIBT,0,13486,100000,27277,100,random-32-32-20-random-23.scen
260,random-32-32-20.map,PIBTOLD,0,1013296,100000,6439,100,random-32-32-20-random-23.scen
20,random-32-32-20.map,PIBT,1,577,42,0,0,random-32-32-20-random-5.scen
20,random-32-32-20.map,PIBTOLD,1,577,42,0,0,random-32-32-20-random-5.scen
20,random-32-32-20.map,PIBT,1,566,42,0,1,random-32-32-20-random-5.scen
20,random-32-32-20.map,PIBTOLD,1,577,42,0,1,random-32-32-20-random-5.scen
20,random-32-32-20.map,PIBT,1,566,42,0,10,random-32-32-20-random-5.scen
20,random-32-32-20.map,PIBTOLD,1,577,42,0,10,random-32-32-20-random-5.scen
20,random-32-32-20.map,PIBT,1,566,42,0,100,random-32-32-20-random-5.scen
20,random-32-32-20.map,PIBTOLD,1,577,42,0,100,random-32-32-20-random-5.scen
20,random-32-32-20.map,PIBT,1,566,42,0,1000,random-32-32-20-random-5.scen
20,random-32-32-20.map,PIBTOLD,1,577,42,0,1000,random-32-32-20-random-5.scen
60,random-32-32-20.map,PIBT,1,1711,48,2,0,random-32-32-20-random-5.scen
60,random-32-32-20.map,PIBTOLD,1,1711,48,1,0,random-32-32-20-random-5.scen
60,random-32-32-20.map,PIBT,1,1751,49,2,1,random-32-32-20-random-5.scen
60,random-32-32-20.map,PIBTOLD,1,1711,48,1,1,random-32-32-20-random-5.scen
60,random-32-32-20.map,PIBT,1,1751,49,2,10,random-32-32-20-random-5.scen
60,random-32-32-20.map,PIBTOLD,1,1711,48,1,10,random-32-32-20-random-5.scen
60,random-32-32-20.map,PIBT,1,1751,49,2,100,random-32-32-20-random-5.scen
60,random-32-32-20.map,PIBTOLD,1,1711,48,1,100,random-32-32-20-random-5.scen
60,random-32-32-20.map,PIBT,1,1751,49,2,1000,random-32-32-20-random-5.scen
60,random-32-32-20.map,PIBTOLD,1,1711,48,1,1000,random-32-32-20-random-5.scen
100,random-32-32-20.map,PIBT,1,3446,54,3,0,random-32-32-20-random-5.scen
100,random-32-32-20.map,PIBTOLD,1,3446,54,3,0,random-32-32-20-random-5.scen
100,random-32-32-20.map,PIBT,1,3233,61,10,1,random-32-32-20-random-5.scen
100,random-32-32-20.map,PIBTOLD,1,3446,54,3,1,random-32-32-20-random-5.scen
100,random-32-32-20.map,PIBT,0,3164,100000,4557,10,random-32-32-20-random-5.scen
100,random-32-32-20.map,PIBTOLD,1,3446,54,3,10,random-32-32-20-random-5.scen
100,random-32-32-20.map,PIBT,0,3117,100000,4439,100,random-32-32-20-random-5.scen
100,random-32-32-20.map,PIBTOLD,1,3446,54,3,100,random-32-32-20-random-5.scen
100,random-32-32-20.map,PIBT,0,3117,100000,4474,1000,random-32-32-20-random-5.scen
100,random-32-32-20.map,PIBTOLD,1,3446,54,3,1000,random-32-32-20-random-5.scen
140,random-32-32-20.map,PIBT,1,5501,71,6,0,random-32-32-20-random-5.scen
140,random-32-32-20.map,PIBTOLD,1,5501,71,4,0,random-32-32-20-random-5.scen
140,random-32-32-20.map,PIBT,0,5171,100000,6878,1,random-32-32-20-random-5.scen
140,random-32-32-20.map,PIBTOLD,1,5501,71,4,1,random-32-32-20-random-5.scen
140,random-32-32-20.map,PIBT,0,5118,100000,10286,10,random-32-32-20-random-5.scen
140,random-32-32-20.map,PIBTOLD,1,5501,71,4,10,random-32-32-20-random-5.scen
140,random-32-32-20.map,PIBT,0,5206,100000,7005,100,random-32-32-20-random-5.scen
140,random-32-32-20.map,PIBTOLD,1,5501,71,4,100,random-32-32-20-random-5.scen
140,random-32-32-20.map,PIBT,0,5034,100000,17145,1000,random-32-32-20-random-5.scen
140,random-32-32-20.map,PIBTOLD,1,5501,71,4,1000,random-32-32-20-random-5.scen
180,random-32-32-20.map,PIBT,0,407441,100000,7481,0,random-32-32-20-random-5.scen
180,random-32-32-20.map,PIBTOLD,0,407441,100000,4555,0,random-32-32-20-random-5.scen
180,random-32-32-20.map,PIBT,0,206855,100000,10419,1,random-32-32-20-random-5.scen
180,random-32-32-20.map,PIBTOLD,0,407441,100000,4663,1,random-32-32-20-random-5.scen
180,random-32-32-20.map,PIBT,1,7296,75,290,10,random-32-32-20-random-5.scen
180,random-32-32-20.map,PIBTOLD,0,407441,100000,4627,10,random-32-32-20-random-5.scen
180,random-32-32-20.map,PIBT,0,7065,100000,11937,100,random-32-32-20-random-5.scen
180,random-32-32-20.map,PIBTOLD,0,407441,100000,4664,100,random-32-32-20-random-5.scen
180,random-32-32-20.map,PIBT,0,7281,100000,32358,1000,random-32-32-20-random-5.scen
180,random-32-32-20.map,PIBTOLD,0,407441,100000,4554,1000,random-32-32-20-random-5.scen
220,random-32-32-20.map,PIBT,0,210083,100000,9606,0,random-32-32-20-random-5.scen
220,random-32-32-20.map,PIBTOLD,0,210083,100000,5491,0,random-32-32-20-random-5.scen
220,random-32-32-20.map,PIBT,0,210264,100000,15470,1,random-32-32-20-random-5.scen
220,random-32-32-20.map,PIBTOLD,0,210083,100000,5489,1,random-32-32-20-random-5.scen
220,random-32-32-20.map,PIBT,0,10340,100000,10895,10,random-32-32-20-random-5.scen
220,random-32-32-20.map,PIBTOLD,0,210083,100000,5421,10,random-32-32-20-random-5.scen
220,random-32-32-20.map,PIBT,0,210635,100000,17807,100,random-32-32-20-random-5.scen
220,random-32-32-20.map,PIBTOLD,0,210083,100000,5424,100,random-32-32-20-random-5.scen
220,random-32-32-20.map,PIBT,0,9600,100000,47410,1000,random-32-32-20-random-5.scen
220,random-32-32-20.map,PIBTOLD,0,210083,100000,5599,1000,random-32-32-20-random-5.scen
260,random-32-32-20.map,PIBT,0,1013296,100000,11858,0,random-32-32-20-random-5.scen
260,random-32-32-20.map,PIBTOLD,0,1013296,100000,6421,0,random-32-32-20-random-5.scen
260,random-32-32-20.map,PIBT,0,12509,100000,15369,1,random-32-32-20-random-5.scen
260,random-32-32-20.map,PIBTOLD,0,1013296,100000,6436,1,random-32-32-20-random-5.scen
260,random-32-32-20.map,PIBT,0,13114,100000,16370,10,random-32-32-20-random-5.scen
260,random-32-32-20.map,PIBTOLD,0,1013296,100000,6439,10,random-32-32-20-random-5.scen
260,random-32-32-20.map,PIBT,0,13045,100000,21607,100,random-32-32-20-random-5.scen
260,random-32-32-20.map,PIBTOLD,0,1013296,100000,6331,100,random-32-32-20-random-5.scen
20,random-32-32-20.map,PIBT,1,577,42,0,0,random-32-32-20-random-8.scen
20,random-32-32-20.map,PIBTOLD,1,577,42,0,0,random-32-32-20-random-8.scen
20,random-32-32-20.map,PIBT,1,566,42,0,1,random-32-32-20-random-8.scen
20,random-32-32-20.map,PIBTOLD,1,577,42,0,1,random-32-32-20-random-8.scen
20,random-32-32-20.map,PIBT,1,566,42,0,10,random-32-32-20-random-8.scen
20,random-32-32-20.map,PIBTOLD,1,577,42,0,10,random-32-32-20-random-8.scen
20,random-32-32-20.map,PIBT,1,566,42,0,100,random-32-32-20-random-8.scen
20,random-32-32-20.map,PIBTOLD,1,577,42,0,100,random-32-32-20-random-8.scen
20,random-32-32-20.map,PIBT,1,566,42,0,1000,random-32-32-20-random-8.scen
20,random-32-32-20.map,PIBTOLD,1,577,42,0,1000,random-32-32-20-random-8.scen
60,random-32-32-20.map,PIBT,1,1711,48,2,0,random-32-32-20-random-8.scen
60,random-32-32-20.map,PIBTOLD,1,1711,48,1,0,random-32-32-20-random-8.scen
60,random-32-32-20.map,PIBT,1,1751,49,2,1,random-32-32-20-random-8.scen
60,random-32-32-20.map,PIBTOLD,1,1711,48,1,1,random-32-32-20-random-8.scen
60,random-32-32-20.map,PIBT,1,1751,49,2,10,random-32-32-20-random-8.scen
60,random-32-32-20.map,PIBTOLD,1,1711,48,1,10,random-32-32-20-random-8.scen
60,random-32-32-20.map,PIBT,1,1751,49,2,100,random-32-32-20-random-8.scen
60,random-32-32-20.map,PIBTOLD,1,1711,48,1,100,random-32-32-20-random-8.scen
60,random-32-32-20.map,PIBT,1,1751,49,2,1000,random-32-32-20-random-8.scen
60,random-32-32-20.map,PIBTOLD,1,1711,48,1,1000,random-32-32-20-random-8.scen
100,random-32-32-20.map,PIBT,1,3446,54,3,0,random-32-32-20-random-8.scen
100,random-32-32-20.map,PIBTOLD,1,3446,54,3,0,random-32-32-20-random-8.scen
100,random-32-32-20.map,PIBT,1,3217,61,9,1,random-32-32-20-random-8.scen
100,random-32-32-20.map,PIBTOLD,1,3446,54,3,1,random-32-32-20-random-8.scen
100,random-32-32-20.map,PIBT,0,3121,100000,4395,10,random-32-32-20-random-8.scen
100,random-32-32-20.map,PIBTOLD,1,3446,54,3,10,random-32-32-20-random-8.scen
100,random-32-32-20.map,PIBT,0,3117,100000,4389,100,random-32-32-20-random-8.scen
100,random-32-32-20.map,PIBTOLD,1,3446,54,3,100,random-32-32-20-random-8.scen
100,random-32-32-20.map,PIBT,0,3117,100000,4495,1000,random-32-32-20-random-8.scen
100,random-32-32-20.map,PIBTOLD,1,3446,54,3,1000,random-32-32-20-random-8.scen
140,random-32-32-20.map,PIBT,1,5501,71,6,0,random-32-32-20-random-8.scen
140,random-32-32-20.map,PIBTOLD,1,5501,71,4,0,random-32-32-20-random-8.scen
140,random-32-32-20.map,PIBT,0,5378,100000,6405,1,random-32-32-20-random-8.scen
140,random-32-32-20.map,PIBTOLD,1,5501,71,4,1,random-32-32-20-random-8.scen
140,random-32-32-20.map,PIBT,0,5355,100000,6496,10,random-32-32-20-random-8.scen
140,random-32-32-20.map,PIBTOLD,1,5501,71,4,10,random-32-32-20-random-8.scen
140,random-32-32-20.map,PIBT,0,5170,100000,8051,100,random-32-32-20-random-8.scen
140,random-32-32-20.map,PIBTOLD,1,5501,71,4,100,random-32-32-20-random-8.scen
140,random-32-32-20.map,PIBT,0,5249,100000,17100,1000,random-32-32-20-random-8.scen
140,random-32-32-20.map,PIBTOLD,1,5501,71,4,1000,random-32-32-20-random-8.scen
180,random-32-32-20.map,PIBT,0,407441,100000,7688,0,random-32-32-20-random-8.scen
180,random-32-32-20.map,PIBTOLD,0,407441,100000,4569,0,random-32-32-20-random-8.scen
180,random-32-32-20.map,PIBT,0,7266,100000,9046,1,random-32-32-20-random-8.scen
180,random-32-32-20.map,PIBTOLD,0,407441,100000,4731,1,random-32-32-20-random-8.scen
180,random-32-32-20.map,PIBT,0,7121,100000,8426,10,random-32-32-20-random-8.scen
180,random-32-32-20.map,PIBTOLD,0,407441,100000,4694,10,random-32-32-20-random-8.scen
180,random-32-32-20.map,PIBT,0,6919,100000,10437,100,random-32-32-20-random-8.scen
180,random-32-32-20.map,PIBTOLD,0,407441,100000,4615,100,random-32-32-20-random-8.scen
180,random-32-32-20.map,PIBT,0,206958,100000,36970,1000,random-32-32-20-random-8.scen
180,random-32-32-20.map,PIBTOLD,0,407441,100000,4671,1000,random-32-32-20-random-8.scen
220,random-32-32-20.map,PIBT,0,210083,100000,9639,0,random-32-32-20-random-8.scen
220,random-32-32-20.map,PIBTOLD,0,210083,100000,5531,0,random-32-32-20-random-8.scen
220,random-32-32-20.map,PIBT,0,209802,100000,14368,1,random-32-32-20-random-8.scen
220,random-32-32-20.map,PIBTOLD,0,210083,100000,5366,1,random-32-32-20-random-8.scen
220,random-32-32-20.map,PIBT,0,609978,100000,12093,10,random-32-32-20-random-8.scen
220,random-32-32-20.map,PIBTOLD,0,210083,100000,5574,10,random-32-32-20-random-8.scen
220,random-32-32-20.map,PIBT,0,409736,100000,19880,100,random-32-32-20-random-8.scen
220,random-32-32-20.map,PIBTOLD,0,210083,100000,5527,100,random-32-32-20-random-8.scen
220,random-32-32-20.map,PIBT,0,209751,100000,43854,1000,random-32-32-20-random-8.scen
220,random-32-32-20.map,PIBTOLD,0,210083,100000,5592,1000,random-32-32-20-random-8.scen
260,random-32-32-20.map,PIBT,0,1013296,100000,12073,0,random-32-32-20-random-8.scen
260,random-32-32-20.map,PIBTOLD,0,1013296,100000,6528,0,random-32-32-20-random-8.scen
260,random-32-32-20.map,PIBT,0,213230,100000,17350,1,random-32-32-20-random-8.scen
260,random-32-32-20.map,PIBTOLD,0,1013296,100000,6527,1,random-32-32-20-random-8.scen
260,random-32-32-20.map,PIBT,0,13823,100000,16451,10,random-32-32-20-random-8.scen
260,random-32-32-20.map,PIBTOLD,0,1013296,100000,6522,10,random-32-32-20-random-8.scen
260,random-32-32-20.map,PIBT,0,13680,100000,21286,100,random-32-32-20-random-8.scen
260,random-32-32-20.map,PIBTOLD,0,1013296,100000,6611,100,random-32-32-20-random-8.scen
20,random-32-32-20.map,PIBT,1,577,42,0,0,random-32-32-20-random-16.scen
20,random-32-32-20.map,PIBTOLD,1,577,42,0,0,random-32-32-20-random-16.scen
20,random-32-32-20.map,PIBT,1,566,42,0,1,random-32-32-20-random-16.scen
20,random-32-32-20.map,PIBTOLD,1,577,42,0,1,random-32-32-20-random-16.scen
20,random-32-32-20.map,PIBT,1,566,42,0,10,random-32-32-20-random-16.scen
20,random-32-32-20.map,PIBTOLD,1,577,42,0,10,random-32-32-20-random-16.scen
20,random-32-32-20.map,PIBT,1,566,42,0,100,random-32-32-20-random-16.scen
20,random-32-32-20.map,PIBTOLD,1,577,42,0,100,random-32-32-20-random-16.scen
20,random-32-32-20.map,PIBT,1,566,42,0,1000,random-32-32-20-random-16.scen
20,random-32-32-20.map,PIBTOLD,1,577,42,0,1000,random-32-32-20-random-16.scen
60,random-32-32-20.map,PIBT,1,1711,48,2,0,random-32-32-20-random-16.scen
60,random-32-32-20.map,PIBTOLD,1,1711,48,1,0,random-32-32-20-random-16.scen
60,random-32-32-20.map,PIBT,1,1751,49,2,1,random-32-32-20-random-16.scen
60,random-32-32-20.map,PIBTOLD,1,1711,48,1,1,random-32-32-20-random-16.scen
60,random-32-32-20.map,PIBT,1,1751,49,2,10,random-32-32-20-random-16.scen
60,random-32-32-20.map,PIBTOLD,1,1711,48,2,10,random-32-32-20-random-16.scen
60,random-32-32-20.map,PIBT,1,1751,49,2,100,random-32-32-20-random-16.scen
60,random-32-32-20.map,PIBTOLD,1,1711,48,1,100,random-32-32-20-random-16.scen
60,random-32-32-20.map,PIBT,1,1751,49,2,1000,random-32-32-20-random-16.scen
60,random-32-32-20.map,PIBTOLD,1,1711,48,1,1000,random-32-32-20-random-16.scen
100,random-32-32-20.map,PIBT,1,3446,54,3,0,random-32-32-20-random-16.scen
100,random-32-32-20.map,PIBTOLD,1,3446,54,3,0,random-32-32-20-random-16.scen
100,random-32-32-20.map,PIBT,0,3173,100000,4163,1,random-32-32-20-random-16.scen
100,random-32-32-20.map,PIBTOLD,1,3446,54,2,1,random-32-32-20-random-16.scen
100,random-32-32-20.map,PIBT,0,3115,100000,4434,10,random-32-32-20-random-16.scen
100,random-32-32-20.map,PIBTOLD,1,3446,54,3,10,random-32-32-20-random-16.scen
100,random-32-32-20.map,PIBT,0,3117,100000,4422,100,random-32-32-20-random-16.scen
100,random-32-32-20.map,PIBTOLD,1,3446,54,3,100,random-32-32-20-random-16.scen
100,random-32-32-20.map,PIBT,0,3117,100000,4454,1000,random-32-32-20-random-16.scen
100,random-32-32-20.map,PIBTOLD,1,3446,54,2,1000,random-32-32-20-random-16.scen
140,random-32-32-20.map,PIBT,1,5501,71,6,0,random-32-32-20-random-16.scen
140,random-32-32-20.map,PIBTOLD,1,5501,71,4,0,random-32-32-20-random-16.scen
140,random-32-32-20.map,PIBT,0,5288,100000,5940,1,random-32-32-20-random-16.scen
140,random-32-32-20.map,PIBTOLD,1,5501,71,4,1,random-32-32-20-random-16.scen
140,random-32-32-20.map,PIBT,0,205245,100000,6837,10,random-32-32-20-random-16.scen
140,random-32-32-20.map,PIBTOLD,1,5501,71,4,10,random-32-32-20-random-16.scen
140,random-32-32-20.map,PIBT,0,205107,100000,8064,100,random-32-32-20-random-16.scen
140,random-32-32-20.map,PIBTOLD,1,5501,71,4,100,random-32-32-20-random-16.scen
140,random-32-32-20.map,PIBT,0,5021,100000,29771,1000,random-32-32-20-random-16.scen
140,random-32-32-20.map,PIBTOLD,1,5501,71,4,1000,random-32-32-20-random-16.scen
180,random-32-32-20.map,PIBT,0,407441,100000,7820,0,random-32-32-20-random-16.scen
180,random-32-32-20.map,PIBTOLD,0,407441,100000,4519,0,random-32-32-20-random-16.scen
180,random-32-32-20.map,PIBT,0,206989,100000,8466,1,random-32-32-20-random-16.scen
180,random-32-32-20.map,PIBTOLD,0,407441,100000,4644,1,random-32-32-20-random-16.scen
180,random-32-32-20.map,PIBT,0,7392,100000,9221,10,random-32-32-20-random-16.scen
180,random-32-32-20.map,PIBTOLD,0,407441,100000,4894,10,random-32-32-20-random-16.scen
180,random-32-32-20.map,PIBT,0,7087,100000,11570,100,random-32-32-20-random-16.scen
180,random-32-32-20.map,PIBTOLD,0,407441,100000,4560,100,random-32-32-20-random-16.scen
180,random-32-32-20.map,PIBT,0,7001,100000,32227,1000,random-32-32-20-random-16.scen
180,random-32-32-20.map,PIBTOLD,0,407441,100000,4570,1000,random-32-32-20-random-16.scen
220,random-32-32-20.map,PIBT,0,210083,100000,9521,0,random-32-32-20-random-16.scen
220,random-32-32-20.map,PIBTOLD,0,210083,100000,5436,0,random-32-32-20-random-16.scen
220,random-32-32-20.map,PIBT,0,409722,100000,13760,1,random-32-32-20-random-16.scen
220,random-32-32-20.map,PIBTOLD,0,210083,100000,5364,1,random-32-32-20-random-16.scen
220,random-32-32-20.map,PIBT,0,210064,100000,13062,10,random-32-32-20-random-16.scen
220,random-32-32-20.map,PIBTOLD,0,210083,100000,5500,10,random-32-32-20-random-16.scen
220,random-32-32-20.map,PIBT,0,409510,100000,16899,100,random-32-32-20-random-16.scen
220,random-32-32-20.map,PIBTOLD,0,210083,100000,5370,100,random-32-32-20-random-16.scen
220,random-32-32-20.map,PIBT,0,9764,100000,46509,1000,random-32-32-20-random-16.scen
220,random-32-32-20.map,PIBTOLD,0,210083,100000,5434,1000,random-32-32-20-random-16.scen
260,random-32-32-20.map,PIBT,0,1013296,100000,12338,0,random-32-32-20-random-16.scen
260,random-32-32-20.map,PIBTOLD,0,1013296,100000,6674,0,random-32-32-20-random-16.scen
260,random-32-32-20.map,PIBT,0,414088,100000,16906,1,random-32-32-20-random-16.scen
260,random-32-32-20.map,PIBTOLD,0,1013296,100000,6406,1,random-32-32-20-random-16.scen
260,random-32-32-20.map,PIBT,0,12589,100000,15633,10,random-32-32-20-random-16.scen
260,random-32-32-20.map,PIBTOLD,0,1013296,100000,6473,10,random-32-32-20-random-16.scen
260,random-32-32-20.map,PIBT,0,13500,100000,31802,100,random-32-32-20-random-16.scen
260,random-32-32-20.map,PIBTOLD,0,1013296,100000,6429,100,random-32-32-20-random-16.scen
20,random-32-32-20.map,PIBT,1,577,42,0,0,random-32-32-20-random-11.scen
20,random-32-32-20.map,PIBTOLD,1,577,42,0,0,random-32-32-20-random-11.scen
20,random-32-32-20.map,PIBT,1,566,42,0,1,random-32-32-20-random-11.scen
20,random-32-32-20.map,PIBTOLD,1,577,42,0,1,random-32-32-20-random-11.scen
20,random-32-32-20.map,PIBT,1,566,42,0,10,random-32-32-20-random-11.scen
20,random-32-32-20.map,PIBTOLD,1,577,42,0,10,random-32-32-20-random-11.scen
20,random-32-32-20.map,PIBT,1,566,42,0,100,random-32-32-20-random-11.scen
20,random-32-32-20.map,PIBTOLD,1,577,42,0,100,random-32-32-20-random-11.scen
20,random-32-32-20.map,PIBT,1,566,42,0,1000,random-32-32-20-random-11.scen
20,random-32-32-20.map,PIBTOLD,1,577,42,0,1000,random-32-32-20-random-11.scen
60,random-32-32-20.map,PIBT,1,1711,48,2,0,random-32-32-20-random-11.scen
60,random-32-32-20.map,PIBTOLD,1,1711,48,1,0,random-32-32-20-random-11.scen
60,random-32-32-20.map,PIBT,1,1751,49,2,1,random-32-32-20-random-11.scen
60,random-32-32-20.map,PIBTOLD,1,1711,48,1,1,random-32-32-20-random-11.scen
60,random-32-32-20.map,PIBT,1,1751,49,2,10,random-32-32-20-random-11.scen
60,random-32-32-20.map,PIBTOLD,1,1711,48,1,10,random-32-32-20-random-11.scen
60,random-32-32-20.map,PIBT,1,1751,49,2,100,random-32-32-20-random-11.scen
60,random-32-32-20.map,PIBTOLD,1,1711,48,1,100,random-32-32-20-random-11.scen
60,random-32-32-20.map,PIBT,1,1751,49,2,1000,random-32-32-20-random-11.scen
60,random-32-32-20.map,PIBTOLD,1,1711,48,1,1000,random-32-32-20-random-11.scen
100,random-32-32-20.map,PIBT,1,3446,54,3,0,random-32-32-20-random-11.scen
100,random-32-32-20.map,PIBTOLD,1,3446,54,3,0,random-32-32-20-random-11.scen
100,random-32-32-20.map,PIBT,0,3281,100000,4155,1,random-32-32-20-random-11.scen
100,random-32-32-20.map,PIBTOLD,1,3446,54,3,1,random-32-32-20-random-11.scen
100,random-32-32-20.map,PIBT,1,3232,54,31,10,random-32-32-20-random-11.scen
100,random-32-32-20.map,PIBTOLD,1,3446,54,3,10,random-32-32-20-random-11.scen
100,random-32-32-20.map,PIBT,0,3117,100000,4534,100,random-32-32-20-random-11.scen
100,random-32-32-20.map,PIBTOLD,1,3446,54,2,100,random-32-32-20-random-11.scen
100,random-32-32-20.map,PIBT,0,3117,100000,4443,1000,random-32-32-20-random-11.scen
100,random-32-32-20.map,PIBTOLD,1,3446,54,3,1000,random-32-32-20-random-11.scen
140,random-32-32-20.map,PIBT,1,5501,71,6,0,random-32-32-20-random-11.scen
140,random-32-32-20.map,PIBTOLD,1,5501,71,4,0,random-32-32-20-random-11.scen
140,random-32-32-20.map,PIBT,0,5091,100000,7136,1,random-32-32-20-random-11.scen
140,random-32-32-20.map,PIBTOLD,1,5501,71,4,1,random-32-32-20-random-11.scen
140,random-32-32-20.map,PIBT,0,5090,100000,7899,10,random-32-32-20-random-11.scen
140,random-32-32-20.map,PIBTOLD,1,5501,71,4,10,random-32-32-20-random-11.scen
140,random-32-32-20.map,PIBT,0,5051,100000,8130,100,random-32-32-20-random-11.scen
140,random-32-32-20.map,PIBTOLD,1,5501,71,4,100,random-32-32-20-random-11.scen
140,random-32-32-20.map,PIBT,0,5165,100000,20806,1000,random-32-32-20-random-11.scen
140,random-32-32-20.map,PIBTOLD,1,5501,71,4,1000,random-32-32-20-random-11.scen
180,random-32-32-20.map,PIBT,0,407441,100000,7505,0,random-32-32-20-random-11.scen
180,random-32-32-20.map,PIBTOLD,0,407441,100000,4634,0,random-32-32-20-random-11.scen
180,random-32-32-20.map,PIBT,0,7124,100000,10570,1,random-32-32-20-random-11.scen
180,random-32-32-20.map,PIBTOLD,0,407441,100000,4650,1,random-32-32-20-random-11.scen
180,random-32-32-20.map,PIBT,0,206949,100000,10176,10,random-32-32-20-random-11.scen
180,random-32-32-20.map,PIBTOLD,0,407441,100000,4554,10,random-32-32-20-random-11.scen
180,random-32-32-20.map,PIBT,0,7194,100000,11995,100,random-32-32-20-random-11.scen
180,random-32-32-20.map,PIBTOLD,0,407441,100000,4660,100,random-32-32-20-random-11.scen
180,random-32-32-20.map,PIBT,0,207185,100000,28550,1000,random-32-32-20-random-11.scen
180,random-32-32-20.map,PIBTOLD,0,407441,100000,4702,1000,random-32-32-20-random-11.scen
220,random-32-32-20.map,PIBT,0,210083,100000,9500,0,random-32-32-20-random-11.scen
220,random-32-32-20.map,PIBTOLD,0,210083,100000,5432,0,random-32-32-20-random-11.scen
220,random-32-32-20.map,PIBT,0,410549,100000,13394,1,random-32-32-20-random-11.scen
220,random-32-32-20.map,PIBTOLD,0,210083,100000,5579,1,random-32-32-20-random-11.scen
220,random-32-32-20.map,PIBT,0,409764,100000,12046,10,random-32-32-20-random-11.scen
220,random-32-32-20.map,PIBTOLD,0,210083,100000,5503,10,random-32-32-20-random-11.scen
220,random-32-32-20.map,PIBT,0,209891,100000,16771,100,random-32-32-20-random-11.scen
220,random-32-32-20.map,PIBTOLD,0,210083,100000,5673,100,random-32-32-20-random-11.scen
220,random-32-32-20.map,PIBT,0,9657,100000,40102,1000,random-32-32-20-random-11.scen
220,random-32-32-20.map,PIBTOLD,0,210083,100000,5475,1000,random-32-32-20-random-11.scen
260,random-32-32-20.map,PIBT,0,1013296,100000,11891,0,random-32-32-20-random-11.scen
260,random-32-32-20.map,PIBTOLD,0,1013296,100000,6432,0,random-32-32-20-random-11.scen
260,random-32-32-20.map,PIBT,0,13134,100000,15305,1,random-32-32-20-random-11.scen
260,random-32-32-20.map,PIBTOLD,0,1013296,100000,6378,1,random-32-32-20-random-11.scen
260,random-32-32-20.map,PIBT,0,413658,100000,14834,10,random-32-32-20-random-11.scen
260,random-32-32-20.map,PIBTOLD,0,1013296,100000,6523,10,random-32-32-20-random-11.scen
260,random-32-32-20.map,PIBT,0,212869,100000,18985,100,random-32-32-20-random-11.scen
260,random-32-32-20.map,PIBTOLD,0,1013296,100000,6555,100,random-32-32-20-random-11.scen
