agents,map_file,solver,solved,soc,makespan,comp_time,Opti_Deadline,Scenario_File
20,den520d.map,PIBT,1,4336,374,15,0,den520d-random-17.scen
20,den520d.map,PIBTOLD,1,4336,374,17,0,den520d-random-17.scen
20,den520d.map,PIBT,1,4529,374,14,1,den520d-random-17.scen
20,den520d.map,PIBTOLD,1,4336,374,15,1,den520d-random-17.scen
20,den520d.map,PIBT,1,4529,374,16,10,den520d-random-17.scen
20,den520d.map,PIBTOLD,1,4336,374,18,10,den520d-random-17.scen
20,den520d.map,PIBT,1,4529,374,16,100,den520d-random-17.scen
20,den520d.map,PIBTOLD,1,4336,374,16,100,den520d-random-17.scen
20,den520d.map,PIBT,1,4529,374,13,1000,den520d-random-17.scen
20,den520d.map,PIBTOLD,1,4336,374,17,1000,den520d-random-17.scen
60,den520d.map,PIBT,1,11347,374,40,0,den520d-random-17.scen
60,den520d.map,PIBTOLD,1,11347,374,43,0,den520d-random-17.scen
60,den520d.map,PIBT,1,11591,374,45,1,den520d-random-17.scen
60,den520d.map,PIBTOLD,1,11347,374,45,1,den520d-random-17.scen
60,den520d.map,PIBT,1,11591,374,46,10,den520d-random-17.scen
60,den520d.map,PIBTOLD,1,11347,374,45,10,den520d-random-17.scen
60,den520d.map,PIBT,1,11591,374,46,100,den520d-random-17.scen
60,den520d.map,PIBTOLD,1,11347,374,40,100,den520d-random-17.scen
60,den520d.map,PIBT,1,11591,374,43,1000,den520d-random-17.scen
60,den520d.map,PIBTOLD,1,11347,374,40,1000,den520d-random-17.scen
100,den520d.map,PIBT,1,18713,375,77,0,den520d-random-17.scen
100,den520d.map,PIBTOLD,1,18713,375,66,0,den520d-random-17.scen
100,den520d.map,PIBT,1,18911,375,79,1,den520d-random-17.scen
100,den520d.map,PIBTOLD,1,18713,375,72,1,den520d-random-17.scen
100,den520d.map,PIBT,1,18911,375,74,10,den520d-random-17.scen
100,den520d.map,PIBTOLD,1,18713,375,59,10,den520d-random-17.scen
100,den520d.map,PIBT,1,18911,375,71,100,den520d-random-17.scen
100,den520d.map,PIBTOLD,1,18713,375,70,100,den520d-random-17.scen
100,den520d.map,PIBT,1,18911,375,70,1000,den520d-random-17.scen
100,den520d.map,PIBTOLD,1,18713,375,69,1000,den520d-random-17.scen
140,den520d.map,PIBT,1,26667,394,100,0,den520d-random-17.scen
140,den520d.map,PIBTOLD,1,26667,394,92,0,den520d-random-17.scen
140,den520d.map,PIBT,1,26900,394,109,1,den520d-random-17.scen
140,den520d.map,PIBTOLD,1,26667,394,97,1,den520d-random-17.scen
140,den520d.map,PIBT,1,26900,394,110,10,den520d-random-17.scen
140,den520d.map,PIBTOLD,1,26667,394,94,10,den520d-random-17.scen
140,den520d.map,PIBT,1,26900,394,103,100,den520d-random-17.scen
140,den520d.map,PIBTOLD,1,26667,394,94,100,den520d-random-17.scen
140,den520d.map,PIBT,1,26900,394,102,1000,den520d-random-17.scen
140,den520d.map,PIBTOLD,1,26667,394,97,1000,den520d-random-17.scen
180,den520d.map,PIBT,1,35887,404,131,0,den520d-random-17.scen
180,den520d.map,PIBTOLD,1,35887,404,130,0,den520d-random-17.scen
180,den520d.map,PIBT,1,35960,404,136,1,den520d-random-17.scen
180,den520d.map,PIBTOLD,1,35887,404,120,1,den520d-random-17.scen
180,den520d.map,PIBT,1,35960,404,137,10,den520d-random-17.scen
180,den520d.map,PIBTOLD,1,35887,404,111,10,den520d-random-17.scen
180,den520d.map,PIBT,1,35960,404,143,100,den520d-random-17.scen
180,den520d.map,PIBTOLD,1,35887,404,124,100,den520d-random-17.scen
180,den520d.map,PIBT,1,35960,404,141,1000,den520d-random-17.scen
180,den520d.map,PIBTOLD,1,35887,404,126,1000,den520d-random-17.scen
220,den520d.map,PIBT,1,44984,404,167,0,den520d-random-17.scen
220,den520d.map,PIBTOLD,1,44984,404,154,0,den520d-random-17.scen
220,den520d.map,PIBT,1,44378,404,169,1,den520d-random-17.scen
220,den520d.map,PIBTOLD,1,44984,404,157,1,den520d-random-17.scen
220,den520d.map,PIBT,1,44378,404,172,10,den520d-random-17.scen
220,den520d.map,PIBTOLD,1,44984,404,137,10,den520d-random-17.scen
220,den520d.map,PIBT,1,44378,404,169,100,den520d-random-17.scen
220,den520d.map,PIBTOLD,1,44984,404,145,100,den520d-random-17.scen
220,den520d.map,PIBT,1,44378,404,149,1000,den520d-random-17.scen
220,den520d.map,PIBTOLD,1,44984,404,149,1000,den520d-random-17.scen
260,den520d.map,PIBT,1,53957,404,190,0,den520d-random-17.scen
260,den520d.map,PIBTOLD,1,53957,404,181,0,den520d-random-17.scen
260,den520d.map,PIBT,1,53369,404,206,1,den520d-random-17.scen
260,den520d.map,PIBTOLD,1,53957,404,178,1,den520d-random-17.scen
260,den520d.map,PIBT,1,53369,404,205,10,den520d-random-17.scen
260,den520d.map,PIBTOLD,1,53957,404,191,10,den520d-random-17.scen
260,den520d.map,PIBT,1,53369,404,205,100,den520d-random-17.scen
260,den520d.map,PIBTOLD,1,53957,404,170,100,den520d-random-17.scen
260,den520d.map,PIBT,1,53369,404,199,1000,den520d-random-17.scen
260,den520d.map,PIBTOLD,1,53957,404,178,1000,den520d-random-17.scen
300,den520d.map,PIBT,1,62232,404,238,0,den520d-random-17.scen
300,den520d.map,PIBTOLD,1,62232,404,214,0,den520d-random-17.scen
300,den520d.map,PIBT,1,62212,404,240,1,den520d-random-17.scen
300,den520d.map,PIBTOLD,1,62232,404,203,1,den520d-random-17.scen
300,den520d.map,PIBT,1,62153,404,247,10,den520d-random-17.scen
300,den520d.map,PIBTOLD,1,62232,404,211,10,den520d-random-17.scen
300,den520d.map,PIBT,1,62153,404,250,100,den520d-random-17.scen
300,den520d.map,PIBTOLD,1,62232,404,208,100,den520d-random-17.scen
300,den520d.map,PIBT,1,62153,404,240,1000,den520d-random-17.scen
300,den520d.map,PIBTOLD,1,62232,404,207,1000,den520d-random-17.scen
340,den520d.map,PIBT,1,71562,404,282,0,den520d-random-17.scen
340,den520d.map,PIBTOLD,1,71562,404,233,0,den520d-random-17.scen
340,den520d.map,PIBT,1,70523,404,287,1,den520d-random-17.scen
340,den520d.map,PIBTOLD,1,71562,404,232,1,den520d-random-17.scen
340,den520d.map,PIBT,1,70601,408,282,10,den520d-random-17.scen
340,den520d.map,PIBTOLD,1,71562,404,248,10,den520d-random-17.scen
340,den520d.map,PIBT,1,70601,408,284,100,den520d-random-17.scen
340,den520d.map,PIBTOLD,1,71562,404,240,100,den520d-random-17.scen
340,den520d.map,PIBT,1,70601,408,278,1000,den520d-random-17.scen
340,den520d.map,PIBTOLD,1,71562,404,234,1000,den520d-random-17.scen
380,den520d.map,PIBT,1,80144,404,293,0,den520d-random-17.scen
380,den520d.map,PIBTOLD,1,80144,404,260,0,den520d-random-17.scen
380,den520d.map,PIBT,1,78769,404,314,1,den520d-random-17.scen
380,den520d.map,PIBTOLD,1,80144,404,258,1,den520d-random-17.scen
380,den520d.map,PIBT,1,79344,404,344,10,den520d-random-17.scen
380,den520d.map,PIBTOLD,1,80144,404,249,10,den520d-random-17.scen
380,den520d.map,PIBT,1,78848,404,330,100,den520d-random-17.scen
380,den520d.map,PIBTOLD,1,80144,404,272,100,den520d-random-17.scen
380,den520d.map,PIBT,1,78848,404,315,1000,den520d-random-17.scen
380,den520d.map,PIBTOLD,1,80144,404,258,1000,den520d-random-17.scen
420,den520d.map,PIBT,1,90429,404,360,0,den520d-random-17.scen
420,den520d.map,PIBTOLD,1,90429,404,298,0,den520d-random-17.scen
420,den520d.map,PIBT,1,89940,404,379,1,den520d-random-17.scen
420,den520d.map,PIBTOLD,1,90429,404,264,1,den520d-random-17.scen
420,den520d.map,PIBT,1,89536,404,458,10,den520d-random-17.scen
420,den520d.map,PIBTOLD,1,90429,404,290,10,den520d-random-17.scen
420,den520d.map,PIBT,1,89614,405,902,100,den520d-random-17.scen
420,den520d.map,PIBTOLD,1,90429,404,286,100,den520d-random-17.scen
420,den520d.map,PIBT,1,89482,404,1301,1000,den520d-random-17.scen
420,den520d.map,PIBTOLD,1,90429,404,296,1000,den520d-random-17.scen
460,den520d.map,PIBT,1,99417,404,405,0,den520d-random-17.scen
460,den520d.map,PIBTOLD,1,99417,404,319,0,den520d-random-17.scen
460,den520d.map,PIBT,1,98413,404,427,1,den520d-random-17.scen
460,den520d.map,PIBTOLD,1,99417,404,339,1,den520d-random-17.scen
460,den520d.map,PIBT,1,98016,404,527,10,den520d-random-17.scen
460,den520d.map,PIBTOLD,1,99417,404,328,10,den520d-random-17.scen
460,den520d.map,PIBT,1,98121,404,938,100,den520d-random-17.scen
460,den520d.map,PIBTOLD,1,99417,404,332,100,den520d-random-17.scen
460,den520d.map,PIBT,1,98340,408,968,1000,den520d-random-17.scen
460,den520d.map,PIBTOLD,1,99417,404,321,1000,den520d-random-17.scen
500,den520d.map,PIBT,1,108455,404,436,0,den520d-random-17.scen
500,den520d.map,PIBTOLD,1,108455,404,336,0,den520d-random-17.scen
500,den520d.map,PIBT,1,107595,404,484,1,den520d-random-17.scen
500,den520d.map,PIBTOLD,1,108455,404,315,1,den520d-random-17.scen
500,den520d.map,PIBT,1,107532,404,690,10,den520d-random-17.scen
500,den520d.map,PIBTOLD,1,108455,404,355,10,den520d-random-17.scen
500,den520d.map,PIBT,1,107706,404,2317,100,den520d-random-17.scen
500,den520d.map,PIBTOLD,1,108455,404,344,100,den520d-random-17.scen
500,den520d.map,PIBT,1,107351,416,6314,1000,den520d-random-17.scen
500,den520d.map,PIBTOLD,1,108455,404,345,1000,den520d-random-17.scen
540,den520d.map,PIBT,1,116568,406,482,0,den520d-random-17.scen
540,den520d.map,PIBTOLD,1,116568,406,373,0,den520d-random-17.scen
540,den520d.map,PIBT,1,115904,408,543,1,den520d-random-17.scen
540,den520d.map,PIBTOLD,1,116568,406,368,1,den520d-random-17.scen
540,den520d.map,PIBT,1,115280,405,726,10,den520d-random-17.scen
540,den520d.map,PIBTOLD,1,116568,406,372,10,den520d-random-17.scen
540,den520d.map,PIBT,1,116518,405,1670,100,den520d-random-17.scen
540,den520d.map,PIBTOLD,1,116568,406,374,100,den520d-random-17.scen
540,den520d.map,PIBT,1,115702,405,10789,1000,den520d-random-17.scen
540,den520d.map,PIBTOLD,1,116568,406,367,1000,den520d-random-17.scen
580,den520d.map,PIBT,1,126425,405,518,0,den520d-random-17.scen
580,den520d.map,PIBTOLD,1,126425,405,422,0,den520d-random-17.scen
580,den520d.map,PIBT,1,124915,409,583,1,den520d-random-17.scen
580,den520d.map,PIBTOLD,1,126425,405,383,1,den520d-random-17.scen
580,den520d.map,PIBT,1,124770,411,841,10,den520d-random-17.scen
580,den520d.map,PIBTOLD,1,126425,405,415,10,den520d-random-17.scen
580,den520d.map,PIBT,1,124047,411,1964,100,den520d-random-17.scen
580,den520d.map,PIBTOLD,1,126425,405,422,100,den520d-random-17.scen
580,den520d.map,PIBT,1,124769,411,12310,1000,den520d-random-17.scen
580,den520d.map,PIBTOLD,1,126425,405,390,1000,den520d-random-17.scen
620,den520d.map,PIBT,1,134965,405,571,0,den520d-random-17.scen
620,den520d.map,PIBTOLD,1,134965,405,440,0,den520d-random-17.scen
620,den520d.map,PIBT,1,133006,407,615,1,den520d-random-17.scen
620,den520d.map,PIBTOLD,1,134965,405,446,1,den520d-random-17.scen
620,den520d.map,PIBT,1,134016,408,866,10,den520d-random-17.scen
620,den520d.map,PIBTOLD,1,134965,405,445,10,den520d-random-17.scen
620,den520d.map,PIBT,1,133849,408,3103,100,den520d-random-17.scen
620,den520d.map,PIBTOLD,1,134965,405,434,100,den520d-random-17.scen
620,den520d.map,PIBT,1,134106,405,18223,1000,den520d-random-17.scen
620,den520d.map,PIBTOLD,1,134965,405,448,1000,den520d-random-17.scen
660,den520d.map,PIBT,1,144580,407,611,0,den520d-random-17.scen
660,den520d.map,PIBTOLD,1,144580,407,472,0,den520d-random-17.scen
660,den520d.map,PIBT,1,143352,406,695,1,den520d-random-17.scen
660,den520d.map,PIBTOLD,1,144580,407,453,1,den520d-random-17.scen
660,den520d.map,PIBT,1,143197,406,1042,10,den520d-random-17.scen
660,den520d.map,PIBTOLD,1,144580,407,423,10,den520d-random-17.scen
660,den520d.map,PIBT,1,142544,406,3320,100,den520d-random-17.scen
660,den520d.map,PIBTOLD,1,144580,407,460,100,den520d-random-17.scen
660,den520d.map,PIBT,1,143276,406,17879,1000,den520d-random-17.scen
660,den520d.map,PIBTOLD,1,144580,407,472,1000,den520d-random-17.scen
700,den520d.map,PIBT,1,151850,405,671,0,den520d-random-17.scen
700,den520d.map,PIBTOLD,1,151850,405,505,0,den520d-random-17.scen
700,den520d.map,PIBT,1,150296,408,737,1,den520d-random-17.scen
700,den520d.map,PIBTOLD,1,151850,405,508,1,den520d-random-17.scen
700,den520d.map,PIBT,1,150394,408,1167,10,den520d-random-17.scen
700,den520d.map,PIBTOLD,1,151850,405,514,10,den520d-random-17.scen
700,den520d.map,PIBT,1,150743,405,5203,100,den520d-random-17.scen
700,den520d.map,PIBTOLD,1,151850,405,487,100,den520d-random-17.scen
700,den520d.map,PIBT,1,150548,407,39543,1000,den520d-random-17.scen
700,den520d.map,PIBTOLD,1,151850,405,498,1000,den520d-random-17.scen
740,den520d.map,PIBT,1,161627,405,713,0,den520d-random-17.scen
740,den520d.map,PIBTOLD,1,161627,405,527,0,den520d-random-17.scen
740,den520d.map,PIBT,1,160303,405,797,1,den520d-random-17.scen
740,den520d.map,PIBTOLD,1,161627,405,516,1,den520d-random-17.scen
740,den520d.map,PIBT,1,160052,407,1320,10,den520d-random-17.scen
740,den520d.map,PIBTOLD,1,161627,405,518,10,den520d-random-17.scen
740,den520d.map,PIBT,1,160825,407,6119,100,den520d-random-17.scen
740,den520d.map,PIBTOLD,1,161627,405,529,100,den520d-random-17.scen
740,den520d.map,PIBT,1,161381,405,50933,1000,den520d-random-17.scen
740,den520d.map,PIBTOLD,1,161627,405,526,1000,den520d-random-17.scen
780,den520d.map,PIBT,1,172588,405,756,0,den520d-random-17.scen
780,den520d.map,PIBTOLD,1,172588,405,543,0,den520d-random-17.scen
780,den520d.map,PIBT,1,171257,411,876,1,den520d-random-17.scen
780,den520d.map,PIBTOLD,1,172588,405,577,1,den520d-random-17.scen
780,den520d.map,PIBT,1,171336,408,1790,10,den520d-random-17.scen
780,den520d.map,PIBTOLD,1,172588,405,587,10,den520d-random-17.scen
780,den520d.map,PIBT,1,171812,410,7261,100,den520d-random-17.scen
780,den520d.map,PIBTOLD,1,172588,405,557,100,den520d-random-17.scen
780,den520d.map,PIBT,1,170745,412,57200,1000,den520d-random-17.scen
780,den520d.map,PIBTOLD,1,172588,405,567,1000,den520d-random-17.scen
820,den520d.map,PIBT,1,184106,413,799,0,den520d-random-17.scen
820,den520d.map,PIBTOLD,1,184106,413,585,0,den520d-random-17.scen
820,den520d.map,PIBT,1,180343,417,940,1,den520d-random-17.scen
820,den520d.map,PIBTOLD,1,184106,413,585,1,den520d-random-17.scen
820,den520d.map,PIBT,1,182203,413,1553,10,den520d-random-17.scen
820,den520d.map,PIBTOLD,1,184106,413,577,10,den520d-random-17.scen
820,den520d.map,PIBT,1,179817,416,6353,100,den520d-random-17.scen
820,den520d.map,PIBTOLD,1,184106,413,549,100,den520d-random-17.scen
20,den520d.map,PIBT,1,4336,374,16,0,den520d-random-2.scen
20,den520d.map,PIBTOLD,1,4336,374,13,0,den520d-random-2.scen
20,den520d.map,PIBT,1,4529,374,16,1,den520d-random-2.scen
20,den520d.map,PIBTOLD,1,4336,374,16,1,den520d-random-2.scen
20,den520d.map,PIBT,1,4529,374,14,10,den520d-random-2.scen
20,den520d.map,PIBTOLD,1,4336,374,14,10,den520d-random-2.scen
20,den520d.map,PIBT,1,4529,374,17,100,den520d-random-2.scen
20,den520d.map,PIBTOLD,1,4336,374,14,100,den520d-random-2.scen
20,den520d.map,PIBT,1,4529,374,16,1000,den520d-random-2.scen
20,den520d.map,PIBTOLD,1,4336,374,16,1000,den520d-random-2.scen
60,den520d.map,PIBT,1,11347,374,47,0,den520d-random-2.scen
60,den520d.map,PIBTOLD,1,11347,374,41,0,den520d-random-2.scen
60,den520d.map,PIBT,1,11591,374,43,1,den520d-random-2.scen
60,den520d.map,PIBTOLD,1,11347,374,42,1,den520d-random-2.scen
60,den520d.map,PIBT,1,11591,374,41,10,den520d-random-2.scen
60,den520d.map,PIBTOLD,1,11347,374,44,10,den520d-random-2.scen
60,den520d.map,PIBT,1,11591,374,40,100,den520d-random-2.scen
60,den520d.map,PIBTOLD,1,11347,374,44,100,den520d-random-2.scen
60,den520d.map,PIBT,1,11591,374,44,1000,den520d-random-2.scen
60,den520d.map,PIBTOLD,1,11347,374,43,1000,den520d-random-2.scen
100,den520d.map,PIBT,1,18713,375,75,0,den520d-random-2.scen
100,den520d.map,PIBTOLD,1,18713,375,69,0,den520d-random-2.scen
100,den520d.map,PIBT,1,18911,375,68,1,den520d-random-2.scen
100,den520d.map,PIBTOLD,1,18713,375,65,1,den520d-random-2.scen
100,den520d.map,PIBT,1,18911,375,66,10,den520d-random-2.scen
100,den520d.map,PIBTOLD,1,18713,375,67,10,den520d-random-2.scen
100,den520d.map,PIBT,1,18911,375,69,100,den520d-random-2.scen
100,den520d.map,PIBTOLD,1,18713,375,70,100,den520d-random-2.scen
100,den520d.map,PIBT,1,18911,375,71,1000,den520d-random-2.scen
100,den520d.map,PIBTOLD,1,18713,375,70,1000,den520d-random-2.scen
140,den520d.map,PIBT,1,26667,394,106,0,den520d-random-2.scen
140,den520d.map,PIBTOLD,1,26667,394,95,0,den520d-random-2.scen
140,den520d.map,PIBT,1,26900,394,94,1,den520d-random-2.scen
140,den520d.map,PIBTOLD,1,26667,394,89,1,den520d-random-2.scen
140,den520d.map,PIBT,1,26900,394,108,10,den520d-random-2.scen
140,den520d.map,PIBTOLD,1,26667,394,93,10,den520d-random-2.scen
140,den520d.map,PIBT,1,26900,394,107,100,den520d-random-2.scen
140,den520d.map,PIBTOLD,1,26667,394,91,100,den520d-random-2.scen
140,den520d.map,PIBT,1,26900,394,101,1000,den520d-random-2.scen
140,den520d.map,PIBTOLD,1,26667,394,96,1000,den520d-random-2.scen
180,den520d.map,PIBT,1,35887,404,125,0,den520d-random-2.scen
180,den520d.map,PIBTOLD,1,35887,404,126,0,den520d-random-2.scen
180,den520d.map,PIBT,1,35960,404,126,1,den520d-random-2.scen
180,den520d.map,PIBTOLD,1,35887,404,127,1,den520d-random-2.scen
180,den520d.map,PIBT,1,35960,404,138,10,den520d-random-2.scen
180,den520d.map,PIBTOLD,1,35887,404,113,10,den520d-random-2.scen
180,den520d.map,PIBT,1,35960,404,136,100,den520d-random-2.scen
180,den520d.map,PIBTOLD,1,35887,404,117,100,den520d-random-2.scen
180,den520d.map,PIBT,1,35960,404,138,1000,den520d-random-2.scen
180,den520d.map,PIBTOLD,1,35887,404,126,1000,den520d-random-2.scen
220,den520d.map,PIBT,1,44984,404,167,0,den520d-random-2.scen
220,den520d.map,PIBTOLD,1,44984,404,158,0,den520d-random-2.scen
220,den520d.map,PIBT,1,44378,404,168,1,den520d-random-2.scen
220,den520d.map,PIBTOLD,1,44984,404,154,1,den520d-random-2.scen
220,den520d.map,PIBT,1,44378,404,160,10,den520d-random-2.scen
220,den520d.map,PIBTOLD,1,44984,404,149,10,den520d-random-2.scen
220,den520d.map,PIBT,1,44378,404,167,100,den520d-random-2.scen
220,den520d.map,PIBTOLD,1,44984,404,156,100,den520d-random-2.scen
220,den520d.map,PIBT,1,44378,404,169,1000,den520d-random-2.scen
220,den520d.map,PIBTOLD,1,44984,404,155,1000,den520d-random-2.scen
260,den520d.map,PIBT,1,53957,404,203,0,den520d-random-2.scen
260,den520d.map,PIBTOLD,1,53957,404,185,0,den520d-random-2.scen
260,den520d.map,PIBT,1,53369,404,207,1,den520d-random-2.scen
260,den520d.map,PIBTOLD,1,53957,404,179,1,den520d-random-2.scen
260,den520d.map,PIBT,1,53369,404,203,10,den520d-random-2.scen
260,den520d.map,PIBTOLD,1,53957,404,181,10,den520d-random-2.scen
260,den520d.map,PIBT,1,53369,404,202,100,den520d-random-2.scen
260,den520d.map,PIBTOLD,1,53957,404,192,100,den520d-random-2.scen
260,den520d.map,PIBT,1,53369,404,207,1000,den520d-random-2.scen
260,den520d.map,PIBTOLD,1,53957,404,164,1000,den520d-random-2.scen
300,den520d.map,PIBT,1,62232,404,233,0,den520d-random-2.scen
300,den520d.map,PIBTOLD,1,62232,404,200,0,den520d-random-2.scen
300,den520d.map,PIBT,1,62305,404,229,1,den520d-random-2.scen
300,den520d.map,PIBTOLD,1,62232,404,216,1,den520d-random-2.scen
300,den520d.map,PIBT,1,62153,404,246,10,den520d-random-2.scen
300,den520d.map,PIBTOLD,1,62232,404,195,10,den520d-random-2.scen
300,den520d.map,PIBT,1,62153,404,245,100,den520d-random-2.scen
300,den520d.map,PIBTOLD,1,62232,404,209,100,den520d-random-2.scen
300,den520d.map,PIBT,1,62153,404,231,1000,den520d-random-2.scen
300,den520d.map,PIBTOLD,1,62232,404,192,1000,den520d-random-2.scen
340,den520d.map,PIBT,1,71562,404,259,0,den520d-random-2.scen
340,den520d.map,PIBTOLD,1,71562,404,234,0,den520d-random-2.scen
340,den520d.map,PIBT,1,70411,404,298,1,den520d-random-2.scen
340,den520d.map,PIBTOLD,1,71562,404,234,1,den520d-random-2.scen
340,den520d.map,PIBT,1,70601,408,280,10,den520d-random-2.scen
340,den520d.map,PIBTOLD,1,71562,404,234,10,den520d-random-2.scen
340,den520d.map,PIBT,1,70601,408,275,100,den520d-random-2.scen
340,den520d.map,PIBTOLD,1,71562,404,238,100,den520d-random-2.scen
340,den520d.map,PIBT,1,70601,408,276,1000,den520d-random-2.scen
340,den520d.map,PIBTOLD,1,71562,404,237,1000,den520d-random-2.scen
380,den520d.map,PIBT,1,80144,404,314,0,den520d-random-2.scen
380,den520d.map,PIBTOLD,1,80144,404,267,0,den520d-random-2.scen
380,den520d.map,PIBT,1,79293,404,306,1,den520d-random-2.scen
380,den520d.map,PIBTOLD,1,80144,404,275,1,den520d-random-2.scen
380,den520d.map,PIBT,1,79104,404,344,10,den520d-random-2.scen
380,den520d.map,PIBTOLD,1,80144,404,262,10,den520d-random-2.scen
380,den520d.map,PIBT,1,78848,404,353,100,den520d-random-2.scen
380,den520d.map,PIBTOLD,1,80144,404,258,100,den520d-random-2.scen
380,den520d.map,PIBT,1,78848,404,339,1000,den520d-random-2.scen
380,den520d.map,PIBTOLD,1,80144,404,261,1000,den520d-random-2.scen
420,den520d.map,PIBT,1,90429,404,346,0,den520d-random-2.scen
420,den520d.map,PIBTOLD,1,90429,404,299,0,den520d-random-2.scen
420,den520d.map,PIBT,1,89638,404,354,1,den520d-random-2.scen
420,den520d.map,PIBTOLD,1,90429,404,305,1,den520d-random-2.scen
420,den520d.map,PIBT,1,89632,404,454,10,den520d-random-2.scen
420,den520d.map,PIBTOLD,1,90429,404,293,10,den520d-random-2.scen
420,den520d.map,PIBT,1,89793,404,925,100,den520d-random-2.scen
420,den520d.map,PIBTOLD,1,90429,404,308,100,den520d-random-2.scen
420,den520d.map,PIBT,1,89482,404,1308,1000,den520d-random-2.scen
420,den520d.map,PIBTOLD,1,90429,404,298,1000,den520d-random-2.scen
460,den520d.map,PIBT,1,99417,404,405,0,den520d-random-2.scen
460,den520d.map,PIBTOLD,1,99417,404,335,0,den520d-random-2.scen
460,den520d.map,PIBT,1,98706,406,429,1,den520d-random-2.scen
460,den520d.map,PIBTOLD,1,99417,404,328,1,den520d-random-2.scen
460,den520d.map,PIBT,1,98519,406,528,10,den520d-random-2.scen
460,den520d.map,PIBTOLD,1,99417,404,291,10,den520d-random-2.scen
460,den520d.map,PIBT,1,97670,404,910,100,den520d-random-2.scen
460,den520d.map,PIBTOLD,1,99417,404,326,100,den520d-random-2.scen
460,den520d.map,PIBT,1,98340,408,950,1000,den520d-random-2.scen
460,den520d.map,PIBTOLD,1,99417,404,328,1000,den520d-random-2.scen
500,den520d.map,PIBT,1,108455,404,435,0,den520d-random-2.scen
500,den520d.map,PIBTOLD,1,108455,404,352,0,den520d-random-2.scen
500,den520d.map,PIBT,1,107707,404,487,1,den520d-random-2.scen
500,den520d.map,PIBTOLD,1,108455,404,360,1,den520d-random-2.scen
500,den520d.map,PIBT,1,106818,406,700,10,den520d-random-2.scen
500,den520d.map,PIBTOLD,1,108455,404,353,10,den520d-random-2.scen
500,den520d.map,PIBT,1,107328,406,1360,100,den520d-random-2.scen
500,den520d.map,PIBTOLD,1,108455,404,353,100,den520d-random-2.scen
500,den520d.map,PIBT,1,107585,404,6774,1000,den520d-random-2.scen
500,den520d.map,PIBTOLD,1,108455,404,354,1000,den520d-random-2.scen
540,den520d.map,PIBT,1,116568,406,494,0,den520d-random-2.scen
540,den520d.map,PIBTOLD,1,116568,406,356,0,den520d-random-2.scen
540,den520d.map,PIBT,1,115920,405,517,1,den520d-random-2.scen
540,den520d.map,PIBTOLD,1,116568,406,377,1,den520d-random-2.scen
540,den520d.map,PIBT,1,116828,407,832,10,den520d-random-2.scen
540,den520d.map,PIBTOLD,1,116568,406,372,10,den520d-random-2.scen
540,den520d.map,PIBT,1,116063,405,2057,100,den520d-random-2.scen
540,den520d.map,PIBTOLD,1,116568,406,378,100,den520d-random-2.scen
540,den520d.map,PIBT,1,116056,405,9386,1000,den520d-random-2.scen
540,den520d.map,PIBTOLD,1,116568,406,372,1000,den520d-random-2.scen
580,den520d.map,PIBT,1,126425,405,530,0,den520d-random-2.scen
580,den520d.map,PIBTOLD,1,126425,405,418,0,den520d-random-2.scen
580,den520d.map,PIBT,1,124796,408,592,1,den520d-random-2.scen
580,den520d.map,PIBTOLD,1,126425,405,405,1,den520d-random-2.scen
580,den520d.map,PIBT,1,124832,411,747,10,den520d-random-2.scen
580,den520d.map,PIBTOLD,1,126425,405,407,10,den520d-random-2.scen
580,den520d.map,PIBT,1,124909,411,2334,100,den520d-random-2.scen
580,den520d.map,PIBTOLD,1,126425,405,401,100,den520d-random-2.scen
580,den520d.map,PIBT,1,124741,411,9160,1000,den520d-random-2.scen
580,den520d.map,PIBTOLD,1,126425,405,411,1000,den520d-random-2.scen
620,den520d.map,PIBT,1,134965,405,569,0,den520d-random-2.scen
620,den520d.map,PIBTOLD,1,134965,405,424,0,den520d-random-2.scen
620,den520d.map,PIBT,1,133830,410,609,1,den520d-random-2.scen
620,den520d.map,PIBTOLD,1,134965,405,424,1,den520d-random-2.scen
620,den520d.map,PIBT,1,134434,406,921,10,den520d-random-2.scen
620,den520d.map,PIBTOLD,1,134965,405,443,10,den520d-random-2.scen
620,den520d.map,PIBT,1,133617,408,3475,100,den520d-random-2.scen
620,den520d.map,PIBTOLD,1,134965,405,444,100,den520d-random-2.scen
620,den520d.map,PIBT,1,134021,405,18976,1000,den520d-random-2.scen
620,den520d.map,PIBTOLD,1,134965,405,444,1000,den520d-random-2.scen
660,den520d.map,PIBT,1,144580,407,590,0,den520d-random-2.scen
660,den520d.map,PIBTOLD,1,144580,407,483,0,den520d-random-2.scen
660,den520d.map,PIBT,1,142910,406,701,1,den520d-random-2.scen
660,den520d.map,PIBTOLD,1,144580,407,443,1,den520d-random-2.scen
660,den520d.map,PIBT,1,143279,407,1129,10,den520d-random-2.scen
660,den520d.map,PIBTOLD,1,144580,407,431,10,den520d-random-2.scen
660,den520d.map,PIBT,1,142412,407,3101,100,den520d-random-2.scen
660,den520d.map,PIBTOLD,1,144580,407,462,100,den520d-random-2.scen
660,den520d.map,PIBT,1,142756,408,28792,1000,den520d-random-2.scen
660,den520d.map,PIBTOLD,1,144580,407,480,1000,den520d-random-2.scen
700,den520d.map,PIBT,1,151850,405,661,0,den520d-random-2.scen
700,den520d.map,PIBTOLD,1,151850,405,485,0,den520d-random-2.scen
700,den520d.map,PIBT,1,151214,406,737,1,den520d-random-2.scen
700,den520d.map,PIBTOLD,1,151850,405,502,1,den520d-random-2.scen
700,den520d.map,PIBT,1,150704,405,1225,10,den520d-random-2.scen
700,den520d.map,PIBTOLD,1,151850,405,509,10,den520d-random-2.scen
700,den520d.map,PIBT,1,150632,406,4327,100,den520d-random-2.scen
700,den520d.map,PIBTOLD,1,151850,405,487,100,den520d-random-2.scen
700,den520d.map,PIBT,1,151159,406,34104,1000,den520d-random-2.scen
700,den520d.map,PIBTOLD,1,151850,405,513,1000,den520d-random-2.scen
740,den520d.map,PIBT,1,161627,405,722,0,den520d-random-2.scen
740,den520d.map,PIBTOLD,1,161627,405,516,0,den520d-random-2.scen
740,den520d.map,PIBT,1,160079,411,808,1,den520d-random-2.scen
740,den520d.map,PIBTOLD,1,161627,405,526,1,den520d-random-2.scen
740,den520d.map,PIBT,1,160553,405,1252,10,den520d-random-2.scen
740,den520d.map,PIBTOLD,1,161627,405,523,10,den520d-random-2.scen
740,den520d.map,PIBT,1,160464,406,5301,100,den520d-random-2.scen
740,den520d.map,PIBTOLD,1,161627,405,529,100,den520d-random-2.scen
740,den520d.map,PIBT,1,160252,405,51015,1000,den520d-random-2.scen
740,den520d.map,PIBTOLD,1,161627,405,510,1000,den520d-random-2.scen
780,den520d.map,PIBT,1,172588,405,775,0,den520d-random-2.scen
780,den520d.map,PIBTOLD,1,172588,405,543,0,den520d-random-2.scen
780,den520d.map,PIBT,1,170852,407,855,1,den520d-random-2.scen
780,den520d.map,PIBTOLD,1,172588,405,557,1,den520d-random-2.scen
780,den520d.map,PIBT,1,170534,407,1559,10,den520d-random-2.scen
780,den520d.map,PIBTOLD,1,172588,405,504,10,den520d-random-2.scen
780,den520d.map,PIBT,1,170844,410,6647,100,den520d-random-2.scen
780,den520d.map,PIBTOLD,1,172588,405,510,100,den520d-random-2.scen
780,den520d.map,PIBT,1,171503,412,53475,1000,den520d-random-2.scen
780,den520d.map,PIBTOLD,1,172588,405,537,1000,den520d-random-2.scen
820,den520d.map,PIBT,1,184106,413,791,0,den520d-random-2.scen
820,den520d.map,PIBTOLD,1,184106,413,577,0,den520d-random-2.scen
820,den520d.map,PIBT,1,182307,413,913,1,den520d-random-2.scen
820,den520d.map,PIBTOLD,1,184106,413,592,1,den520d-random-2.scen
820,den520d.map,PIBT,1,179765,415,1580,10,den520d-random-2.scen
820,den520d.map,PIBTOLD,1,184106,413,586,10,den520d-random-2.scen
820,den520d.map,PIBT,1,180187,417,7262,100,den520d-random-2.scen
820,den520d.map,PIBTOLD,1,184106,413,573,100,den520d-random-2.scen
820,den520d.map,PIBT,1,179814,415,51004,1000,den520d-random-2.scen
820,den520d.map,PIBTOLD,1,184106,413,582,1000,den520d-random-2.scen
20,den520d.map,PIBT,1,4336,374,18,0,den520d-random-10.scen
20,den520d.map,PIBTOLD,1,4336,374,15,0,den520d-random-10.scen
20,den520d.map,PIBT,1,4529,374,18,1,den520d-random-10.scen
20,den520d.map,PIBTOLD,1,4336,374,17,1,den520d-random-10.scen
20,den520d.map,PIBT,1,4529,374,16,10,den520d-random-10.scen
20,den520d.map,PIBTOLD,1,4336,374,13,10,den520d-random-10.scen
20,den520d.map,PIBT,1,4529,374,16,100,den520d-random-10.scen
20,den520d.map,PIBTOLD,1,4336,374,15,100,den520d-random-10.scen
20,den520d.map,PIBT,1,4529,374,13,1000,den520d-random-10.scen
20,den520d.map,PIBTOLD,1,4336,374,18,1000,den520d-random-10.scen
60,den520d.map,PIBT,1,11347,374,43,0,den520d-random-10.scen
60,den520d.map,PIBTOLD,1,11347,374,41,0,den520d-random-10.scen
60,den520d.map,PIBT,1,11591,374,39,1,den520d-random-10.scen
60,den520d.map,PIBTOLD,1,11347,374,37,1,den520d-random-10.scen
60,den520d.map,PIBT,1,11591,374,41,10,den520d-random-10.scen
60,den520d.map,PIBTOLD,1,11347,374,42,10,den520d-random-10.scen
60,den520d.map,PIBT,1,11591,374,40,100,den520d-random-10.scen
60,den520d.map,PIBTOLD,1,11347,374,43,100,den520d-random-10.scen
60,den520d.map,PIBT,1,11591,374,42,1000,den520d-random-10.scen
60,den520d.map,PIBTOLD,1,11347,374,42,1000,den520d-random-10.scen
100,den520d.map,PIBT,1,18713,375,77,0,den520d-random-10.scen
100,den520d.map,PIBTOLD,1,18713,375,63,0,den520d-random-10.scen
100,den520d.map,PIBT,1,18911,375,69,1,den520d-random-10.scen
100,den520d.map,PIBTOLD,1,18713,375,68,1,den520d-random-10.scen
100,den520d.map,PIBT,1,18911,375,70,10,den520d-random-10.scen
100,den520d.map,PIBTOLD,1,18713,375,67,10,den520d-random-10.scen
100,den520d.map,PIBT,1,18911,375,81,100,den520d-random-10.scen
100,den520d.map,PIBTOLD,1,18713,375,64,100,den520d-random-10.scen
100,den520d.map,PIBT,1,18911,375,70,1000,den520d-random-10.scen
100,den520d.map,PIBTOLD,1,18713,375,68,1000,den520d-random-10.scen
140,den520d.map,PIBT,1,26667,394,101,0,den520d-random-10.scen
140,den520d.map,PIBTOLD,1,26667,394,96,0,den520d-random-10.scen
140,den520d.map,PIBT,1,26900,394,107,1,den520d-random-10.scen
140,den520d.map,PIBTOLD,1,26667,394,95,1,den520d-random-10.scen
140,den520d.map,PIBT,1,26900,394,100,10,den520d-random-10.scen
140,den520d.map,PIBTOLD,1,26667,394,91,10,den520d-random-10.scen
140,den520d.map,PIBT,1,26900,394,103,100,den520d-random-10.scen
140,den520d.map,PIBTOLD,1,26667,394,91,100,den520d-random-10.scen
140,den520d.map,PIBT,1,26900,394,100,1000,den520d-random-10.scen
140,den520d.map,PIBTOLD,1,26667,394,99,1000,den520d-random-10.scen
180,den520d.map,PIBT,1,35887,404,132,0,den520d-random-10.scen
180,den520d.map,PIBTOLD,1,35887,404,123,0,den520d-random-10.scen
180,den520d.map,PIBT,1,35960,404,137,1,den520d-random-10.scen
180,den520d.map,PIBTOLD,1,35887,404,119,1,den520d-random-10.scen
180,den520d.map,PIBT,1,35960,404,143,10,den520d-random-10.scen
180,den520d.map,PIBTOLD,1,35887,404,126,10,den520d-random-10.scen
180,den520d.map,PIBT,1,35960,404,133,100,den520d-random-10.scen
180,den520d.map,PIBTOLD,1,35887,404,108,100,den520d-random-10.scen
180,den520d.map,PIBT,1,35960,404,138,1000,den520d-random-10.scen
180,den520d.map,PIBTOLD,1,35887,404,125,1000,den520d-random-10.scen
220,den520d.map,PIBT,1,44984,404,173,0,den520d-random-10.scen
220,den520d.map,PIBTOLD,1,44984,404,154,0,den520d-random-10.scen
220,den520d.map,PIBT,1,44378,404,165,1,den520d-random-10.scen
220,den520d.map,PIBTOLD,1,44984,404,145,1,den520d-random-10.scen
220,den520d.map,PIBT,1,44378,404,164,10,den520d-random-10.scen
220,den520d.map,PIBTOLD,1,44984,404,156,10,den520d-random-10.scen
220,den520d.map,PIBT,1,44378,404,174,100,den520d-random-10.scen
220,den520d.map,PIBTOLD,1,44984,404,152,100,den520d-random-10.scen
220,den520d.map,PIBT,1,44378,404,166,1000,den520d-random-10.scen
220,den520d.map,PIBTOLD,1,44984,404,162,1000,den520d-random-10.scen
260,den520d.map,PIBT,1,53957,404,206,0,den520d-random-10.scen
260,den520d.map,PIBTOLD,1,53957,404,185,0,den520d-random-10.scen
260,den520d.map,PIBT,1,53369,404,198,1,den520d-random-10.scen
260,den520d.map,PIBTOLD,1,53957,404,177,1,den520d-random-10.scen
260,den520d.map,PIBT,1,53369,404,214,10,den520d-random-10.scen
260,den520d.map,PIBTOLD,1,53957,404,189,10,den520d-random-10.scen
260,den520d.map,PIBT,1,53369,404,205,100,den520d-random-10.scen
260,den520d.map,PIBTOLD,1,53957,404,159,100,den520d-random-10.scen
260,den520d.map,PIBT,1,53369,404,206,1000,den520d-random-10.scen
260,den520d.map,PIBTOLD,1,53957,404,174,1000,den520d-random-10.scen
300,den520d.map,PIBT,1,62232,404,246,0,den520d-random-10.scen
300,den520d.map,PIBTOLD,1,62232,404,210,0,den520d-random-10.scen
300,den520d.map,PIBT,1,62074,404,249,1,den520d-random-10.scen
300,den520d.map,PIBTOLD,1,62232,404,210,1,den520d-random-10.scen
300,den520d.map,PIBT,1,62153,404,237,10,den520d-random-10.scen
300,den520d.map,PIBTOLD,1,62232,404,211,10,den520d-random-10.scen
300,den520d.map,PIBT,1,62153,404,243,100,den520d-random-10.scen
300,den520d.map,PIBTOLD,1,62232,404,211,100,den520d-random-10.scen
300,den520d.map,PIBT,1,62153,404,226,1000,den520d-random-10.scen
300,den520d.map,PIBTOLD,1,62232,404,200,1000,den520d-random-10.scen
340,den520d.map,PIBT,1,71562,404,271,0,den520d-random-10.scen
340,den520d.map,PIBTOLD,1,71562,404,222,0,den520d-random-10.scen
340,den520d.map,PIBT,1,70930,404,286,1,den520d-random-10.scen
340,den520d.map,PIBTOLD,1,71562,404,231,1,den520d-random-10.scen
340,den520d.map,PIBT,1,70601,408,267,10,den520d-random-10.scen
340,den520d.map,PIBTOLD,1,71562,404,237,10,den520d-random-10.scen
340,den520d.map,PIBT,1,70601,408,268,100,den520d-random-10.scen
340,den520d.map,PIBTOLD,1,71562,404,240,100,den520d-random-10.scen
340,den520d.map,PIBT,1,70601,408,265,1000,den520d-random-10.scen
340,den520d.map,PIBTOLD,1,71562,404,234,1000,den520d-random-10.scen
380,den520d.map,PIBT,1,80144,404,307,0,den520d-random-10.scen
380,den520d.map,PIBTOLD,1,80144,404,253,0,den520d-random-10.scen
380,den520d.map,PIBT,1,78733,404,312,1,den520d-random-10.scen
380,den520d.map,PIBTOLD,1,80144,404,266,1,den520d-random-10.scen
380,den520d.map,PIBT,1,78422,404,360,10,den520d-random-10.scen
380,den520d.map,PIBTOLD,1,80144,404,260,10,den520d-random-10.scen
380,den520d.map,PIBT,1,78848,404,354,100,den520d-random-10.scen
380,den520d.map,PIBTOLD,1,80144,404,265,100,den520d-random-10.scen
380,den520d.map,PIBT,1,78848,404,345,1000,den520d-random-10.scen
380,den520d.map,PIBTOLD,1,80144,404,269,1000,den520d-random-10.scen
420,den520d.map,PIBT,1,90429,404,345,0,den520d-random-10.scen
420,den520d.map,PIBTOLD,1,90429,404,299,0,den520d-random-10.scen
420,den520d.map,PIBT,1,89649,404,371,1,den520d-random-10.scen
420,den520d.map,PIBTOLD,1,90429,404,292,1,den520d-random-10.scen
420,den520d.map,PIBT,1,89399,404,435,10,den520d-random-10.scen
420,den520d.map,PIBTOLD,1,90429,404,295,10,den520d-random-10.scen
420,den520d.map,PIBT,1,89992,404,815,100,den520d-random-10.scen
420,den520d.map,PIBTOLD,1,90429,404,303,100,den520d-random-10.scen
420,den520d.map,PIBT,1,89482,404,1282,1000,den520d-random-10.scen
420,den520d.map,PIBTOLD,1,90429,404,286,1000,den520d-random-10.scen
460,den520d.map,PIBT,1,99417,404,390,0,den520d-random-10.scen
460,den520d.map,PIBTOLD,1,99417,404,321,0,den520d-random-10.scen
460,den520d.map,PIBT,1,98120,407,413,1,den520d-random-10.scen
460,den520d.map,PIBTOLD,1,99417,404,278,1,den520d-random-10.scen
460,den520d.map,PIBT,1,98712,414,593,10,den520d-random-10.scen
460,den520d.map,PIBTOLD,1,99417,404,295,10,den520d-random-10.scen
460,den520d.map,PIBT,1,98315,406,903,100,den520d-random-10.scen
460,den520d.map,PIBTOLD,1,99417,404,311,100,den520d-random-10.scen
460,den520d.map,PIBT,1,98340,408,953,1000,den520d-random-10.scen
460,den520d.map,PIBTOLD,1,99417,404,329,1000,den520d-random-10.scen
500,den520d.map,PIBT,1,108455,404,431,0,den520d-random-10.scen
500,den520d.map,PIBTOLD,1,108455,404,323,0,den520d-random-10.scen
500,den520d.map,PIBT,1,106796,404,472,1,den520d-random-10.scen
500,den520d.map,PIBTOLD,1,108455,404,351,1,den520d-random-10.scen
500,den520d.map,PIBT,1,107755,409,718,10,den520d-random-10.scen
500,den520d.map,PIBTOLD,1,108455,404,352,10,den520d-random-10.scen
500,den520d.map,PIBT,1,106728,406,1899,100,den520d-random-10.scen
500,den520d.map,PIBTOLD,1,108455,404,350,100,den520d-random-10.scen
500,den520d.map,PIBT,1,107396,406,7137,1000,den520d-random-10.scen
500,den520d.map,PIBTOLD,1,108455,404,349,1000,den520d-random-10.scen
540,den520d.map,PIBT,1,116568,406,458,0,den520d-random-10.scen
540,den520d.map,PIBTOLD,1,116568,406,349,0,den520d-random-10.scen
540,den520d.map,PIBT,1,116200,406,529,1,den520d-random-10.scen
540,den520d.map,PIBTOLD,1,116568,406,376,1,den520d-random-10.scen
540,den520d.map,PIBT,1,116776,405,825,10,den520d-random-10.scen
540,den520d.map,PIBTOLD,1,116568,406,382,10,den520d-random-10.scen
540,den520d.map,PIBT,1,116779,407,1620,100,den520d-random-10.scen
540,den520d.map,PIBTOLD,1,116568,406,400,100,den520d-random-10.scen
540,den520d.map,PIBT,1,115828,405,8257,1000,den520d-random-10.scen
540,den520d.map,PIBTOLD,1,116568,406,371,1000,den520d-random-10.scen
580,den520d.map,PIBT,1,126425,405,532,0,den520d-random-10.scen
580,den520d.map,PIBTOLD,1,126425,405,397,0,den520d-random-10.scen
580,den520d.map,PIBT,1,125002,405,573,1,den520d-random-10.scen
580,den520d.map,PIBTOLD,1,126425,405,366,1,den520d-random-10.scen
580,den520d.map,PIBT,1,124706,411,751,10,den520d-random-10.scen
580,den520d.map,PIBTOLD,1,126425,405,400,10,den520d-random-10.scen
580,den520d.map,PIBT,1,125334,411,4259,100,den520d-random-10.scen
580,den520d.map,PIBTOLD,1,126425,405,381,100,den520d-random-10.scen
580,den520d.map,PIBT,1,125559,412,16263,1000,den520d-random-10.scen
580,den520d.map,PIBTOLD,1,126425,405,430,1000,den520d-random-10.scen
620,den520d.map,PIBT,1,134965,405,587,0,den520d-random-10.scen
620,den520d.map,PIBTOLD,1,134965,405,398,0,den520d-random-10.scen
620,den520d.map,PIBT,1,133425,414,629,1,den520d-random-10.scen
620,den520d.map,PIBTOLD,1,134965,405,421,1,den520d-random-10.scen
620,den520d.map,PIBT,1,133476,406,935,10,den520d-random-10.scen
620,den520d.map,PIBTOLD,1,134965,405,432,10,den520d-random-10.scen
620,den520d.map,PIBT,1,133877,406,3501,100,den520d-random-10.scen
620,den520d.map,PIBTOLD,1,134965,405,446,100,den520d-random-10.scen
620,den520d.map,PIBT,1,133326,407,16097,1000,den520d-random-10.scen
620,den520d.map,PIBTOLD,1,134965,405,444,1000,den520d-random-10.scen
660,den520d.map,PIBT,1,144580,407,631,0,den520d-random-10.scen
660,den520d.map,PIBTOLD,1,144580,407,476,0,den520d-random-10.scen
660,den520d.map,PIBT,1,141765,407,679,1,den520d-random-10.scen
660,den520d.map,PIBTOLD,1,144580,407,469,1,den520d-random-10.scen
660,den520d.map,PIBT,1,142612,413,1044,10,den520d-random-10.scen
660,den520d.map,PIBTOLD,1,144580,407,468,10,den520d-random-10.scen
660,den520d.map,PIBT,1,142768,406,2716,100,den520d-random-10.scen
660,den520d.map,PIBTOLD,1,144580,407,460,100,den520d-random-10.scen
660,den520d.map,PIBT,1,142683,406,13896,1000,den520d-random-10.scen
660,den520d.map,PIBTOLD,1,144580,407,452,1000,den520d-random-10.scen
700,den520d.map,PIBT,1,151850,405,663,0,den520d-random-10.scen
700,den520d.map,PIBTOLD,1,151850,405,486,0,den520d-random-10.scen
700,den520d.map,PIBT,1,151166,409,744,1,den520d-random-10.scen
700,den520d.map,PIBTOLD,1,151850,405,492,1,den520d-random-10.scen
700,den520d.map,PIBT,1,150976,407,1226,10,den520d-random-10.scen
700,den520d.map,PIBTOLD,1,151850,405,512,10,den520d-random-10.scen
700,den520d.map,PIBT,1,150815,405,3166,100,den520d-random-10.scen
700,den520d.map,PIBTOLD,1,151850,405,503,100,den520d-random-10.scen
700,den520d.map,PIBT,1,150395,405,16136,1000,den520d-random-10.scen
700,den520d.map,PIBTOLD,1,151850,405,498,1000,den520d-random-10.scen
740,den520d.map,PIBT,1,161627,405,727,0,den520d-random-10.scen
740,den520d.map,PIBTOLD,1,161627,405,537,0,den520d-random-10.scen
740,den520d.map,PIBT,1,161812,408,807,1,den520d-random-10.scen
740,den520d.map,PIBTOLD,1,161627,405,537,1,den520d-random-10.scen
740,den520d.map,PIBT,1,160720,408,1264,10,den520d-random-10.scen
740,den520d.map,PIBTOLD,1,161627,405,501,10,den520d-random-10.scen
740,den520d.map,PIBT,1,160660,406,5955,100,den520d-random-10.scen
740,den520d.map,PIBTOLD,1,161627,405,514,100,den520d-random-10.scen
740,den520d.map,PIBT,1,161218,408,46877,1000,den520d-random-10.scen
740,den520d.map,PIBTOLD,1,161627,405,514,1000,den520d-random-10.scen
780,den520d.map,PIBT,1,172588,405,760,0,den520d-random-10.scen
780,den520d.map,PIBTOLD,1,172588,405,522,0,den520d-random-10.scen
780,den520d.map,PIBT,1,171673,411,865,1,den520d-random-10.scen
780,den520d.map,PIBTOLD,1,172588,405,563,1,den520d-random-10.scen
780,den520d.map,PIBT,1,171270,408,1405,10,den520d-random-10.scen
780,den520d.map,PIBTOLD,1,172588,405,570,10,den520d-random-10.scen
780,den520d.map,PIBT,1,171097,409,6474,100,den520d-random-10.scen
780,den520d.map,PIBTOLD,1,172588,405,550,100,den520d-random-10.scen
780,den520d.map,PIBT,1,170454,412,55373,1000,den520d-random-10.scen
780,den520d.map,PIBTOLD,1,172588,405,574,1000,den520d-random-10.scen
820,den520d.map,PIBT,1,184106,413,806,0,den520d-random-10.scen
820,den520d.map,PIBTOLD,1,184106,413,579,0,den520d-random-10.scen
820,den520d.map,PIBT,1,180162,413,879,1,den520d-random-10.scen
820,den520d.map,PIBTOLD,1,184106,413,585,1,den520d-random-10.scen
820,den520d.map,PIBT,1,179578,413,1398,10,den520d-random-10.scen
820,den520d.map,PIBTOLD,1,184106,413,572,10,den520d-random-10.scen
820,den520d.map,PIBT,1,182375,415,7001,100,den520d-random-10.scen
820,den520d.map,PIBTOLD,1,184106,413,585,100,den520d-random-10.scen
820,den520d.map,PIBT,1,179979,413,47611,1000,den520d-random-10.scen
820,den520d.map,PIBTOLD,1,184106,413,567,1000,den520d-random-10.scen
20,den520d.map,PIBT,1,4336,374,17,0,den520d-random-13.scen
20,den520d.map,PIBTOLD,1,4336,374,13,0,den520d-random-13.scen
20,den520d.map,PIBT,1,4529,374,14,1,den520d-random-13.scen
20,den520d.map,PIBTOLD,1,4336,374,14,1,den520d-random-13.scen
20,den520d.map,PIBT,1,4529,374,14,10,den520d-random-13.scen
20,den520d.map,PIBTOLD,1,4336,374,13,10,den520d-random-13.scen
20,den520d.map,PIBT,1,4529,374,13,100,den520d-random-13.scen
20,den520d.map,PIBTOLD,1,4336,374,17,100,den520d-random-13.scen
20,den520d.map,PIBT,1,4529,374,14,1000,den520d-random-13.scen
20,den520d.map,PIBTOLD,1,4336,374,13,1000,den520d-random-13.scen
60,den520d.map,PIBT,1,11347,374,48,0,den520d-random-13.scen
60,den520d.map,PIBTOLD,1,11347,374,39,0,den520d-random-13.scen
60,den520d.map,PIBT,1,11591,374,41,1,den520d-random-13.scen
60,den520d.map,PIBTOLD,1,11347,374,38,1,den520d-random-13.scen
60,den520d.map,PIBT,1,11591,374,38,10,den520d-random-13.scen
60,den520d.map,PIBTOLD,1,11347,374,43,10,den520d-random-13.scen
60,den520d.map,PIBT,1,11591,374,44,100,den520d-random-13.scen
60,den520d.map,PIBTOLD,1,11347,374,40,100,den520d-random-13.scen
60,den520d.map,PIBT,1,11591,374,41,1000,den520d-random-13.scen
60,den520d.map,PIBTOLD,1,11347,374,36,1000,den520d-random-13.scen
100,den520d.map,PIBT,1,18713,375,63,0,den520d-random-13.scen
100,den520d.map,PIBTOLD,1,18713,375,68,0,den520d-random-13.scen
100,den520d.map,PIBT,1,18911,375,72,1,den520d-random-13.scen
100,den520d.map,PIBTOLD,1,18713,375,69,1,den520d-random-13.scen
100,den520d.map,PIBT,1,18911,375,67,10,den520d-random-13.scen
100,den520d.map,PIBTOLD,1,18713,375,72,10,den520d-random-13.scen
100,den520d.map,PIBT,1,18911,375,71,100,den520d-random-13.scen
100,den520d.map,PIBTOLD,1,18713,375,62,100,den520d-random-13.scen
100,den520d.map,PIBT,1,18911,375,76,1000,den520d-random-13.scen
100,den520d.map,PIBTOLD,1,18713,375,71,1000,den520d-random-13.scen
140,den520d.map,PIBT,1,26667,394,102,0,den520d-random-13.scen
140,den520d.map,PIBTOLD,1,26667,394,96,0,den520d-random-13.scen
140,den520d.map,PIBT,1,26900,394,100,1,den520d-random-13.scen
140,den520d.map,PIBTOLD,1,26667,394,93,1,den520d-random-13.scen
140,den520d.map,PIBT,1,26900,394,102,10,den520d-random-13.scen
140,den520d.map,PIBTOLD,1,26667,394,94,10,den520d-random-13.scen
140,den520d.map,PIBT,1,26900,394,102,100,den520d-random-13.scen
140,den520d.map,PIBTOLD,1,26667,394,91,100,den520d-random-13.scen
140,den520d.map,PIBT,1,26900,394,102,1000,den520d-random-13.scen
140,den520d.map,PIBTOLD,1,26667,394,95,1000,den520d-random-13.scen
180,den520d.map,PIBT,1,35887,404,138,0,den520d-random-13.scen
180,den520d.map,PIBTOLD,1,35887,404,114,0,den520d-random-13.scen
180,den520d.map,PIBT,1,35960,404,141,1,den520d-random-13.scen
180,den520d.map,PIBTOLD,1,35887,404,127,1,den520d-random-13.scen
180,den520d.map,PIBT,1,35960,404,128,10,den520d-random-13.scen
180,den520d.map,PIBTOLD,1,35887,404,114,10,den520d-random-13.scen
180,den520d.map,PIBT,1,35960,404,135,100,den520d-random-13.scen
180,den520d.map,PIBTOLD,1,35887,404,127,100,den520d-random-13.scen
180,den520d.map,PIBT,1,35960,404,140,1000,den520d-random-13.scen
180,den520d.map,PIBTOLD,1,35887,404,121,1000,den520d-random-13.scen
220,den520d.map,PIBT,1,44984,404,168,0,den520d-random-13.scen
220,den520d.map,PIBTOLD,1,44984,404,149,0,den520d-random-13.scen
220,den520d.map,PIBT,1,44378,404,166,1,den520d-random-13.scen
220,den520d.map,PIBTOLD,1,44984,404,150,1,den520d-random-13.scen
220,den520d.map,PIBT,1,44378,404,167,10,den520d-random-13.scen
220,den520d.map,PIBTOLD,1,44984,404,155,10,den520d-random-13.scen
220,den520d.map,PIBT,1,44378,404,163,100,den520d-random-13.scen
220,den520d.map,PIBTOLD,1,44984,404,152,100,den520d-random-13.scen
220,den520d.map,PIBT,1,44378,404,163,1000,den520d-random-13.scen
220,den520d.map,PIBTOLD,1,44984,404,157,1000,den520d-random-13.scen
260,den520d.map,PIBT,1,53957,404,198,0,den520d-random-13.scen
260,den520d.map,PIBTOLD,1,53957,404,179,0,den520d-random-13.scen
260,den520d.map,PIBT,1,53369,404,214,1,den520d-random-13.scen
260,den520d.map,PIBTOLD,1,53957,404,185,1,den520d-random-13.scen
260,den520d.map,PIBT,1,53369,404,202,10,den520d-random-13.scen
260,den520d.map,PIBTOLD,1,53957,404,175,10,den520d-random-13.scen
260,den520d.map,PIBT,1,53369,404,210,100,den520d-random-13.scen
260,den520d.map,PIBTOLD,1,53957,404,171,100,den520d-random-13.scen
260,den520d.map,PIBT,1,53369,404,212,1000,den520d-random-13.scen
260,den520d.map,PIBTOLD,1,53957,404,181,1000,den520d-random-13.scen
300,den520d.map,PIBT,1,62232,404,241,0,den520d-random-13.scen
300,den520d.map,PIBTOLD,1,62232,404,218,0,den520d-random-13.scen
300,den520d.map,PIBT,1,61996,404,241,1,den520d-random-13.scen
300,den520d.map,PIBTOLD,1,62232,404,195,1,den520d-random-13.scen
300,den520d.map,PIBT,1,62153,404,232,10,den520d-random-13.scen
300,den520d.map,PIBTOLD,1,62232,404,194,10,den520d-random-13.scen
300,den520d.map,PIBT,1,62153,404,247,100,den520d-random-13.scen
300,den520d.map,PIBTOLD,1,62232,404,207,100,den520d-random-13.scen
300,den520d.map,PIBT,1,62153,404,228,1000,den520d-random-13.scen
300,den520d.map,PIBTOLD,1,62232,404,210,1000,den520d-random-13.scen
340,den520d.map,PIBT,1,71562,404,249,0,den520d-random-13.scen
340,den520d.map,PIBTOLD,1,71562,404,225,0,den520d-random-13.scen
340,den520d.map,PIBT,1,70660,404,283,1,den520d-random-13.scen
340,den520d.map,PIBTOLD,1,71562,404,238,1,den520d-random-13.scen
340,den520d.map,PIBT,1,70601,408,269,10,den520d-random-13.scen
340,den520d.map,PIBTOLD,1,71562,404,233,10,den520d-random-13.scen
340,den520d.map,PIBT,1,70601,408,265,100,den520d-random-13.scen
340,den520d.map,PIBTOLD,1,71562,404,237,100,den520d-random-13.scen
340,den520d.map,PIBT,1,70601,408,283,1000,den520d-random-13.scen
340,den520d.map,PIBTOLD,1,71562,404,233,1000,den520d-random-13.scen
380,den520d.map,PIBT,1,80144,404,293,0,den520d-random-13.scen
380,den520d.map,PIBTOLD,1,80144,404,269,0,den520d-random-13.scen
380,den520d.map,PIBT,1,78765,404,312,1,den520d-random-13.scen
380,den520d.map,PIBTOLD,1,80144,404,263,1,den520d-random-13.scen
380,den520d.map,PIBT,1,79167,404,360,10,den520d-random-13.scen
380,den520d.map,PIBTOLD,1,80144,404,271,10,den520d-random-13.scen
380,den520d.map,PIBT,1,78848,404,347,100,den520d-random-13.scen
380,den520d.map,PIBTOLD,1,80144,404,255,100,den520d-random-13.scen
380,den520d.map,PIBT,1,78848,404,348,1000,den520d-random-13.scen
380,den520d.map,PIBTOLD,1,80144,404,269,1000,den520d-random-13.scen
420,den520d.map,PIBT,1,90429,404,334,0,den520d-random-13.scen
420,den520d.map,PIBTOLD,1,90429,404,279,0,den520d-random-13.scen
420,den520d.map,PIBT,1,89512,404,341,1,den520d-random-13.scen
420,den520d.map,PIBTOLD,1,90429,404,288,1,den520d-random-13.scen
420,den520d.map,PIBT,1,89349,404,394,10,den520d-random-13.scen
420,den520d.map,PIBTOLD,1,90429,404,294,10,den520d-random-13.scen
420,den520d.map,PIBT,1,89859,404,1239,100,den520d-random-13.scen
420,den520d.map,PIBTOLD,1,90429,404,274,100,den520d-random-13.scen
420,den520d.map,PIBT,1,89482,404,1281,1000,den520d-random-13.scen
420,den520d.map,PIBTOLD,1,90429,404,285,1000,den520d-random-13.scen
460,den520d.map,PIBT,1,99417,404,394,0,den520d-random-13.scen
460,den520d.map,PIBTOLD,1,99417,404,334,0,den520d-random-13.scen
460,den520d.map,PIBT,1,98302,404,424,1,den520d-random-13.scen
460,den520d.map,PIBTOLD,1,99417,404,327,1,den520d-random-13.scen
460,den520d.map,PIBT,1,98265,406,580,10,den520d-random-13.scen
460,den520d.map,PIBTOLD,1,99417,404,317,10,den520d-random-13.scen
460,den520d.map,PIBT,1,98009,407,776,100,den520d-random-13.scen
460,den520d.map,PIBTOLD,1,99417,404,329,100,den520d-random-13.scen
460,den520d.map,PIBT,1,98340,408,973,1000,den520d-random-13.scen
460,den520d.map,PIBTOLD,1,99417,404,314,1000,den520d-random-13.scen
500,den520d.map,PIBT,1,108455,404,422,0,den520d-random-13.scen
500,den520d.map,PIBTOLD,1,108455,404,341,0,den520d-random-13.scen
500,den520d.map,PIBT,1,108173,404,451,1,den520d-random-13.scen
500,den520d.map,PIBTOLD,1,108455,404,352,1,den520d-random-13.scen
500,den520d.map,PIBT,1,106753,405,654,10,den520d-random-13.scen
500,den520d.map,PIBTOLD,1,108455,404,361,10,den520d-random-13.scen
500,den520d.map,PIBT,1,107083,404,1493,100,den520d-random-13.scen
500,den520d.map,PIBTOLD,1,108455,404,365,100,den520d-random-13.scen
500,den520d.map,PIBT,1,107481,407,3560,1000,den520d-random-13.scen
500,den520d.map,PIBTOLD,1,108455,404,352,1000,den520d-random-13.scen
540,den520d.map,PIBT,1,116568,406,455,0,den520d-random-13.scen
540,den520d.map,PIBTOLD,1,116568,406,391,0,den520d-random-13.scen
540,den520d.map,PIBT,1,115846,406,525,1,den520d-random-13.scen
540,den520d.map,PIBTOLD,1,116568,406,372,1,den520d-random-13.scen
540,den520d.map,PIBT,1,115625,407,749,10,den520d-random-13.scen
540,den520d.map,PIBTOLD,1,116568,406,373,10,den520d-random-13.scen
540,den520d.map,PIBT,1,116205,405,2216,100,den520d-random-13.scen
540,den520d.map,PIBTOLD,1,116568,406,383,100,den520d-random-13.scen
540,den520d.map,PIBT,1,116393,412,7129,1000,den520d-random-13.scen
540,den520d.map,PIBTOLD,1,116568,406,369,1000,den520d-random-13.scen
580,den520d.map,PIBT,1,126425,405,503,0,den520d-random-13.scen
580,den520d.map,PIBTOLD,1,126425,405,391,0,den520d-random-13.scen
580,den520d.map,PIBT,1,124660,408,579,1,den520d-random-13.scen
580,den520d.map,PIBTOLD,1,126425,405,416,1,den520d-random-13.scen
580,den520d.map,PIBT,1,124963,414,837,10,den520d-random-13.scen
580,den520d.map,PIBTOLD,1,126425,405,408,10,den520d-random-13.scen
580,den520d.map,PIBT,1,124367,411,3016,100,den520d-random-13.scen
580,den520d.map,PIBTOLD,1,126425,405,402,100,den520d-random-13.scen
580,den520d.map,PIBT,1,125153,411,12399,1000,den520d-random-13.scen
580,den520d.map,PIBTOLD,1,126425,405,401,1000,den520d-random-13.scen
620,den520d.map,PIBT,1,134965,405,566,0,den520d-random-13.scen
620,den520d.map,PIBTOLD,1,134965,405,426,0,den520d-random-13.scen
620,den520d.map,PIBT,1,133945,410,618,1,den520d-random-13.scen
620,den520d.map,PIBTOLD,1,134965,405,407,1,den520d-random-13.scen
620,den520d.map,PIBT,1,133916,406,978,10,den520d-random-13.scen
620,den520d.map,PIBTOLD,1,134965,405,446,10,den520d-random-13.scen
620,den520d.map,PIBT,1,133544,410,2898,100,den520d-random-13.scen
620,den520d.map,PIBTOLD,1,134965,405,430,100,den520d-random-13.scen
620,den520d.map,PIBT,1,133868,407,15841,1000,den520d-random-13.scen
620,den520d.map,PIBTOLD,1,134965,405,444,1000,den520d-random-13.scen
660,den520d.map,PIBT,1,144580,407,608,0,den520d-random-13.scen
660,den520d.map,PIBTOLD,1,144580,407,467,0,den520d-random-13.scen
660,den520d.map,PIBT,1,142666,405,666,1,den520d-random-13.scen
660,den520d.map,PIBTOLD,1,144580,407,441,1,den520d-random-13.scen
660,den520d.map,PIBT,1,143122,406,1147,10,den520d-random-13.scen
660,den520d.map,PIBTOLD,1,144580,407,456,10,den520d-random-13.scen
660,den520d.map,PIBT,1,143277,406,4989,100,den520d-random-13.scen
660,den520d.map,PIBTOLD,1,144580,407,482,100,den520d-random-13.scen
660,den520d.map,PIBT,1,143295,407,24769,1000,den520d-random-13.scen
660,den520d.map,PIBTOLD,1,144580,407,484,1000,den520d-random-13.scen
700,den520d.map,PIBT,1,151850,405,678,0,den520d-random-13.scen
700,den520d.map,PIBTOLD,1,151850,405,502,0,den520d-random-13.scen
700,den520d.map,PIBT,1,150729,405,745,1,den520d-random-13.scen
700,den520d.map,PIBTOLD,1,151850,405,498,1,den520d-random-13.scen
700,den520d.map,PIBT,1,150959,406,1190,10,den520d-random-13.scen
700,den520d.map,PIBTOLD,1,151850,405,514,10,den520d-random-13.scen
700,den520d.map,PIBT,1,150070,411,4211,100,den520d-random-13.scen
700,den520d.map,PIBTOLD,1,151850,405,466,100,den520d-random-13.scen
700,den520d.map,PIBT,1,149538,405,36633,1000,den520d-random-13.scen
700,den520d.map,PIBTOLD,1,151850,405,490,1000,den520d-random-13.scen
740,den520d.map,PIBT,1,161627,405,668,0,den520d-random-13.scen
740,den520d.map,PIBTOLD,1,161627,405,534,0,den520d-random-13.scen
740,den520d.map,PIBT,1,161036,409,802,1,den520d-random-13.scen
740,den520d.map,PIBTOLD,1,161627,405,526,1,den520d-random-13.scen
740,den520d.map,PIBT,1,160507,408,1323,10,den520d-random-13.scen
740,den520d.map,PIBTOLD,1,161627,405,534,10,den520d-random-13.scen
740,den520d.map,PIBT,1,159591,405,6209,100,den520d-random-13.scen
740,den520d.map,PIBTOLD,1,161627,405,511,100,den520d-random-13.scen
740,den520d.map,PIBT,1,160180,408,56107,1000,den520d-random-13.scen
740,den520d.map,PIBTOLD,1,161627,405,522,1000,den520d-random-13.scen
780,den520d.map,PIBT,1,172588,405,754,0,den520d-random-13.scen
780,den520d.map,PIBTOLD,1,172588,405,540,0,den520d-random-13.scen
780,den520d.map,PIBT,1,171698,408,864,1,den520d-random-13.scen
780,den520d.map,PIBTOLD,1,172588,405,538,1,den520d-random-13.scen
780,den520d.map,PIBT,1,170594,407,1480,10,den520d-random-13.scen
780,den520d.map,PIBTOLD,1,172588,405,539,10,den520d-random-13.scen
780,den520d.map,PIBT,1,170511,408,6550,100,den520d-random-13.scen
780,den520d.map,PIBTOLD,1,172588,405,556,100,den520d-random-13.scen
20,den520d.map,PIBT,1,4336,374,18,0,den520d-random-12.scen
20,den520d.map,PIBTOLD,1,4336,374,16,0,den520d-random-12.scen
20,den520d.map,PIBT,1,4529,374,13,1,den520d-random-12.scen
20,den520d.map,PIBTOLD,1,4336,374,14,1,den520d-random-12.scen
20,den520d.map,PIBT,1,4529,374,14,10,den520d-random-12.scen
20,den520d.map,PIBTOLD,1,4336,374,17,10,den520d-random-12.scen
20,den520d.map,PIBT,1,4529,374,18,100,den520d-random-12.scen
20,den520d.map,PIBTOLD,1,4336,374,16,100,den520d-random-12.scen
20,den520d.map,PIBT,1,4529,374,17,1000,den520d-random-12.scen
20,den520d.map,PIBTOLD,1,4336,374,15,1000,den520d-random-12.scen
60,den520d.map,PIBT,1,11347,374,41,0,den520d-random-12.scen
60,den520d.map,PIBTOLD,1,11347,374,38,0,den520d-random-12.scen
60,den520d.map,PIBT,1,11591,374,49,1,den520d-random-12.scen
60,den520d.map,PIBTOLD,1,11347,374,44,1,den520d-random-12.scen
60,den520d.map,PIBT,1,11591,374,53,10,den520d-random-12.scen
60,den520d.map,PIBTOLD,1,11347,374,46,10,den520d-random-12.scen
60,den520d.map,PIBT,1,11591,374,42,100,den520d-random-12.scen
60,den520d.map,PIBTOLD,1,11347,374,47,100,den520d-random-12.scen
60,den520d.map,PIBT,1,11591,374,45,1000,den520d-random-12.scen
60,den520d.map,PIBTOLD,1,11347,374,40,1000,den520d-random-12.scen
100,den520d.map,PIBT,1,18713,375,76,0,den520d-random-12.scen
100,den520d.map,PIBTOLD,1,18713,375,73,0,den520d-random-12.scen
100,den520d.map,PIBT,1,18911,375,75,1,den520d-random-12.scen
100,den520d.map,PIBTOLD,1,18713,375,67,1,den520d-random-12.scen
100,den520d.map,PIBT,1,18911,375,70,10,den520d-random-12.scen
100,den520d.map,PIBTOLD,1,18713,375,67,10,den520d-random-12.scen
100,den520d.map,PIBT,1,18911,375,72,100,den520d-random-12.scen
100,den520d.map,PIBTOLD,1,18713,375,71,100,den520d-random-12.scen
100,den520d.map,PIBT,1,18911,375,74,1000,den520d-random-12.scen
100,den520d.map,PIBTOLD,1,18713,375,65,1000,den520d-random-12.scen
140,den520d.map,PIBT,1,26667,394,105,0,den520d-random-12.scen
140,den520d.map,PIBTOLD,1,26667,394,94,0,den520d-random-12.scen
140,den520d.map,PIBT,1,26900,394,105,1,den520d-random-12.scen
140,den520d.map,PIBTOLD,1,26667,394,94,1,den520d-random-12.scen
140,den520d.map,PIBT,1,26900,394,102,10,den520d-random-12.scen
140,den520d.map,PIBTOLD,1,26667,394,96,10,den520d-random-12.scen
140,den520d.map,PIBT,1,26900,394,104,100,den520d-random-12.scen
140,den520d.map,PIBTOLD,1,26667,394,97,100,den520d-random-12.scen
140,den520d.map,PIBT,1,26900,394,98,1000,den520d-random-12.scen
140,den520d.map,PIBTOLD,1,26667,394,88,1000,den520d-random-12.scen
180,den520d.map,PIBT,1,35887,404,138,0,den520d-random-12.scen
180,den520d.map,PIBTOLD,1,35887,404,122,0,den520d-random-12.scen
180,den520d.map,PIBT,1,35960,404,139,1,den520d-random-12.scen
180,den520d.map,PIBTOLD,1,35887,404,124,1,den520d-random-12.scen
180,den520d.map,PIBT,1,35960,404,148,10,den520d-random-12.scen
180,den520d.map,PIBTOLD,1,35887,404,123,10,den520d-random-12.scen
180,den520d.map,PIBT,1,35960,404,137,100,den520d-random-12.scen
180,den520d.map,PIBTOLD,1,35887,404,123,100,den520d-random-12.scen
180,den520d.map,PIBT,1,35960,404,138,1000,den520d-random-12.scen
180,den520d.map,PIBTOLD,1,35887,404,127,1000,den520d-random-12.scen
220,den520d.map,PIBT,1,44984,404,168,0,den520d-random-12.scen
220,den520d.map,PIBTOLD,1,44984,404,147,0,den520d-random-12.scen
220,den520d.map,PIBT,1,44378,404,167,1,den520d-random-12.scen
220,den520d.map,PIBTOLD,1,44984,404,154,1,den520d-random-12.scen
220,den520d.map,PIBT,1,44378,404,165,10,den520d-random-12.scen
220,den520d.map,PIBTOLD,1,44984,404,141,10,den520d-random-12.scen
220,den520d.map,PIBT,1,44378,404,164,100,den520d-random-12.scen
220,den520d.map,PIBTOLD,1,44984,404,151,100,den520d-random-12.scen
220,den520d.map,PIBT,1,44378,404,165,1000,den520d-random-12.scen
220,den520d.map,PIBTOLD,1,44984,404,152,1000,den520d-random-12.scen
260,den520d.map,PIBT,1,53957,404,202,0,den520d-random-12.scen
260,den520d.map,PIBTOLD,1,53957,404,182,0,den520d-random-12.scen
260,den520d.map,PIBT,1,53369,404,196,1,den520d-random-12.scen
260,den520d.map,PIBTOLD,1,53957,404,177,1,den520d-random-12.scen
260,den520d.map,PIBT,1,53369,404,202,10,den520d-random-12.scen
260,den520d.map,PIBTOLD,1,53957,404,176,10,den520d-random-12.scen
260,den520d.map,PIBT,1,53369,404,210,100,den520d-random-12.scen
260,den520d.map,PIBTOLD,1,53957,404,179,100,den520d-random-12.scen
260,den520d.map,PIBT,1,53369,404,202,1000,den520d-random-12.scen
260,den520d.map,PIBTOLD,1,53957,404,178,1000,den520d-random-12.scen
300,den520d.map,PIBT,1,62232,404,232,0,den520d-random-12.scen
300,den520d.map,PIBTOLD,1,62232,404,214,0,den520d-random-12.scen
300,den520d.map,PIBT,1,61866,404,241,1,den520d-random-12.scen
300,den520d.map,PIBTOLD,1,62232,404,198,1,den520d-random-12.scen
300,den520d.map,PIBT,1,62153,404,238,10,den520d-random-12.scen
300,den520d.map,PIBTOLD,1,62232,404,207,10,den520d-random-12.scen
300,den520d.map,PIBT,1,62153,404,251,100,den520d-random-12.scen
300,den520d.map,PIBTOLD,1,62232,404,214,100,den520d-random-12.scen
300,den520d.map,PIBT,1,62153,404,245,1000,den520d-random-12.scen
300,den520d.map,PIBTOLD,1,62232,404,213,1000,den520d-random-12.scen
340,den520d.map,PIBT,1,71562,404,273,0,den520d-random-12.scen
340,den520d.map,PIBTOLD,1,71562,404,228,0,den520d-random-12.scen
340,den520d.map,PIBT,1,70647,406,290,1,den520d-random-12.scen
340,den520d.map,PIBTOLD,1,71562,404,219,1,den520d-random-12.scen
340,den520d.map,PIBT,1,70601,408,276,10,den520d-random-12.scen
340,den520d.map,PIBTOLD,1,71562,404,229,10,den520d-random-12.scen
340,den520d.map,PIBT,1,70601,408,275,100,den520d-random-12.scen
340,den520d.map,PIBTOLD,1,71562,404,229,100,den520d-random-12.scen
340,den520d.map,PIBT,1,70601,408,285,1000,den520d-random-12.scen
340,den520d.map,PIBTOLD,1,71562,404,227,1000,den520d-random-12.scen
380,den520d.map,PIBT,1,80144,404,313,0,den520d-random-12.scen
380,den520d.map,PIBTOLD,1,80144,404,234,0,den520d-random-12.scen
380,den520d.map,PIBT,1,79070,404,326,1,den520d-random-12.scen
380,den520d.map,PIBTOLD,1,80144,404,266,1,den520d-random-12.scen
380,den520d.map,PIBT,1,79057,404,325,10,den520d-random-12.scen
380,den520d.map,PIBTOLD,1,80144,404,258,10,den520d-random-12.scen
380,den520d.map,PIBT,1,78848,404,336,100,den520d-random-12.scen
380,den520d.map,PIBTOLD,1,80144,404,268,100,den520d-random-12.scen
380,den520d.map,PIBT,1,78848,404,332,1000,den520d-random-12.scen
380,den520d.map,PIBTOLD,1,80144,404,280,1000,den520d-random-12.scen
420,den520d.map,PIBT,1,90429,404,364,0,den520d-random-12.scen
420,den520d.map,PIBTOLD,1,90429,404,304,0,den520d-random-12.scen
420,den520d.map,PIBT,1,89579,405,378,1,den520d-random-12.scen
420,den520d.map,PIBTOLD,1,90429,404,289,1,den520d-random-12.scen
420,den520d.map,PIBT,1,90004,404,430,10,den520d-random-12.scen
420,den520d.map,PIBTOLD,1,90429,404,301,10,den520d-random-12.scen
420,den520d.map,PIBT,1,89665,404,1010,100,den520d-random-12.scen
420,den520d.map,PIBTOLD,1,90429,404,289,100,den520d-random-12.scen
420,den520d.map,PIBT,1,89482,404,1278,1000,den520d-random-12.scen
420,den520d.map,PIBTOLD,1,90429,404,296,1000,den520d-random-12.scen
460,den520d.map,PIBT,1,99417,404,395,0,den520d-random-12.scen
460,den520d.map,PIBTOLD,1,99417,404,332,0,den520d-random-12.scen
460,den520d.map,PIBT,1,98205,410,422,1,den520d-random-12.scen
460,den520d.map,PIBTOLD,1,99417,404,328,1,den520d-random-12.scen
460,den520d.map,PIBT,1,98141,406,541,10,den520d-random-12.scen
460,den520d.map,PIBTOLD,1,99417,404,318,10,den520d-random-12.scen
460,den520d.map,PIBT,1,98230,405,941,100,den520d-random-12.scen
460,den520d.map,PIBTOLD,1,99417,404,323,100,den520d-random-12.scen
460,den520d.map,PIBT,1,98340,408,971,1000,den520d-random-12.scen
460,den520d.map,PIBTOLD,1,99417,404,320,1000,den520d-random-12.scen
500,den520d.map,PIBT,1,108455,404,449,0,den520d-random-12.scen
500,den520d.map,PIBTOLD,1,108455,404,332,0,den520d-random-12.scen
500,den520d.map,PIBT,1,107551,406,473,1,den520d-random-12.scen
500,den520d.map,PIBTOLD,1,108455,404,343,1,den520d-random-12.scen
500,den520d.map,PIBT,1,106996,404,637,10,den520d-random-12.scen
500,den520d.map,PIBTOLD,1,108455,404,333,10,den520d-random-12.scen
500,den520d.map,PIBT,1,106989,404,2022,100,den520d-random-12.scen
500,den520d.map,PIBTOLD,1,108455,404,354,100,den520d-random-12.scen
500,den520d.map,PIBT,1,107043,406,8944,1000,den520d-random-12.scen
500,den520d.map,PIBTOLD,1,108455,404,346,1000,den520d-random-12.scen
540,den520d.map,PIBT,1,116568,406,487,0,den520d-random-12.scen
540,den520d.map,PIBTOLD,1,116568,406,384,0,den520d-random-12.scen
540,den520d.map,PIBT,1,116721,406,527,1,den520d-random-12.scen
540,den520d.map,PIBTOLD,1,116568,406,376,1,den520d-random-12.scen
540,den520d.map,PIBT,1,116200,405,751,10,den520d-random-12.scen
540,den520d.map,PIBTOLD,1,116568,406,370,10,den520d-random-12.scen
540,den520d.map,PIBT,1,116085,405,1639,100,den520d-random-12.scen
540,den520d.map,PIBTOLD,1,116568,406,381,100,den520d-random-12.scen
540,den520d.map,PIBT,1,116272,405,13295,1000,den520d-random-12.scen
540,den520d.map,PIBTOLD,1,116568,406,385,1000,den520d-random-12.scen
580,den520d.map,PIBT,1,126425,405,526,0,den520d-random-12.scen
580,den520d.map,PIBTOLD,1,126425,405,405,0,den520d-random-12.scen
580,den520d.map,PIBT,1,124359,408,596,1,den520d-random-12.scen
580,den520d.map,PIBTOLD,1,126425,405,414,1,den520d-random-12.scen
580,den520d.map,PIBT,1,124425,411,850,10,den520d-random-12.scen
580,den520d.map,PIBTOLD,1,126425,405,386,10,den520d-random-12.scen
580,den520d.map,PIBT,1,124229,411,3279,100,den520d-random-12.scen
580,den520d.map,PIBTOLD,1,126425,405,406,100,den520d-random-12.scen
580,den520d.map,PIBT,1,125311,411,18239,1000,den520d-random-12.scen
580,den520d.map,PIBTOLD,1,126425,405,407,1000,den520d-random-12.scen
620,den520d.map,PIBT,1,134965,405,577,0,den520d-random-12.scen
620,den520d.map,PIBTOLD,1,134965,405,421,0,den520d-random-12.scen
620,den520d.map,PIBT,1,133788,406,625,1,den520d-random-12.scen
620,den520d.map,PIBTOLD,1,134965,405,401,1,den520d-random-12.scen
620,den520d.map,PIBT,1,133327,406,924,10,den520d-random-12.scen
620,den520d.map,PIBTOLD,1,134965,405,435,10,den520d-random-12.scen
620,den520d.map,PIBT,1,133700,405,2299,100,den520d-random-12.scen
620,den520d.map,PIBTOLD,1,134965,405,444,100,den520d-random-12.scen
620,den520d.map,PIBT,1,133776,406,13147,1000,den520d-random-12.scen
620,den520d.map,PIBTOLD,1,134965,405,448,1000,den520d-random-12.scen
660,den520d.map,PIBT,1,144580,407,617,0,den520d-random-12.scen
660,den520d.map,PIBTOLD,1,144580,407,471,0,den520d-random-12.scen
660,den520d.map,PIBT,1,143056,405,679,1,den520d-random-12.scen
660,den520d.map,PIBTOLD,1,144580,407,463,1,den520d-random-12.scen
660,den520d.map,PIBT,1,142553,408,1152,10,den520d-random-12.scen
660,den520d.map,PIBTOLD,1,144580,407,464,10,den520d-random-12.scen
660,den520d.map,PIBT,1,143196,409,3942,100,den520d-random-12.scen
660,den520d.map,PIBTOLD,1,144580,407,477,100,den520d-random-12.scen
660,den520d.map,PIBT,1,142252,406,19643,1000,den520d-random-12.scen
660,den520d.map,PIBTOLD,1,144580,407,436,1000,den520d-random-12.scen
700,den520d.map,PIBT,1,151850,405,669,0,den520d-random-12.scen
700,den520d.map,PIBTOLD,1,151850,405,507,0,den520d-random-12.scen
700,den520d.map,PIBT,1,151499,406,726,1,den520d-random-12.scen
700,den520d.map,PIBTOLD,1,151850,405,486,1,den520d-random-12.scen
700,den520d.map,PIBT,1,150864,405,1222,10,den520d-random-12.scen
700,den520d.map,PIBTOLD,1,151850,405,489,10,den520d-random-12.scen
700,den520d.map,PIBT,1,150181,405,3944,100,den520d-random-12.scen
700,den520d.map,PIBTOLD,1,151850,405,507,100,den520d-random-12.scen
700,den520d.map,PIBT,1,150268,405,25776,1000,den520d-random-12.scen
700,den520d.map,PIBTOLD,1,151850,405,513,1000,den520d-random-12.scen
740,den520d.map,PIBT,1,161627,405,724,0,den520d-random-12.scen
740,den520d.map,PIBTOLD,1,161627,405,530,0,den520d-random-12.scen
740,den520d.map,PIBT,1,161170,405,796,1,den520d-random-12.scen
740,den520d.map,PIBTOLD,1,161627,405,518,1,den520d-random-12.scen
740,den520d.map,PIBT,1,161240,411,1290,10,den520d-random-12.scen
740,den520d.map,PIBTOLD,1,161627,405,526,10,den520d-random-12.scen
740,den520d.map,PIBT,1,161413,405,5416,100,den520d-random-12.scen
740,den520d.map,PIBTOLD,1,161627,405,524,100,den520d-random-12.scen
740,den520d.map,PIBT,1,161262,405,43302,1000,den520d-random-12.scen
740,den520d.map,PIBTOLD,1,161627,405,478,1000,den520d-random-12.scen
780,den520d.map,PIBT,1,172588,405,795,0,den520d-random-12.scen
780,den520d.map,PIBTOLD,1,172588,405,541,0,den520d-random-12.scen
780,den520d.map,PIBT,1,170711,408,854,1,den520d-random-12.scen
780,den520d.map,PIBTOLD,1,172588,405,536,1,den520d-random-12.scen
780,den520d.map,PIBT,1,172109,408,1504,10,den520d-random-12.scen
780,den520d.map,PIBTOLD,1,172588,405,555,10,den520d-random-12.scen
780,den520d.map,PIBT,1,171644,411,7258,100,den520d-random-12.scen
780,den520d.map,PIBTOLD,1,172588,405,544,100,den520d-random-12.scen
780,den520d.map,PIBT,1,171849,412,55529,1000,den520d-random-12.scen
780,den520d.map,PIBTOLD,1,172588,405,532,1000,den520d-random-12.scen
20,den520d.map,PIBT,1,4336,374,18,0,den520d-random-18.scen
20,den520d.map,PIBTOLD,1,4336,374,16,0,den520d-random-18.scen
20,den520d.map,PIBT,1,4529,374,16,1,den520d-random-18.scen
20,den520d.map,PIBTOLD,1,4336,374,15,1,den520d-random-18.scen
20,den520d.map,PIBT,1,4529,374,15,10,den520d-random-18.scen
20,den520d.map,PIBTOLD,1,4336,374,16,10,den520d-random-18.scen
20,den520d.map,PIBT,1,4529,374,14,100,den520d-random-18.scen
20,den520d.map,PIBTOLD,1,4336,374,16,100,den520d-random-18.scen
20,den520d.map,PIBT,1,4529,374,16,1000,den520d-random-18.scen
20,den520d.map,PIBTOLD,1,4336,374,16,1000,den520d-random-18.scen
60,den520d.map,PIBT,1,11347,374,46,0,den520d-random-18.scen
60,den520d.map,PIBTOLD,1,11347,374,43,0,den520d-random-18.scen
60,den520d.map,PIBT,1,11591,374,49,1,den520d-random-18.scen
60,den520d.map,PIBTOLD,1,11347,374,43,1,den520d-random-18.scen
60,den520d.map,PIBT,1,11591,374,48,10,den520d-random-18.scen
60,den520d.map,PIBTOLD,1,11347,374,40,10,den520d-random-18.scen
60,den520d.map,PIBT,1,11591,374,42,100,den520d-random-18.scen
60,den520d.map,PIBTOLD,1,11347,374,43,100,den520d-random-18.scen
60,den520d.map,PIBT,1,11591,374,43,1000,den520d-random-18.scen
60,den520d.map,PIBTOLD,1,11347,374,39,1000,den520d-random-18.scen
100,den520d.map,PIBT,1,18713,375,74,0,den520d-random-18.scen
100,den520d.map,PIBTOLD,1,18713,375,73,0,den520d-random-18.scen
100,den520d.map,PIBT,1,18911,375,73,1,den520d-random-18.scen
100,den520d.map,PIBTOLD,1,18713,375,68,1,den520d-random-18.scen
100,den520d.map,PIBT,1,18911,375,75,10,den520d-random-18.scen
100,den520d.map,PIBTOLD,1,18713,375,68,10,den520d-random-18.scen
100,den520d.map,PIBT,1,18911,375,69,100,den520d-random-18.scen
100,den520d.map,PIBTOLD,1,18713,375,67,100,den520d-random-18.scen
100,den520d.map,PIBT,1,18911,375,71,1000,den520d-random-18.scen
100,den520d.map,PIBTOLD,1,18713,375,61,1000,den520d-random-18.scen
140,den520d.map,PIBT,1,26667,394,96,0,den520d-random-18.scen
140,den520d.map,PIBTOLD,1,26667,394,98,0,den520d-random-18.scen
140,den520d.map,PIBT,1,26900,394,99,1,den520d-random-18.scen
140,den520d.map,PIBTOLD,1,26667,394,97,1,den520d-random-18.scen
140,den520d.map,PIBT,1,26900,394,109,10,den520d-random-18.scen
140,den520d.map,PIBTOLD,1,26667,394,98,10,den520d-random-18.scen
140,den520d.map,PIBT,1,26900,394,104,100,den520d-random-18.scen
140,den520d.map,PIBTOLD,1,26667,394,93,100,den520d-random-18.scen
140,den520d.map,PIBT,1,26900,394,103,1000,den520d-random-18.scen
140,den520d.map,PIBTOLD,1,26667,394,90,1000,den520d-random-18.scen
180,den520d.map,PIBT,1,35887,404,128,0,den520d-random-18.scen
180,den520d.map,PIBTOLD,1,35887,404,123,0,den520d-random-18.scen
180,den520d.map,PIBT,1,35960,404,145,1,den520d-random-18.scen
180,den520d.map,PIBTOLD,1,35887,404,116,1,den520d-random-18.scen
180,den520d.map,PIBT,1,35960,404,136,10,den520d-random-18.scen
180,den520d.map,PIBTOLD,1,35887,404,119,10,den520d-random-18.scen
180,den520d.map,PIBT,1,35960,404,127,100,den520d-random-18.scen
180,den520d.map,PIBTOLD,1,35887,404,122,100,den520d-random-18.scen
180,den520d.map,PIBT,1,35960,404,130,1000,den520d-random-18.scen
180,den520d.map,PIBTOLD,1,35887,404,127,1000,den520d-random-18.scen
220,den520d.map,PIBT,1,44984,404,167,0,den520d-random-18.scen
220,den520d.map,PIBTOLD,1,44984,404,152,0,den520d-random-18.scen
220,den520d.map,PIBT,1,44378,404,169,1,den520d-random-18.scen
220,den520d.map,PIBTOLD,1,44984,404,163,1,den520d-random-18.scen
220,den520d.map,PIBT,1,44378,404,177,10,den520d-random-18.scen
220,den520d.map,PIBTOLD,1,44984,404,149,10,den520d-random-18.scen
220,den520d.map,PIBT,1,44378,404,168,100,den520d-random-18.scen
220,den520d.map,PIBTOLD,1,44984,404,145,100,den520d-random-18.scen
220,den520d.map,PIBT,1,44378,404,174,1000,den520d-random-18.scen
220,den520d.map,PIBTOLD,1,44984,404,153,1000,den520d-random-18.scen
260,den520d.map,PIBT,1,53957,404,191,0,den520d-random-18.scen
260,den520d.map,PIBTOLD,1,53957,404,177,0,den520d-random-18.scen
260,den520d.map,PIBT,1,53369,404,205,1,den520d-random-18.scen
260,den520d.map,PIBTOLD,1,53957,404,176,1,den520d-random-18.scen
260,den520d.map,PIBT,1,53369,404,195,10,den520d-random-18.scen
260,den520d.map,PIBTOLD,1,53957,404,182,10,den520d-random-18.scen
260,den520d.map,PIBT,1,53369,404,208,100,den520d-random-18.scen
260,den520d.map,PIBTOLD,1,53957,404,178,100,den520d-random-18.scen
260,den520d.map,PIBT,1,53369,404,202,1000,den520d-random-18.scen
260,den520d.map,PIBTOLD,1,53957,404,181,1000,den520d-random-18.scen
300,den520d.map,PIBT,1,62232,404,237,0,den520d-random-18.scen
300,den520d.map,PIBTOLD,1,62232,404,215,0,den520d-random-18.scen
300,den520d.map,PIBT,1,61866,404,265,1,den520d-random-18.scen
300,den520d.map,PIBTOLD,1,62232,404,208,1,den520d-random-18.scen
300,den520d.map,PIBT,1,62153,404,234,10,den520d-random-18.scen
300,den520d.map,PIBTOLD,1,62232,404,207,10,den520d-random-18.scen
300,den520d.map,PIBT,1,62153,404,241,100,den520d-random-18.scen
300,den520d.map,PIBTOLD,1,62232,404,199,100,den520d-random-18.scen
300,den520d.map,PIBT,1,62153,404,243,1000,den520d-random-18.scen
300,den520d.map,PIBTOLD,1,62232,404,212,1000,den520d-random-18.scen
340,den520d.map,PIBT,1,71562,404,282,0,den520d-random-18.scen
340,den520d.map,PIBTOLD,1,71562,404,230,0,den520d-random-18.scen
340,den520d.map,PIBT,1,71076,404,274,1,den520d-random-18.scen
340,den520d.map,PIBTOLD,1,71562,404,237,1,den520d-random-18.scen
340,den520d.map,PIBT,1,70601,408,269,10,den520d-random-18.scen
340,den520d.map,PIBTOLD,1,71562,404,232,10,den520d-random-18.scen
340,den520d.map,PIBT,1,70601,408,255,100,den520d-random-18.scen
340,den520d.map,PIBTOLD,1,71562,404,241,100,den520d-random-18.scen
340,den520d.map,PIBT,1,70601,408,283,1000,den520d-random-18.scen
340,den520d.map,PIBTOLD,1,71562,404,239,1000,den520d-random-18.scen
380,den520d.map,PIBT,1,80144,404,313,0,den520d-random-18.scen
380,den520d.map,PIBTOLD,1,80144,404,271,0,den520d-random-18.scen
380,den520d.map,PIBT,1,79175,404,309,1,den520d-random-18.scen
380,den520d.map,PIBTOLD,1,80144,404,258,1,den520d-random-18.scen
380,den520d.map,PIBT,1,79207,404,335,10,den520d-random-18.scen
380,den520d.map,PIBTOLD,1,80144,404,271,10,den520d-random-18.scen
380,den520d.map,PIBT,1,78848,404,334,100,den520d-random-18.scen
380,den520d.map,PIBTOLD,1,80144,404,266,100,den520d-random-18.scen
380,den520d.map,PIBT,1,78848,404,344,1000,den520d-random-18.scen
380,den520d.map,PIBTOLD,1,80144,404,253,1000,den520d-random-18.scen
420,den520d.map,PIBT,1,90429,404,353,0,den520d-random-18.scen
420,den520d.map,PIBTOLD,1,90429,404,288,0,den520d-random-18.scen
420,den520d.map,PIBT,1,89322,404,385,1,den520d-random-18.scen
420,den520d.map,PIBTOLD,1,90429,404,281,1,den520d-random-18.scen
420,den520d.map,PIBT,1,89619,404,414,10,den520d-random-18.scen
420,den520d.map,PIBTOLD,1,90429,404,290,10,den520d-random-18.scen
420,den520d.map,PIBT,1,89534,404,964,100,den520d-random-18.scen
420,den520d.map,PIBTOLD,1,90429,404,294,100,den520d-random-18.scen
420,den520d.map,PIBT,1,89482,404,1331,1000,den520d-random-18.scen
420,den520d.map,PIBTOLD,1,90429,404,293,1000,den520d-random-18.scen
460,den520d.map,PIBT,1,99417,404,397,0,den520d-random-18.scen
460,den520d.map,PIBTOLD,1,99417,404,329,0,den520d-random-18.scen
460,den520d.map,PIBT,1,98432,414,406,1,den520d-random-18.scen
460,den520d.map,PIBTOLD,1,99417,404,316,1,den520d-random-18.scen
460,den520d.map,PIBT,1,98588,404,591,10,den520d-random-18.scen
460,den520d.map,PIBTOLD,1,99417,404,310,10,den520d-random-18.scen
460,den520d.map,PIBT,1,97959,406,894,100,den520d-random-18.scen
460,den520d.map,PIBTOLD,1,99417,404,314,100,den520d-random-18.scen
460,den520d.map,PIBT,1,98340,408,964,1000,den520d-random-18.scen
460,den520d.map,PIBTOLD,1,99417,404,306,1000,den520d-random-18.scen
500,den520d.map,PIBT,1,108455,404,433,0,den520d-random-18.scen
500,den520d.map,PIBTOLD,1,108455,404,351,0,den520d-random-18.scen
500,den520d.map,PIBT,1,107784,404,438,1,den520d-random-18.scen
500,den520d.map,PIBTOLD,1,108455,404,351,1,den520d-random-18.scen
500,den520d.map,PIBT,1,107524,406,575,10,den520d-random-18.scen
500,den520d.map,PIBTOLD,1,108455,404,361,10,den520d-random-18.scen
500,den520d.map,PIBT,1,107132,406,1833,100,den520d-random-18.scen
500,den520d.map,PIBTOLD,1,108455,404,344,100,den520d-random-18.scen
500,den520d.map,PIBT,1,106996,404,4325,1000,den520d-random-18.scen
500,den520d.map,PIBTOLD,1,108455,404,344,1000,den520d-random-18.scen
540,den520d.map,PIBT,1,116568,406,492,0,den520d-random-18.scen
540,den520d.map,PIBTOLD,1,116568,406,373,0,den520d-random-18.scen
540,den520d.map,PIBT,1,116293,408,527,1,den520d-random-18.scen
540,den520d.map,PIBTOLD,1,116568,406,378,1,den520d-random-18.scen
540,den520d.map,PIBT,1,116438,405,869,10,den520d-random-18.scen
540,den520d.map,PIBTOLD,1,116568,406,372,10,den520d-random-18.scen
540,den520d.map,PIBT,1,116666,406,2202,100,den520d-random-18.scen
540,den520d.map,PIBTOLD,1,116568,406,379,100,den520d-random-18.scen
540,den520d.map,PIBT,1,116040,405,5885,1000,den520d-random-18.scen
540,den520d.map,PIBTOLD,1,116568,406,363,1000,den520d-random-18.scen
580,den520d.map,PIBT,1,126425,405,532,0,den520d-random-18.scen
580,den520d.map,PIBTOLD,1,126425,405,400,0,den520d-random-18.scen
580,den520d.map,PIBT,1,124634,409,562,1,den520d-random-18.scen
580,den520d.map,PIBTOLD,1,126425,405,403,1,den520d-random-18.scen
580,den520d.map,PIBT,1,124646,411,794,10,den520d-random-18.scen
580,den520d.map,PIBTOLD,1,126425,405,419,10,den520d-random-18.scen
580,den520d.map,PIBT,1,125102,411,3108,100,den520d-random-18.scen
580,den520d.map,PIBTOLD,1,126425,405,421,100,den520d-random-18.scen
580,den520d.map,PIBT,1,124318,411,15200,1000,den520d-random-18.scen
580,den520d.map,PIBTOLD,1,126425,405,421,1000,den520d-random-18.scen
620,den520d.map,PIBT,1,134965,405,592,0,den520d-random-18.scen
620,den520d.map,PIBTOLD,1,134965,405,407,0,den520d-random-18.scen
620,den520d.map,PIBT,1,133605,415,673,1,den520d-random-18.scen
620,den520d.map,PIBTOLD,1,134965,405,454,1,den520d-random-18.scen
620,den520d.map,PIBT,1,133097,407,949,10,den520d-random-18.scen
620,den520d.map,PIBTOLD,1,134965,405,416,10,den520d-random-18.scen
620,den520d.map,PIBT,1,133781,407,3461,100,den520d-random-18.scen
620,den520d.map,PIBTOLD,1,134965,405,442,100,den520d-random-18.scen
620,den520d.map,PIBT,1,134281,406,21588,1000,den520d-random-18.scen
620,den520d.map,PIBTOLD,1,134965,405,453,1000,den520d-random-18.scen
660,den520d.map,PIBT,1,144580,407,574,0,den520d-random-18.scen
660,den520d.map,PIBTOLD,1,144580,407,474,0,den520d-random-18.scen
660,den520d.map,PIBT,1,143475,406,708,1,den520d-random-18.scen
660,den520d.map,PIBTOLD,1,144580,407,478,1,den520d-random-18.scen
660,den520d.map,PIBT,1,143357,413,987,10,den520d-random-18.scen
660,den520d.map,PIBTOLD,1,144580,407,471,10,den520d-random-18.scen
660,den520d.map,PIBT,1,142365,406,4119,100,den520d-random-18.scen
660,den520d.map,PIBTOLD,1,144580,407,486,100,den520d-random-18.scen
660,den520d.map,PIBT,1,142742,406,27956,1000,den520d-random-18.scen
660,den520d.map,PIBTOLD,1,144580,407,458,1000,den520d-random-18.scen
700,den520d.map,PIBT,1,151850,405,617,0,den520d-random-18.scen
700,den520d.map,PIBTOLD,1,151850,405,494,0,den520d-random-18.scen
700,den520d.map,PIBT,1,151383,406,762,1,den520d-random-18.scen
700,den520d.map,PIBTOLD,1,151850,405,460,1,den520d-random-18.scen
700,den520d.map,PIBT,1,150713,406,1227,10,den520d-random-18.scen
700,den520d.map,PIBTOLD,1,151850,405,454,10,den520d-random-18.scen
700,den520d.map,PIBT,1,150921,406,4218,100,den520d-random-18.scen
700,den520d.map,PIBTOLD,1,151850,405,493,100,den520d-random-18.scen
700,den520d.map,PIBT,1,150199,406,18834,1000,den520d-random-18.scen
700,den520d.map,PIBTOLD,1,151850,405,493,1000,den520d-random-18.scen
740,den520d.map,PIBT,1,161627,405,724,0,den520d-random-18.scen
740,den520d.map,PIBTOLD,1,161627,405,522,0,den520d-random-18.scen
740,den520d.map,PIBT,1,160734,408,790,1,den520d-random-18.scen
740,den520d.map,PIBTOLD,1,161627,405,551,1,den520d-random-18.scen
740,den520d.map,PIBT,1,161121,407,1285,10,den520d-random-18.scen
740,den520d.map,PIBTOLD,1,161627,405,525,10,den520d-random-18.scen
740,den520d.map,PIBT,1,161020,405,5746,100,den520d-random-18.scen
740,den520d.map,PIBTOLD,1,161627,405,525,100,den520d-random-18.scen
740,den520d.map,PIBT,1,160654,407,41013,1000,den520d-random-18.scen
740,den520d.map,PIBTOLD,1,161627,405,517,1000,den520d-random-18.scen
780,den520d.map,PIBT,1,172588,405,751,0,den520d-random-18.scen
780,den520d.map,PIBTOLD,1,172588,405,566,0,den520d-random-18.scen
780,den520d.map,PIBT,1,171401,406,856,1,den520d-random-18.scen
780,den520d.map,PIBTOLD,1,172588,405,563,1,den520d-random-18.scen
780,den520d.map,PIBT,1,171101,416,1359,10,den520d-random-18.scen
780,den520d.map,PIBTOLD,1,172588,405,563,10,den520d-random-18.scen
780,den520d.map,PIBT,1,171322,408,6876,100,den520d-random-18.scen
780,den520d.map,PIBTOLD,1,172588,405,572,100,den520d-random-18.scen
780,den520d.map,PIBT,1,170917,413,47595,1000,den520d-random-18.scen
780,den520d.map,PIBTOLD,1,172588,405,537,1000,den520d-random-18.scen
20,den520d.map,PIBT,1,4336,374,13,0,den520d-random-21.scen
20,den520d.map,PIBTOLD,1,4336,374,18,0,den520d-random-21.scen
20,den520d.map,PIBT,1,4529,374,18,1,den520d-random-21.scen
20,den520d.map,PIBTOLD,1,4336,374,15,1,den520d-random-21.scen
20,den520d.map,PIBT,1,4529,374,19,10,den520d-random-21.scen
20,den520d.map,PIBTOLD,1,4336,374,15,10,den520d-random-21.scen
20,den520d.map,PIBT,1,4529,374,18,100,den520d-random-21.scen
20,den520d.map,PIBTOLD,1,4336,374,13,100,den520d-random-21.scen
20,den520d.map,PIBT,1,4529,374,15,1000,den520d-random-21.scen
20,den520d.map,PIBTOLD,1,4336,374,15,1000,den520d-random-21.scen
60,den520d.map,PIBT,1,11347,374,45,0,den520d-random-21.scen
60,den520d.map,PIBTOLD,1,11347,374,42,0,den520d-random-21.scen
60,den520d.map,PIBT,1,11591,374,49,1,den520d-random-21.scen
60,den520d.map,PIBTOLD,1,11347,374,43,1,den520d-random-21.scen
60,den520d.map,PIBT,1,11591,374,38,10,den520d-random-21.scen
60,den520d.map,PIBTOLD,1,11347,374,40,10,den520d-random-21.scen
60,den520d.map,PIBT,1,11591,374,41,100,den520d-random-21.scen
60,den520d.map,PIBTOLD,1,11347,374,44,100,den520d-random-21.scen
60,den520d.map,PIBT,1,11591,374,40,1000,den520d-random-21.scen
60,den520d.map,PIBTOLD,1,11347,374,41,1000,den520d-random-21.scen
100,den520d.map,PIBT,1,18713,375,68,0,den520d-random-21.scen
100,den520d.map,PIBTOLD,1,18713,375,67,0,den520d-random-21.scen
100,den520d.map,PIBT,1,18911,375,75,1,den520d-random-21.scen
100,den520d.map,PIBTOLD,1,18713,375,65,1,den520d-random-21.scen
100,den520d.map,PIBT,1,18911,375,74,10,den520d-random-21.scen
100,den520d.map,PIBTOLD,1,18713,375,70,10,den520d-random-21.scen
100,den520d.map,PIBT,1,18911,375,66,100,den520d-random-21.scen
100,den520d.map,PIBTOLD,1,18713,375,64,100,den520d-random-21.scen
100,den520d.map,PIBT,1,18911,375,74,1000,den520d-random-21.scen
100,den520d.map,PIBTOLD,1,18713,375,71,1000,den520d-random-21.scen
140,den520d.map,PIBT,1,26667,394,112,0,den520d-random-21.scen
140,den520d.map,PIBTOLD,1,26667,394,101,0,den520d-random-21.scen
140,den520d.map,PIBT,1,26900,394,99,1,den520d-random-21.scen
140,den520d.map,PIBTOLD,1,26667,394,87,1,den520d-random-21.scen
140,den520d.map,PIBT,1,26900,394,98,10,den520d-random-21.scen
140,den520d.map,PIBTOLD,1,26667,394,96,10,den520d-random-21.scen
140,den520d.map,PIBT,1,26900,394,103,100,den520d-random-21.scen
140,den520d.map,PIBTOLD,1,26667,394,102,100,den520d-random-21.scen
140,den520d.map,PIBT,1,26900,394,109,1000,den520d-random-21.scen
140,den520d.map,PIBTOLD,1,26667,394,91,1000,den520d-random-21.scen
180,den520d.map,PIBT,1,35887,404,129,0,den520d-random-21.scen
180,den520d.map,PIBTOLD,1,35887,404,121,0,den520d-random-21.scen
180,den520d.map,PIBT,1,35960,404,134,1,den520d-random-21.scen
180,den520d.map,PIBTOLD,1,35887,404,121,1,den520d-random-21.scen
180,den520d.map,PIBT,1,35960,404,137,10,den520d-random-21.scen
180,den520d.map,PIBTOLD,1,35887,404,127,10,den520d-random-21.scen
180,den520d.map,PIBT,1,35960,404,130,100,den520d-random-21.scen
180,den520d.map,PIBTOLD,1,35887,404,123,100,den520d-random-21.scen
180,den520d.map,PIBT,1,35960,404,134,1000,den520d-random-21.scen
180,den520d.map,PIBTOLD,1,35887,404,121,1000,den520d-random-21.scen
220,den520d.map,PIBT,1,44984,404,165,0,den520d-random-21.scen
220,den520d.map,PIBTOLD,1,44984,404,156,0,den520d-random-21.scen
220,den520d.map,PIBT,1,44378,404,166,1,den520d-random-21.scen
220,den520d.map,PIBTOLD,1,44984,404,131,1,den520d-random-21.scen
220,den520d.map,PIBT,1,44378,404,171,10,den520d-random-21.scen
220,den520d.map,PIBTOLD,1,44984,404,145,10,den520d-random-21.scen
220,den520d.map,PIBT,1,44378,404,160,100,den520d-random-21.scen
220,den520d.map,PIBTOLD,1,44984,404,146,100,den520d-random-21.scen
220,den520d.map,PIBT,1,44378,404,165,1000,den520d-random-21.scen
220,den520d.map,PIBTOLD,1,44984,404,142,1000,den520d-random-21.scen
260,den520d.map,PIBT,1,53957,404,200,0,den520d-random-21.scen
260,den520d.map,PIBTOLD,1,53957,404,184,0,den520d-random-21.scen
260,den520d.map,PIBT,1,53369,404,193,1,den520d-random-21.scen
260,den520d.map,PIBTOLD,1,53957,404,174,1,den520d-random-21.scen
260,den520d.map,PIBT,1,53369,404,206,10,den520d-random-21.scen
260,den520d.map,PIBTOLD,1,53957,404,179,10,den520d-random-21.scen
260,den520d.map,PIBT,1,53369,404,190,100,den520d-random-21.scen
260,den520d.map,PIBTOLD,1,53957,404,179,100,den520d-random-21.scen
260,den520d.map,PIBT,1,53369,404,212,1000,den520d-random-21.scen
260,den520d.map,PIBTOLD,1,53957,404,176,1000,den520d-random-21.scen
300,den520d.map,PIBT,1,62232,404,237,0,den520d-random-21.scen
300,den520d.map,PIBTOLD,1,62232,404,187,0,den520d-random-21.scen
300,den520d.map,PIBT,1,61880,406,243,1,den520d-random-21.scen
300,den520d.map,PIBTOLD,1,62232,404,207,1,den520d-random-21.scen
300,den520d.map,PIBT,1,62153,404,248,10,den520d-random-21.scen
300,den520d.map,PIBTOLD,1,62232,404,212,10,den520d-random-21.scen
300,den520d.map,PIBT,1,62153,404,235,100,den520d-random-21.scen
300,den520d.map,PIBTOLD,1,62232,404,211,100,den520d-random-21.scen
300,den520d.map,PIBT,1,62153,404,231,1000,den520d-random-21.scen
300,den520d.map,PIBTOLD,1,62232,404,206,1000,den520d-random-21.scen
340,den520d.map,PIBT,1,71562,404,275,0,den520d-random-21.scen
340,den520d.map,PIBTOLD,1,71562,404,246,0,den520d-random-21.scen
340,den520d.map,PIBT,1,71093,404,275,1,den520d-random-21.scen
340,den520d.map,PIBTOLD,1,71562,404,242,1,den520d-random-21.scen
340,den520d.map,PIBT,1,70601,408,277,10,den520d-random-21.scen
340,den520d.map,PIBTOLD,1,71562,404,234,10,den520d-random-21.scen
340,den520d.map,PIBT,1,70601,408,278,100,den520d-random-21.scen
340,den520d.map,PIBTOLD,1,71562,404,237,100,den520d-random-21.scen
340,den520d.map,PIBT,1,70601,408,284,1000,den520d-random-21.scen
340,den520d.map,PIBTOLD,1,71562,404,241,1000,den520d-random-21.scen
380,den520d.map,PIBT,1,80144,404,312,0,den520d-random-21.scen
380,den520d.map,PIBTOLD,1,80144,404,266,0,den520d-random-21.scen
380,den520d.map,PIBT,1,78763,404,319,1,den520d-random-21.scen
380,den520d.map,PIBTOLD,1,80144,404,270,1,den520d-random-21.scen
380,den520d.map,PIBT,1,79004,404,357,10,den520d-random-21.scen
380,den520d.map,PIBTOLD,1,80144,404,239,10,den520d-random-21.scen
380,den520d.map,PIBT,1,78848,404,337,100,den520d-random-21.scen
380,den520d.map,PIBTOLD,1,80144,404,277,100,den520d-random-21.scen
380,den520d.map,PIBT,1,78848,404,341,1000,den520d-random-21.scen
380,den520d.map,PIBTOLD,1,80144,404,272,1000,den520d-random-21.scen
420,den520d.map,PIBT,1,90429,404,353,0,den520d-random-21.scen
420,den520d.map,PIBTOLD,1,90429,404,284,0,den520d-random-21.scen
420,den520d.map,PIBT,1,89505,404,370,1,den520d-random-21.scen
420,den520d.map,PIBTOLD,1,90429,404,289,1,den520d-random-21.scen
420,den520d.map,PIBT,1,89633,404,445,10,den520d-random-21.scen
420,den520d.map,PIBTOLD,1,90429,404,294,10,den520d-random-21.scen
420,den520d.map,PIBT,1,89679,404,995,100,den520d-random-21.scen
420,den520d.map,PIBTOLD,1,90429,404,288,100,den520d-random-21.scen
420,den520d.map,PIBT,1,89482,404,1300,1000,den520d-random-21.scen
420,den520d.map,PIBTOLD,1,90429,404,293,1000,den520d-random-21.scen
460,den520d.map,PIBT,1,99417,404,379,0,den520d-random-21.scen
460,den520d.map,PIBTOLD,1,99417,404,324,0,den520d-random-21.scen
460,den520d.map,PIBT,1,98251,416,431,1,den520d-random-21.scen
460,den520d.map,PIBTOLD,1,99417,404,323,1,den520d-random-21.scen
460,den520d.map,PIBT,1,97913,404,532,10,den520d-random-21.scen
460,den520d.map,PIBTOLD,1,99417,404,291,10,den520d-random-21.scen
460,den520d.map,PIBT,1,98243,406,903,100,den520d-random-21.scen
460,den520d.map,PIBTOLD,1,99417,404,329,100,den520d-random-21.scen
460,den520d.map,PIBT,1,98340,408,967,1000,den520d-random-21.scen
460,den520d.map,PIBTOLD,1,99417,404,304,1000,den520d-random-21.scen
500,den520d.map,PIBT,1,108455,404,435,0,den520d-random-21.scen
500,den520d.map,PIBTOLD,1,108455,404,335,0,den520d-random-21.scen
500,den520d.map,PIBT,1,107375,404,463,1,den520d-random-21.scen
500,den520d.map,PIBTOLD,1,108455,404,347,1,den520d-random-21.scen
500,den520d.map,PIBT,1,107387,404,725,10,den520d-random-21.scen
500,den520d.map,PIBTOLD,1,108455,404,364,10,den520d-random-21.scen
500,den520d.map,PIBT,1,107117,404,1622,100,den520d-random-21.scen
500,den520d.map,PIBTOLD,1,108455,404,352,100,den520d-random-21.scen
500,den520d.map,PIBT,1,107851,408,7330,1000,den520d-random-21.scen
500,den520d.map,PIBTOLD,1,108455,404,362,1000,den520d-random-21.scen
540,den520d.map,PIBT,1,116568,406,492,0,den520d-random-21.scen
540,den520d.map,PIBTOLD,1,116568,406,344,0,den520d-random-21.scen
540,den520d.map,PIBT,1,116123,408,538,1,den520d-random-21.scen
540,den520d.map,PIBTOLD,1,116568,406,369,1,den520d-random-21.scen
540,den520d.map,PIBT,1,115938,405,681,10,den520d-random-21.scen
540,den520d.map,PIBTOLD,1,116568,406,377,10,den520d-random-21.scen
540,den520d.map,PIBT,1,116155,405,1927,100,den520d-random-21.scen
540,den520d.map,PIBTOLD,1,116568,406,385,100,den520d-random-21.scen
540,den520d.map,PIBT,1,116118,406,10969,1000,den520d-random-21.scen
540,den520d.map,PIBTOLD,1,116568,406,376,1000,den520d-random-21.scen
580,den520d.map,PIBT,1,126425,405,541,0,den520d-random-21.scen
580,den520d.map,PIBTOLD,1,126425,405,413,0,den520d-random-21.scen
580,den520d.map,PIBT,1,125381,409,562,1,den520d-random-21.scen
580,den520d.map,PIBTOLD,1,126425,405,418,1,den520d-random-21.scen
580,den520d.map,PIBT,1,125090,411,916,10,den520d-random-21.scen
580,den520d.map,PIBTOLD,1,126425,405,418,10,den520d-random-21.scen
580,den520d.map,PIBT,1,124820,411,2998,100,den520d-random-21.scen
580,den520d.map,PIBTOLD,1,126425,405,380,100,den520d-random-21.scen
580,den520d.map,PIBT,1,124638,412,12666,1000,den520d-random-21.scen
580,den520d.map,PIBTOLD,1,126425,405,402,1000,den520d-random-21.scen
620,den520d.map,PIBT,1,134965,405,585,0,den520d-random-21.scen
620,den520d.map,PIBTOLD,1,134965,405,434,0,den520d-random-21.scen
620,den520d.map,PIBT,1,133213,406,616,1,den520d-random-21.scen
620,den520d.map,PIBTOLD,1,134965,405,428,1,den520d-random-21.scen
620,den520d.map,PIBT,1,133574,405,857,10,den520d-random-21.scen
620,den520d.map,PIBTOLD,1,134965,405,450,10,den520d-random-21.scen
620,den520d.map,PIBT,1,133619,405,2661,100,den520d-random-21.scen
620,den520d.map,PIBTOLD,1,134965,405,393,100,den520d-random-21.scen
620,den520d.map,PIBT,1,133457,407,17319,1000,den520d-random-21.scen
620,den520d.map,PIBTOLD,1,134965,405,433,1000,den520d-random-21.scen
660,den520d.map,PIBT,1,144580,407,593,0,den520d-random-21.scen
660,den520d.map,PIBTOLD,1,144580,407,470,0,den520d-random-21.scen
660,den520d.map,PIBT,1,142520,408,709,1,den520d-random-21.scen
660,den520d.map,PIBTOLD,1,144580,407,481,1,den520d-random-21.scen
660,den520d.map,PIBT,1,143688,407,1000,10,den520d-random-21.scen
660,den520d.map,PIBTOLD,1,144580,407,436,10,den520d-random-21.scen
660,den520d.map,PIBT,1,143181,407,3650,100,den520d-random-21.scen
660,den520d.map,PIBTOLD,1,144580,407,482,100,den520d-random-21.scen
660,den520d.map,PIBT,1,142375,406,30108,1000,den520d-random-21.scen
660,den520d.map,PIBTOLD,1,144580,407,483,1000,den520d-random-21.scen
700,den520d.map,PIBT,1,151850,405,688,0,den520d-random-21.scen
700,den520d.map,PIBTOLD,1,151850,405,505,0,den520d-random-21.scen
700,den520d.map,PIBT,1,150375,409,710,1,den520d-random-21.scen
700,den520d.map,PIBTOLD,1,151850,405,513,1,den520d-random-21.scen
700,den520d.map,PIBT,1,151140,405,1238,10,den520d-random-21.scen
700,den520d.map,PIBTOLD,1,151850,405,510,10,den520d-random-21.scen
700,den520d.map,PIBT,1,150560,405,4741,100,den520d-random-21.scen
700,den520d.map,PIBTOLD,1,151850,405,498,100,den520d-random-21.scen
700,den520d.map,PIBT,1,151000,405,38299,1000,den520d-random-21.scen
700,den520d.map,PIBTOLD,1,151850,405,489,1000,den520d-random-21.scen
740,den520d.map,PIBT,1,161627,405,726,0,den520d-random-21.scen
740,den520d.map,PIBTOLD,1,161627,405,527,0,den520d-random-21.scen
740,den520d.map,PIBT,1,159876,414,766,1,den520d-random-21.scen
740,den520d.map,PIBTOLD,1,161627,405,529,1,den520d-random-21.scen
740,den520d.map,PIBT,1,161080,408,1238,10,den520d-random-21.scen
740,den520d.map,PIBTOLD,1,161627,405,516,10,den520d-random-21.scen
740,den520d.map,PIBT,1,159852,405,5543,100,den520d-random-21.scen
740,den520d.map,PIBTOLD,1,161627,405,486,100,den520d-random-21.scen
740,den520d.map,PIBT,1,160366,408,47210,1000,den520d-random-21.scen
740,den520d.map,PIBTOLD,1,161627,405,516,1000,den520d-random-21.scen
780,den520d.map,PIBT,1,172588,405,757,0,den520d-random-21.scen
780,den520d.map,PIBTOLD,1,172588,405,534,0,den520d-random-21.scen
780,den520d.map,PIBT,1,170677,465,818,1,den520d-random-21.scen
780,den520d.map,PIBTOLD,1,172588,405,549,1,den520d-random-21.scen
780,den520d.map,PIBT,1,172166,411,1484,10,den520d-random-21.scen
780,den520d.map,PIBTOLD,1,172588,405,560,10,den520d-random-21.scen
780,den520d.map,PIBT,1,170827,409,6556,100,den520d-random-21.scen
780,den520d.map,PIBTOLD,1,172588,405,562,100,den520d-random-21.scen
780,den520d.map,PIBT,1,171408,416,57187,1000,den520d-random-21.scen
780,den520d.map,PIBTOLD,1,172588,405,562,1000,den520d-random-21.scen
20,den520d.map,PIBT,1,4336,374,14,0,den520d-random-20.scen
20,den520d.map,PIBTOLD,1,4336,374,15,0,den520d-random-20.scen
20,den520d.map,PIBT,1,4529,374,16,1,den520d-random-20.scen
20,den520d.map,PIBTOLD,1,4336,374,13,1,den520d-random-20.scen
20,den520d.map,PIBT,1,4529,374,15,10,den520d-random-20.scen
20,den520d.map,PIBTOLD,1,4336,374,15,10,den520d-random-20.scen
20,den520d.map,PIBT,1,4529,374,13,100,den520d-random-20.scen
20,den520d.map,PIBTOLD,1,4336,374,14,100,den520d-random-20.scen
20,den520d.map,PIBT,1,4529,374,13,1000,den520d-random-20.scen
20,den520d.map,PIBTOLD,1,4336,374,13,1000,den520d-random-20.scen
60,den520d.map,PIBT,1,11347,374,40,0,den520d-random-20.scen
60,den520d.map,PIBTOLD,1,11347,374,46,0,den520d-random-20.scen
60,den520d.map,PIBT,1,11591,374,41,1,den520d-random-20.scen
60,den520d.map,PIBTOLD,1,11347,374,44,1,den520d-random-20.scen
60,den520d.map,PIBT,1,11591,374,40,10,den520d-random-20.scen
60,den520d.map,PIBTOLD,1,11347,374,44,10,den520d-random-20.scen
60,den520d.map,PIBT,1,11591,374,45,100,den520d-random-20.scen
60,den520d.map,PIBTOLD,1,11347,374,45,100,den520d-random-20.scen
60,den520d.map,PIBT,1,11591,374,44,1000,den520d-random-20.scen
60,den520d.map,PIBTOLD,1,11347,374,35,1000,den520d-random-20.scen
100,den520d.map,PIBT,1,18713,375,72,0,den520d-random-20.scen
100,den520d.map,PIBTOLD,1,18713,375,68,0,den520d-random-20.scen
100,den520d.map,PIBT,1,18911,375,66,1,den520d-random-20.scen
100,den520d.map,PIBTOLD,1,18713,375,75,1,den520d-random-20.scen
100,den520d.map,PIBT,1,18911,375,67,10,den520d-random-20.scen
100,den520d.map,PIBTOLD,1,18713,375,69,10,den520d-random-20.scen
100,den520d.map,PIBT,1,18911,375,72,100,den520d-random-20.scen
100,den520d.map,PIBTOLD,1,18713,375,66,100,den520d-random-20.scen
100,den520d.map,PIBT,1,18911,375,66,1000,den520d-random-20.scen
100,den520d.map,PIBTOLD,1,18713,375,70,1000,den520d-random-20.scen
140,den520d.map,PIBT,1,26667,394,108,0,den520d-random-20.scen
140,den520d.map,PIBTOLD,1,26667,394,101,0,den520d-random-20.scen
140,den520d.map,PIBT,1,26900,394,103,1,den520d-random-20.scen
140,den520d.map,PIBTOLD,1,26667,394,96,1,den520d-random-20.scen
140,den520d.map,PIBT,1,26900,394,104,10,den520d-random-20.scen
140,den520d.map,PIBTOLD,1,26667,394,93,10,den520d-random-20.scen
140,den520d.map,PIBT,1,26900,394,103,100,den520d-random-20.scen
140,den520d.map,PIBTOLD,1,26667,394,99,100,den520d-random-20.scen
140,den520d.map,PIBT,1,26900,394,101,1000,den520d-random-20.scen
140,den520d.map,PIBTOLD,1,26667,394,98,1000,den520d-random-20.scen
180,den520d.map,PIBT,1,35887,404,135,0,den520d-random-20.scen
180,den520d.map,PIBTOLD,1,35887,404,125,0,den520d-random-20.scen
180,den520d.map,PIBT,1,35960,404,133,1,den520d-random-20.scen
180,den520d.map,PIBTOLD,1,35887,404,113,1,den520d-random-20.scen
180,den520d.map,PIBT,1,35960,404,141,10,den520d-random-20.scen
180,den520d.map,PIBTOLD,1,35887,404,129,10,den520d-random-20.scen
180,den520d.map,PIBT,1,35960,404,125,100,den520d-random-20.scen
180,den520d.map,PIBTOLD,1,35887,404,118,100,den520d-random-20.scen
180,den520d.map,PIBT,1,35960,404,138,1000,den520d-random-20.scen
180,den520d.map,PIBTOLD,1,35887,404,117,1000,den520d-random-20.scen
220,den520d.map,PIBT,1,44984,404,165,0,den520d-random-20.scen
220,den520d.map,PIBTOLD,1,44984,404,156,0,den520d-random-20.scen
220,den520d.map,PIBT,1,44378,404,171,1,den520d-random-20.scen
220,den520d.map,PIBTOLD,1,44984,404,151,1,den520d-random-20.scen
220,den520d.map,PIBT,1,44378,404,166,10,den520d-random-20.scen
220,den520d.map,PIBTOLD,1,44984,404,151,10,den520d-random-20.scen
220,den520d.map,PIBT,1,44378,404,162,100,den520d-random-20.scen
220,den520d.map,PIBTOLD,1,44984,404,142,100,den520d-random-20.scen
220,den520d.map,PIBT,1,44378,404,164,1000,den520d-random-20.scen
220,den520d.map,PIBTOLD,1,44984,404,140,1000,den520d-random-20.scen
260,den520d.map,PIBT,1,53957,404,199,0,den520d-random-20.scen
260,den520d.map,PIBTOLD,1,53957,404,183,0,den520d-random-20.scen
260,den520d.map,PIBT,1,53369,404,206,1,den520d-random-20.scen
260,den520d.map,PIBTOLD,1,53957,404,167,1,den520d-random-20.scen
260,den520d.map,PIBT,1,53369,404,206,10,den520d-random-20.scen
260,den520d.map,PIBTOLD,1,53957,404,176,10,den520d-random-20.scen
260,den520d.map,PIBT,1,53369,404,204,100,den520d-random-20.scen
260,den520d.map,PIBTOLD,1,53957,404,187,100,den520d-random-20.scen
260,den520d.map,PIBT,1,53369,404,208,1000,den520d-random-20.scen
260,den520d.map,PIBTOLD,1,53957,404,166,1000,den520d-random-20.scen
300,den520d.map,PIBT,1,62232,404,240,0,den520d-random-20.scen
300,den520d.map,PIBTOLD,1,62232,404,204,0,den520d-random-20.scen
300,den520d.map,PIBT,1,62202,404,237,1,den520d-random-20.scen
300,den520d.map,PIBTOLD,1,62232,404,212,1,den520d-random-20.scen
300,den520d.map,PIBT,1,62153,404,238,10,den520d-random-20.scen
300,den520d.map,PIBTOLD,1,62232,404,201,10,den520d-random-20.scen
300,den520d.map,PIBT,1,62153,404,245,100,den520d-random-20.scen
300,den520d.map,PIBTOLD,1,62232,404,197,100,den520d-random-20.scen
300,den520d.map,PIBT,1,62153,404,245,1000,den520d-random-20.scen
300,den520d.map,PIBTOLD,1,62232,404,202,1000,den520d-random-20.scen
340,den520d.map,PIBT,1,71562,404,275,0,den520d-random-20.scen
340,den520d.map,PIBTOLD,1,71562,404,210,0,den520d-random-20.scen
340,den520d.map,PIBT,1,70829,404,277,1,den520d-random-20.scen
340,den520d.map,PIBTOLD,1,71562,404,240,1,den520d-random-20.scen
340,den520d.map,PIBT,1,70601,408,261,10,den520d-random-20.scen
340,den520d.map,PIBTOLD,1,71562,404,241,10,den520d-random-20.scen
340,den520d.map,PIBT,1,70601,408,272,100,den520d-random-20.scen
340,den520d.map,PIBTOLD,1,71562,404,224,100,den520d-random-20.scen
340,den520d.map,PIBT,1,70601,408,284,1000,den520d-random-20.scen
340,den520d.map,PIBTOLD,1,71562,404,222,1000,den520d-random-20.scen
380,den520d.map,PIBT,1,80144,404,312,0,den520d-random-20.scen
380,den520d.map,PIBTOLD,1,80144,404,268,0,den520d-random-20.scen
380,den520d.map,PIBT,1,79178,404,333,1,den520d-random-20.scen
380,den520d.map,PIBTOLD,1,80144,404,265,1,den520d-random-20.scen
380,den520d.map,PIBT,1,78934,404,338,10,den520d-random-20.scen
380,den520d.map,PIBTOLD,1,80144,404,266,10,den520d-random-20.scen
380,den520d.map,PIBT,1,78848,404,348,100,den520d-random-20.scen
380,den520d.map,PIBTOLD,1,80144,404,235,100,den520d-random-20.scen
380,den520d.map,PIBT,1,78848,404,347,1000,den520d-random-20.scen
380,den520d.map,PIBTOLD,1,80144,404,270,1000,den520d-random-20.scen
420,den520d.map,PIBT,1,90429,404,341,0,den520d-random-20.scen
420,den520d.map,PIBTOLD,1,90429,404,273,0,den520d-random-20.scen
420,den520d.map,PIBT,1,89846,404,361,1,den520d-random-20.scen
420,den520d.map,PIBTOLD,1,90429,404,264,1,den520d-random-20.scen
420,den520d.map,PIBT,1,89704,404,399,10,den520d-random-20.scen
420,den520d.map,PIBTOLD,1,90429,404,289,10,den520d-random-20.scen
420,den520d.map,PIBT,1,89758,404,860,100,den520d-random-20.scen
420,den520d.map,PIBTOLD,1,90429,404,290,100,den520d-random-20.scen
420,den520d.map,PIBT,1,89482,404,1281,1000,den520d-random-20.scen
420,den520d.map,PIBTOLD,1,90429,404,299,1000,den520d-random-20.scen
460,den520d.map,PIBT,1,99417,404,369,0,den520d-random-20.scen
460,den520d.map,PIBTOLD,1,99417,404,316,0,den520d-random-20.scen
460,den520d.map,PIBT,1,98238,410,418,1,den520d-random-20.scen
460,den520d.map,PIBTOLD,1,99417,404,323,1,den520d-random-20.scen
460,den520d.map,PIBT,1,97464,404,525,10,den520d-random-20.scen
460,den520d.map,PIBTOLD,1,99417,404,324,10,den520d-random-20.scen
460,den520d.map,PIBT,1,98034,404,997,100,den520d-random-20.scen
460,den520d.map,PIBTOLD,1,99417,404,328,100,den520d-random-20.scen
460,den520d.map,PIBT,1,98340,408,972,1000,den520d-random-20.scen
460,den520d.map,PIBTOLD,1,99417,404,343,1000,den520d-random-20.scen
500,den520d.map,PIBT,1,108455,404,443,0,den520d-random-20.scen
500,den520d.map,PIBTOLD,1,108455,404,339,0,den520d-random-20.scen
500,den520d.map,PIBT,1,106957,411,468,1,den520d-random-20.scen
500,den520d.map,PIBTOLD,1,108455,404,353,1,den520d-random-20.scen
500,den520d.map,PIBT,1,107044,404,656,10,den520d-random-20.scen
500,den520d.map,PIBTOLD,1,108455,404,347,10,den520d-random-20.scen
500,den520d.map,PIBT,1,107309,404,2194,100,den520d-random-20.scen
500,den520d.map,PIBTOLD,1,108455,404,324,100,den520d-random-20.scen
500,den520d.map,PIBT,1,107533,412,7381,1000,den520d-random-20.scen
500,den520d.map,PIBTOLD,1,108455,404,343,1000,den520d-random-20.scen
540,den520d.map,PIBT,1,116568,406,475,0,den520d-random-20.scen
540,den520d.map,PIBTOLD,1,116568,406,347,0,den520d-random-20.scen
540,den520d.map,PIBT,1,116102,407,516,1,den520d-random-20.scen
540,den520d.map,PIBTOLD,1,116568,406,389,1,den520d-random-20.scen
540,den520d.map,PIBT,1,116462,407,825,10,den520d-random-20.scen
540,den520d.map,PIBTOLD,1,116568,406,381,10,den520d-random-20.scen
540,den520d.map,PIBT,1,116573,407,2296,100,den520d-random-20.scen
540,den520d.map,PIBTOLD,1,116568,406,373,100,den520d-random-20.scen
540,den520d.map,PIBT,1,116185,405,5533,1000,den520d-random-20.scen
540,den520d.map,PIBTOLD,1,116568,406,381,1000,den520d-random-20.scen
580,den520d.map,PIBT,1,126425,405,514,0,den520d-random-20.scen
580,den520d.map,PIBTOLD,1,126425,405,416,0,den520d-random-20.scen
580,den520d.map,PIBT,1,124695,408,582,1,den520d-random-20.scen
580,den520d.map,PIBTOLD,1,126425,405,421,1,den520d-random-20.scen
580,den520d.map,PIBT,1,124562,411,863,10,den520d-random-20.scen
580,den520d.map,PIBTOLD,1,126425,405,377,10,den520d-random-20.scen
580,den520d.map,PIBT,1,125170,411,2495,100,den520d-random-20.scen
580,den520d.map,PIBTOLD,1,126425,405,393,100,den520d-random-20.scen
580,den520d.map,PIBT,1,125237,412,17328,1000,den520d-random-20.scen
580,den520d.map,PIBTOLD,1,126425,405,394,1000,den520d-random-20.scen
620,den520d.map,PIBT,1,134965,405,578,0,den520d-random-20.scen
620,den520d.map,PIBTOLD,1,134965,405,447,0,den520d-random-20.scen
620,den520d.map,PIBT,1,133661,408,647,1,den520d-random-20.scen
620,den520d.map,PIBTOLD,1,134965,405,426,1,den520d-random-20.scen
620,den520d.map,PIBT,1,133992,407,974,10,den520d-random-20.scen
620,den520d.map,PIBTOLD,1,134965,405,385,10,den520d-random-20.scen
620,den520d.map,PIBT,1,133481,406,2229,100,den520d-random-20.scen
620,den520d.map,PIBTOLD,1,134965,405,430,100,den520d-random-20.scen
620,den520d.map,PIBT,1,134354,407,22304,1000,den520d-random-20.scen
620,den520d.map,PIBTOLD,1,134965,405,423,1000,den520d-random-20.scen
660,den520d.map,PIBT,1,144580,407,608,0,den520d-random-20.scen
660,den520d.map,PIBTOLD,1,144580,407,454,0,den520d-random-20.scen
660,den520d.map,PIBT,1,142412,408,694,1,den520d-random-20.scen
660,den520d.map,PIBTOLD,1,144580,407,480,1,den520d-random-20.scen
660,den520d.map,PIBT,1,143151,406,1102,10,den520d-random-20.scen
660,den520d.map,PIBTOLD,1,144580,407,442,10,den520d-random-20.scen
660,den520d.map,PIBT,1,142658,407,3546,100,den520d-random-20.scen
660,den520d.map,PIBTOLD,1,144580,407,482,100,den520d-random-20.scen
660,den520d.map,PIBT,1,142859,406,26117,1000,den520d-random-20.scen
660,den520d.map,PIBTOLD,1,144580,407,476,1000,den520d-random-20.scen
700,den520d.map,PIBT,1,151850,405,679,0,den520d-random-20.scen
700,den520d.map,PIBTOLD,1,151850,405,512,0,den520d-random-20.scen
700,den520d.map,PIBT,1,150743,407,726,1,den520d-random-20.scen
700,den520d.map,PIBTOLD,1,151850,405,495,1,den520d-random-20.scen
700,den520d.map,PIBT,1,150411,407,1127,10,den520d-random-20.scen
700,den520d.map,PIBTOLD,1,151850,405,520,10,den520d-random-20.scen
700,den520d.map,PIBT,1,150536,405,4008,100,den520d-random-20.scen
700,den520d.map,PIBTOLD,1,151850,405,503,100,den520d-random-20.scen
700,den520d.map,PIBT,1,150483,405,26382,1000,den520d-random-20.scen
700,den520d.map,PIBTOLD,1,151850,405,494,1000,den520d-random-20.scen
740,den520d.map,PIBT,1,161627,405,697,0,den520d-random-20.scen
740,den520d.map,PIBTOLD,1,161627,405,523,0,den520d-random-20.scen
740,den520d.map,PIBT,1,161074,407,792,1,den520d-random-20.scen
740,den520d.map,PIBTOLD,1,161627,405,524,1,den520d-random-20.scen
740,den520d.map,PIBT,1,160857,408,1220,10,den520d-random-20.scen
740,den520d.map,PIBTOLD,1,161627,405,532,10,den520d-random-20.scen
740,den520d.map,PIBT,1,160808,412,5491,100,den520d-random-20.scen
740,den520d.map,PIBTOLD,1,161627,405,485,100,den520d-random-20.scen
740,den520d.map,PIBT,1,160096,405,46365,1000,den520d-random-20.scen
740,den520d.map,PIBTOLD,1,161627,405,531,1000,den520d-random-20.scen
780,den520d.map,PIBT,1,172588,405,779,0,den520d-random-20.scen
780,den520d.map,PIBTOLD,1,172588,405,607,0,den520d-random-20.scen
780,den520d.map,PIBT,1,171537,414,891,1,den520d-random-20.scen
780,den520d.map,PIBTOLD,1,172588,405,557,1,den520d-random-20.scen
780,den520d.map,PIBT,1,170648,406,1607,10,den520d-random-20.scen
780,den520d.map,PIBTOLD,1,172588,405,527,10,den520d-random-20.scen
780,den520d.map,PIBT,1,172382,408,6706,100,den520d-random-20.scen
780,den520d.map,PIBTOLD,1,172588,405,555,100,den520d-random-20.scen
20,den520d.map,PIBT,1,4336,374,15,0,den520d-random-23.scen
20,den520d.map,PIBTOLD,1,4336,374,15,0,den520d-random-23.scen
20,den520d.map,PIBT,1,4529,374,16,1,den520d-random-23.scen
20,den520d.map,PIBTOLD,1,4336,374,14,1,den520d-random-23.scen
20,den520d.map,PIBT,1,4529,374,15,10,den520d-random-23.scen
20,den520d.map,PIBTOLD,1,4336,374,14,10,den520d-random-23.scen
20,den520d.map,PIBT,1,4529,374,13,100,den520d-random-23.scen
20,den520d.map,PIBTOLD,1,4336,374,15,100,den520d-random-23.scen
20,den520d.map,PIBT,1,4529,374,13,1000,den520d-random-23.scen
20,den520d.map,PIBTOLD,1,4336,374,15,1000,den520d-random-23.scen
60,den520d.map,PIBT,1,11347,374,39,0,den520d-random-23.scen
60,den520d.map,PIBTOLD,1,11347,374,42,0,den520d-random-23.scen
60,den520d.map,PIBT,1,11591,374,44,1,den520d-random-23.scen
60,den520d.map,PIBTOLD,1,11347,374,41,1,den520d-random-23.scen
60,den520d.map,PIBT,1,11591,374,40,10,den520d-random-23.scen
60,den520d.map,PIBTOLD,1,11347,374,40,10,den520d-random-23.scen
60,den520d.map,PIBT,1,11591,374,42,100,den520d-random-23.scen
60,den520d.map,PIBTOLD,1,11347,374,39,100,den520d-random-23.scen
60,den520d.map,PIBT,1,11591,374,41,1000,den520d-random-23.scen
60,den520d.map,PIBTOLD,1,11347,374,41,1000,den520d-random-23.scen
100,den520d.map,PIBT,1,18713,375,71,0,den520d-random-23.scen
100,den520d.map,PIBTOLD,1,18713,375,62,0,den520d-random-23.scen
100,den520d.map,PIBT,1,18911,375,69,1,den520d-random-23.scen
100,den520d.map,PIBTOLD,1,18713,375,69,1,den520d-random-23.scen
100,den520d.map,PIBT,1,18911,375,73,10,den520d-random-23.scen
100,den520d.map,PIBTOLD,1,18713,375,71,10,den520d-random-23.scen
100,den520d.map,PIBT,1,18911,375,70,100,den520d-random-23.scen
100,den520d.map,PIBTOLD,1,18713,375,68,100,den520d-random-23.scen
100,den520d.map,PIBT,1,18911,375,74,1000,den520d-random-23.scen
100,den520d.map,PIBTOLD,1,18713,375,69,1000,den520d-random-23.scen
140,den520d.map,PIBT,1,26667,394,103,0,den520d-random-23.scen
140,den520d.map,PIBTOLD,1,26667,394,92,0,den520d-random-23.scen
140,den520d.map,PIBT,1,26900,394,107,1,den520d-random-23.scen
140,den520d.map,PIBTOLD,1,26667,394,95,1,den520d-random-23.scen
140,den520d.map,PIBT,1,26900,394,104,10,den520d-random-23.scen
140,den520d.map,PIBTOLD,1,26667,394,97,10,den520d-random-23.scen
140,den520d.map,PIBT,1,26900,394,108,100,den520d-random-23.scen
140,den520d.map,PIBTOLD,1,26667,394,98,100,den520d-random-23.scen
140,den520d.map,PIBT,1,26900,394,101,1000,den520d-random-23.scen
140,den520d.map,PIBTOLD,1,26667,394,95,1000,den520d-random-23.scen
180,den520d.map,PIBT,1,35887,404,126,0,den520d-random-23.scen
180,den520d.map,PIBTOLD,1,35887,404,126,0,den520d-random-23.scen
180,den520d.map,PIBT,1,35960,404,133,1,den520d-random-23.scen
180,den520d.map,PIBTOLD,1,35887,404,120,1,den520d-random-23.scen
180,den520d.map,PIBT,1,35960,404,131,10,den520d-random-23.scen
180,den520d.map,PIBTOLD,1,35887,404,125,10,den520d-random-23.scen
180,den520d.map,PIBT,1,35960,404,131,100,den520d-random-23.scen
180,den520d.map,PIBTOLD,1,35887,404,127,100,den520d-random-23.scen
180,den520d.map,PIBT,1,35960,404,128,1000,den520d-random-23.scen
180,den520d.map,PIBTOLD,1,35887,404,131,1000,den520d-random-23.scen
220,den520d.map,PIBT,1,44984,404,176,0,den520d-random-23.scen
220,den520d.map,PIBTOLD,1,44984,404,155,0,den520d-random-23.scen
220,den520d.map,PIBT,1,44378,404,172,1,den520d-random-23.scen
220,den520d.map,PIBTOLD,1,44984,404,155,1,den520d-random-23.scen
220,den520d.map,PIBT,1,44378,404,162,10,den520d-random-23.scen
220,den520d.map,PIBTOLD,1,44984,404,151,10,den520d-random-23.scen
220,den520d.map,PIBT,1,44378,404,153,100,den520d-random-23.scen
220,den520d.map,PIBTOLD,1,44984,404,160,100,den520d-random-23.scen
220,den520d.map,PIBT,1,44378,404,156,1000,den520d-random-23.scen
220,den520d.map,PIBTOLD,1,44984,404,151,1000,den520d-random-23.scen
260,den520d.map,PIBT,1,53957,404,211,0,den520d-random-23.scen
260,den520d.map,PIBTOLD,1,53957,404,178,0,den520d-random-23.scen
260,den520d.map,PIBT,1,53369,404,196,1,den520d-random-23.scen
260,den520d.map,PIBTOLD,1,53957,404,172,1,den520d-random-23.scen
260,den520d.map,PIBT,1,53369,404,193,10,den520d-random-23.scen
260,den520d.map,PIBTOLD,1,53957,404,186,10,den520d-random-23.scen
260,den520d.map,PIBT,1,53369,404,200,100,den520d-random-23.scen
260,den520d.map,PIBTOLD,1,53957,404,184,100,den520d-random-23.scen
260,den520d.map,PIBT,1,53369,404,206,1000,den520d-random-23.scen
260,den520d.map,PIBTOLD,1,53957,404,181,1000,den520d-random-23.scen
300,den520d.map,PIBT,1,62232,404,229,0,den520d-random-23.scen
300,den520d.map,PIBTOLD,1,62232,404,217,0,den520d-random-23.scen
300,den520d.map,PIBT,1,61875,404,239,1,den520d-random-23.scen
300,den520d.map,PIBTOLD,1,62232,404,214,1,den520d-random-23.scen
300,den520d.map,PIBT,1,62153,404,248,10,den520d-random-23.scen
300,den520d.map,PIBTOLD,1,62232,404,215,10,den520d-random-23.scen
300,den520d.map,PIBT,1,62153,404,248,100,den520d-random-23.scen
300,den520d.map,PIBTOLD,1,62232,404,208,100,den520d-random-23.scen
300,den520d.map,PIBT,1,62153,404,244,1000,den520d-random-23.scen
300,den520d.map,PIBTOLD,1,62232,404,210,1000,den520d-random-23.scen
340,den520d.map,PIBT,1,71562,404,269,0,den520d-random-23.scen
340,den520d.map,PIBTOLD,1,71562,404,242,0,den520d-random-23.scen
340,den520d.map,PIBT,1,70638,404,285,1,den520d-random-23.scen
340,den520d.map,PIBTOLD,1,71562,404,243,1,den520d-random-23.scen
340,den520d.map,PIBT,1,70601,408,274,10,den520d-random-23.scen
340,den520d.map,PIBTOLD,1,71562,404,238,10,den520d-random-23.scen
340,den520d.map,PIBT,1,70601,408,290,100,den520d-random-23.scen
340,den520d.map,PIBTOLD,1,71562,404,216,100,den520d-random-23.scen
340,den520d.map,PIBT,1,70601,408,291,1000,den520d-random-23.scen
340,den520d.map,PIBTOLD,1,71562,404,246,1000,den520d-random-23.scen
380,den520d.map,PIBT,1,80144,404,318,0,den520d-random-23.scen
380,den520d.map,PIBTOLD,1,80144,404,269,0,den520d-random-23.scen
380,den520d.map,PIBT,1,78769,404,299,1,den520d-random-23.scen
380,den520d.map,PIBTOLD,1,80144,404,258,1,den520d-random-23.scen
380,den520d.map,PIBT,1,79168,404,322,10,den520d-random-23.scen
380,den520d.map,PIBTOLD,1,80144,404,260,10,den520d-random-23.scen
380,den520d.map,PIBT,1,78848,404,344,100,den520d-random-23.scen
380,den520d.map,PIBTOLD,1,80144,404,260,100,den520d-random-23.scen
380,den520d.map,PIBT,1,78848,404,360,1000,den520d-random-23.scen
380,den520d.map,PIBTOLD,1,80144,404,262,1000,den520d-random-23.scen
420,den520d.map,PIBT,1,90429,404,359,0,den520d-random-23.scen
420,den520d.map,PIBTOLD,1,90429,404,297,0,den520d-random-23.scen
420,den520d.map,PIBT,1,89584,404,351,1,den520d-random-23.scen
420,den520d.map,PIBTOLD,1,90429,404,305,1,den520d-random-23.scen
420,den520d.map,PIBT,1,89478,404,406,10,den520d-random-23.scen
420,den520d.map,PIBTOLD,1,90429,404,286,10,den520d-random-23.scen
420,den520d.map,PIBT,1,89287,404,1044,100,den520d-random-23.scen
420,den520d.map,PIBTOLD,1,90429,404,290,100,den520d-random-23.scen
420,den520d.map,PIBT,1,89482,404,1285,1000,den520d-random-23.scen
420,den520d.map,PIBTOLD,1,90429,404,295,1000,den520d-random-23.scen
460,den520d.map,PIBT,1,99417,404,398,0,den520d-random-23.scen
460,den520d.map,PIBTOLD,1,99417,404,304,0,den520d-random-23.scen
460,den520d.map,PIBT,1,98642,413,429,1,den520d-random-23.scen
460,den520d.map,PIBTOLD,1,99417,404,320,1,den520d-random-23.scen
460,den520d.map,PIBT,1,98337,412,527,10,den520d-random-23.scen
460,den520d.map,PIBTOLD,1,99417,404,310,10,den520d-random-23.scen
460,den520d.map,PIBT,1,98150,407,727,100,den520d-random-23.scen
460,den520d.map,PIBTOLD,1,99417,404,331,100,den520d-random-23.scen
460,den520d.map,PIBT,1,98340,408,984,1000,den520d-random-23.scen
460,den520d.map,PIBTOLD,1,99417,404,325,1000,den520d-random-23.scen
500,den520d.map,PIBT,1,108455,404,436,0,den520d-random-23.scen
500,den520d.map,PIBTOLD,1,108455,404,363,0,den520d-random-23.scen
500,den520d.map,PIBT,1,107711,406,462,1,den520d-random-23.scen
500,den520d.map,PIBTOLD,1,108455,404,357,1,den520d-random-23.scen
500,den520d.map,PIBT,1,107155,404,602,10,den520d-random-23.scen
500,den520d.map,PIBTOLD,1,108455,404,347,10,den520d-random-23.scen
500,den520d.map,PIBT,1,107361,404,2221,100,den520d-random-23.scen
500,den520d.map,PIBTOLD,1,108455,404,322,100,den520d-random-23.scen
500,den520d.map,PIBT,1,107066,404,5261,1000,den520d-random-23.scen
500,den520d.map,PIBTOLD,1,108455,404,348,1000,den520d-random-23.scen
540,den520d.map,PIBT,1,116568,406,466,0,den520d-random-23.scen
540,den520d.map,PIBTOLD,1,116568,406,390,0,den520d-random-23.scen
540,den520d.map,PIBT,1,115651,406,524,1,den520d-random-23.scen
540,den520d.map,PIBTOLD,1,116568,406,361,1,den520d-random-23.scen
540,den520d.map,PIBT,1,116482,406,764,10,den520d-random-23.scen
540,den520d.map,PIBTOLD,1,116568,406,387,10,den520d-random-23.scen
540,den520d.map,PIBT,1,116597,405,1403,100,den520d-random-23.scen
540,den520d.map,PIBTOLD,1,116568,406,371,100,den520d-random-23.scen
540,den520d.map,PIBT,1,116238,405,20079,1000,den520d-random-23.scen
540,den520d.map,PIBTOLD,1,116568,406,380,1000,den520d-random-23.scen
580,den520d.map,PIBT,1,126425,405,523,0,den520d-random-23.scen
580,den520d.map,PIBTOLD,1,126425,405,415,0,den520d-random-23.scen
580,den520d.map,PIBT,1,124557,409,571,1,den520d-random-23.scen
580,den520d.map,PIBTOLD,1,126425,405,418,1,den520d-random-23.scen
580,den520d.map,PIBT,1,125240,411,995,10,den520d-random-23.scen
580,den520d.map,PIBTOLD,1,126425,405,412,10,den520d-random-23.scen
580,den520d.map,PIBT,1,124417,411,2840,100,den520d-random-23.scen
580,den520d.map,PIBTOLD,1,126425,405,362,100,den520d-random-23.scen
580,den520d.map,PIBT,1,124452,412,12968,1000,den520d-random-23.scen
580,den520d.map,PIBTOLD,1,126425,405,420,1000,den520d-random-23.scen
620,den520d.map,PIBT,1,134965,405,576,0,den520d-random-23.scen
620,den520d.map,PIBTOLD,1,134965,405,444,0,den520d-random-23.scen
620,den520d.map,PIBT,1,133767,410,630,1,den520d-random-23.scen
620,den520d.map,PIBTOLD,1,134965,405,429,1,den520d-random-23.scen
620,den520d.map,PIBT,1,133217,406,852,10,den520d-random-23.scen
620,den520d.map,PIBTOLD,1,134965,405,419,10,den520d-random-23.scen
620,den520d.map,PIBT,1,134228,406,2506,100,den520d-random-23.scen
620,den520d.map,PIBTOLD,1,134965,405,402,100,den520d-random-23.scen
620,den520d.map,PIBT,1,133919,406,13479,1000,den520d-random-23.scen
620,den520d.map,PIBTOLD,1,134965,405,410,1000,den520d-random-23.scen
660,den520d.map,PIBT,1,144580,407,585,0,den520d-random-23.scen
660,den520d.map,PIBTOLD,1,144580,407,485,0,den520d-random-23.scen
660,den520d.map,PIBT,1,143014,407,683,1,den520d-random-23.scen
660,den520d.map,PIBTOLD,1,144580,407,453,1,den520d-random-23.scen
660,den520d.map,PIBT,1,143851,414,1146,10,den520d-random-23.scen
660,den520d.map,PIBTOLD,1,144580,407,479,10,den520d-random-23.scen
660,den520d.map,PIBT,1,143177,407,5044,100,den520d-random-23.scen
660,den520d.map,PIBTOLD,1,144580,407,438,100,den520d-random-23.scen
660,den520d.map,PIBT,1,142603,407,19159,1000,den520d-random-23.scen
660,den520d.map,PIBTOLD,1,144580,407,451,1000,den520d-random-23.scen
700,den520d.map,PIBT,1,151850,405,657,0,den520d-random-23.scen
700,den520d.map,PIBTOLD,1,151850,405,485,0,den520d-random-23.scen
700,den520d.map,PIBT,1,151032,407,758,1,den520d-random-23.scen
700,den520d.map,PIBTOLD,1,151850,405,501,1,den520d-random-23.scen
700,den520d.map,PIBT,1,150739,405,1248,10,den520d-random-23.scen
700,den520d.map,PIBTOLD,1,151850,405,494,10,den520d-random-23.scen
700,den520d.map,PIBT,1,150092,406,4733,100,den520d-random-23.scen
700,den520d.map,PIBTOLD,1,151850,405,496,100,den520d-random-23.scen
700,den520d.map,PIBT,1,150608,405,32262,1000,den520d-random-23.scen
700,den520d.map,PIBTOLD,1,151850,405,486,1000,den520d-random-23.scen
740,den520d.map,PIBT,1,161627,405,710,0,den520d-random-23.scen
740,den520d.map,PIBTOLD,1,161627,405,518,0,den520d-random-23.scen
740,den520d.map,PIBT,1,161147,408,757,1,den520d-random-23.scen
740,den520d.map,PIBTOLD,1,161627,405,504,1,den520d-random-23.scen
740,den520d.map,PIBT,1,160690,406,1298,10,den520d-random-23.scen
740,den520d.map,PIBTOLD,1,161627,405,511,10,den520d-random-23.scen
740,den520d.map,PIBT,1,161303,407,6372,100,den520d-random-23.scen
740,den520d.map,PIBTOLD,1,161627,405,520,100,den520d-random-23.scen
740,den520d.map,PIBT,1,161754,407,49689,1000,den520d-random-23.scen
740,den520d.map,PIBTOLD,1,161627,405,530,1000,den520d-random-23.scen
780,den520d.map,PIBT,1,172588,405,730,0,den520d-random-23.scen
780,den520d.map,PIBTOLD,1,172588,405,550,0,den520d-random-23.scen
780,den520d.map,PIBT,1,171269,408,835,1,den520d-random-23.scen
780,den520d.map,PIBTOLD,1,172588,405,507,1,den520d-random-23.scen
780,den520d.map,PIBT,1,171119,410,1540,10,den520d-random-23.scen
780,den520d.map,PIBTOLD,1,172588,405,561,10,den520d-random-23.scen
780,den520d.map,PIBT,1,171370,415,6511,100,den520d-random-23.scen
780,den520d.map,PIBTOLD,1,172588,405,560,100,den520d-random-23.scen
780,den520d.map,PIBT,1,171303,412,58986,1000,den520d-random-23.scen
780,den520d.map,PIBTOLD,1,172588,405,550,1000,den520d-random-23.scen
20,den520d.map,PIBT,1,4336,374,15,0,den520d-random-7.scen
20,den520d.map,PIBTOLD,1,4336,374,14,0,den520d-random-7.scen
20,den520d.map,PIBT,1,4529,374,13,1,den520d-random-7.scen
20,den520d.map,PIBTOLD,1,4336,374,13,1,den520d-random-7.scen
20,den520d.map,PIBT,1,4529,374,16,10,den520d-random-7.scen
20,den520d.map,PIBTOLD,1,4336,374,13,10,den520d-random-7.scen
20,den520d.map,PIBT,1,4529,374,16,100,den520d-random-7.scen
20,den520d.map,PIBTOLD,1,4336,374,16,100,den520d-random-7.scen
20,den520d.map,PIBT,1,4529,374,16,1000,den520d-random-7.scen
20,den520d.map,PIBTOLD,1,4336,374,16,1000,den520d-random-7.scen
60,den520d.map,PIBT,1,11347,374,42,0,den520d-random-7.scen
60,den520d.map,PIBTOLD,1,11347,374,45,0,den520d-random-7.scen
60,den520d.map,PIBT,1,11591,374,47,1,den520d-random-7.scen
60,den520d.map,PIBTOLD,1,11347,374,42,1,den520d-random-7.scen
60,den520d.map,PIBT,1,11591,374,39,10,den520d-random-7.scen
60,den520d.map,PIBTOLD,1,11347,374,41,10,den520d-random-7.scen
60,den520d.map,PIBT,1,11591,374,45,100,den520d-random-7.scen
60,den520d.map,PIBTOLD,1,11347,374,40,100,den520d-random-7.scen
60,den520d.map,PIBT,1,11591,374,47,1000,den520d-random-7.scen
60,den520d.map,PIBTOLD,1,11347,374,44,1000,den520d-random-7.scen
100,den520d.map,PIBT,1,18713,375,69,0,den520d-random-7.scen
100,den520d.map,PIBTOLD,1,18713,375,69,0,den520d-random-7.scen
100,den520d.map,PIBT,1,18911,375,74,1,den520d-random-7.scen
100,den520d.map,PIBTOLD,1,18713,375,69,1,den520d-random-7.scen
100,den520d.map,PIBT,1,18911,375,76,10,den520d-random-7.scen
100,den520d.map,PIBTOLD,1,18713,375,67,10,den520d-random-7.scen
100,den520d.map,PIBT,1,18911,375,70,100,den520d-random-7.scen
100,den520d.map,PIBTOLD,1,18713,375,61,100,den520d-random-7.scen
100,den520d.map,PIBT,1,18911,375,75,1000,den520d-random-7.scen
100,den520d.map,PIBTOLD,1,18713,375,66,1000,den520d-random-7.scen
140,den520d.map,PIBT,1,26667,394,103,0,den520d-random-7.scen
140,den520d.map,PIBTOLD,1,26667,394,93,0,den520d-random-7.scen
140,den520d.map,PIBT,1,26900,394,100,1,den520d-random-7.scen
140,den520d.map,PIBTOLD,1,26667,394,92,1,den520d-random-7.scen
140,den520d.map,PIBT,1,26900,394,108,10,den520d-random-7.scen
140,den520d.map,PIBTOLD,1,26667,394,99,10,den520d-random-7.scen
140,den520d.map,PIBT,1,26900,394,105,100,den520d-random-7.scen
140,den520d.map,PIBTOLD,1,26667,394,99,100,den520d-random-7.scen
140,den520d.map,PIBT,1,26900,394,102,1000,den520d-random-7.scen
140,den520d.map,PIBTOLD,1,26667,394,99,1000,den520d-random-7.scen
180,den520d.map,PIBT,1,35887,404,138,0,den520d-random-7.scen
180,den520d.map,PIBTOLD,1,35887,404,126,0,den520d-random-7.scen
180,den520d.map,PIBT,1,35960,404,141,1,den520d-random-7.scen
180,den520d.map,PIBTOLD,1,35887,404,144,1,den520d-random-7.scen
180,den520d.map,PIBT,1,35960,404,132,10,den520d-random-7.scen
180,den520d.map,PIBTOLD,1,35887,404,122,10,den520d-random-7.scen
180,den520d.map,PIBT,1,35960,404,137,100,den520d-random-7.scen
180,den520d.map,PIBTOLD,1,35887,404,123,100,den520d-random-7.scen
180,den520d.map,PIBT,1,35960,404,140,1000,den520d-random-7.scen
180,den520d.map,PIBTOLD,1,35887,404,120,1000,den520d-random-7.scen
220,den520d.map,PIBT,1,44984,404,166,0,den520d-random-7.scen
220,den520d.map,PIBTOLD,1,44984,404,151,0,den520d-random-7.scen
220,den520d.map,PIBT,1,44378,404,167,1,den520d-random-7.scen
220,den520d.map,PIBTOLD,1,44984,404,142,1,den520d-random-7.scen
220,den520d.map,PIBT,1,44378,404,165,10,den520d-random-7.scen
220,den520d.map,PIBTOLD,1,44984,404,152,10,den520d-random-7.scen
220,den520d.map,PIBT,1,44378,404,175,100,den520d-random-7.scen
220,den520d.map,PIBTOLD,1,44984,404,145,100,den520d-random-7.scen
220,den520d.map,PIBT,1,44378,404,169,1000,den520d-random-7.scen
220,den520d.map,PIBTOLD,1,44984,404,149,1000,den520d-random-7.scen
260,den520d.map,PIBT,1,53957,404,207,0,den520d-random-7.scen
260,den520d.map,PIBTOLD,1,53957,404,182,0,den520d-random-7.scen
260,den520d.map,PIBT,1,53369,404,209,1,den520d-random-7.scen
260,den520d.map,PIBTOLD,1,53957,404,166,1,den520d-random-7.scen
260,den520d.map,PIBT,1,53369,404,194,10,den520d-random-7.scen
260,den520d.map,PIBTOLD,1,53957,404,184,10,den520d-random-7.scen
260,den520d.map,PIBT,1,53369,404,201,100,den520d-random-7.scen
260,den520d.map,PIBTOLD,1,53957,404,182,100,den520d-random-7.scen
260,den520d.map,PIBT,1,53369,404,206,1000,den520d-random-7.scen
260,den520d.map,PIBTOLD,1,53957,404,182,1000,den520d-random-7.scen
300,den520d.map,PIBT,1,62232,404,245,0,den520d-random-7.scen
300,den520d.map,PIBTOLD,1,62232,404,199,0,den520d-random-7.scen
300,den520d.map,PIBT,1,62367,404,239,1,den520d-random-7.scen
300,den520d.map,PIBTOLD,1,62232,404,200,1,den520d-random-7.scen
300,den520d.map,PIBT,1,62153,404,251,10,den520d-random-7.scen
300,den520d.map,PIBTOLD,1,62232,404,211,10,den520d-random-7.scen
300,den520d.map,PIBT,1,62153,404,237,100,den520d-random-7.scen
300,den520d.map,PIBTOLD,1,62232,404,206,100,den520d-random-7.scen
300,den520d.map,PIBT,1,62153,404,245,1000,den520d-random-7.scen
300,den520d.map,PIBTOLD,1,62232,404,209,1000,den520d-random-7.scen
340,den520d.map,PIBT,1,71562,404,272,0,den520d-random-7.scen
340,den520d.map,PIBTOLD,1,71562,404,246,0,den520d-random-7.scen
340,den520d.map,PIBT,1,70786,404,279,1,den520d-random-7.scen
340,den520d.map,PIBTOLD,1,71562,404,234,1,den520d-random-7.scen
340,den520d.map,PIBT,1,70601,408,282,10,den520d-random-7.scen
340,den520d.map,PIBTOLD,1,71562,404,244,10,den520d-random-7.scen
340,den520d.map,PIBT,1,70601,408,271,100,den520d-random-7.scen
340,den520d.map,PIBTOLD,1,71562,404,220,100,den520d-random-7.scen
340,den520d.map,PIBT,1,70601,408,272,1000,den520d-random-7.scen
340,den520d.map,PIBTOLD,1,71562,404,232,1000,den520d-random-7.scen
380,den520d.map,PIBT,1,80144,404,302,0,den520d-random-7.scen
380,den520d.map,PIBTOLD,1,80144,404,256,0,den520d-random-7.scen
380,den520d.map,PIBT,1,79156,404,303,1,den520d-random-7.scen
380,den520d.map,PIBTOLD,1,80144,404,268,1,den520d-random-7.scen
380,den520d.map,PIBT,1,79236,404,348,10,den520d-random-7.scen
380,den520d.map,PIBTOLD,1,80144,404,270,10,den520d-random-7.scen
380,den520d.map,PIBT,1,78848,404,347,100,den520d-random-7.scen
380,den520d.map,PIBTOLD,1,80144,404,267,100,den520d-random-7.scen
380,den520d.map,PIBT,1,78848,404,345,1000,den520d-random-7.scen
380,den520d.map,PIBTOLD,1,80144,404,258,1000,den520d-random-7.scen
420,den520d.map,PIBT,1,90429,404,359,0,den520d-random-7.scen
420,den520d.map,PIBTOLD,1,90429,404,299,0,den520d-random-7.scen
420,den520d.map,PIBT,1,89437,405,357,1,den520d-random-7.scen
420,den520d.map,PIBTOLD,1,90429,404,300,1,den520d-random-7.scen
420,den520d.map,PIBT,1,89717,404,429,10,den520d-random-7.scen
420,den520d.map,PIBTOLD,1,90429,404,290,10,den520d-random-7.scen
420,den520d.map,PIBT,1,89938,405,1146,100,den520d-random-7.scen
420,den520d.map,PIBTOLD,1,90429,404,301,100,den520d-random-7.scen
420,den520d.map,PIBT,1,89482,404,1278,1000,den520d-random-7.scen
420,den520d.map,PIBTOLD,1,90429,404,289,1000,den520d-random-7.scen
460,den520d.map,PIBT,1,99417,404,389,0,den520d-random-7.scen
460,den520d.map,PIBTOLD,1,99417,404,308,0,den520d-random-7.scen
460,den520d.map,PIBT,1,98141,405,423,1,den520d-random-7.scen
460,den520d.map,PIBTOLD,1,99417,404,323,1,den520d-random-7.scen
460,den520d.map,PIBT,1,98303,405,519,10,den520d-random-7.scen
460,den520d.map,PIBTOLD,1,99417,404,313,10,den520d-random-7.scen
460,den520d.map,PIBT,1,98324,404,775,100,den520d-random-7.scen
460,den520d.map,PIBTOLD,1,99417,404,310,100,den520d-random-7.scen
460,den520d.map,PIBT,1,98340,408,967,1000,den520d-random-7.scen
460,den520d.map,PIBTOLD,1,99417,404,303,1000,den520d-random-7.scen
500,den520d.map,PIBT,1,108455,404,419,0,den520d-random-7.scen
500,den520d.map,PIBTOLD,1,108455,404,366,0,den520d-random-7.scen
500,den520d.map,PIBT,1,107010,404,459,1,den520d-random-7.scen
500,den520d.map,PIBTOLD,1,108455,404,336,1,den520d-random-7.scen
500,den520d.map,PIBT,1,107419,406,663,10,den520d-random-7.scen
500,den520d.map,PIBTOLD,1,108455,404,312,10,den520d-random-7.scen
500,den520d.map,PIBT,1,107361,404,1566,100,den520d-random-7.scen
500,den520d.map,PIBTOLD,1,108455,404,358,100,den520d-random-7.scen
500,den520d.map,PIBT,1,107177,404,5043,1000,den520d-random-7.scen
500,den520d.map,PIBTOLD,1,108455,404,350,1000,den520d-random-7.scen
540,den520d.map,PIBT,1,116568,406,491,0,den520d-random-7.scen
540,den520d.map,PIBTOLD,1,116568,406,386,0,den520d-random-7.scen
540,den520d.map,PIBT,1,116185,416,520,1,den520d-random-7.scen
540,den520d.map,PIBTOLD,1,116568,406,364,1,den520d-random-7.scen
540,den520d.map,PIBT,1,115971,407,713,10,den520d-random-7.scen
540,den520d.map,PIBTOLD,1,116568,406,391,10,den520d-random-7.scen
540,den520d.map,PIBT,1,116333,406,2034,100,den520d-random-7.scen
540,den520d.map,PIBTOLD,1,116568,406,372,100,den520d-random-7.scen
540,den520d.map,PIBT,1,116100,405,9077,1000,den520d-random-7.scen
540,den520d.map,PIBTOLD,1,116568,406,378,1000,den520d-random-7.scen
580,den520d.map,PIBT,1,126425,405,537,0,den520d-random-7.scen
580,den520d.map,PIBTOLD,1,126425,405,388,0,den520d-random-7.scen
580,den520d.map,PIBT,1,125090,405,570,1,den520d-random-7.scen
580,den520d.map,PIBTOLD,1,126425,405,363,1,den520d-random-7.scen
580,den520d.map,PIBT,1,124971,411,822,10,den520d-random-7.scen
580,den520d.map,PIBTOLD,1,126425,405,399,10,den520d-random-7.scen
580,den520d.map,PIBT,1,124337,411,2728,100,den520d-random-7.scen
580,den520d.map,PIBTOLD,1,126425,405,369,100,den520d-random-7.scen
580,den520d.map,PIBT,1,124311,412,23586,1000,den520d-random-7.scen
580,den520d.map,PIBTOLD,1,126425,405,405,1000,den520d-random-7.scen
620,den520d.map,PIBT,1,134965,405,581,0,den520d-random-7.scen
620,den520d.map,PIBTOLD,1,134965,405,441,0,den520d-random-7.scen
620,den520d.map,PIBT,1,134476,410,631,1,den520d-random-7.scen
620,den520d.map,PIBTOLD,1,134965,405,444,1,den520d-random-7.scen
620,den520d.map,PIBT,1,133561,407,934,10,den520d-random-7.scen
620,den520d.map,PIBTOLD,1,134965,405,436,10,den520d-random-7.scen
620,den520d.map,PIBT,1,133324,408,4064,100,den520d-random-7.scen
620,den520d.map,PIBTOLD,1,134965,405,442,100,den520d-random-7.scen
620,den520d.map,PIBT,1,134119,407,25037,1000,den520d-random-7.scen
620,den520d.map,PIBTOLD,1,134965,405,437,1000,den520d-random-7.scen
660,den520d.map,PIBT,1,144580,407,637,0,den520d-random-7.scen
660,den520d.map,PIBTOLD,1,144580,407,476,0,den520d-random-7.scen
660,den520d.map,PIBT,1,143063,405,691,1,den520d-random-7.scen
660,den520d.map,PIBTOLD,1,144580,407,456,1,den520d-random-7.scen
660,den520d.map,PIBT,1,142580,415,1181,10,den520d-random-7.scen
660,den520d.map,PIBTOLD,1,144580,407,483,10,den520d-random-7.scen
660,den520d.map,PIBT,1,142419,407,3277,100,den520d-random-7.scen
660,den520d.map,PIBTOLD,1,144580,407,474,100,den520d-random-7.scen
660,den520d.map,PIBT,1,142402,414,15967,1000,den520d-random-7.scen
660,den520d.map,PIBTOLD,1,144580,407,464,1000,den520d-random-7.scen
700,den520d.map,PIBT,1,151850,405,677,0,den520d-random-7.scen
700,den520d.map,PIBTOLD,1,151850,405,459,0,den520d-random-7.scen
700,den520d.map,PIBT,1,150871,406,734,1,den520d-random-7.scen
700,den520d.map,PIBTOLD,1,151850,405,503,1,den520d-random-7.scen
700,den520d.map,PIBT,1,151020,405,1198,10,den520d-random-7.scen
700,den520d.map,PIBTOLD,1,151850,405,506,10,den520d-random-7.scen
700,den520d.map,PIBT,1,150798,407,4746,100,den520d-random-7.scen
700,den520d.map,PIBTOLD,1,151850,405,491,100,den520d-random-7.scen
700,den520d.map,PIBT,1,150237,407,19460,1000,den520d-random-7.scen
700,den520d.map,PIBTOLD,1,151850,405,506,1000,den520d-random-7.scen
740,den520d.map,PIBT,1,161627,405,704,0,den520d-random-7.scen
740,den520d.map,PIBTOLD,1,161627,405,506,0,den520d-random-7.scen
740,den520d.map,PIBT,1,160637,409,798,1,den520d-random-7.scen
740,den520d.map,PIBTOLD,1,161627,405,541,1,den520d-random-7.scen
740,den520d.map,PIBT,1,161425,412,1377,10,den520d-random-7.scen
740,den520d.map,PIBTOLD,1,161627,405,502,10,den520d-random-7.scen
740,den520d.map,PIBT,1,160499,405,6332,100,den520d-random-7.scen
740,den520d.map,PIBTOLD,1,161627,405,508,100,den520d-random-7.scen
740,den520d.map,PIBT,1,160530,405,47098,1000,den520d-random-7.scen
740,den520d.map,PIBTOLD,1,161627,405,531,1000,den520d-random-7.scen
780,den520d.map,PIBT,1,172588,405,770,0,den520d-random-7.scen
780,den520d.map,PIBTOLD,1,172588,405,539,0,den520d-random-7.scen
780,den520d.map,PIBT,1,171562,407,877,1,den520d-random-7.scen
780,den520d.map,PIBTOLD,1,172588,405,566,1,den520d-random-7.scen
780,den520d.map,PIBT,1,171767,409,1545,10,den520d-random-7.scen
780,den520d.map,PIBTOLD,1,172588,405,532,10,den520d-random-7.scen
780,den520d.map,PIBT,1,170645,412,6939,100,den520d-random-7.scen
780,den520d.map,PIBTOLD,1,172588,405,561,100,den520d-random-7.scen
20,den520d.map,PIBT,1,4336,374,16,0,den520d-random-9.scen
20,den520d.map,PIBTOLD,1,4336,374,14,0,den520d-random-9.scen
20,den520d.map,PIBT,1,4529,374,13,1,den520d-random-9.scen
20,den520d.map,PIBTOLD,1,4336,374,17,1,den520d-random-9.scen
20,den520d.map,PIBT,1,4529,374,16,10,den520d-random-9.scen
20,den520d.map,PIBTOLD,1,4336,374,14,10,den520d-random-9.scen
20,den520d.map,PIBT,1,4529,374,15,100,den520d-random-9.scen
20,den520d.map,PIBTOLD,1,4336,374,14,100,den520d-random-9.scen
20,den520d.map,PIBT,1,4529,374,16,1000,den520d-random-9.scen
20,den520d.map,PIBTOLD,1,4336,374,15,1000,den520d-random-9.scen
60,den520d.map,PIBT,1,11347,374,40,0,den520d-random-9.scen
60,den520d.map,PIBTOLD,1,11347,374,35,0,den520d-random-9.scen
60,den520d.map,PIBT,1,11591,374,44,1,den520d-random-9.scen
60,den520d.map,PIBTOLD,1,11347,374,38,1,den520d-random-9.scen
60,den520d.map,PIBT,1,11591,374,39,10,den520d-random-9.scen
60,den520d.map,PIBTOLD,1,11347,374,41,10,den520d-random-9.scen
60,den520d.map,PIBT,1,11591,374,45,100,den520d-random-9.scen
60,den520d.map,PIBTOLD,1,11347,374,40,100,den520d-random-9.scen
60,den520d.map,PIBT,1,11591,374,39,1000,den520d-random-9.scen
60,den520d.map,PIBTOLD,1,11347,374,45,1000,den520d-random-9.scen
100,den520d.map,PIBT,1,18713,375,75,0,den520d-random-9.scen
100,den520d.map,PIBTOLD,1,18713,375,69,0,den520d-random-9.scen
100,den520d.map,PIBT,1,18911,375,74,1,den520d-random-9.scen
100,den520d.map,PIBTOLD,1,18713,375,67,1,den520d-random-9.scen
100,den520d.map,PIBT,1,18911,375,69,10,den520d-random-9.scen
100,den520d.map,PIBTOLD,1,18713,375,69,10,den520d-random-9.scen
100,den520d.map,PIBT,1,18911,375,77,100,den520d-random-9.scen
100,den520d.map,PIBTOLD,1,18713,375,68,100,den520d-random-9.scen
100,den520d.map,PIBT,1,18911,375,73,1000,den520d-random-9.scen
100,den520d.map,PIBTOLD,1,18713,375,64,1000,den520d-random-9.scen
140,den520d.map,PIBT,1,26667,394,102,0,den520d-random-9.scen
140,den520d.map,PIBTOLD,1,26667,394,100,0,den520d-random-9.scen
140,den520d.map,PIBT,1,26900,394,106,1,den520d-random-9.scen
140,den520d.map,PIBTOLD,1,26667,394,91,1,den520d-random-9.scen
140,den520d.map,PIBT,1,26900,394,105,10,den520d-random-9.scen
140,den520d.map,PIBTOLD,1,26667,394,97,10,den520d-random-9.scen
140,den520d.map,PIBT,1,26900,394,108,100,den520d-random-9.scen
140,den520d.map,PIBTOLD,1,26667,394,99,100,den520d-random-9.scen
140,den520d.map,PIBT,1,26900,394,96,1000,den520d-random-9.scen
140,den520d.map,PIBTOLD,1,26667,394,96,1000,den520d-random-9.scen
180,den520d.map,PIBT,1,35887,404,139,0,den520d-random-9.scen
180,den520d.map,PIBTOLD,1,35887,404,123,0,den520d-random-9.scen
180,den520d.map,PIBT,1,35960,404,137,1,den520d-random-9.scen
180,den520d.map,PIBTOLD,1,35887,404,108,1,den520d-random-9.scen
180,den520d.map,PIBT,1,35960,404,134,10,den520d-random-9.scen
180,den520d.map,PIBTOLD,1,35887,404,122,10,den520d-random-9.scen
180,den520d.map,PIBT,1,35960,404,135,100,den520d-random-9.scen
180,den520d.map,PIBTOLD,1,35887,404,131,100,den520d-random-9.scen
180,den520d.map,PIBT,1,35960,404,135,1000,den520d-random-9.scen
180,den520d.map,PIBTOLD,1,35887,404,132,1000,den520d-random-9.scen
220,den520d.map,PIBT,1,44984,404,161,0,den520d-random-9.scen
220,den520d.map,PIBTOLD,1,44984,404,154,0,den520d-random-9.scen
220,den520d.map,PIBT,1,44378,404,168,1,den520d-random-9.scen
220,den520d.map,PIBTOLD,1,44984,404,152,1,den520d-random-9.scen
220,den520d.map,PIBT,1,44378,404,179,10,den520d-random-9.scen
220,den520d.map,PIBTOLD,1,44984,404,154,10,den520d-random-9.scen
220,den520d.map,PIBT,1,44378,404,165,100,den520d-random-9.scen
220,den520d.map,PIBTOLD,1,44984,404,147,100,den520d-random-9.scen
220,den520d.map,PIBT,1,44378,404,170,1000,den520d-random-9.scen
220,den520d.map,PIBTOLD,1,44984,404,152,1000,den520d-random-9.scen
260,den520d.map,PIBT,1,53957,404,212,0,den520d-random-9.scen
260,den520d.map,PIBTOLD,1,53957,404,184,0,den520d-random-9.scen
260,den520d.map,PIBT,1,53369,404,207,1,den520d-random-9.scen
260,den520d.map,PIBTOLD,1,53957,404,173,1,den520d-random-9.scen
260,den520d.map,PIBT,1,53369,404,191,10,den520d-random-9.scen
260,den520d.map,PIBTOLD,1,53957,404,178,10,den520d-random-9.scen
260,den520d.map,PIBT,1,53369,404,212,100,den520d-random-9.scen
260,den520d.map,PIBTOLD,1,53957,404,173,100,den520d-random-9.scen
260,den520d.map,PIBT,1,53369,404,195,1000,den520d-random-9.scen
260,den520d.map,PIBTOLD,1,53957,404,169,1000,den520d-random-9.scen
300,den520d.map,PIBT,1,62232,404,240,0,den520d-random-9.scen
300,den520d.map,PIBTOLD,1,62232,404,194,0,den520d-random-9.scen
300,den520d.map,PIBT,1,61941,404,240,1,den520d-random-9.scen
300,den520d.map,PIBTOLD,1,62232,404,217,1,den520d-random-9.scen
300,den520d.map,PIBT,1,62153,404,250,10,den520d-random-9.scen
300,den520d.map,PIBTOLD,1,62232,404,212,10,den520d-random-9.scen
300,den520d.map,PIBT,1,62153,404,282,100,den520d-random-9.scen
300,den520d.map,PIBTOLD,1,62232,404,220,100,den520d-random-9.scen
300,den520d.map,PIBT,1,62153,404,237,1000,den520d-random-9.scen
300,den520d.map,PIBTOLD,1,62232,404,199,1000,den520d-random-9.scen
340,den520d.map,PIBT,1,71562,404,278,0,den520d-random-9.scen
340,den520d.map,PIBTOLD,1,71562,404,237,0,den520d-random-9.scen
340,den520d.map,PIBT,1,70589,404,274,1,den520d-random-9.scen
340,den520d.map,PIBTOLD,1,71562,404,227,1,den520d-random-9.scen
340,den520d.map,PIBT,1,70601,408,273,10,den520d-random-9.scen
340,den520d.map,PIBTOLD,1,71562,404,217,10,den520d-random-9.scen
340,den520d.map,PIBT,1,70601,408,274,100,den520d-random-9.scen
340,den520d.map,PIBTOLD,1,71562,404,236,100,den520d-random-9.scen
340,den520d.map,PIBT,1,70601,408,281,1000,den520d-random-9.scen
340,den520d.map,PIBTOLD,1,71562,404,244,1000,den520d-random-9.scen
380,den520d.map,PIBT,1,80144,404,319,0,den520d-random-9.scen
380,den520d.map,PIBTOLD,1,80144,404,262,0,den520d-random-9.scen
380,den520d.map,PIBT,1,79320,404,314,1,den520d-random-9.scen
380,den520d.map,PIBTOLD,1,80144,404,265,1,den520d-random-9.scen
380,den520d.map,PIBT,1,78837,404,291,10,den520d-random-9.scen
380,den520d.map,PIBTOLD,1,80144,404,274,10,den520d-random-9.scen
380,den520d.map,PIBT,1,78848,404,353,100,den520d-random-9.scen
380,den520d.map,PIBTOLD,1,80144,404,269,100,den520d-random-9.scen
380,den520d.map,PIBT,1,78848,404,322,1000,den520d-random-9.scen
380,den520d.map,PIBTOLD,1,80144,404,263,1000,den520d-random-9.scen
420,den520d.map,PIBT,1,90429,404,344,0,den520d-random-9.scen
420,den520d.map,PIBTOLD,1,90429,404,293,0,den520d-random-9.scen
420,den520d.map,PIBT,1,89696,405,359,1,den520d-random-9.scen
420,den520d.map,PIBTOLD,1,90429,404,275,1,den520d-random-9.scen
420,den520d.map,PIBT,1,89619,405,413,10,den520d-random-9.scen
420,den520d.map,PIBTOLD,1,90429,404,286,10,den520d-random-9.scen
420,den520d.map,PIBT,1,89737,404,857,100,den520d-random-9.scen
420,den520d.map,PIBTOLD,1,90429,404,292,100,den520d-random-9.scen
420,den520d.map,PIBT,1,89482,404,1294,1000,den520d-random-9.scen
420,den520d.map,PIBTOLD,1,90429,404,282,1000,den520d-random-9.scen
460,den520d.map,PIBT,1,99417,404,380,0,den520d-random-9.scen
460,den520d.map,PIBTOLD,1,99417,404,364,0,den520d-random-9.scen
460,den520d.map,PIBT,1,98268,404,429,1,den520d-random-9.scen
460,den520d.map,PIBTOLD,1,99417,404,336,1,den520d-random-9.scen
460,den520d.map,PIBT,1,98676,404,514,10,den520d-random-9.scen
460,den520d.map,PIBTOLD,1,99417,404,325,10,den520d-random-9.scen
460,den520d.map,PIBT,1,97971,405,1054,100,den520d-random-9.scen
460,den520d.map,PIBTOLD,1,99417,404,320,100,den520d-random-9.scen
460,den520d.map,PIBT,1,98340,408,983,1000,den520d-random-9.scen
460,den520d.map,PIBTOLD,1,99417,404,326,1000,den520d-random-9.scen
500,den520d.map,PIBT,1,108455,404,430,0,den520d-random-9.scen
500,den520d.map,PIBTOLD,1,108455,404,357,0,den520d-random-9.scen
500,den520d.map,PIBT,1,107206,409,444,1,den520d-random-9.scen
500,den520d.map,PIBTOLD,1,108455,404,354,1,den520d-random-9.scen
500,den520d.map,PIBT,1,106811,404,732,10,den520d-random-9.scen
500,den520d.map,PIBTOLD,1,108455,404,346,10,den520d-random-9.scen
500,den520d.map,PIBT,1,106839,407,1882,100,den520d-random-9.scen
500,den520d.map,PIBTOLD,1,108455,404,330,100,den520d-random-9.scen
500,den520d.map,PIBT,1,107750,404,5229,1000,den520d-random-9.scen
500,den520d.map,PIBTOLD,1,108455,404,347,1000,den520d-random-9.scen
540,den520d.map,PIBT,1,116568,406,478,0,den520d-random-9.scen
540,den520d.map,PIBTOLD,1,116568,406,369,0,den520d-random-9.scen
540,den520d.map,PIBT,1,116280,422,542,1,den520d-random-9.scen
540,den520d.map,PIBTOLD,1,116568,406,380,1,den520d-random-9.scen
540,den520d.map,PIBT,1,116148,407,795,10,den520d-random-9.scen
540,den520d.map,PIBTOLD,1,116568,406,388,10,den520d-random-9.scen
540,den520d.map,PIBT,1,116841,405,2690,100,den520d-random-9.scen
540,den520d.map,PIBTOLD,1,116568,406,385,100,den520d-random-9.scen
540,den520d.map,PIBT,1,116509,405,13015,1000,den520d-random-9.scen
540,den520d.map,PIBTOLD,1,116568,406,373,1000,den520d-random-9.scen
580,den520d.map,PIBT,1,126425,405,515,0,den520d-random-9.scen
580,den520d.map,PIBTOLD,1,126425,405,409,0,den520d-random-9.scen
580,den520d.map,PIBT,1,124680,406,558,1,den520d-random-9.scen
580,den520d.map,PIBTOLD,1,126425,405,393,1,den520d-random-9.scen
580,den520d.map,PIBT,1,124630,411,777,10,den520d-random-9.scen
580,den520d.map,PIBTOLD,1,126425,405,396,10,den520d-random-9.scen
580,den520d.map,PIBT,1,124628,411,2017,100,den520d-random-9.scen
580,den520d.map,PIBTOLD,1,126425,405,420,100,den520d-random-9.scen
580,den520d.map,PIBT,1,124364,412,5163,1000,den520d-random-9.scen
580,den520d.map,PIBTOLD,1,126425,405,373,1000,den520d-random-9.scen
620,den520d.map,PIBT,1,134965,405,593,0,den520d-random-9.scen
620,den520d.map,PIBTOLD,1,134965,405,439,0,den520d-random-9.scen
620,den520d.map,PIBT,1,133365,414,604,1,den520d-random-9.scen
620,den520d.map,PIBTOLD,1,134965,405,449,1,den520d-random-9.scen
620,den520d.map,PIBT,1,133451,406,1000,10,den520d-random-9.scen
620,den520d.map,PIBTOLD,1,134965,405,438,10,den520d-random-9.scen
620,den520d.map,PIBT,1,134765,405,3163,100,den520d-random-9.scen
620,den520d.map,PIBTOLD,1,134965,405,444,100,den520d-random-9.scen
620,den520d.map,PIBT,1,133700,408,11492,1000,den520d-random-9.scen
620,den520d.map,PIBTOLD,1,134965,405,454,1000,den520d-random-9.scen
660,den520d.map,PIBT,1,144580,407,607,0,den520d-random-9.scen
660,den520d.map,PIBTOLD,1,144580,407,448,0,den520d-random-9.scen
660,den520d.map,PIBT,1,143558,408,731,1,den520d-random-9.scen
660,den520d.map,PIBTOLD,1,144580,407,466,1,den520d-random-9.scen
660,den520d.map,PIBT,1,142800,416,1096,10,den520d-random-9.scen
660,den520d.map,PIBTOLD,1,144580,407,430,10,den520d-random-9.scen
660,den520d.map,PIBT,1,143017,408,4108,100,den520d-random-9.scen
660,den520d.map,PIBTOLD,1,144580,407,473,100,den520d-random-9.scen
660,den520d.map,PIBT,1,143205,406,28281,1000,den520d-random-9.scen
660,den520d.map,PIBTOLD,1,144580,407,432,1000,den520d-random-9.scen
700,den520d.map,PIBT,1,151850,405,683,0,den520d-random-9.scen
700,den520d.map,PIBTOLD,1,151850,405,502,0,den520d-random-9.scen
700,den520d.map,PIBT,1,151309,406,740,1,den520d-random-9.scen
700,den520d.map,PIBTOLD,1,151850,405,508,1,den520d-random-9.scen
700,den520d.map,PIBT,1,149916,406,1150,10,den520d-random-9.scen
700,den520d.map,PIBTOLD,1,151850,405,465,10,den520d-random-9.scen
700,den520d.map,PIBT,1,151273,405,4508,100,den520d-random-9.scen
700,den520d.map,PIBTOLD,1,151850,405,488,100,den520d-random-9.scen
700,den520d.map,PIBT,1,150835,405,20847,1000,den520d-random-9.scen
700,den520d.map,PIBTOLD,1,151850,405,511,1000,den520d-random-9.scen
740,den520d.map,PIBT,1,161627,405,728,0,den520d-random-9.scen
740,den520d.map,PIBTOLD,1,161627,405,513,0,den520d-random-9.scen
740,den520d.map,PIBT,1,160857,408,802,1,den520d-random-9.scen
740,den520d.map,PIBTOLD,1,161627,405,538,1,den520d-random-9.scen
740,den520d.map,PIBT,1,160595,414,1339,10,den520d-random-9.scen
740,den520d.map,PIBTOLD,1,161627,405,522,10,den520d-random-9.scen
740,den520d.map,PIBT,1,160959,410,6644,100,den520d-random-9.scen
740,den520d.map,PIBTOLD,1,161627,405,534,100,den520d-random-9.scen
740,den520d.map,PIBT,1,161315,406,42884,1000,den520d-random-9.scen
740,den520d.map,PIBTOLD,1,161627,405,494,1000,den520d-random-9.scen
780,den520d.map,PIBT,1,172588,405,738,0,den520d-random-9.scen
780,den520d.map,PIBTOLD,1,172588,405,561,0,den520d-random-9.scen
780,den520d.map,PIBT,1,170956,409,826,1,den520d-random-9.scen
780,den520d.map,PIBTOLD,1,172588,405,561,1,den520d-random-9.scen
780,den520d.map,PIBT,1,171116,408,1415,10,den520d-random-9.scen
780,den520d.map,PIBTOLD,1,172588,405,550,10,den520d-random-9.scen
780,den520d.map,PIBT,1,171591,405,6622,100,den520d-random-9.scen
780,den520d.map,PIBTOLD,1,172588,405,554,100,den520d-random-9.scen
780,den520d.map,PIBT,1,171284,412,50050,1000,den520d-random-9.scen
780,den520d.map,PIBTOLD,1,172588,405,556,1000,den520d-random-9.scen
20,den520d.map,PIBT,1,4336,374,16,0,den520d-random-4.scen
20,den520d.map,PIBTOLD,1,4336,374,12,0,den520d-random-4.scen
20,den520d.map,PIBT,1,4529,374,14,1,den520d-random-4.scen
20,den520d.map,PIBTOLD,1,4336,374,12,1,den520d-random-4.scen
20,den520d.map,PIBT,1,4529,374,15,10,den520d-random-4.scen
20,den520d.map,PIBTOLD,1,4336,374,13,10,den520d-random-4.scen
20,den520d.map,PIBT,1,4529,374,14,100,den520d-random-4.scen
20,den520d.map,PIBTOLD,1,4336,374,14,100,den520d-random-4.scen
20,den520d.map,PIBT,1,4529,374,14,1000,den520d-random-4.scen
20,den520d.map,PIBTOLD,1,4336,374,13,1000,den520d-random-4.scen
60,den520d.map,PIBT,1,11347,374,41,0,den520d-random-4.scen
60,den520d.map,PIBTOLD,1,11347,374,44,0,den520d-random-4.scen
60,den520d.map,PIBT,1,11591,374,42,1,den520d-random-4.scen
60,den520d.map,PIBTOLD,1,11347,374,38,1,den520d-random-4.scen
60,den520d.map,PIBT,1,11591,374,41,10,den520d-random-4.scen
60,den520d.map,PIBTOLD,1,11347,374,41,10,den520d-random-4.scen
60,den520d.map,PIBT,1,11591,374,38,100,den520d-random-4.scen
60,den520d.map,PIBTOLD,1,11347,374,43,100,den520d-random-4.scen
60,den520d.map,PIBT,1,11591,374,41,1000,den520d-random-4.scen
60,den520d.map,PIBTOLD,1,11347,374,37,1000,den520d-random-4.scen
100,den520d.map,PIBT,1,18713,375,73,0,den520d-random-4.scen
100,den520d.map,PIBTOLD,1,18713,375,63,0,den520d-random-4.scen
100,den520d.map,PIBT,1,18911,375,68,1,den520d-random-4.scen
100,den520d.map,PIBTOLD,1,18713,375,67,1,den520d-random-4.scen
100,den520d.map,PIBT,1,18911,375,69,10,den520d-random-4.scen
100,den520d.map,PIBTOLD,1,18713,375,60,10,den520d-random-4.scen
100,den520d.map,PIBT,1,18911,375,66,100,den520d-random-4.scen
100,den520d.map,PIBTOLD,1,18713,375,63,100,den520d-random-4.scen
100,den520d.map,PIBT,1,18911,375,67,1000,den520d-random-4.scen
100,den520d.map,PIBTOLD,1,18713,375,68,1000,den520d-random-4.scen
140,den520d.map,PIBT,1,26667,394,102,0,den520d-random-4.scen
140,den520d.map,PIBTOLD,1,26667,394,92,0,den520d-random-4.scen
140,den520d.map,PIBT,1,26900,394,104,1,den520d-random-4.scen
140,den520d.map,PIBTOLD,1,26667,394,97,1,den520d-random-4.scen
140,den520d.map,PIBT,1,26900,394,95,10,den520d-random-4.scen
140,den520d.map,PIBTOLD,1,26667,394,90,10,den520d-random-4.scen
140,den520d.map,PIBT,1,26900,394,101,100,den520d-random-4.scen
140,den520d.map,PIBTOLD,1,26667,394,98,100,den520d-random-4.scen
140,den520d.map,PIBT,1,26900,394,102,1000,den520d-random-4.scen
140,den520d.map,PIBTOLD,1,26667,394,101,1000,den520d-random-4.scen
180,den520d.map,PIBT,1,35887,404,127,0,den520d-random-4.scen
180,den520d.map,PIBTOLD,1,35887,404,113,0,den520d-random-4.scen
180,den520d.map,PIBT,1,35960,404,131,1,den520d-random-4.scen
180,den520d.map,PIBTOLD,1,35887,404,123,1,den520d-random-4.scen
180,den520d.map,PIBT,1,35960,404,133,10,den520d-random-4.scen
180,den520d.map,PIBTOLD,1,35887,404,124,10,den520d-random-4.scen
180,den520d.map,PIBT,1,35960,404,133,100,den520d-random-4.scen
180,den520d.map,PIBTOLD,1,35887,404,122,100,den520d-random-4.scen
180,den520d.map,PIBT,1,35960,404,135,1000,den520d-random-4.scen
180,den520d.map,PIBTOLD,1,35887,404,119,1000,den520d-random-4.scen
220,den520d.map,PIBT,1,44984,404,158,0,den520d-random-4.scen
220,den520d.map,PIBTOLD,1,44984,404,154,0,den520d-random-4.scen
220,den520d.map,PIBT,1,44378,404,159,1,den520d-random-4.scen
220,den520d.map,PIBTOLD,1,44984,404,133,1,den520d-random-4.scen
220,den520d.map,PIBT,1,44378,404,178,10,den520d-random-4.scen
220,den520d.map,PIBTOLD,1,44984,404,146,10,den520d-random-4.scen
220,den520d.map,PIBT,1,44378,404,153,100,den520d-random-4.scen
220,den520d.map,PIBTOLD,1,44984,404,152,100,den520d-random-4.scen
220,den520d.map,PIBT,1,44378,404,171,1000,den520d-random-4.scen
220,den520d.map,PIBTOLD,1,44984,404,153,1000,den520d-random-4.scen
260,den520d.map,PIBT,1,53957,404,205,0,den520d-random-4.scen
260,den520d.map,PIBTOLD,1,53957,404,171,0,den520d-random-4.scen
260,den520d.map,PIBT,1,53369,404,199,1,den520d-random-4.scen
260,den520d.map,PIBTOLD,1,53957,404,177,1,den520d-random-4.scen
260,den520d.map,PIBT,1,53369,404,207,10,den520d-random-4.scen
260,den520d.map,PIBTOLD,1,53957,404,175,10,den520d-random-4.scen
260,den520d.map,PIBT,1,53369,404,195,100,den520d-random-4.scen
260,den520d.map,PIBTOLD,1,53957,404,172,100,den520d-random-4.scen
260,den520d.map,PIBT,1,53369,404,204,1000,den520d-random-4.scen
260,den520d.map,PIBTOLD,1,53957,404,158,1000,den520d-random-4.scen
300,den520d.map,PIBT,1,62232,404,223,0,den520d-random-4.scen
300,den520d.map,PIBTOLD,1,62232,404,209,0,den520d-random-4.scen
300,den520d.map,PIBT,1,61934,404,237,1,den520d-random-4.scen
300,den520d.map,PIBTOLD,1,62232,404,213,1,den520d-random-4.scen
300,den520d.map,PIBT,1,62153,404,245,10,den520d-random-4.scen
300,den520d.map,PIBTOLD,1,62232,404,210,10,den520d-random-4.scen
300,den520d.map,PIBT,1,62153,404,245,100,den520d-random-4.scen
300,den520d.map,PIBTOLD,1,62232,404,208,100,den520d-random-4.scen
300,den520d.map,PIBT,1,62153,404,230,1000,den520d-random-4.scen
300,den520d.map,PIBTOLD,1,62232,404,200,1000,den520d-random-4.scen
340,den520d.map,PIBT,1,71562,404,247,0,den520d-random-4.scen
340,den520d.map,PIBTOLD,1,71562,404,214,0,den520d-random-4.scen
340,den520d.map,PIBT,1,70473,404,284,1,den520d-random-4.scen
340,den520d.map,PIBTOLD,1,71562,404,228,1,den520d-random-4.scen
340,den520d.map,PIBT,1,70601,408,271,10,den520d-random-4.scen
340,den520d.map,PIBTOLD,1,71562,404,230,10,den520d-random-4.scen
340,den520d.map,PIBT,1,70601,408,285,100,den520d-random-4.scen
340,den520d.map,PIBTOLD,1,71562,404,223,100,den520d-random-4.scen
340,den520d.map,PIBT,1,70601,408,266,1000,den520d-random-4.scen
340,den520d.map,PIBTOLD,1,71562,404,234,1000,den520d-random-4.scen
380,den520d.map,PIBT,1,80144,404,317,0,den520d-random-4.scen
380,den520d.map,PIBTOLD,1,80144,404,265,0,den520d-random-4.scen
380,den520d.map,PIBT,1,78775,404,320,1,den520d-random-4.scen
380,den520d.map,PIBTOLD,1,80144,404,246,1,den520d-random-4.scen
380,den520d.map,PIBT,1,78988,404,372,10,den520d-random-4.scen
380,den520d.map,PIBTOLD,1,80144,404,268,10,den520d-random-4.scen
380,den520d.map,PIBT,1,78848,404,352,100,den520d-random-4.scen
380,den520d.map,PIBTOLD,1,80144,404,267,100,den520d-random-4.scen
380,den520d.map,PIBT,1,78848,404,345,1000,den520d-random-4.scen
380,den520d.map,PIBTOLD,1,80144,404,269,1000,den520d-random-4.scen
420,den520d.map,PIBT,1,90429,404,360,0,den520d-random-4.scen
420,den520d.map,PIBTOLD,1,90429,404,284,0,den520d-random-4.scen
420,den520d.map,PIBT,1,89913,404,370,1,den520d-random-4.scen
420,den520d.map,PIBTOLD,1,90429,404,303,1,den520d-random-4.scen
420,den520d.map,PIBT,1,89505,404,432,10,den520d-random-4.scen
420,den520d.map,PIBTOLD,1,90429,404,302,10,den520d-random-4.scen
420,den520d.map,PIBT,1,89513,404,783,100,den520d-random-4.scen
420,den520d.map,PIBTOLD,1,90429,404,283,100,den520d-random-4.scen
420,den520d.map,PIBT,1,89482,404,1290,1000,den520d-random-4.scen
420,den520d.map,PIBTOLD,1,90429,404,263,1000,den520d-random-4.scen
460,den520d.map,PIBT,1,99417,404,393,0,den520d-random-4.scen
460,den520d.map,PIBTOLD,1,99417,404,327,0,den520d-random-4.scen
460,den520d.map,PIBT,1,98382,404,432,1,den520d-random-4.scen
460,den520d.map,PIBTOLD,1,99417,404,306,1,den520d-random-4.scen
460,den520d.map,PIBT,1,98226,405,475,10,den520d-random-4.scen
460,den520d.map,PIBTOLD,1,99417,404,326,10,den520d-random-4.scen
460,den520d.map,PIBT,1,97668,404,961,100,den520d-random-4.scen
460,den520d.map,PIBTOLD,1,99417,404,313,100,den520d-random-4.scen
460,den520d.map,PIBT,1,98340,408,970,1000,den520d-random-4.scen
460,den520d.map,PIBTOLD,1,99417,404,326,1000,den520d-random-4.scen
500,den520d.map,PIBT,1,108455,404,450,0,den520d-random-4.scen
500,den520d.map,PIBTOLD,1,108455,404,340,0,den520d-random-4.scen
500,den520d.map,PIBT,1,107642,404,481,1,den520d-random-4.scen
500,den520d.map,PIBTOLD,1,108455,404,338,1,den520d-random-4.scen
500,den520d.map,PIBT,1,107395,406,660,10,den520d-random-4.scen
500,den520d.map,PIBTOLD,1,108455,404,353,10,den520d-random-4.scen
500,den520d.map,PIBT,1,107032,404,2270,100,den520d-random-4.scen
500,den520d.map,PIBTOLD,1,108455,404,356,100,den520d-random-4.scen
500,den520d.map,PIBT,1,107176,406,3244,1000,den520d-random-4.scen
500,den520d.map,PIBTOLD,1,108455,404,355,1000,den520d-random-4.scen
540,den520d.map,PIBT,1,116568,406,455,0,den520d-random-4.scen
540,den520d.map,PIBTOLD,1,116568,406,377,0,den520d-random-4.scen
540,den520d.map,PIBT,1,116129,408,535,1,den520d-random-4.scen
540,den520d.map,PIBTOLD,1,116568,406,374,1,den520d-random-4.scen
540,den520d.map,PIBT,1,116303,418,700,10,den520d-random-4.scen
540,den520d.map,PIBTOLD,1,116568,406,382,10,den520d-random-4.scen
540,den520d.map,PIBT,1,115954,405,2516,100,den520d-random-4.scen
540,den520d.map,PIBTOLD,1,116568,406,392,100,den520d-random-4.scen
540,den520d.map,PIBT,1,116124,406,16360,1000,den520d-random-4.scen
540,den520d.map,PIBTOLD,1,116568,406,350,1000,den520d-random-4.scen
580,den520d.map,PIBT,1,126425,405,520,0,den520d-random-4.scen
580,den520d.map,PIBTOLD,1,126425,405,406,0,den520d-random-4.scen
580,den520d.map,PIBT,1,125508,409,587,1,den520d-random-4.scen
580,den520d.map,PIBTOLD,1,126425,405,409,1,den520d-random-4.scen
580,den520d.map,PIBT,1,124351,411,832,10,den520d-random-4.scen
580,den520d.map,PIBTOLD,1,126425,405,412,10,den520d-random-4.scen
580,den520d.map,PIBT,1,125093,412,3195,100,den520d-random-4.scen
580,den520d.map,PIBTOLD,1,126425,405,412,100,den520d-random-4.scen
580,den520d.map,PIBT,1,124213,411,10394,1000,den520d-random-4.scen
580,den520d.map,PIBTOLD,1,126425,405,417,1000,den520d-random-4.scen
620,den520d.map,PIBT,1,134965,405,575,0,den520d-random-4.scen
620,den520d.map,PIBTOLD,1,134965,405,393,0,den520d-random-4.scen
620,den520d.map,PIBT,1,133937,407,637,1,den520d-random-4.scen
620,den520d.map,PIBTOLD,1,134965,405,432,1,den520d-random-4.scen
620,den520d.map,PIBT,1,133554,407,816,10,den520d-random-4.scen
620,den520d.map,PIBTOLD,1,134965,405,439,10,den520d-random-4.scen
620,den520d.map,PIBT,1,133794,410,2457,100,den520d-random-4.scen
620,den520d.map,PIBTOLD,1,134965,405,406,100,den520d-random-4.scen
620,den520d.map,PIBT,1,134170,406,20366,1000,den520d-random-4.scen
620,den520d.map,PIBTOLD,1,134965,405,432,1000,den520d-random-4.scen
660,den520d.map,PIBT,1,144580,407,613,0,den520d-random-4.scen
660,den520d.map,PIBTOLD,1,144580,407,474,0,den520d-random-4.scen
660,den520d.map,PIBT,1,142614,406,697,1,den520d-random-4.scen
660,den520d.map,PIBTOLD,1,144580,407,473,1,den520d-random-4.scen
660,den520d.map,PIBT,1,142059,409,1080,10,den520d-random-4.scen
660,den520d.map,PIBTOLD,1,144580,407,466,10,den520d-random-4.scen
660,den520d.map,PIBT,1,142321,406,4805,100,den520d-random-4.scen
660,den520d.map,PIBTOLD,1,144580,407,463,100,den520d-random-4.scen
660,den520d.map,PIBT,1,141968,408,21619,1000,den520d-random-4.scen
660,den520d.map,PIBTOLD,1,144580,407,471,1000,den520d-random-4.scen
700,den520d.map,PIBT,1,151850,405,693,0,den520d-random-4.scen
700,den520d.map,PIBTOLD,1,151850,405,499,0,den520d-random-4.scen
700,den520d.map,PIBT,1,151096,405,757,1,den520d-random-4.scen
700,den520d.map,PIBTOLD,1,151850,405,520,1,den520d-random-4.scen
700,den520d.map,PIBT,1,151888,405,1359,10,den520d-random-4.scen
700,den520d.map,PIBTOLD,1,151850,405,455,10,den520d-random-4.scen
700,den520d.map,PIBT,1,150997,413,5505,100,den520d-random-4.scen
700,den520d.map,PIBTOLD,1,151850,405,489,100,den520d-random-4.scen
700,den520d.map,PIBT,1,150558,405,23330,1000,den520d-random-4.scen
700,den520d.map,PIBTOLD,1,151850,405,496,1000,den520d-random-4.scen
740,den520d.map,PIBT,1,161627,405,715,0,den520d-random-4.scen
740,den520d.map,PIBTOLD,1,161627,405,519,0,den520d-random-4.scen
740,den520d.map,PIBT,1,159553,406,778,1,den520d-random-4.scen
740,den520d.map,PIBTOLD,1,161627,405,511,1,den520d-random-4.scen
740,den520d.map,PIBT,1,160868,407,1452,10,den520d-random-4.scen
740,den520d.map,PIBTOLD,1,161627,405,540,10,den520d-random-4.scen
740,den520d.map,PIBT,1,161064,409,5597,100,den520d-random-4.scen
740,den520d.map,PIBTOLD,1,161627,405,494,100,den520d-random-4.scen
740,den520d.map,PIBT,1,160781,405,46796,1000,den520d-random-4.scen
740,den520d.map,PIBTOLD,1,161627,405,510,1000,den520d-random-4.scen
780,den520d.map,PIBT,1,172588,405,773,0,den520d-random-4.scen
780,den520d.map,PIBTOLD,1,172588,405,517,0,den520d-random-4.scen
780,den520d.map,PIBT,1,171941,409,863,1,den520d-random-4.scen
780,den520d.map,PIBTOLD,1,172588,405,526,1,den520d-random-4.scen
780,den520d.map,PIBT,1,170721,410,1414,10,den520d-random-4.scen
780,den520d.map,PIBTOLD,1,172588,405,545,10,den520d-random-4.scen
780,den520d.map,PIBT,1,171404,410,6632,100,den520d-random-4.scen
780,den520d.map,PIBTOLD,1,172588,405,556,100,den520d-random-4.scen
780,den520d.map,PIBT,1,170891,413,51359,1000,den520d-random-4.scen
780,den520d.map,PIBTOLD,1,172588,405,555,1000,den520d-random-4.scen
20,den520d.map,PIBT,1,4336,374,14,0,den520d-random-5.scen
20,den520d.map,PIBTOLD,1,4336,374,14,0,den520d-random-5.scen
20,den520d.map,PIBT,1,4529,374,14,1,den520d-random-5.scen
20,den520d.map,PIBTOLD,1,4336,374,16,1,den520d-random-5.scen
20,den520d.map,PIBT,1,4529,374,13,10,den520d-random-5.scen
20,den520d.map,PIBTOLD,1,4336,374,15,10,den520d-random-5.scen
20,den520d.map,PIBT,1,4529,374,16,100,den520d-random-5.scen
20,den520d.map,PIBTOLD,1,4336,374,15,100,den520d-random-5.scen
20,den520d.map,PIBT,1,4529,374,14,1000,den520d-random-5.scen
20,den520d.map,PIBTOLD,1,4336,374,15,1000,den520d-random-5.scen
60,den520d.map,PIBT,1,11347,374,42,0,den520d-random-5.scen
60,den520d.map,PIBTOLD,1,11347,374,37,0,den520d-random-5.scen
60,den520d.map,PIBT,1,11591,374,41,1,den520d-random-5.scen
60,den520d.map,PIBTOLD,1,11347,374,41,1,den520d-random-5.scen
60,den520d.map,PIBT,1,11591,374,44,10,den520d-random-5.scen
60,den520d.map,PIBTOLD,1,11347,374,36,10,den520d-random-5.scen
60,den520d.map,PIBT,1,11591,374,43,100,den520d-random-5.scen
60,den520d.map,PIBTOLD,1,11347,374,43,100,den520d-random-5.scen
60,den520d.map,PIBT,1,11591,374,43,1000,den520d-random-5.scen
60,den520d.map,PIBTOLD,1,11347,374,43,1000,den520d-random-5.scen
100,den520d.map,PIBT,1,18713,375,77,0,den520d-random-5.scen
100,den520d.map,PIBTOLD,1,18713,375,64,0,den520d-random-5.scen
100,den520d.map,PIBT,1,18911,375,64,1,den520d-random-5.scen
100,den520d.map,PIBTOLD,1,18713,375,68,1,den520d-random-5.scen
100,den520d.map,PIBT,1,18911,375,75,10,den520d-random-5.scen
100,den520d.map,PIBTOLD,1,18713,375,70,10,den520d-random-5.scen
100,den520d.map,PIBT,1,18911,375,71,100,den520d-random-5.scen
100,den520d.map,PIBTOLD,1,18713,375,64,100,den520d-random-5.scen
100,den520d.map,PIBT,1,18911,375,70,1000,den520d-random-5.scen
100,den520d.map,PIBTOLD,1,18713,375,59,1000,den520d-random-5.scen
140,den520d.map,PIBT,1,26667,394,100,0,den520d-random-5.scen
140,den520d.map,PIBTOLD,1,26667,394,98,0,den520d-random-5.scen
140,den520d.map,PIBT,1,26900,394,93,1,den520d-random-5.scen
140,den520d.map,PIBTOLD,1,26667,394,94,1,den520d-random-5.scen
140,den520d.map,PIBT,1,26900,394,102,10,den520d-random-5.scen
140,den520d.map,PIBTOLD,1,26667,394,106,10,den520d-random-5.scen
140,den520d.map,PIBT,1,26900,394,101,100,den520d-random-5.scen
140,den520d.map,PIBTOLD,1,26667,394,98,100,den520d-random-5.scen
140,den520d.map,PIBT,1,26900,394,105,1000,den520d-random-5.scen
140,den520d.map,PIBTOLD,1,26667,394,87,1000,den520d-random-5.scen
180,den520d.map,PIBT,1,35887,404,127,0,den520d-random-5.scen
180,den520d.map,PIBTOLD,1,35887,404,125,0,den520d-random-5.scen
180,den520d.map,PIBT,1,35960,404,132,1,den520d-random-5.scen
180,den520d.map,PIBTOLD,1,35887,404,114,1,den520d-random-5.scen
180,den520d.map,PIBT,1,35960,404,133,10,den520d-random-5.scen
180,den520d.map,PIBTOLD,1,35887,404,122,10,den520d-random-5.scen
180,den520d.map,PIBT,1,35960,404,134,100,den520d-random-5.scen
180,den520d.map,PIBTOLD,1,35887,404,122,100,den520d-random-5.scen
180,den520d.map,PIBT,1,35960,404,130,1000,den520d-random-5.scen
180,den520d.map,PIBTOLD,1,35887,404,127,1000,den520d-random-5.scen
220,den520d.map,PIBT,1,44984,404,173,0,den520d-random-5.scen
220,den520d.map,PIBTOLD,1,44984,404,153,0,den520d-random-5.scen
220,den520d.map,PIBT,1,44378,404,155,1,den520d-random-5.scen
220,den520d.map,PIBTOLD,1,44984,404,153,1,den520d-random-5.scen
220,den520d.map,PIBT,1,44378,404,162,10,den520d-random-5.scen
220,den520d.map,PIBTOLD,1,44984,404,158,10,den520d-random-5.scen
220,den520d.map,PIBT,1,44378,404,168,100,den520d-random-5.scen
220,den520d.map,PIBTOLD,1,44984,404,141,100,den520d-random-5.scen
220,den520d.map,PIBT,1,44378,404,169,1000,den520d-random-5.scen
220,den520d.map,PIBTOLD,1,44984,404,153,1000,den520d-random-5.scen
260,den520d.map,PIBT,1,53957,404,201,0,den520d-random-5.scen
260,den520d.map,PIBTOLD,1,53957,404,169,0,den520d-random-5.scen
260,den520d.map,PIBT,1,53369,404,198,1,den520d-random-5.scen
260,den520d.map,PIBTOLD,1,53957,404,181,1,den520d-random-5.scen
260,den520d.map,PIBT,1,53369,404,206,10,den520d-random-5.scen
260,den520d.map,PIBTOLD,1,53957,404,180,10,den520d-random-5.scen
260,den520d.map,PIBT,1,53369,404,195,100,den520d-random-5.scen
260,den520d.map,PIBTOLD,1,53957,404,185,100,den520d-random-5.scen
260,den520d.map,PIBT,1,53369,404,195,1000,den520d-random-5.scen
260,den520d.map,PIBTOLD,1,53957,404,172,1000,den520d-random-5.scen
300,den520d.map,PIBT,1,62232,404,236,0,den520d-random-5.scen
300,den520d.map,PIBTOLD,1,62232,404,204,0,den520d-random-5.scen
300,den520d.map,PIBT,1,61893,404,245,1,den520d-random-5.scen
300,den520d.map,PIBTOLD,1,62232,404,201,1,den520d-random-5.scen
300,den520d.map,PIBT,1,62153,404,236,10,den520d-random-5.scen
300,den520d.map,PIBTOLD,1,62232,404,204,10,den520d-random-5.scen
300,den520d.map,PIBT,1,62153,404,235,100,den520d-random-5.scen
300,den520d.map,PIBTOLD,1,62232,404,209,100,den520d-random-5.scen
300,den520d.map,PIBT,1,62153,404,238,1000,den520d-random-5.scen
300,den520d.map,PIBTOLD,1,62232,404,207,1000,den520d-random-5.scen
340,den520d.map,PIBT,1,71562,404,279,0,den520d-random-5.scen
340,den520d.map,PIBTOLD,1,71562,404,239,0,den520d-random-5.scen
340,den520d.map,PIBT,1,70605,404,293,1,den520d-random-5.scen
340,den520d.map,PIBTOLD,1,71562,404,230,1,den520d-random-5.scen
340,den520d.map,PIBT,1,70601,408,280,10,den520d-random-5.scen
340,den520d.map,PIBTOLD,1,71562,404,237,10,den520d-random-5.scen
340,den520d.map,PIBT,1,70601,408,282,100,den520d-random-5.scen
340,den520d.map,PIBTOLD,1,71562,404,209,100,den520d-random-5.scen
340,den520d.map,PIBT,1,70601,408,271,1000,den520d-random-5.scen
340,den520d.map,PIBTOLD,1,71562,404,242,1000,den520d-random-5.scen
380,den520d.map,PIBT,1,80144,404,303,0,den520d-random-5.scen
380,den520d.map,PIBTOLD,1,80144,404,273,0,den520d-random-5.scen
380,den520d.map,PIBT,1,78830,404,328,1,den520d-random-5.scen
380,den520d.map,PIBTOLD,1,80144,404,265,1,den520d-random-5.scen
380,den520d.map,PIBT,1,79421,404,353,10,den520d-random-5.scen
380,den520d.map,PIBTOLD,1,80144,404,260,10,den520d-random-5.scen
380,den520d.map,PIBT,1,78848,404,332,100,den520d-random-5.scen
380,den520d.map,PIBTOLD,1,80144,404,260,100,den520d-random-5.scen
380,den520d.map,PIBT,1,78848,404,339,1000,den520d-random-5.scen
380,den520d.map,PIBTOLD,1,80144,404,266,1000,den520d-random-5.scen
420,den520d.map,PIBT,1,90429,404,357,0,den520d-random-5.scen
420,den520d.map,PIBTOLD,1,90429,404,269,0,den520d-random-5.scen
420,den520d.map,PIBT,1,89647,404,358,1,den520d-random-5.scen
420,den520d.map,PIBTOLD,1,90429,404,285,1,den520d-random-5.scen
420,den520d.map,PIBT,1,89346,404,385,10,den520d-random-5.scen
420,den520d.map,PIBTOLD,1,90429,404,270,10,den520d-random-5.scen
420,den520d.map,PIBT,1,89879,404,1212,100,den520d-random-5.scen
420,den520d.map,PIBTOLD,1,90429,404,296,100,den520d-random-5.scen
420,den520d.map,PIBT,1,89482,404,1311,1000,den520d-random-5.scen
420,den520d.map,PIBTOLD,1,90429,404,301,1000,den520d-random-5.scen
460,den520d.map,PIBT,1,99417,404,396,0,den520d-random-5.scen
460,den520d.map,PIBTOLD,1,99417,404,300,0,den520d-random-5.scen
460,den520d.map,PIBT,1,98484,406,406,1,den520d-random-5.scen
460,den520d.map,PIBTOLD,1,99417,404,319,1,den520d-random-5.scen
460,den520d.map,PIBT,1,98521,404,492,10,den520d-random-5.scen
460,den520d.map,PIBTOLD,1,99417,404,321,10,den520d-random-5.scen
460,den520d.map,PIBT,1,98306,408,890,100,den520d-random-5.scen
460,den520d.map,PIBTOLD,1,99417,404,298,100,den520d-random-5.scen
460,den520d.map,PIBT,1,98340,408,977,1000,den520d-random-5.scen
460,den520d.map,PIBTOLD,1,99417,404,290,1000,den520d-random-5.scen
500,den520d.map,PIBT,1,108455,404,445,0,den520d-random-5.scen
500,den520d.map,PIBTOLD,1,108455,404,348,0,den520d-random-5.scen
500,den520d.map,PIBT,1,107342,406,481,1,den520d-random-5.scen
500,den520d.map,PIBTOLD,1,108455,404,345,1,den520d-random-5.scen
500,den520d.map,PIBT,1,106788,408,653,10,den520d-random-5.scen
500,den520d.map,PIBTOLD,1,108455,404,355,10,den520d-random-5.scen
500,den520d.map,PIBT,1,107617,404,1673,100,den520d-random-5.scen
500,den520d.map,PIBTOLD,1,108455,404,352,100,den520d-random-5.scen
500,den520d.map,PIBT,1,106876,404,6801,1000,den520d-random-5.scen
500,den520d.map,PIBTOLD,1,108455,404,365,1000,den520d-random-5.scen
540,den520d.map,PIBT,1,116568,406,467,0,den520d-random-5.scen
540,den520d.map,PIBTOLD,1,116568,406,393,0,den520d-random-5.scen
540,den520d.map,PIBT,1,116137,413,534,1,den520d-random-5.scen
540,den520d.map,PIBTOLD,1,116568,406,384,1,den520d-random-5.scen
540,den520d.map,PIBT,1,116031,407,779,10,den520d-random-5.scen
540,den520d.map,PIBTOLD,1,116568,406,381,10,den520d-random-5.scen
540,den520d.map,PIBT,1,116156,405,3337,100,den520d-random-5.scen
540,den520d.map,PIBTOLD,1,116568,406,363,100,den520d-random-5.scen
540,den520d.map,PIBT,1,115928,405,5474,1000,den520d-random-5.scen
540,den520d.map,PIBTOLD,1,116568,406,350,1000,den520d-random-5.scen
580,den520d.map,PIBT,1,126425,405,529,0,den520d-random-5.scen
580,den520d.map,PIBTOLD,1,126425,405,405,0,den520d-random-5.scen
580,den520d.map,PIBT,1,124506,408,566,1,den520d-random-5.scen
580,den520d.map,PIBTOLD,1,126425,405,419,1,den520d-random-5.scen
580,den520d.map,PIBT,1,124741,412,934,10,den520d-random-5.scen
580,den520d.map,PIBTOLD,1,126425,405,391,10,den520d-random-5.scen
580,den520d.map,PIBT,1,125710,411,3833,100,den520d-random-5.scen
580,den520d.map,PIBTOLD,1,126425,405,407,100,den520d-random-5.scen
580,den520d.map,PIBT,1,124501,411,14022,1000,den520d-random-5.scen
580,den520d.map,PIBTOLD,1,126425,405,392,1000,den520d-random-5.scen
620,den520d.map,PIBT,1,134965,405,562,0,den520d-random-5.scen
620,den520d.map,PIBTOLD,1,134965,405,443,0,den520d-random-5.scen
620,den520d.map,PIBT,1,133994,407,626,1,den520d-random-5.scen
620,den520d.map,PIBTOLD,1,134965,405,417,1,den520d-random-5.scen
620,den520d.map,PIBT,1,133790,409,899,10,den520d-random-5.scen
620,den520d.map,PIBTOLD,1,134965,405,435,10,den520d-random-5.scen
620,den520d.map,PIBT,1,133417,406,3572,100,den520d-random-5.scen
620,den520d.map,PIBTOLD,1,134965,405,425,100,den520d-random-5.scen
620,den520d.map,PIBT,1,133434,405,20747,1000,den520d-random-5.scen
620,den520d.map,PIBTOLD,1,134965,405,401,1000,den520d-random-5.scen
660,den520d.map,PIBT,1,144580,407,631,0,den520d-random-5.scen
660,den520d.map,PIBTOLD,1,144580,407,460,0,den520d-random-5.scen
660,den520d.map,PIBT,1,143234,408,678,1,den520d-random-5.scen
660,den520d.map,PIBTOLD,1,144580,407,456,1,den520d-random-5.scen
660,den520d.map,PIBT,1,143244,410,1062,10,den520d-random-5.scen
660,den520d.map,PIBTOLD,1,144580,407,477,10,den520d-random-5.scen
660,den520d.map,PIBT,1,143583,407,4410,100,den520d-random-5.scen
660,den520d.map,PIBTOLD,1,144580,407,476,100,den520d-random-5.scen
660,den520d.map,PIBT,1,143172,406,20219,1000,den520d-random-5.scen
660,den520d.map,PIBTOLD,1,144580,407,475,1000,den520d-random-5.scen
700,den520d.map,PIBT,1,151850,405,648,0,den520d-random-5.scen
700,den520d.map,PIBTOLD,1,151850,405,503,0,den520d-random-5.scen
700,den520d.map,PIBT,1,151205,408,744,1,den520d-random-5.scen
700,den520d.map,PIBTOLD,1,151850,405,482,1,den520d-random-5.scen
700,den520d.map,PIBT,1,149722,408,1075,10,den520d-random-5.scen
700,den520d.map,PIBTOLD,1,151850,405,447,10,den520d-random-5.scen
700,den520d.map,PIBT,1,149844,405,3593,100,den520d-random-5.scen
700,den520d.map,PIBTOLD,1,151850,405,472,100,den520d-random-5.scen
700,den520d.map,PIBT,1,150921,405,30219,1000,den520d-random-5.scen
700,den520d.map,PIBTOLD,1,151850,405,513,1000,den520d-random-5.scen
740,den520d.map,PIBT,1,161627,405,728,0,den520d-random-5.scen
740,den520d.map,PIBTOLD,1,161627,405,486,0,den520d-random-5.scen
740,den520d.map,PIBT,1,160531,407,803,1,den520d-random-5.scen
740,den520d.map,PIBTOLD,1,161627,405,489,1,den520d-random-5.scen
740,den520d.map,PIBT,1,160837,412,1422,10,den520d-random-5.scen
740,den520d.map,PIBTOLD,1,161627,405,514,10,den520d-random-5.scen
740,den520d.map,PIBT,1,160898,408,5426,100,den520d-random-5.scen
740,den520d.map,PIBTOLD,1,161627,405,506,100,den520d-random-5.scen
740,den520d.map,PIBT,1,161251,405,49191,1000,den520d-random-5.scen
740,den520d.map,PIBTOLD,1,161627,405,538,1000,den520d-random-5.scen
780,den520d.map,PIBT,1,172588,405,781,0,den520d-random-5.scen
780,den520d.map,PIBTOLD,1,172588,405,562,0,den520d-random-5.scen
780,den520d.map,PIBT,1,172203,409,872,1,den520d-random-5.scen
780,den520d.map,PIBTOLD,1,172588,405,549,1,den520d-random-5.scen
780,den520d.map,PIBT,1,171962,410,1448,10,den520d-random-5.scen
780,den520d.map,PIBTOLD,1,172588,405,568,10,den520d-random-5.scen
780,den520d.map,PIBT,1,170430,408,6240,100,den520d-random-5.scen
780,den520d.map,PIBTOLD,1,172588,405,549,100,den520d-random-5.scen
780,den520d.map,PIBT,1,170786,412,55805,1000,den520d-random-5.scen
780,den520d.map,PIBTOLD,1,172588,405,555,1000,den520d-random-5.scen
20,den520d.map,PIBT,1,4336,374,16,0,den520d-random-16.scen
20,den520d.map,PIBTOLD,1,4336,374,17,0,den520d-random-16.scen
20,den520d.map,PIBT,1,4529,374,13,1,den520d-random-16.scen
20,den520d.map,PIBTOLD,1,4336,374,14,1,den520d-random-16.scen
20,den520d.map,PIBT,1,4529,374,13,10,den520d-random-16.scen
20,den520d.map,PIBTOLD,1,4336,374,15,10,den520d-random-16.scen
20,den520d.map,PIBT,1,4529,374,17,100,den520d-random-16.scen
20,den520d.map,PIBTOLD,1,4336,374,17,100,den520d-random-16.scen
20,den520d.map,PIBT,1,4529,374,16,1000,den520d-random-16.scen
20,den520d.map,PIBTOLD,1,4336,374,16,1000,den520d-random-16.scen
60,den520d.map,PIBT,1,11347,374,44,0,den520d-random-16.scen
60,den520d.map,PIBTOLD,1,11347,374,38,0,den520d-random-16.scen
60,den520d.map,PIBT,1,11591,374,46,1,den520d-random-16.scen
60,den520d.map,PIBTOLD,1,11347,374,34,1,den520d-random-16.scen
60,den520d.map,PIBT,1,11591,374,35,10,den520d-random-16.scen
60,den520d.map,PIBTOLD,1,11347,374,38,10,den520d-random-16.scen
60,den520d.map,PIBT,1,11591,374,40,100,den520d-random-16.scen
60,den520d.map,PIBTOLD,1,11347,374,42,100,den520d-random-16.scen
60,den520d.map,PIBT,1,11591,374,46,1000,den520d-random-16.scen
60,den520d.map,PIBTOLD,1,11347,374,37,1000,den520d-random-16.scen
100,den520d.map,PIBT,1,18713,375,72,0,den520d-random-16.scen
100,den520d.map,PIBTOLD,1,18713,375,68,0,den520d-random-16.scen
100,den520d.map,PIBT,1,18911,375,68,1,den520d-random-16.scen
100,den520d.map,PIBTOLD,1,18713,375,66,1,den520d-random-16.scen
100,den520d.map,PIBT,1,18911,375,68,10,den520d-random-16.scen
100,den520d.map,PIBTOLD,1,18713,375,63,10,den520d-random-16.scen
100,den520d.map,PIBT,1,18911,375,77,100,den520d-random-16.scen
100,den520d.map,PIBTOLD,1,18713,375,66,100,den520d-random-16.scen
100,den520d.map,PIBT,1,18911,375,70,1000,den520d-random-16.scen
100,den520d.map,PIBTOLD,1,18713,375,66,1000,den520d-random-16.scen
140,den520d.map,PIBT,1,26667,394,97,0,den520d-random-16.scen
140,den520d.map,PIBTOLD,1,26667,394,96,0,den520d-random-16.scen
140,den520d.map,PIBT,1,26900,394,104,1,den520d-random-16.scen
140,den520d.map,PIBTOLD,1,26667,394,97,1,den520d-random-16.scen
140,den520d.map,PIBT,1,26900,394,98,10,den520d-random-16.scen
140,den520d.map,PIBTOLD,1,26667,394,99,10,den520d-random-16.scen
140,den520d.map,PIBT,1,26900,394,105,100,den520d-random-16.scen
140,den520d.map,PIBTOLD,1,26667,394,89,100,den520d-random-16.scen
140,den520d.map,PIBT,1,26900,394,103,1000,den520d-random-16.scen
140,den520d.map,PIBTOLD,1,26667,394,94,1000,den520d-random-16.scen
180,den520d.map,PIBT,1,35887,404,138,0,den520d-random-16.scen
180,den520d.map,PIBTOLD,1,35887,404,122,0,den520d-random-16.scen
180,den520d.map,PIBT,1,35960,404,137,1,den520d-random-16.scen
180,den520d.map,PIBTOLD,1,35887,404,115,1,den520d-random-16.scen
180,den520d.map,PIBT,1,35960,404,132,10,den520d-random-16.scen
180,den520d.map,PIBTOLD,1,35887,404,122,10,den520d-random-16.scen
180,den520d.map,PIBT,1,35960,404,134,100,den520d-random-16.scen
180,den520d.map,PIBTOLD,1,35887,404,123,100,den520d-random-16.scen
180,den520d.map,PIBT,1,35960,404,127,1000,den520d-random-16.scen
180,den520d.map,PIBTOLD,1,35887,404,123,1000,den520d-random-16.scen
220,den520d.map,PIBT,1,44984,404,161,0,den520d-random-16.scen
220,den520d.map,PIBTOLD,1,44984,404,146,0,den520d-random-16.scen
220,den520d.map,PIBT,1,44378,404,167,1,den520d-random-16.scen
220,den520d.map,PIBTOLD,1,44984,404,144,1,den520d-random-16.scen
220,den520d.map,PIBT,1,44378,404,164,10,den520d-random-16.scen
220,den520d.map,PIBTOLD,1,44984,404,155,10,den520d-random-16.scen
220,den520d.map,PIBT,1,44378,404,164,100,den520d-random-16.scen
220,den520d.map,PIBTOLD,1,44984,404,150,100,den520d-random-16.scen
220,den520d.map,PIBT,1,44378,404,166,1000,den520d-random-16.scen
220,den520d.map,PIBTOLD,1,44984,404,147,1000,den520d-random-16.scen
260,den520d.map,PIBT,1,53957,404,188,0,den520d-random-16.scen
260,den520d.map,PIBTOLD,1,53957,404,157,0,den520d-random-16.scen
260,den520d.map,PIBT,1,53369,404,199,1,den520d-random-16.scen
260,den520d.map,PIBTOLD,1,53957,404,172,1,den520d-random-16.scen
260,den520d.map,PIBT,1,53369,404,206,10,den520d-random-16.scen
260,den520d.map,PIBTOLD,1,53957,404,178,10,den520d-random-16.scen
260,den520d.map,PIBT,1,53369,404,208,100,den520d-random-16.scen
260,den520d.map,PIBTOLD,1,53957,404,181,100,den520d-random-16.scen
260,den520d.map,PIBT,1,53369,404,204,1000,den520d-random-16.scen
260,den520d.map,PIBTOLD,1,53957,404,172,1000,den520d-random-16.scen
300,den520d.map,PIBT,1,62232,404,236,0,den520d-random-16.scen
300,den520d.map,PIBTOLD,1,62232,404,209,0,den520d-random-16.scen
300,den520d.map,PIBT,1,62067,404,234,1,den520d-random-16.scen
300,den520d.map,PIBTOLD,1,62232,404,210,1,den520d-random-16.scen
300,den520d.map,PIBT,1,62153,404,246,10,den520d-random-16.scen
300,den520d.map,PIBTOLD,1,62232,404,209,10,den520d-random-16.scen
300,den520d.map,PIBT,1,62153,404,243,100,den520d-random-16.scen
300,den520d.map,PIBTOLD,1,62232,404,214,100,den520d-random-16.scen
300,den520d.map,PIBT,1,62153,404,254,1000,den520d-random-16.scen
300,den520d.map,PIBTOLD,1,62232,404,212,1000,den520d-random-16.scen
340,den520d.map,PIBT,1,71562,404,262,0,den520d-random-16.scen
340,den520d.map,PIBTOLD,1,71562,404,233,0,den520d-random-16.scen
340,den520d.map,PIBT,1,70428,404,284,1,den520d-random-16.scen
340,den520d.map,PIBTOLD,1,71562,404,235,1,den520d-random-16.scen
340,den520d.map,PIBT,1,70601,408,273,10,den520d-random-16.scen
340,den520d.map,PIBTOLD,1,71562,404,231,10,den520d-random-16.scen
340,den520d.map,PIBT,1,70601,408,276,100,den520d-random-16.scen
340,den520d.map,PIBTOLD,1,71562,404,224,100,den520d-random-16.scen
340,den520d.map,PIBT,1,70601,408,275,1000,den520d-random-16.scen
340,den520d.map,PIBTOLD,1,71562,404,244,1000,den520d-random-16.scen
380,den520d.map,PIBT,1,80144,404,309,0,den520d-random-16.scen
380,den520d.map,PIBTOLD,1,80144,404,277,0,den520d-random-16.scen
380,den520d.map,PIBT,1,78932,404,339,1,den520d-random-16.scen
380,den520d.map,PIBTOLD,1,80144,404,256,1,den520d-random-16.scen
380,den520d.map,PIBT,1,79239,404,347,10,den520d-random-16.scen
380,den520d.map,PIBTOLD,1,80144,404,263,10,den520d-random-16.scen
380,den520d.map,PIBT,1,78848,404,345,100,den520d-random-16.scen
380,den520d.map,PIBTOLD,1,80144,404,266,100,den520d-random-16.scen
380,den520d.map,PIBT,1,78848,404,347,1000,den520d-random-16.scen
380,den520d.map,PIBTOLD,1,80144,404,245,1000,den520d-random-16.scen
420,den520d.map,PIBT,1,90429,404,350,0,den520d-random-16.scen
420,den520d.map,PIBTOLD,1,90429,404,299,0,den520d-random-16.scen
420,den520d.map,PIBT,1,89492,404,364,1,den520d-random-16.scen
420,den520d.map,PIBTOLD,1,90429,404,287,1,den520d-random-16.scen
420,den520d.map,PIBT,1,89534,404,420,10,den520d-random-16.scen
420,den520d.map,PIBTOLD,1,90429,404,293,10,den520d-random-16.scen
420,den520d.map,PIBT,1,89509,407,1328,100,den520d-random-16.scen
420,den520d.map,PIBTOLD,1,90429,404,297,100,den520d-random-16.scen
420,den520d.map,PIBT,1,89482,404,1302,1000,den520d-random-16.scen
420,den520d.map,PIBTOLD,1,90429,404,286,1000,den520d-random-16.scen
460,den520d.map,PIBT,1,99417,404,395,0,den520d-random-16.scen
460,den520d.map,PIBTOLD,1,99417,404,327,0,den520d-random-16.scen
460,den520d.map,PIBT,1,98379,404,422,1,den520d-random-16.scen
460,den520d.map,PIBTOLD,1,99417,404,321,1,den520d-random-16.scen
460,den520d.map,PIBT,1,97676,404,458,10,den520d-random-16.scen
460,den520d.map,PIBTOLD,1,99417,404,323,10,den520d-random-16.scen
460,den520d.map,PIBT,1,98368,404,1108,100,den520d-random-16.scen
460,den520d.map,PIBTOLD,1,99417,404,337,100,den520d-random-16.scen
460,den520d.map,PIBT,1,98340,408,942,1000,den520d-random-16.scen
460,den520d.map,PIBTOLD,1,99417,404,329,1000,den520d-random-16.scen
500,den520d.map,PIBT,1,108455,404,448,0,den520d-random-16.scen
500,den520d.map,PIBTOLD,1,108455,404,339,0,den520d-random-16.scen
500,den520d.map,PIBT,1,107228,404,474,1,den520d-random-16.scen
500,den520d.map,PIBTOLD,1,108455,404,336,1,den520d-random-16.scen
500,den520d.map,PIBT,1,107088,404,716,10,den520d-random-16.scen
500,den520d.map,PIBTOLD,1,108455,404,334,10,den520d-random-16.scen
500,den520d.map,PIBT,1,107404,404,2190,100,den520d-random-16.scen
500,den520d.map,PIBTOLD,1,108455,404,319,100,den520d-random-16.scen
500,den520d.map,PIBT,1,107574,405,2703,1000,den520d-random-16.scen
500,den520d.map,PIBTOLD,1,108455,404,343,1000,den520d-random-16.scen
540,den520d.map,PIBT,1,116568,406,478,0,den520d-random-16.scen
540,den520d.map,PIBTOLD,1,116568,406,334,0,den520d-random-16.scen
540,den520d.map,PIBT,1,116191,406,535,1,den520d-random-16.scen
540,den520d.map,PIBTOLD,1,116568,406,321,1,den520d-random-16.scen
540,den520d.map,PIBT,1,116475,405,801,10,den520d-random-16.scen
540,den520d.map,PIBTOLD,1,116568,406,383,10,den520d-random-16.scen
540,den520d.map,PIBT,1,115855,407,2051,100,den520d-random-16.scen
540,den520d.map,PIBTOLD,1,116568,406,378,100,den520d-random-16.scen
540,den520d.map,PIBT,1,115609,405,13822,1000,den520d-random-16.scen
540,den520d.map,PIBTOLD,1,116568,406,385,1000,den520d-random-16.scen
580,den520d.map,PIBT,1,126425,405,531,0,den520d-random-16.scen
580,den520d.map,PIBTOLD,1,126425,405,411,0,den520d-random-16.scen
580,den520d.map,PIBT,1,125203,411,558,1,den520d-random-16.scen
580,den520d.map,PIBTOLD,1,126425,405,351,1,den520d-random-16.scen
580,den520d.map,PIBT,1,124915,411,768,10,den520d-random-16.scen
580,den520d.map,PIBTOLD,1,126425,405,409,10,den520d-random-16.scen
580,den520d.map,PIBT,1,125209,411,2489,100,den520d-random-16.scen
580,den520d.map,PIBTOLD,1,126425,405,406,100,den520d-random-16.scen
580,den520d.map,PIBT,1,124651,411,14009,1000,den520d-random-16.scen
580,den520d.map,PIBTOLD,1,126425,405,402,1000,den520d-random-16.scen
620,den520d.map,PIBT,1,134965,405,544,0,den520d-random-16.scen
620,den520d.map,PIBTOLD,1,134965,405,441,0,den520d-random-16.scen
620,den520d.map,PIBT,1,133755,409,643,1,den520d-random-16.scen
620,den520d.map,PIBTOLD,1,134965,405,419,1,den520d-random-16.scen
620,den520d.map,PIBT,1,133961,406,1037,10,den520d-random-16.scen
620,den520d.map,PIBTOLD,1,134965,405,408,10,den520d-random-16.scen
620,den520d.map,PIBT,1,133773,405,2694,100,den520d-random-16.scen
620,den520d.map,PIBTOLD,1,134965,405,428,100,den520d-random-16.scen
620,den520d.map,PIBT,1,133959,405,16975,1000,den520d-random-16.scen
620,den520d.map,PIBTOLD,1,134965,405,422,1000,den520d-random-16.scen
660,den520d.map,PIBT,1,144580,407,619,0,den520d-random-16.scen
660,den520d.map,PIBTOLD,1,144580,407,463,0,den520d-random-16.scen
660,den520d.map,PIBT,1,143275,406,650,1,den520d-random-16.scen
660,den520d.map,PIBTOLD,1,144580,407,477,1,den520d-random-16.scen
660,den520d.map,PIBT,1,142784,407,1017,10,den520d-random-16.scen
660,den520d.map,PIBTOLD,1,144580,407,471,10,den520d-random-16.scen
660,den520d.map,PIBT,1,142748,416,4693,100,den520d-random-16.scen
660,den520d.map,PIBTOLD,1,144580,407,476,100,den520d-random-16.scen
660,den520d.map,PIBT,1,142678,406,22506,1000,den520d-random-16.scen
660,den520d.map,PIBTOLD,1,144580,407,468,1000,den520d-random-16.scen
700,den520d.map,PIBT,1,151850,405,664,0,den520d-random-16.scen
700,den520d.map,PIBTOLD,1,151850,405,481,0,den520d-random-16.scen
700,den520d.map,PIBT,1,150801,405,725,1,den520d-random-16.scen
700,den520d.map,PIBTOLD,1,151850,405,484,1,den520d-random-16.scen
700,den520d.map,PIBT,1,151024,406,1181,10,den520d-random-16.scen
700,den520d.map,PIBTOLD,1,151850,405,455,10,den520d-random-16.scen
700,den520d.map,PIBT,1,150414,405,4477,100,den520d-random-16.scen
700,den520d.map,PIBTOLD,1,151850,405,494,100,den520d-random-16.scen
700,den520d.map,PIBT,1,150088,407,19798,1000,den520d-random-16.scen
700,den520d.map,PIBTOLD,1,151850,405,509,1000,den520d-random-16.scen
740,den520d.map,PIBT,1,161627,405,745,0,den520d-random-16.scen
740,den520d.map,PIBTOLD,1,161627,405,530,0,den520d-random-16.scen
740,den520d.map,PIBT,1,160735,407,804,1,den520d-random-16.scen
740,den520d.map,PIBTOLD,1,161627,405,524,1,den520d-random-16.scen
740,den520d.map,PIBT,1,160248,405,1340,10,den520d-random-16.scen
740,den520d.map,PIBTOLD,1,161627,405,516,10,den520d-random-16.scen
740,den520d.map,PIBT,1,160640,406,5520,100,den520d-random-16.scen
740,den520d.map,PIBTOLD,1,161627,405,534,100,den520d-random-16.scen
740,den520d.map,PIBT,1,161027,405,41468,1000,den520d-random-16.scen
740,den520d.map,PIBTOLD,1,161627,405,505,1000,den520d-random-16.scen
780,den520d.map,PIBT,1,172588,405,738,0,den520d-random-16.scen
780,den520d.map,PIBTOLD,1,172588,405,559,0,den520d-random-16.scen
780,den520d.map,PIBT,1,170606,411,881,1,den520d-random-16.scen
780,den520d.map,PIBTOLD,1,172588,405,544,1,den520d-random-16.scen
780,den520d.map,PIBT,1,171639,407,1589,10,den520d-random-16.scen
780,den520d.map,PIBTOLD,1,172588,405,562,10,den520d-random-16.scen
780,den520d.map,PIBT,1,171210,411,7371,100,den520d-random-16.scen
780,den520d.map,PIBTOLD,1,172588,405,534,100,den520d-random-16.scen
780,den520d.map,PIBT,1,171248,413,56446,1000,den520d-random-16.scen
780,den520d.map,PIBTOLD,1,172588,405,545,1000,den520d-random-16.scen
20,den520d.map,PIBT,1,4336,374,15,0,den520d-random-14.scen
20,den520d.map,PIBTOLD,1,4336,374,17,0,den520d-random-14.scen
20,den520d.map,PIBT,1,4529,374,13,1,den520d-random-14.scen
20,den520d.map,PIBTOLD,1,4336,374,16,1,den520d-random-14.scen
20,den520d.map,PIBT,1,4529,374,16,10,den520d-random-14.scen
20,den520d.map,PIBTOLD,1,4336,374,13,10,den520d-random-14.scen
20,den520d.map,PIBT,1,4529,374,14,100,den520d-random-14.scen
20,den520d.map,PIBTOLD,1,4336,374,14,100,den520d-random-14.scen
20,den520d.map,PIBT,1,4529,374,14,1000,den520d-random-14.scen
20,den520d.map,PIBTOLD,1,4336,374,14,1000,den520d-random-14.scen
60,den520d.map,PIBT,1,11347,374,36,0,den520d-random-14.scen
60,den520d.map,PIBTOLD,1,11347,374,44,0,den520d-random-14.scen
60,den520d.map,PIBT,1,11591,374,44,1,den520d-random-14.scen
60,den520d.map,PIBTOLD,1,11347,374,45,1,den520d-random-14.scen
60,den520d.map,PIBT,1,11591,374,41,10,den520d-random-14.scen
60,den520d.map,PIBTOLD,1,11347,374,43,10,den520d-random-14.scen
60,den520d.map,PIBT,1,11591,374,37,100,den520d-random-14.scen
60,den520d.map,PIBTOLD,1,11347,374,36,100,den520d-random-14.scen
60,den520d.map,PIBT,1,11591,374,43,1000,den520d-random-14.scen
60,den520d.map,PIBTOLD,1,11347,374,43,1000,den520d-random-14.scen
100,den520d.map,PIBT,1,18713,375,74,0,den520d-random-14.scen
100,den520d.map,PIBTOLD,1,18713,375,73,0,den520d-random-14.scen
100,den520d.map,PIBT,1,18911,375,69,1,den520d-random-14.scen
100,den520d.map,PIBTOLD,1,18713,375,67,1,den520d-random-14.scen
100,den520d.map,PIBT,1,18911,375,74,10,den520d-random-14.scen
100,den520d.map,PIBTOLD,1,18713,375,73,10,den520d-random-14.scen
100,den520d.map,PIBT,1,18911,375,70,100,den520d-random-14.scen
100,den520d.map,PIBTOLD,1,18713,375,66,100,den520d-random-14.scen
100,den520d.map,PIBT,1,18911,375,77,1000,den520d-random-14.scen
100,den520d.map,PIBTOLD,1,18713,375,65,1000,den520d-random-14.scen
140,den520d.map,PIBT,1,26667,394,105,0,den520d-random-14.scen
140,den520d.map,PIBTOLD,1,26667,394,98,0,den520d-random-14.scen
140,den520d.map,PIBT,1,26900,394,109,1,den520d-random-14.scen
140,den520d.map,PIBTOLD,1,26667,394,87,1,den520d-random-14.scen
140,den520d.map,PIBT,1,26900,394,104,10,den520d-random-14.scen
140,den520d.map,PIBTOLD,1,26667,394,96,10,den520d-random-14.scen
140,den520d.map,PIBT,1,26900,394,100,100,den520d-random-14.scen
140,den520d.map,PIBTOLD,1,26667,394,99,100,den520d-random-14.scen
140,den520d.map,PIBT,1,26900,394,102,1000,den520d-random-14.scen
140,den520d.map,PIBTOLD,1,26667,394,95,1000,den520d-random-14.scen
180,den520d.map,PIBT,1,35887,404,133,0,den520d-random-14.scen
180,den520d.map,PIBTOLD,1,35887,404,124,0,den520d-random-14.scen
180,den520d.map,PIBT,1,35960,404,140,1,den520d-random-14.scen
180,den520d.map,PIBTOLD,1,35887,404,115,1,den520d-random-14.scen
180,den520d.map,PIBT,1,35960,404,135,10,den520d-random-14.scen
180,den520d.map,PIBTOLD,1,35887,404,123,10,den520d-random-14.scen
180,den520d.map,PIBT,1,35960,404,141,100,den520d-random-14.scen
180,den520d.map,PIBTOLD,1,35887,404,112,100,den520d-random-14.scen
180,den520d.map,PIBT,1,35960,404,135,1000,den520d-random-14.scen
180,den520d.map,PIBTOLD,1,35887,404,118,1000,den520d-random-14.scen
220,den520d.map,PIBT,1,44984,404,164,0,den520d-random-14.scen
220,den520d.map,PIBTOLD,1,44984,404,156,0,den520d-random-14.scen
220,den520d.map,PIBT,1,44378,404,166,1,den520d-random-14.scen
220,den520d.map,PIBTOLD,1,44984,404,138,1,den520d-random-14.scen
220,den520d.map,PIBT,1,44378,404,173,10,den520d-random-14.scen
220,den520d.map,PIBTOLD,1,44984,404,154,10,den520d-random-14.scen
220,den520d.map,PIBT,1,44378,404,165,100,den520d-random-14.scen
220,den520d.map,PIBTOLD,1,44984,404,154,100,den520d-random-14.scen
220,den520d.map,PIBT,1,44378,404,176,1000,den520d-random-14.scen
220,den520d.map,PIBTOLD,1,44984,404,147,1000,den520d-random-14.scen
260,den520d.map,PIBT,1,53957,404,195,0,den520d-random-14.scen
260,den520d.map,PIBTOLD,1,53957,404,177,0,den520d-random-14.scen
260,den520d.map,PIBT,1,53369,404,211,1,den520d-random-14.scen
260,den520d.map,PIBTOLD,1,53957,404,180,1,den520d-random-14.scen
260,den520d.map,PIBT,1,53369,404,202,10,den520d-random-14.scen
260,den520d.map,PIBTOLD,1,53957,404,178,10,den520d-random-14.scen
260,den520d.map,PIBT,1,53369,404,209,100,den520d-random-14.scen
260,den520d.map,PIBTOLD,1,53957,404,173,100,den520d-random-14.scen
260,den520d.map,PIBT,1,53369,404,202,1000,den520d-random-14.scen
260,den520d.map,PIBTOLD,1,53957,404,178,1000,den520d-random-14.scen
300,den520d.map,PIBT,1,62232,404,231,0,den520d-random-14.scen
300,den520d.map,PIBTOLD,1,62232,404,217,0,den520d-random-14.scen
300,den520d.map,PIBT,1,62010,404,230,1,den520d-random-14.scen
300,den520d.map,PIBTOLD,1,62232,404,209,1,den520d-random-14.scen
300,den520d.map,PIBT,1,62153,404,242,10,den520d-random-14.scen
300,den520d.map,PIBTOLD,1,62232,404,197,10,den520d-random-14.scen
300,den520d.map,PIBT,1,62153,404,249,100,den520d-random-14.scen
300,den520d.map,PIBTOLD,1,62232,404,208,100,den520d-random-14.scen
300,den520d.map,PIBT,1,62153,404,228,1000,den520d-random-14.scen
300,den520d.map,PIBTOLD,1,62232,404,206,1000,den520d-random-14.scen
340,den520d.map,PIBT,1,71562,404,275,0,den520d-random-14.scen
340,den520d.map,PIBTOLD,1,71562,404,231,0,den520d-random-14.scen
340,den520d.map,PIBT,1,70492,408,278,1,den520d-random-14.scen
340,den520d.map,PIBTOLD,1,71562,404,230,1,den520d-random-14.scen
340,den520d.map,PIBT,1,70601,408,264,10,den520d-random-14.scen
340,den520d.map,PIBTOLD,1,71562,404,224,10,den520d-random-14.scen
340,den520d.map,PIBT,1,70601,408,278,100,den520d-random-14.scen
340,den520d.map,PIBTOLD,1,71562,404,230,100,den520d-random-14.scen
340,den520d.map,PIBT,1,70601,408,272,1000,den520d-random-14.scen
340,den520d.map,PIBTOLD,1,71562,404,206,1000,den520d-random-14.scen
380,den520d.map,PIBT,1,80144,404,307,0,den520d-random-14.scen
380,den520d.map,PIBTOLD,1,80144,404,253,0,den520d-random-14.scen
380,den520d.map,PIBT,1,79008,404,315,1,den520d-random-14.scen
380,den520d.map,PIBTOLD,1,80144,404,263,1,den520d-random-14.scen
380,den520d.map,PIBT,1,79501,404,337,10,den520d-random-14.scen
380,den520d.map,PIBTOLD,1,80144,404,270,10,den520d-random-14.scen
380,den520d.map,PIBT,1,78848,404,356,100,den520d-random-14.scen
380,den520d.map,PIBTOLD,1,80144,404,244,100,den520d-random-14.scen
380,den520d.map,PIBT,1,78848,404,348,1000,den520d-random-14.scen
380,den520d.map,PIBTOLD,1,80144,404,265,1000,den520d-random-14.scen
420,den520d.map,PIBT,1,90429,404,361,0,den520d-random-14.scen
420,den520d.map,PIBTOLD,1,90429,404,283,0,den520d-random-14.scen
420,den520d.map,PIBT,1,90088,404,358,1,den520d-random-14.scen
420,den520d.map,PIBTOLD,1,90429,404,311,1,den520d-random-14.scen
420,den520d.map,PIBT,1,89501,404,418,10,den520d-random-14.scen
420,den520d.map,PIBTOLD,1,90429,404,296,10,den520d-random-14.scen
420,den520d.map,PIBT,1,89499,405,739,100,den520d-random-14.scen
420,den520d.map,PIBTOLD,1,90429,404,298,100,den520d-random-14.scen
420,den520d.map,PIBT,1,89482,404,1308,1000,den520d-random-14.scen
420,den520d.map,PIBTOLD,1,90429,404,273,1000,den520d-random-14.scen
460,den520d.map,PIBT,1,99417,404,378,0,den520d-random-14.scen
460,den520d.map,PIBTOLD,1,99417,404,317,0,den520d-random-14.scen
460,den520d.map,PIBT,1,98603,404,420,1,den520d-random-14.scen
460,den520d.map,PIBTOLD,1,99417,404,317,1,den520d-random-14.scen
460,den520d.map,PIBT,1,98427,404,532,10,den520d-random-14.scen
460,den520d.map,PIBTOLD,1,99417,404,320,10,den520d-random-14.scen
460,den520d.map,PIBT,1,98460,404,993,100,den520d-random-14.scen
460,den520d.map,PIBTOLD,1,99417,404,343,100,den520d-random-14.scen
460,den520d.map,PIBT,1,98340,408,979,1000,den520d-random-14.scen
460,den520d.map,PIBTOLD,1,99417,404,325,1000,den520d-random-14.scen
500,den520d.map,PIBT,1,108455,404,454,0,den520d-random-14.scen
500,den520d.map,PIBTOLD,1,108455,404,343,0,den520d-random-14.scen
500,den520d.map,PIBT,1,106780,405,473,1,den520d-random-14.scen
500,den520d.map,PIBTOLD,1,108455,404,353,1,den520d-random-14.scen
500,den520d.map,PIBT,1,107163,409,652,10,den520d-random-14.scen
500,den520d.map,PIBTOLD,1,108455,404,319,10,den520d-random-14.scen
500,den520d.map,PIBT,1,106814,407,1674,100,den520d-random-14.scen
500,den520d.map,PIBTOLD,1,108455,404,358,100,den520d-random-14.scen
500,den520d.map,PIBT,1,107305,404,8753,1000,den520d-random-14.scen
500,den520d.map,PIBTOLD,1,108455,404,375,1000,den520d-random-14.scen
540,den520d.map,PIBT,1,116568,406,468,0,den520d-random-14.scen
540,den520d.map,PIBTOLD,1,116568,406,380,0,den520d-random-14.scen
540,den520d.map,PIBT,1,115666,408,506,1,den520d-random-14.scen
540,den520d.map,PIBTOLD,1,116568,406,396,1,den520d-random-14.scen
540,den520d.map,PIBT,1,115661,405,690,10,den520d-random-14.scen
540,den520d.map,PIBTOLD,1,116568,406,392,10,den520d-random-14.scen
540,den520d.map,PIBT,1,116499,405,1754,100,den520d-random-14.scen
540,den520d.map,PIBTOLD,1,116568,406,385,100,den520d-random-14.scen
540,den520d.map,PIBT,1,116102,406,12230,1000,den520d-random-14.scen
540,den520d.map,PIBTOLD,1,116568,406,391,1000,den520d-random-14.scen
580,den520d.map,PIBT,1,126425,405,537,0,den520d-random-14.scen
580,den520d.map,PIBTOLD,1,126425,405,419,0,den520d-random-14.scen
580,den520d.map,PIBT,1,124028,405,577,1,den520d-random-14.scen
580,den520d.map,PIBTOLD,1,126425,405,424,1,den520d-random-14.scen
580,den520d.map,PIBT,1,124645,411,953,10,den520d-random-14.scen
580,den520d.map,PIBTOLD,1,126425,405,402,10,den520d-random-14.scen
580,den520d.map,PIBT,1,124902,412,2050,100,den520d-random-14.scen
580,den520d.map,PIBTOLD,1,126425,405,405,100,den520d-random-14.scen
580,den520d.map,PIBT,1,124587,411,7891,1000,den520d-random-14.scen
580,den520d.map,PIBTOLD,1,126425,405,406,1000,den520d-random-14.scen
620,den520d.map,PIBT,1,134965,405,587,0,den520d-random-14.scen
620,den520d.map,PIBTOLD,1,134965,405,443,0,den520d-random-14.scen
620,den520d.map,PIBT,1,133166,412,653,1,den520d-random-14.scen
620,den520d.map,PIBTOLD,1,134965,405,451,1,den520d-random-14.scen
620,den520d.map,PIBT,1,133757,406,997,10,den520d-random-14.scen
620,den520d.map,PIBTOLD,1,134965,405,423,10,den520d-random-14.scen
620,den520d.map,PIBT,1,134643,405,3198,100,den520d-random-14.scen
620,den520d.map,PIBTOLD,1,134965,405,437,100,den520d-random-14.scen
620,den520d.map,PIBT,1,133595,413,25474,1000,den520d-random-14.scen
620,den520d.map,PIBTOLD,1,134965,405,404,1000,den520d-random-14.scen
660,den520d.map,PIBT,1,144580,407,607,0,den520d-random-14.scen
660,den520d.map,PIBTOLD,1,144580,407,456,0,den520d-random-14.scen
660,den520d.map,PIBT,1,142717,413,694,1,den520d-random-14.scen
660,den520d.map,PIBTOLD,1,144580,407,467,1,den520d-random-14.scen
660,den520d.map,PIBT,1,143362,407,1127,10,den520d-random-14.scen
660,den520d.map,PIBTOLD,1,144580,407,430,10,den520d-random-14.scen
660,den520d.map,PIBT,1,142789,407,3845,100,den520d-random-14.scen
660,den520d.map,PIBTOLD,1,144580,407,437,100,den520d-random-14.scen
660,den520d.map,PIBT,1,143424,406,24593,1000,den520d-random-14.scen
660,den520d.map,PIBTOLD,1,144580,407,462,1000,den520d-random-14.scen
700,den520d.map,PIBT,1,151850,405,663,0,den520d-random-14.scen
700,den520d.map,PIBTOLD,1,151850,405,480,0,den520d-random-14.scen
700,den520d.map,PIBT,1,150859,408,696,1,den520d-random-14.scen
700,den520d.map,PIBTOLD,1,151850,405,483,1,den520d-random-14.scen
700,den520d.map,PIBT,1,151150,408,1224,10,den520d-random-14.scen
700,den520d.map,PIBTOLD,1,151850,405,509,10,den520d-random-14.scen
700,den520d.map,PIBT,1,150131,405,4648,100,den520d-random-14.scen
700,den520d.map,PIBTOLD,1,151850,405,457,100,den520d-random-14.scen
700,den520d.map,PIBT,1,150139,405,20788,1000,den520d-random-14.scen
700,den520d.map,PIBTOLD,1,151850,405,500,1000,den520d-random-14.scen
740,den520d.map,PIBT,1,161627,405,717,0,den520d-random-14.scen
740,den520d.map,PIBTOLD,1,161627,405,533,0,den520d-random-14.scen
740,den520d.map,PIBT,1,160629,408,815,1,den520d-random-14.scen
740,den520d.map,PIBTOLD,1,161627,405,535,1,den520d-random-14.scen
740,den520d.map,PIBT,1,161051,408,1248,10,den520d-random-14.scen
740,den520d.map,PIBTOLD,1,161627,405,519,10,den520d-random-14.scen
740,den520d.map,PIBT,1,160434,406,5738,100,den520d-random-14.scen
740,den520d.map,PIBTOLD,1,161627,405,535,100,den520d-random-14.scen
740,den520d.map,PIBT,1,160094,405,41326,1000,den520d-random-14.scen
740,den520d.map,PIBTOLD,1,161627,405,520,1000,den520d-random-14.scen
780,den520d.map,PIBT,1,172588,405,773,0,den520d-random-14.scen
780,den520d.map,PIBTOLD,1,172588,405,556,0,den520d-random-14.scen
780,den520d.map,PIBT,1,171135,410,872,1,den520d-random-14.scen
780,den520d.map,PIBTOLD,1,172588,405,553,1,den520d-random-14.scen
780,den520d.map,PIBT,1,170819,408,1543,10,den520d-random-14.scen
780,den520d.map,PIBTOLD,1,172588,405,559,10,den520d-random-14.scen
780,den520d.map,PIBT,1,171227,405,6829,100,den520d-random-14.scen
780,den520d.map,PIBTOLD,1,172588,405,562,100,den520d-random-14.scen
780,den520d.map,PIBT,1,170447,412,58178,1000,den520d-random-14.scen
780,den520d.map,PIBTOLD,1,172588,405,542,1000,den520d-random-14.scen
20,den520d.map,PIBT,1,4336,374,16,0,den520d-random-25.scen
20,den520d.map,PIBTOLD,1,4336,374,16,0,den520d-random-25.scen
20,den520d.map,PIBT,1,4529,374,14,1,den520d-random-25.scen
20,den520d.map,PIBTOLD,1,4336,374,15,1,den520d-random-25.scen
20,den520d.map,PIBT,1,4529,374,13,10,den520d-random-25.scen
20,den520d.map,PIBTOLD,1,4336,374,14,10,den520d-random-25.scen
20,den520d.map,PIBT,1,4529,374,13,100,den520d-random-25.scen
20,den520d.map,PIBTOLD,1,4336,374,16,100,den520d-random-25.scen
20,den520d.map,PIBT,1,4529,374,13,1000,den520d-random-25.scen
20,den520d.map,PIBTOLD,1,4336,374,12,1000,den520d-random-25.scen
60,den520d.map,PIBT,1,11347,374,41,0,den520d-random-25.scen
60,den520d.map,PIBTOLD,1,11347,374,39,0,den520d-random-25.scen
60,den520d.map,PIBT,1,11591,374,45,1,den520d-random-25.scen
60,den520d.map,PIBTOLD,1,11347,374,37,1,den520d-random-25.scen
60,den520d.map,PIBT,1,11591,374,41,10,den520d-random-25.scen
60,den520d.map,PIBTOLD,1,11347,374,38,10,den520d-random-25.scen
60,den520d.map,PIBT,1,11591,374,38,100,den520d-random-25.scen
60,den520d.map,PIBTOLD,1,11347,374,45,100,den520d-random-25.scen
60,den520d.map,PIBT,1,11591,374,38,1000,den520d-random-25.scen
60,den520d.map,PIBTOLD,1,11347,374,38,1000,den520d-random-25.scen
100,den520d.map,PIBT,1,18713,375,73,0,den520d-random-25.scen
100,den520d.map,PIBTOLD,1,18713,375,68,0,den520d-random-25.scen
100,den520d.map,PIBT,1,18911,375,68,1,den520d-random-25.scen
100,den520d.map,PIBTOLD,1,18713,375,67,1,den520d-random-25.scen
100,den520d.map,PIBT,1,18911,375,75,10,den520d-random-25.scen
100,den520d.map,PIBTOLD,1,18713,375,64,10,den520d-random-25.scen
100,den520d.map,PIBT,1,18911,375,73,100,den520d-random-25.scen
100,den520d.map,PIBTOLD,1,18713,375,68,100,den520d-random-25.scen
100,den520d.map,PIBT,1,18911,375,69,1000,den520d-random-25.scen
100,den520d.map,PIBTOLD,1,18713,375,71,1000,den520d-random-25.scen
140,den520d.map,PIBT,1,26667,394,108,0,den520d-random-25.scen
140,den520d.map,PIBTOLD,1,26667,394,100,0,den520d-random-25.scen
140,den520d.map,PIBT,1,26900,394,105,1,den520d-random-25.scen
140,den520d.map,PIBTOLD,1,26667,394,97,1,den520d-random-25.scen
140,den520d.map,PIBT,1,26900,394,101,10,den520d-random-25.scen
140,den520d.map,PIBTOLD,1,26667,394,95,10,den520d-random-25.scen
140,den520d.map,PIBT,1,26900,394,90,100,den520d-random-25.scen
140,den520d.map,PIBTOLD,1,26667,394,96,100,den520d-random-25.scen
140,den520d.map,PIBT,1,26900,394,101,1000,den520d-random-25.scen
140,den520d.map,PIBTOLD,1,26667,394,95,1000,den520d-random-25.scen
180,den520d.map,PIBT,1,35887,404,137,0,den520d-random-25.scen
180,den520d.map,PIBTOLD,1,35887,404,124,0,den520d-random-25.scen
180,den520d.map,PIBT,1,35960,404,141,1,den520d-random-25.scen
180,den520d.map,PIBTOLD,1,35887,404,121,1,den520d-random-25.scen
180,den520d.map,PIBT,1,35960,404,124,10,den520d-random-25.scen
180,den520d.map,PIBTOLD,1,35887,404,125,10,den520d-random-25.scen
180,den520d.map,PIBT,1,35960,404,132,100,den520d-random-25.scen
180,den520d.map,PIBTOLD,1,35887,404,125,100,den520d-random-25.scen
180,den520d.map,PIBT,1,35960,404,138,1000,den520d-random-25.scen
180,den520d.map,PIBTOLD,1,35887,404,125,1000,den520d-random-25.scen
220,den520d.map,PIBT,1,44984,404,170,0,den520d-random-25.scen
220,den520d.map,PIBTOLD,1,44984,404,150,0,den520d-random-25.scen
220,den520d.map,PIBT,1,44378,404,170,1,den520d-random-25.scen
220,den520d.map,PIBTOLD,1,44984,404,137,1,den520d-random-25.scen
220,den520d.map,PIBT,1,44378,404,159,10,den520d-random-25.scen
220,den520d.map,PIBTOLD,1,44984,404,154,10,den520d-random-25.scen
220,den520d.map,PIBT,1,44378,404,165,100,den520d-random-25.scen
220,den520d.map,PIBTOLD,1,44984,404,148,100,den520d-random-25.scen
220,den520d.map,PIBT,1,44378,404,168,1000,den520d-random-25.scen
220,den520d.map,PIBTOLD,1,44984,404,149,1000,den520d-random-25.scen
260,den520d.map,PIBT,1,53957,404,206,0,den520d-random-25.scen
260,den520d.map,PIBTOLD,1,53957,404,173,0,den520d-random-25.scen
260,den520d.map,PIBT,1,53369,404,210,1,den520d-random-25.scen
260,den520d.map,PIBTOLD,1,53957,404,187,1,den520d-random-25.scen
260,den520d.map,PIBT,1,53369,404,203,10,den520d-random-25.scen
260,den520d.map,PIBTOLD,1,53957,404,161,10,den520d-random-25.scen
260,den520d.map,PIBT,1,53369,404,215,100,den520d-random-25.scen
260,den520d.map,PIBTOLD,1,53957,404,180,100,den520d-random-25.scen
260,den520d.map,PIBT,1,53369,404,202,1000,den520d-random-25.scen
260,den520d.map,PIBTOLD,1,53957,404,185,1000,den520d-random-25.scen
300,den520d.map,PIBT,1,62232,404,234,0,den520d-random-25.scen
300,den520d.map,PIBTOLD,1,62232,404,191,0,den520d-random-25.scen
300,den520d.map,PIBT,1,62060,404,241,1,den520d-random-25.scen
300,den520d.map,PIBTOLD,1,62232,404,190,1,den520d-random-25.scen
300,den520d.map,PIBT,1,62153,404,241,10,den520d-random-25.scen
300,den520d.map,PIBTOLD,1,62232,404,210,10,den520d-random-25.scen
300,den520d.map,PIBT,1,62153,404,243,100,den520d-random-25.scen
300,den520d.map,PIBTOLD,1,62232,404,218,100,den520d-random-25.scen
300,den520d.map,PIBT,1,62153,404,246,1000,den520d-random-25.scen
300,den520d.map,PIBTOLD,1,62232,404,214,1000,den520d-random-25.scen
340,den520d.map,PIBT,1,71562,404,268,0,den520d-random-25.scen
340,den520d.map,PIBTOLD,1,71562,404,228,0,den520d-random-25.scen
340,den520d.map,PIBT,1,70524,404,289,1,den520d-random-25.scen
340,den520d.map,PIBTOLD,1,71562,404,217,1,den520d-random-25.scen
340,den520d.map,PIBT,1,70601,408,249,10,den520d-random-25.scen
340,den520d.map,PIBTOLD,1,71562,404,220,10,den520d-random-25.scen
340,den520d.map,PIBT,1,70601,408,282,100,den520d-random-25.scen
340,den520d.map,PIBTOLD,1,71562,404,238,100,den520d-random-25.scen
340,den520d.map,PIBT,1,70601,408,265,1000,den520d-random-25.scen
340,den520d.map,PIBTOLD,1,71562,404,212,1000,den520d-random-25.scen
380,den520d.map,PIBT,1,80144,404,316,0,den520d-random-25.scen
380,den520d.map,PIBTOLD,1,80144,404,264,0,den520d-random-25.scen
380,den520d.map,PIBT,1,78578,404,345,1,den520d-random-25.scen
380,den520d.map,PIBTOLD,1,80144,404,261,1,den520d-random-25.scen
380,den520d.map,PIBT,1,78791,404,348,10,den520d-random-25.scen
380,den520d.map,PIBTOLD,1,80144,404,259,10,den520d-random-25.scen
380,den520d.map,PIBT,1,78848,404,349,100,den520d-random-25.scen
380,den520d.map,PIBTOLD,1,80144,404,263,100,den520d-random-25.scen
380,den520d.map,PIBT,1,78848,404,348,1000,den520d-random-25.scen
380,den520d.map,PIBTOLD,1,80144,404,263,1000,den520d-random-25.scen
420,den520d.map,PIBT,1,90429,404,352,0,den520d-random-25.scen
420,den520d.map,PIBTOLD,1,90429,404,293,0,den520d-random-25.scen
420,den520d.map,PIBT,1,89555,410,368,1,den520d-random-25.scen
420,den520d.map,PIBTOLD,1,90429,404,304,1,den520d-random-25.scen
420,den520d.map,PIBT,1,89161,404,453,10,den520d-random-25.scen
420,den520d.map,PIBTOLD,1,90429,404,287,10,den520d-random-25.scen
420,den520d.map,PIBT,1,89644,404,1029,100,den520d-random-25.scen
420,den520d.map,PIBTOLD,1,90429,404,291,100,den520d-random-25.scen
420,den520d.map,PIBT,1,89482,404,1282,1000,den520d-random-25.scen
420,den520d.map,PIBTOLD,1,90429,404,301,1000,den520d-random-25.scen
460,den520d.map,PIBT,1,99417,404,410,0,den520d-random-25.scen
460,den520d.map,PIBTOLD,1,99417,404,331,0,den520d-random-25.scen
460,den520d.map,PIBT,1,98460,412,419,1,den520d-random-25.scen
460,den520d.map,PIBTOLD,1,99417,404,312,1,den520d-random-25.scen
460,den520d.map,PIBT,1,98190,404,540,10,den520d-random-25.scen
460,den520d.map,PIBTOLD,1,99417,404,322,10,den520d-random-25.scen
460,den520d.map,PIBT,1,99019,404,1232,100,den520d-random-25.scen
460,den520d.map,PIBTOLD,1,99417,404,323,100,den520d-random-25.scen
460,den520d.map,PIBT,1,98340,408,977,1000,den520d-random-25.scen
460,den520d.map,PIBTOLD,1,99417,404,328,1000,den520d-random-25.scen
500,den520d.map,PIBT,1,108455,404,446,0,den520d-random-25.scen
500,den520d.map,PIBTOLD,1,108455,404,348,0,den520d-random-25.scen
500,den520d.map,PIBT,1,107035,411,491,1,den520d-random-25.scen
500,den520d.map,PIBTOLD,1,108455,404,355,1,den520d-random-25.scen
500,den520d.map,PIBT,1,107165,404,683,10,den520d-random-25.scen
500,den520d.map,PIBTOLD,1,108455,404,344,10,den520d-random-25.scen
500,den520d.map,PIBT,1,107394,406,1992,100,den520d-random-25.scen
500,den520d.map,PIBTOLD,1,108455,404,317,100,den520d-random-25.scen
500,den520d.map,PIBT,1,107044,404,4921,1000,den520d-random-25.scen
500,den520d.map,PIBTOLD,1,108455,404,335,1000,den520d-random-25.scen
540,den520d.map,PIBT,1,116568,406,482,0,den520d-random-25.scen
540,den520d.map,PIBTOLD,1,116568,406,381,0,den520d-random-25.scen
540,den520d.map,PIBT,1,116081,405,538,1,den520d-random-25.scen
540,den520d.map,PIBTOLD,1,116568,406,388,1,den520d-random-25.scen
540,den520d.map,PIBT,1,116390,405,805,10,den520d-random-25.scen
540,den520d.map,PIBTOLD,1,116568,406,375,10,den520d-random-25.scen
540,den520d.map,PIBT,1,116546,405,2354,100,den520d-random-25.scen
540,den520d.map,PIBTOLD,1,116568,406,370,100,den520d-random-25.scen
540,den520d.map,PIBT,1,115769,405,5944,1000,den520d-random-25.scen
540,den520d.map,PIBTOLD,1,116568,406,393,1000,den520d-random-25.scen
580,den520d.map,PIBT,1,126425,405,503,0,den520d-random-25.scen
580,den520d.map,PIBTOLD,1,126425,405,410,0,den520d-random-25.scen
580,den520d.map,PIBT,1,124841,406,581,1,den520d-random-25.scen
580,den520d.map,PIBTOLD,1,126425,405,397,1,den520d-random-25.scen
580,den520d.map,PIBT,1,124913,411,850,10,den520d-random-25.scen
580,den520d.map,PIBTOLD,1,126425,405,405,10,den520d-random-25.scen
580,den520d.map,PIBT,1,124330,412,2435,100,den520d-random-25.scen
580,den520d.map,PIBTOLD,1,126425,405,406,100,den520d-random-25.scen
580,den520d.map,PIBT,1,124279,412,7870,1000,den520d-random-25.scen
580,den520d.map,PIBTOLD,1,126425,405,371,1000,den520d-random-25.scen
620,den520d.map,PIBT,1,134965,405,587,0,den520d-random-25.scen
620,den520d.map,PIBTOLD,1,134965,405,443,0,den520d-random-25.scen
620,den520d.map,PIBT,1,134543,406,632,1,den520d-random-25.scen
620,den520d.map,PIBTOLD,1,134965,405,444,1,den520d-random-25.scen
620,den520d.map,PIBT,1,133539,407,976,10,den520d-random-25.scen
620,den520d.map,PIBTOLD,1,134965,405,416,10,den520d-random-25.scen
620,den520d.map,PIBT,1,133641,406,3086,100,den520d-random-25.scen
620,den520d.map,PIBTOLD,1,134965,405,447,100,den520d-random-25.scen
620,den520d.map,PIBT,1,133603,405,22962,1000,den520d-random-25.scen
620,den520d.map,PIBTOLD,1,134965,405,447,1000,den520d-random-25.scen
660,den520d.map,PIBT,1,144580,407,599,0,den520d-random-25.scen
660,den520d.map,PIBTOLD,1,144580,407,471,0,den520d-random-25.scen
660,den520d.map,PIBT,1,142947,410,700,1,den520d-random-25.scen
660,den520d.map,PIBTOLD,1,144580,407,476,1,den520d-random-25.scen
660,den520d.map,PIBT,1,142342,406,1026,10,den520d-random-25.scen
660,den520d.map,PIBTOLD,1,144580,407,464,10,den520d-random-25.scen
660,den520d.map,PIBT,1,142353,407,4851,100,den520d-random-25.scen
660,den520d.map,PIBTOLD,1,144580,407,485,100,den520d-random-25.scen
660,den520d.map,PIBT,1,142802,406,13542,1000,den520d-random-25.scen
660,den520d.map,PIBTOLD,1,144580,407,456,1000,den520d-random-25.scen
700,den520d.map,PIBT,1,151850,405,655,0,den520d-random-25.scen
700,den520d.map,PIBTOLD,1,151850,405,496,0,den520d-random-25.scen
700,den520d.map,PIBT,1,151463,409,733,1,den520d-random-25.scen
700,den520d.map,PIBTOLD,1,151850,405,500,1,den520d-random-25.scen
700,den520d.map,PIBT,1,149948,405,1224,10,den520d-random-25.scen
700,den520d.map,PIBTOLD,1,151850,405,502,10,den520d-random-25.scen
700,den520d.map,PIBT,1,150369,405,4269,100,den520d-random-25.scen
700,den520d.map,PIBTOLD,1,151850,405,510,100,den520d-random-25.scen
700,den520d.map,PIBT,1,150371,405,32250,1000,den520d-random-25.scen
700,den520d.map,PIBTOLD,1,151850,405,507,1000,den520d-random-25.scen
740,den520d.map,PIBT,1,161627,405,730,0,den520d-random-25.scen
740,den520d.map,PIBTOLD,1,161627,405,531,0,den520d-random-25.scen
740,den520d.map,PIBT,1,160905,408,790,1,den520d-random-25.scen
740,den520d.map,PIBTOLD,1,161627,405,529,1,den520d-random-25.scen
740,den520d.map,PIBT,1,160759,413,1233,10,den520d-random-25.scen
740,den520d.map,PIBTOLD,1,161627,405,486,10,den520d-random-25.scen
740,den520d.map,PIBT,1,161351,409,6612,100,den520d-random-25.scen
740,den520d.map,PIBTOLD,1,161627,405,523,100,den520d-random-25.scen
740,den520d.map,PIBT,1,160748,408,50017,1000,den520d-random-25.scen
740,den520d.map,PIBTOLD,1,161627,405,537,1000,den520d-random-25.scen
780,den520d.map,PIBT,1,172588,405,757,0,den520d-random-25.scen
780,den520d.map,PIBTOLD,1,172588,405,514,0,den520d-random-25.scen
780,den520d.map,PIBT,1,170754,410,872,1,den520d-random-25.scen
780,den520d.map,PIBTOLD,1,172588,405,561,1,den520d-random-25.scen
780,den520d.map,PIBT,1,171248,405,1509,10,den520d-random-25.scen
780,den520d.map,PIBTOLD,1,172588,405,516,10,den520d-random-25.scen
780,den520d.map,PIBT,1,171878,406,7192,100,den520d-random-25.scen
780,den520d.map,PIBTOLD,1,172588,405,522,100,den520d-random-25.scen
780,den520d.map,PIBT,1,172286,412,59563,1000,den520d-random-25.scen
780,den520d.map,PIBTOLD,1,172588,405,558,1000,den520d-random-25.scen
20,den520d.map,PIBT,1,4336,374,15,0,den520d-random-6.scen
20,den520d.map,PIBTOLD,1,4336,374,15,0,den520d-random-6.scen
20,den520d.map,PIBT,1,4529,374,13,1,den520d-random-6.scen
20,den520d.map,PIBTOLD,1,4336,374,16,1,den520d-random-6.scen
20,den520d.map,PIBT,1,4529,374,16,10,den520d-random-6.scen
20,den520d.map,PIBTOLD,1,4336,374,15,10,den520d-random-6.scen
20,den520d.map,PIBT,1,4529,374,14,100,den520d-random-6.scen
20,den520d.map,PIBTOLD,1,4336,374,15,100,den520d-random-6.scen
20,den520d.map,PIBT,1,4529,374,13,1000,den520d-random-6.scen
20,den520d.map,PIBTOLD,1,4336,374,16,1000,den520d-random-6.scen
60,den520d.map,PIBT,1,11347,374,40,0,den520d-random-6.scen
60,den520d.map,PIBTOLD,1,11347,374,45,0,den520d-random-6.scen
60,den520d.map,PIBT,1,11591,374,44,1,den520d-random-6.scen
60,den520d.map,PIBTOLD,1,11347,374,38,1,den520d-random-6.scen
60,den520d.map,PIBT,1,11591,374,41,10,den520d-random-6.scen
60,den520d.map,PIBTOLD,1,11347,374,44,10,den520d-random-6.scen
60,den520d.map,PIBT,1,11591,374,44,100,den520d-random-6.scen
60,den520d.map,PIBTOLD,1,11347,374,36,100,den520d-random-6.scen
60,den520d.map,PIBT,1,11591,374,45,1000,den520d-random-6.scen
60,den520d.map,PIBTOLD,1,11347,374,39,1000,den520d-random-6.scen
100,den520d.map,PIBT,1,18713,375,70,0,den520d-random-6.scen
100,den520d.map,PIBTOLD,1,18713,375,67,0,den520d-random-6.scen
100,den520d.map,PIBT,1,18911,375,73,1,den520d-random-6.scen
100,den520d.map,PIBTOLD,1,18713,375,68,1,den520d-random-6.scen
100,den520d.map,PIBT,1,18911,375,72,10,den520d-random-6.scen
100,den520d.map,PIBTOLD,1,18713,375,64,10,den520d-random-6.scen
100,den520d.map,PIBT,1,18911,375,74,100,den520d-random-6.scen
100,den520d.map,PIBTOLD,1,18713,375,67,100,den520d-random-6.scen
100,den520d.map,PIBT,1,18911,375,72,1000,den520d-random-6.scen
100,den520d.map,PIBTOLD,1,18713,375,64,1000,den520d-random-6.scen
140,den520d.map,PIBT,1,26667,394,103,0,den520d-random-6.scen
140,den520d.map,PIBTOLD,1,26667,394,97,0,den520d-random-6.scen
140,den520d.map,PIBT,1,26900,394,101,1,den520d-random-6.scen
140,den520d.map,PIBTOLD,1,26667,394,100,1,den520d-random-6.scen
140,den520d.map,PIBT,1,26900,394,101,10,den520d-random-6.scen
140,den520d.map,PIBTOLD,1,26667,394,98,10,den520d-random-6.scen
140,den520d.map,PIBT,1,26900,394,102,100,den520d-random-6.scen
140,den520d.map,PIBTOLD,1,26667,394,90,100,den520d-random-6.scen
140,den520d.map,PIBT,1,26900,394,106,1000,den520d-random-6.scen
140,den520d.map,PIBTOLD,1,26667,394,93,1000,den520d-random-6.scen
180,den520d.map,PIBT,1,35887,404,139,0,den520d-random-6.scen
180,den520d.map,PIBTOLD,1,35887,404,126,0,den520d-random-6.scen
180,den520d.map,PIBT,1,35960,404,138,1,den520d-random-6.scen
180,den520d.map,PIBTOLD,1,35887,404,124,1,den520d-random-6.scen
180,den520d.map,PIBT,1,35960,404,132,10,den520d-random-6.scen
180,den520d.map,PIBTOLD,1,35887,404,123,10,den520d-random-6.scen
180,den520d.map,PIBT,1,35960,404,135,100,den520d-random-6.scen
180,den520d.map,PIBTOLD,1,35887,404,112,100,den520d-random-6.scen
180,den520d.map,PIBT,1,35960,404,140,1000,den520d-random-6.scen
180,den520d.map,PIBTOLD,1,35887,404,121,1000,den520d-random-6.scen
220,den520d.map,PIBT,1,44984,404,168,0,den520d-random-6.scen
220,den520d.map,PIBTOLD,1,44984,404,156,0,den520d-random-6.scen
220,den520d.map,PIBT,1,44378,404,176,1,den520d-random-6.scen
220,den520d.map,PIBTOLD,1,44984,404,148,1,den520d-random-6.scen
220,den520d.map,PIBT,1,44378,404,173,10,den520d-random-6.scen
220,den520d.map,PIBTOLD,1,44984,404,151,10,den520d-random-6.scen
220,den520d.map,PIBT,1,44378,404,178,100,den520d-random-6.scen
220,den520d.map,PIBTOLD,1,44984,404,150,100,den520d-random-6.scen
220,den520d.map,PIBT,1,44378,404,176,1000,den520d-random-6.scen
220,den520d.map,PIBTOLD,1,44984,404,154,1000,den520d-random-6.scen
260,den520d.map,PIBT,1,53957,404,199,0,den520d-random-6.scen
260,den520d.map,PIBTOLD,1,53957,404,172,0,den520d-random-6.scen
260,den520d.map,PIBT,1,53369,404,198,1,den520d-random-6.scen
260,den520d.map,PIBTOLD,1,53957,404,180,1,den520d-random-6.scen
260,den520d.map,PIBT,1,53369,404,209,10,den520d-random-6.scen
260,den520d.map,PIBTOLD,1,53957,404,176,10,den520d-random-6.scen
260,den520d.map,PIBT,1,53369,404,204,100,den520d-random-6.scen
260,den520d.map,PIBTOLD,1,53957,404,177,100,den520d-random-6.scen
260,den520d.map,PIBT,1,53369,404,198,1000,den520d-random-6.scen
260,den520d.map,PIBTOLD,1,53957,404,179,1000,den520d-random-6.scen
300,den520d.map,PIBT,1,62232,404,247,0,den520d-random-6.scen
300,den520d.map,PIBTOLD,1,62232,404,204,0,den520d-random-6.scen
300,den520d.map,PIBT,1,62070,404,240,1,den520d-random-6.scen
300,den520d.map,PIBTOLD,1,62232,404,206,1,den520d-random-6.scen
300,den520d.map,PIBT,1,62153,404,243,10,den520d-random-6.scen
300,den520d.map,PIBTOLD,1,62232,404,208,10,den520d-random-6.scen
300,den520d.map,PIBT,1,62153,404,238,100,den520d-random-6.scen
300,den520d.map,PIBTOLD,1,62232,404,202,100,den520d-random-6.scen
300,den520d.map,PIBT,1,62153,404,240,1000,den520d-random-6.scen
300,den520d.map,PIBTOLD,1,62232,404,200,1000,den520d-random-6.scen
340,den520d.map,PIBT,1,71562,404,248,0,den520d-random-6.scen
340,den520d.map,PIBTOLD,1,71562,404,234,0,den520d-random-6.scen
340,den520d.map,PIBT,1,70878,404,289,1,den520d-random-6.scen
340,den520d.map,PIBTOLD,1,71562,404,236,1,den520d-random-6.scen
340,den520d.map,PIBT,1,70601,408,259,10,den520d-random-6.scen
340,den520d.map,PIBTOLD,1,71562,404,239,10,den520d-random-6.scen
340,den520d.map,PIBT,1,70601,408,282,100,den520d-random-6.scen
340,den520d.map,PIBTOLD,1,71562,404,232,100,den520d-random-6.scen
340,den520d.map,PIBT,1,70601,408,281,1000,den520d-random-6.scen
340,den520d.map,PIBTOLD,1,71562,404,237,1000,den520d-random-6.scen
380,den520d.map,PIBT,1,80144,404,309,0,den520d-random-6.scen
380,den520d.map,PIBTOLD,1,80144,404,267,0,den520d-random-6.scen
380,den520d.map,PIBT,1,78865,404,297,1,den520d-random-6.scen
380,den520d.map,PIBTOLD,1,80144,404,247,1,den520d-random-6.scen
380,den520d.map,PIBT,1,79086,404,316,10,den520d-random-6.scen
380,den520d.map,PIBTOLD,1,80144,404,260,10,den520d-random-6.scen
380,den520d.map,PIBT,1,78848,404,343,100,den520d-random-6.scen
380,den520d.map,PIBTOLD,1,80144,404,255,100,den520d-random-6.scen
380,den520d.map,PIBT,1,78848,404,338,1000,den520d-random-6.scen
380,den520d.map,PIBTOLD,1,80144,404,272,1000,den520d-random-6.scen
420,den520d.map,PIBT,1,90429,404,351,0,den520d-random-6.scen
420,den520d.map,PIBTOLD,1,90429,404,287,0,den520d-random-6.scen
420,den520d.map,PIBT,1,89573,404,350,1,den520d-random-6.scen
420,den520d.map,PIBTOLD,1,90429,404,291,1,den520d-random-6.scen
420,den520d.map,PIBT,1,89967,404,415,10,den520d-random-6.scen
420,den520d.map,PIBTOLD,1,90429,404,296,10,den520d-random-6.scen
420,den520d.map,PIBT,1,89973,405,925,100,den520d-random-6.scen
420,den520d.map,PIBTOLD,1,90429,404,298,100,den520d-random-6.scen
420,den520d.map,PIBT,1,89482,404,1289,1000,den520d-random-6.scen
420,den520d.map,PIBTOLD,1,90429,404,293,1000,den520d-random-6.scen
460,den520d.map,PIBT,1,99417,404,394,0,den520d-random-6.scen
460,den520d.map,PIBTOLD,1,99417,404,317,0,den520d-random-6.scen
460,den520d.map,PIBT,1,98496,405,408,1,den520d-random-6.scen
460,den520d.map,PIBTOLD,1,99417,404,321,1,den520d-random-6.scen
460,den520d.map,PIBT,1,97961,414,518,10,den520d-random-6.scen
460,den520d.map,PIBTOLD,1,99417,404,321,10,den520d-random-6.scen
460,den520d.map,PIBT,1,97805,413,826,100,den520d-random-6.scen
460,den520d.map,PIBTOLD,1,99417,404,320,100,den520d-random-6.scen
460,den520d.map,PIBT,1,98340,408,974,1000,den520d-random-6.scen
460,den520d.map,PIBTOLD,1,99417,404,321,1000,den520d-random-6.scen
500,den520d.map,PIBT,1,108455,404,431,0,den520d-random-6.scen
500,den520d.map,PIBTOLD,1,108455,404,357,0,den520d-random-6.scen
500,den520d.map,PIBT,1,106926,404,472,1,den520d-random-6.scen
500,den520d.map,PIBTOLD,1,108455,404,355,1,den520d-random-6.scen
500,den520d.map,PIBT,1,107175,406,584,10,den520d-random-6.scen
500,den520d.map,PIBTOLD,1,108455,404,338,10,den520d-random-6.scen
500,den520d.map,PIBT,1,107849,406,1646,100,den520d-random-6.scen
500,den520d.map,PIBTOLD,1,108455,404,321,100,den520d-random-6.scen
500,den520d.map,PIBT,1,107518,408,7638,1000,den520d-random-6.scen
500,den520d.map,PIBTOLD,1,108455,404,362,1000,den520d-random-6.scen
540,den520d.map,PIBT,1,116568,406,498,0,den520d-random-6.scen
540,den520d.map,PIBTOLD,1,116568,406,361,0,den520d-random-6.scen
540,den520d.map,PIBT,1,115893,408,529,1,den520d-random-6.scen
540,den520d.map,PIBTOLD,1,116568,406,372,1,den520d-random-6.scen
540,den520d.map,PIBT,1,116316,426,743,10,den520d-random-6.scen
540,den520d.map,PIBTOLD,1,116568,406,382,10,den520d-random-6.scen
540,den520d.map,PIBT,1,116514,406,2686,100,den520d-random-6.scen
540,den520d.map,PIBTOLD,1,116568,406,362,100,den520d-random-6.scen
540,den520d.map,PIBT,1,116173,408,13440,1000,den520d-random-6.scen
540,den520d.map,PIBTOLD,1,116568,406,380,1000,den520d-random-6.scen
580,den520d.map,PIBT,1,126425,405,539,0,den520d-random-6.scen
580,den520d.map,PIBTOLD,1,126425,405,420,0,den520d-random-6.scen
580,den520d.map,PIBT,1,124962,410,551,1,den520d-random-6.scen
580,den520d.map,PIBTOLD,1,126425,405,401,1,den520d-random-6.scen
580,den520d.map,PIBT,1,124928,411,770,10,den520d-random-6.scen
580,den520d.map,PIBTOLD,1,126425,405,417,10,den520d-random-6.scen
580,den520d.map,PIBT,1,124757,411,2765,100,den520d-random-6.scen
580,den520d.map,PIBTOLD,1,126425,405,418,100,den520d-random-6.scen
580,den520d.map,PIBT,1,125028,412,23380,1000,den520d-random-6.scen
580,den520d.map,PIBTOLD,1,126425,405,397,1000,den520d-random-6.scen
620,den520d.map,PIBT,1,134965,405,543,0,den520d-random-6.scen
620,den520d.map,PIBTOLD,1,134965,405,436,0,den520d-random-6.scen
620,den520d.map,PIBT,1,133941,412,637,1,den520d-random-6.scen
620,den520d.map,PIBTOLD,1,134965,405,451,1,den520d-random-6.scen
620,den520d.map,PIBT,1,134553,408,981,10,den520d-random-6.scen
620,den520d.map,PIBTOLD,1,134965,405,439,10,den520d-random-6.scen
620,den520d.map,PIBT,1,133622,405,3289,100,den520d-random-6.scen
620,den520d.map,PIBTOLD,1,134965,405,443,100,den520d-random-6.scen
620,den520d.map,PIBT,1,134106,408,14858,1000,den520d-random-6.scen
620,den520d.map,PIBTOLD,1,134965,405,418,1000,den520d-random-6.scen
660,den520d.map,PIBT,1,144580,407,632,0,den520d-random-6.scen
660,den520d.map,PIBTOLD,1,144580,407,475,0,den520d-random-6.scen
660,den520d.map,PIBT,1,143464,415,704,1,den520d-random-6.scen
660,den520d.map,PIBTOLD,1,144580,407,475,1,den520d-random-6.scen
660,den520d.map,PIBT,1,142495,412,1130,10,den520d-random-6.scen
660,den520d.map,PIBTOLD,1,144580,407,446,10,den520d-random-6.scen
660,den520d.map,PIBT,1,142611,407,4483,100,den520d-random-6.scen
660,den520d.map,PIBTOLD,1,144580,407,463,100,den520d-random-6.scen
660,den520d.map,PIBT,1,141875,416,18553,1000,den520d-random-6.scen
660,den520d.map,PIBTOLD,1,144580,407,469,1000,den520d-random-6.scen
700,den520d.map,PIBT,1,151850,405,630,0,den520d-random-6.scen
700,den520d.map,PIBTOLD,1,151850,405,501,0,den520d-random-6.scen
700,den520d.map,PIBT,1,151485,408,717,1,den520d-random-6.scen
700,den520d.map,PIBTOLD,1,151850,405,508,1,den520d-random-6.scen
700,den520d.map,PIBT,1,151093,407,1201,10,den520d-random-6.scen
700,den520d.map,PIBTOLD,1,151850,405,509,10,den520d-random-6.scen
700,den520d.map,PIBT,1,150511,405,3928,100,den520d-random-6.scen
700,den520d.map,PIBTOLD,1,151850,405,501,100,den520d-random-6.scen
700,den520d.map,PIBT,1,150103,405,21627,1000,den520d-random-6.scen
700,den520d.map,PIBTOLD,1,151850,405,480,1000,den520d-random-6.scen
740,den520d.map,PIBT,1,161627,405,728,0,den520d-random-6.scen
740,den520d.map,PIBTOLD,1,161627,405,529,0,den520d-random-6.scen
740,den520d.map,PIBT,1,161840,408,832,1,den520d-random-6.scen
740,den520d.map,PIBTOLD,1,161627,405,522,1,den520d-random-6.scen
740,den520d.map,PIBT,1,161743,406,1428,10,den520d-random-6.scen
740,den520d.map,PIBTOLD,1,161627,405,539,10,den520d-random-6.scen
740,den520d.map,PIBT,1,160202,409,5712,100,den520d-random-6.scen
740,den520d.map,PIBTOLD,1,161627,405,536,100,den520d-random-6.scen
740,den520d.map,PIBT,1,160779,405,53651,1000,den520d-random-6.scen
740,den520d.map,PIBTOLD,1,161627,405,512,1000,den520d-random-6.scen
780,den520d.map,PIBT,1,172588,405,759,0,den520d-random-6.scen
780,den520d.map,PIBTOLD,1,172588,405,540,0,den520d-random-6.scen
780,den520d.map,PIBT,1,171527,405,878,1,den520d-random-6.scen
780,den520d.map,PIBTOLD,1,172588,405,522,1,den520d-random-6.scen
780,den520d.map,PIBT,1,171123,413,1462,10,den520d-random-6.scen
780,den520d.map,PIBTOLD,1,172588,405,571,10,den520d-random-6.scen
780,den520d.map,PIBT,1,172071,415,6694,100,den520d-random-6.scen
780,den520d.map,PIBTOLD,1,172588,405,536,100,den520d-random-6.scen
780,den520d.map,PIBT,1,171134,412,57477,1000,den520d-random-6.scen
780,den520d.map,PIBTOLD,1,172588,405,552,1000,den520d-random-6.scen
20,den520d.map,PIBT,1,4336,374,13,0,den520d-random-8.scen
20,den520d.map,PIBTOLD,1,4336,374,16,0,den520d-random-8.scen
20,den520d.map,PIBT,1,4529,374,14,1,den520d-random-8.scen
20,den520d.map,PIBTOLD,1,4336,374,13,1,den520d-random-8.scen
20,den520d.map,PIBT,1,4529,374,15,10,den520d-random-8.scen
20,den520d.map,PIBTOLD,1,4336,374,14,10,den520d-random-8.scen
20,den520d.map,PIBT,1,4529,374,14,100,den520d-random-8.scen
20,den520d.map,PIBTOLD,1,4336,374,13,100,den520d-random-8.scen
20,den520d.map,PIBT,1,4529,374,18,1000,den520d-random-8.scen
20,den520d.map,PIBTOLD,1,4336,374,15,1000,den520d-random-8.scen
60,den520d.map,PIBT,1,11347,374,38,0,den520d-random-8.scen
60,den520d.map,PIBTOLD,1,11347,374,41,0,den520d-random-8.scen
60,den520d.map,PIBT,1,11591,374,42,1,den520d-random-8.scen
60,den520d.map,PIBTOLD,1,11347,374,39,1,den520d-random-8.scen
60,den520d.map,PIBT,1,11591,374,41,10,den520d-random-8.scen
60,den520d.map,PIBTOLD,1,11347,374,39,10,den520d-random-8.scen
60,den520d.map,PIBT,1,11591,374,44,100,den520d-random-8.scen
60,den520d.map,PIBTOLD,1,11347,374,41,100,den520d-random-8.scen
60,den520d.map,PIBT,1,11591,374,38,1000,den520d-random-8.scen
60,den520d.map,PIBTOLD,1,11347,374,36,1000,den520d-random-8.scen
100,den520d.map,PIBT,1,18713,375,69,0,den520d-random-8.scen
100,den520d.map,PIBTOLD,1,18713,375,65,0,den520d-random-8.scen
100,den520d.map,PIBT,1,18911,375,72,1,den520d-random-8.scen
100,den520d.map,PIBTOLD,1,18713,375,64,1,den520d-random-8.scen
100,den520d.map,PIBT,1,18911,375,75,10,den520d-random-8.scen
100,den520d.map,PIBTOLD,1,18713,375,66,10,den520d-random-8.scen
100,den520d.map,PIBT,1,18911,375,67,100,den520d-random-8.scen
100,den520d.map,PIBTOLD,1,18713,375,64,100,den520d-random-8.scen
100,den520d.map,PIBT,1,18911,375,72,1000,den520d-random-8.scen
100,den520d.map,PIBTOLD,1,18713,375,68,1000,den520d-random-8.scen
140,den520d.map,PIBT,1,26667,394,106,0,den520d-random-8.scen
140,den520d.map,PIBTOLD,1,26667,394,94,0,den520d-random-8.scen
140,den520d.map,PIBT,1,26900,394,95,1,den520d-random-8.scen
140,den520d.map,PIBTOLD,1,26667,394,89,1,den520d-random-8.scen
140,den520d.map,PIBT,1,26900,394,106,10,den520d-random-8.scen
140,den520d.map,PIBTOLD,1,26667,394,97,10,den520d-random-8.scen
140,den520d.map,PIBT,1,26900,394,99,100,den520d-random-8.scen
140,den520d.map,PIBTOLD,1,26667,394,91,100,den520d-random-8.scen
140,den520d.map,PIBT,1,26900,394,103,1000,den520d-random-8.scen
140,den520d.map,PIBTOLD,1,26667,394,95,1000,den520d-random-8.scen
180,den520d.map,PIBT,1,35887,404,134,0,den520d-random-8.scen
180,den520d.map,PIBTOLD,1,35887,404,126,0,den520d-random-8.scen
180,den520d.map,PIBT,1,35960,404,131,1,den520d-random-8.scen
180,den520d.map,PIBTOLD,1,35887,404,121,1,den520d-random-8.scen
180,den520d.map,PIBT,1,35960,404,132,10,den520d-random-8.scen
180,den520d.map,PIBTOLD,1,35887,404,121,10,den520d-random-8.scen
180,den520d.map,PIBT,1,35960,404,139,100,den520d-random-8.scen
180,den520d.map,PIBTOLD,1,35887,404,121,100,den520d-random-8.scen
180,den520d.map,PIBT,1,35960,404,135,1000,den520d-random-8.scen
180,den520d.map,PIBTOLD,1,35887,404,127,1000,den520d-random-8.scen
220,den520d.map,PIBT,1,44984,404,164,0,den520d-random-8.scen
220,den520d.map,PIBTOLD,1,44984,404,147,0,den520d-random-8.scen
220,den520d.map,PIBT,1,44378,404,166,1,den520d-random-8.scen
220,den520d.map,PIBTOLD,1,44984,404,139,1,den520d-random-8.scen
220,den520d.map,PIBT,1,44378,404,180,10,den520d-random-8.scen
220,den520d.map,PIBTOLD,1,44984,404,148,10,den520d-random-8.scen
220,den520d.map,PIBT,1,44378,404,162,100,den520d-random-8.scen
220,den520d.map,PIBTOLD,1,44984,404,144,100,den520d-random-8.scen
220,den520d.map,PIBT,1,44378,404,163,1000,den520d-random-8.scen
220,den520d.map,PIBTOLD,1,44984,404,152,1000,den520d-random-8.scen
260,den520d.map,PIBT,1,53957,404,190,0,den520d-random-8.scen
260,den520d.map,PIBTOLD,1,53957,404,179,0,den520d-random-8.scen
260,den520d.map,PIBT,1,53369,404,197,1,den520d-random-8.scen
260,den520d.map,PIBTOLD,1,53957,404,176,1,den520d-random-8.scen
260,den520d.map,PIBT,1,53369,404,211,10,den520d-random-8.scen
260,den520d.map,PIBTOLD,1,53957,404,164,10,den520d-random-8.scen
260,den520d.map,PIBT,1,53369,404,205,100,den520d-random-8.scen
260,den520d.map,PIBTOLD,1,53957,404,182,100,den520d-random-8.scen
260,den520d.map,PIBT,1,53369,404,208,1000,den520d-random-8.scen
260,den520d.map,PIBTOLD,1,53957,404,177,1000,den520d-random-8.scen
300,den520d.map,PIBT,1,62232,404,225,0,den520d-random-8.scen
300,den520d.map,PIBTOLD,1,62232,404,194,0,den520d-random-8.scen
300,den520d.map,PIBT,1,62260,406,246,1,den520d-random-8.scen
300,den520d.map,PIBTOLD,1,62232,404,206,1,den520d-random-8.scen
300,den520d.map,PIBT,1,62153,404,244,10,den520d-random-8.scen
300,den520d.map,PIBTOLD,1,62232,404,209,10,den520d-random-8.scen
300,den520d.map,PIBT,1,62153,404,241,100,den520d-random-8.scen
300,den520d.map,PIBTOLD,1,62232,404,212,100,den520d-random-8.scen
300,den520d.map,PIBT,1,62153,404,241,1000,den520d-random-8.scen
300,den520d.map,PIBTOLD,1,62232,404,205,1000,den520d-random-8.scen
340,den520d.map,PIBT,1,71562,404,283,0,den520d-random-8.scen
340,den520d.map,PIBTOLD,1,71562,404,224,0,den520d-random-8.scen
340,den520d.map,PIBT,1,70700,404,279,1,den520d-random-8.scen
340,den520d.map,PIBTOLD,1,71562,404,234,1,den520d-random-8.scen
340,den520d.map,PIBT,1,70601,408,270,10,den520d-random-8.scen
340,den520d.map,PIBTOLD,1,71562,404,244,10,den520d-random-8.scen
340,den520d.map,PIBT,1,70601,408,273,100,den520d-random-8.scen
340,den520d.map,PIBTOLD,1,71562,404,241,100,den520d-random-8.scen
340,den520d.map,PIBT,1,70601,408,283,1000,den520d-random-8.scen
340,den520d.map,PIBTOLD,1,71562,404,234,1000,den520d-random-8.scen
380,den520d.map,PIBT,1,80144,404,310,0,den520d-random-8.scen
380,den520d.map,PIBTOLD,1,80144,404,269,0,den520d-random-8.scen
380,den520d.map,PIBT,1,78881,404,324,1,den520d-random-8.scen
380,den520d.map,PIBTOLD,1,80144,404,261,1,den520d-random-8.scen
380,den520d.map,PIBT,1,78867,404,337,10,den520d-random-8.scen
380,den520d.map,PIBTOLD,1,80144,404,269,10,den520d-random-8.scen
380,den520d.map,PIBT,1,78848,404,344,100,den520d-random-8.scen
380,den520d.map,PIBTOLD,1,80144,404,254,100,den520d-random-8.scen
380,den520d.map,PIBT,1,78848,404,343,1000,den520d-random-8.scen
380,den520d.map,PIBTOLD,1,80144,404,260,1000,den520d-random-8.scen
420,den520d.map,PIBT,1,90429,404,339,0,den520d-random-8.scen
420,den520d.map,PIBTOLD,1,90429,404,293,0,den520d-random-8.scen
420,den520d.map,PIBT,1,89619,404,369,1,den520d-random-8.scen
420,den520d.map,PIBTOLD,1,90429,404,283,1,den520d-random-8.scen
420,den520d.map,PIBT,1,89718,404,410,10,den520d-random-8.scen
420,den520d.map,PIBTOLD,1,90429,404,295,10,den520d-random-8.scen
420,den520d.map,PIBT,1,89761,404,1077,100,den520d-random-8.scen
420,den520d.map,PIBTOLD,1,90429,404,280,100,den520d-random-8.scen
420,den520d.map,PIBT,1,89482,404,1304,1000,den520d-random-8.scen
420,den520d.map,PIBTOLD,1,90429,404,285,1000,den520d-random-8.scen
460,den520d.map,PIBT,1,99417,404,392,0,den520d-random-8.scen
460,den520d.map,PIBTOLD,1,99417,404,326,0,den520d-random-8.scen
460,den520d.map,PIBT,1,98686,410,431,1,den520d-random-8.scen
460,den520d.map,PIBTOLD,1,99417,404,310,1,den520d-random-8.scen
460,den520d.map,PIBT,1,98497,412,500,10,den520d-random-8.scen
460,den520d.map,PIBTOLD,1,99417,404,289,10,den520d-random-8.scen
460,den520d.map,PIBT,1,98117,405,934,100,den520d-random-8.scen
460,den520d.map,PIBTOLD,1,99417,404,319,100,den520d-random-8.scen
460,den520d.map,PIBT,1,98340,408,976,1000,den520d-random-8.scen
460,den520d.map,PIBTOLD,1,99417,404,316,1000,den520d-random-8.scen
500,den520d.map,PIBT,1,108455,404,435,0,den520d-random-8.scen
500,den520d.map,PIBTOLD,1,108455,404,347,0,den520d-random-8.scen
500,den520d.map,PIBT,1,107624,406,463,1,den520d-random-8.scen
500,den520d.map,PIBTOLD,1,108455,404,328,1,den520d-random-8.scen
500,den520d.map,PIBT,1,107574,404,692,10,den520d-random-8.scen
500,den520d.map,PIBTOLD,1,108455,404,330,10,den520d-random-8.scen
500,den520d.map,PIBT,1,107549,406,2444,100,den520d-random-8.scen
500,den520d.map,PIBTOLD,1,108455,404,348,100,den520d-random-8.scen
500,den520d.map,PIBT,1,106995,405,5712,1000,den520d-random-8.scen
500,den520d.map,PIBTOLD,1,108455,404,341,1000,den520d-random-8.scen
540,den520d.map,PIBT,1,116568,406,444,0,den520d-random-8.scen
540,den520d.map,PIBTOLD,1,116568,406,389,0,den520d-random-8.scen
540,den520d.map,PIBT,1,116137,407,568,1,den520d-random-8.scen
540,den520d.map,PIBTOLD,1,116568,406,390,1,den520d-random-8.scen
540,den520d.map,PIBT,1,116946,407,769,10,den520d-random-8.scen
540,den520d.map,PIBTOLD,1,116568,406,381,10,den520d-random-8.scen
540,den520d.map,PIBT,1,116172,405,1879,100,den520d-random-8.scen
540,den520d.map,PIBTOLD,1,116568,406,376,100,den520d-random-8.scen
540,den520d.map,PIBT,1,116087,411,9787,1000,den520d-random-8.scen
540,den520d.map,PIBTOLD,1,116568,406,370,1000,den520d-random-8.scen
580,den520d.map,PIBT,1,126425,405,509,0,den520d-random-8.scen
580,den520d.map,PIBTOLD,1,126425,405,398,0,den520d-random-8.scen
580,den520d.map,PIBT,1,124866,409,589,1,den520d-random-8.scen
580,den520d.map,PIBTOLD,1,126425,405,392,1,den520d-random-8.scen
580,den520d.map,PIBT,1,125389,411,995,10,den520d-random-8.scen
580,den520d.map,PIBTOLD,1,126425,405,384,10,den520d-random-8.scen
580,den520d.map,PIBT,1,125250,411,2737,100,den520d-random-8.scen
580,den520d.map,PIBTOLD,1,126425,405,405,100,den520d-random-8.scen
580,den520d.map,PIBT,1,124520,415,9904,1000,den520d-random-8.scen
580,den520d.map,PIBTOLD,1,126425,405,394,1000,den520d-random-8.scen
620,den520d.map,PIBT,1,134965,405,570,0,den520d-random-8.scen
620,den520d.map,PIBTOLD,1,134965,405,407,0,den520d-random-8.scen
620,den520d.map,PIBT,1,134031,406,618,1,den520d-random-8.scen
620,den520d.map,PIBTOLD,1,134965,405,437,1,den520d-random-8.scen
620,den520d.map,PIBT,1,134044,409,962,10,den520d-random-8.scen
620,den520d.map,PIBTOLD,1,134965,405,384,10,den520d-random-8.scen
620,den520d.map,PIBT,1,133126,406,2844,100,den520d-random-8.scen
620,den520d.map,PIBTOLD,1,134965,405,436,100,den520d-random-8.scen
620,den520d.map,PIBT,1,133751,406,26440,1000,den520d-random-8.scen
620,den520d.map,PIBTOLD,1,134965,405,419,1000,den520d-random-8.scen
660,den520d.map,PIBT,1,144580,407,648,0,den520d-random-8.scen
660,den520d.map,PIBTOLD,1,144580,407,469,0,den520d-random-8.scen
660,den520d.map,PIBT,1,143178,406,682,1,den520d-random-8.scen
660,den520d.map,PIBTOLD,1,144580,407,445,1,den520d-random-8.scen
660,den520d.map,PIBT,1,142161,406,1153,10,den520d-random-8.scen
660,den520d.map,PIBTOLD,1,144580,407,445,10,den520d-random-8.scen
660,den520d.map,PIBT,1,143073,406,3600,100,den520d-random-8.scen
660,den520d.map,PIBTOLD,1,144580,407,469,100,den520d-random-8.scen
660,den520d.map,PIBT,1,142579,408,32109,1000,den520d-random-8.scen
660,den520d.map,PIBTOLD,1,144580,407,466,1000,den520d-random-8.scen
700,den520d.map,PIBT,1,151850,405,671,0,den520d-random-8.scen
700,den520d.map,PIBTOLD,1,151850,405,469,0,den520d-random-8.scen
700,den520d.map,PIBT,1,150943,413,701,1,den520d-random-8.scen
700,den520d.map,PIBTOLD,1,151850,405,494,1,den520d-random-8.scen
700,den520d.map,PIBT,1,151061,407,1297,10,den520d-random-8.scen
700,den520d.map,PIBTOLD,1,151850,405,470,10,den520d-random-8.scen
700,den520d.map,PIBT,1,150842,405,5064,100,den520d-random-8.scen
700,den520d.map,PIBTOLD,1,151850,405,506,100,den520d-random-8.scen
700,den520d.map,PIBT,1,150441,405,38274,1000,den520d-random-8.scen
700,den520d.map,PIBTOLD,1,151850,405,510,1000,den520d-random-8.scen
740,den520d.map,PIBT,1,161627,405,670,0,den520d-random-8.scen
740,den520d.map,PIBTOLD,1,161627,405,528,0,den520d-random-8.scen
740,den520d.map,PIBT,1,160416,410,799,1,den520d-random-8.scen
740,den520d.map,PIBTOLD,1,161627,405,517,1,den520d-random-8.scen
740,den520d.map,PIBT,1,160320,407,1322,10,den520d-random-8.scen
740,den520d.map,PIBTOLD,1,161627,405,522,10,den520d-random-8.scen
740,den520d.map,PIBT,1,160568,405,5373,100,den520d-random-8.scen
740,den520d.map,PIBTOLD,1,161627,405,525,100,den520d-random-8.scen
740,den520d.map,PIBT,1,160253,408,48580,1000,den520d-random-8.scen
740,den520d.map,PIBTOLD,1,161627,405,538,1000,den520d-random-8.scen
780,den520d.map,PIBT,1,172588,405,757,0,den520d-random-8.scen
780,den520d.map,PIBTOLD,1,172588,405,577,0,den520d-random-8.scen
780,den520d.map,PIBT,1,170758,408,850,1,den520d-random-8.scen
780,den520d.map,PIBTOLD,1,172588,405,578,1,den520d-random-8.scen
780,den520d.map,PIBT,1,171081,408,1500,10,den520d-random-8.scen
780,den520d.map,PIBTOLD,1,172588,405,511,10,den520d-random-8.scen
780,den520d.map,PIBT,1,170764,410,6108,100,den520d-random-8.scen
780,den520d.map,PIBTOLD,1,172588,405,570,100,den520d-random-8.scen
780,den520d.map,PIBT,1,171225,412,59713,1000,den520d-random-8.scen
780,den520d.map,PIBTOLD,1,172588,405,556,1000,den520d-random-8.scen
20,den520d.map,PIBT,1,4336,374,18,0,den520d-random-11.scen
20,den520d.map,PIBTOLD,1,4336,374,14,0,den520d-random-11.scen
20,den520d.map,PIBT,1,4529,374,13,1,den520d-random-11.scen
20,den520d.map,PIBTOLD,1,4336,374,14,1,den520d-random-11.scen
20,den520d.map,PIBT,1,4529,374,15,10,den520d-random-11.scen
20,den520d.map,PIBTOLD,1,4336,374,13,10,den520d-random-11.scen
20,den520d.map,PIBT,1,4529,374,21,100,den520d-random-11.scen
20,den520d.map,PIBTOLD,1,4336,374,15,100,den520d-random-11.scen
20,den520d.map,PIBT,1,4529,374,13,1000,den520d-random-11.scen
20,den520d.map,PIBTOLD,1,4336,374,13,1000,den520d-random-11.scen
60,den520d.map,PIBT,1,11347,374,40,0,den520d-random-11.scen
60,den520d.map,PIBTOLD,1,11347,374,41,0,den520d-random-11.scen
60,den520d.map,PIBT,1,11591,374,42,1,den520d-random-11.scen
60,den520d.map,PIBTOLD,1,11347,374,39,1,den520d-random-11.scen
60,den520d.map,PIBT,1,11591,374,39,10,den520d-random-11.scen
60,den520d.map,PIBTOLD,1,11347,374,39,10,den520d-random-11.scen
60,den520d.map,PIBT,1,11591,374,41,100,den520d-random-11.scen
60,den520d.map,PIBTOLD,1,11347,374,43,100,den520d-random-11.scen
60,den520d.map,PIBT,1,11591,374,41,1000,den520d-random-11.scen
60,den520d.map,PIBTOLD,1,11347,374,39,1000,den520d-random-11.scen
100,den520d.map,PIBT,1,18713,375,69,0,den520d-random-11.scen
100,den520d.map,PIBTOLD,1,18713,375,67,0,den520d-random-11.scen
100,den520d.map,PIBT,1,18911,375,73,1,den520d-random-11.scen
100,den520d.map,PIBTOLD,1,18713,375,66,1,den520d-random-11.scen
100,den520d.map,PIBT,1,18911,375,68,10,den520d-random-11.scen
100,den520d.map,PIBTOLD,1,18713,375,70,10,den520d-random-11.scen
100,den520d.map,PIBT,1,18911,375,75,100,den520d-random-11.scen
100,den520d.map,PIBTOLD,1,18713,375,68,100,den520d-random-11.scen
100,den520d.map,PIBT,1,18911,375,66,1000,den520d-random-11.scen
100,den520d.map,PIBTOLD,1,18713,375,70,1000,den520d-random-11.scen
140,den520d.map,PIBT,1,26667,394,99,0,den520d-random-11.scen
140,den520d.map,PIBTOLD,1,26667,394,97,0,den520d-random-11.scen
140,den520d.map,PIBT,1,26900,394,103,1,den520d-random-11.scen
140,den520d.map,PIBTOLD,1,26667,394,84,1,den520d-random-11.scen
140,den520d.map,PIBT,1,26900,394,102,10,den520d-random-11.scen
140,den520d.map,PIBTOLD,1,26667,394,90,10,den520d-random-11.scen
140,den520d.map,PIBT,1,26900,394,105,100,den520d-random-11.scen
140,den520d.map,PIBTOLD,1,26667,394,98,100,den520d-random-11.scen
140,den520d.map,PIBT,1,26900,394,110,1000,den520d-random-11.scen
140,den520d.map,PIBTOLD,1,26667,394,92,1000,den520d-random-11.scen
180,den520d.map,PIBT,1,35887,404,134,0,den520d-random-11.scen
180,den520d.map,PIBTOLD,1,35887,404,123,0,den520d-random-11.scen
180,den520d.map,PIBT,1,35960,404,136,1,den520d-random-11.scen
180,den520d.map,PIBTOLD,1,35887,404,119,1,den520d-random-11.scen
180,den520d.map,PIBT,1,35960,404,134,10,den520d-random-11.scen
180,den520d.map,PIBTOLD,1,35887,404,118,10,den520d-random-11.scen
180,den520d.map,PIBT,1,35960,404,140,100,den520d-random-11.scen
180,den520d.map,PIBTOLD,1,35887,404,129,100,den520d-random-11.scen
180,den520d.map,PIBT,1,35960,404,134,1000,den520d-random-11.scen
180,den520d.map,PIBTOLD,1,35887,404,124,1000,den520d-random-11.scen
220,den520d.map,PIBT,1,44984,404,225,0,den520d-random-11.scen
220,den520d.map,PIBTOLD,1,44984,404,149,0,den520d-random-11.scen
220,den520d.map,PIBT,1,44378,404,153,1,den520d-random-11.scen
220,den520d.map,PIBTOLD,1,44984,404,148,1,den520d-random-11.scen
220,den520d.map,PIBT,1,44378,404,161,10,den520d-random-11.scen
220,den520d.map,PIBTOLD,1,44984,404,142,10,den520d-random-11.scen
220,den520d.map,PIBT,1,44378,404,163,100,den520d-random-11.scen
220,den520d.map,PIBTOLD,1,44984,404,147,100,den520d-random-11.scen
220,den520d.map,PIBT,1,44378,404,159,1000,den520d-random-11.scen
220,den520d.map,PIBTOLD,1,44984,404,139,1000,den520d-random-11.scen
260,den520d.map,PIBT,1,53957,404,200,0,den520d-random-11.scen
260,den520d.map,PIBTOLD,1,53957,404,161,0,den520d-random-11.scen
260,den520d.map,PIBT,1,53369,404,192,1,den520d-random-11.scen
260,den520d.map,PIBTOLD,1,53957,404,175,1,den520d-random-11.scen
260,den520d.map,PIBT,1,53369,404,205,10,den520d-random-11.scen
260,den520d.map,PIBTOLD,1,53957,404,178,10,den520d-random-11.scen
260,den520d.map,PIBT,1,53369,404,188,100,den520d-random-11.scen
260,den520d.map,PIBTOLD,1,53957,404,173,100,den520d-random-11.scen
260,den520d.map,PIBT,1,53369,404,200,1000,den520d-random-11.scen
260,den520d.map,PIBTOLD,1,53957,404,176,1000,den520d-random-11.scen
300,den520d.map,PIBT,1,62232,404,225,0,den520d-random-11.scen
300,den520d.map,PIBTOLD,1,62232,404,195,0,den520d-random-11.scen
300,den520d.map,PIBT,1,62092,410,238,1,den520d-random-11.scen
300,den520d.map,PIBTOLD,1,62232,404,205,1,den520d-random-11.scen
300,den520d.map,PIBT,1,62153,404,236,10,den520d-random-11.scen
300,den520d.map,PIBTOLD,1,62232,404,202,10,den520d-random-11.scen
300,den520d.map,PIBT,1,62153,404,251,100,den520d-random-11.scen
300,den520d.map,PIBTOLD,1,62232,404,210,100,den520d-random-11.scen
300,den520d.map,PIBT,1,62153,404,234,1000,den520d-random-11.scen
300,den520d.map,PIBTOLD,1,62232,404,203,1000,den520d-random-11.scen
340,den520d.map,PIBT,1,71562,404,280,0,den520d-random-11.scen
340,den520d.map,PIBTOLD,1,71562,404,228,0,den520d-random-11.scen
340,den520d.map,PIBT,1,70404,404,276,1,den520d-random-11.scen
340,den520d.map,PIBTOLD,1,71562,404,234,1,den520d-random-11.scen
340,den520d.map,PIBT,1,70601,408,265,10,den520d-random-11.scen
340,den520d.map,PIBTOLD,1,71562,404,222,10,den520d-random-11.scen
340,den520d.map,PIBT,1,70601,408,260,100,den520d-random-11.scen
340,den520d.map,PIBTOLD,1,71562,404,221,100,den520d-random-11.scen
340,den520d.map,PIBT,1,70601,408,276,1000,den520d-random-11.scen
340,den520d.map,PIBTOLD,1,71562,404,225,1000,den520d-random-11.scen
380,den520d.map,PIBT,1,80144,404,307,0,den520d-random-11.scen
380,den520d.map,PIBTOLD,1,80144,404,245,0,den520d-random-11.scen
380,den520d.map,PIBT,1,79142,404,320,1,den520d-random-11.scen
380,den520d.map,PIBTOLD,1,80144,404,252,1,den520d-random-11.scen
380,den520d.map,PIBT,1,78984,404,314,10,den520d-random-11.scen
380,den520d.map,PIBTOLD,1,80144,404,261,10,den520d-random-11.scen
380,den520d.map,PIBT,1,78848,404,334,100,den520d-random-11.scen
380,den520d.map,PIBTOLD,1,80144,404,278,100,den520d-random-11.scen
380,den520d.map,PIBT,1,78848,404,326,1000,den520d-random-11.scen
380,den520d.map,PIBTOLD,1,80144,404,255,1000,den520d-random-11.scen
420,den520d.map,PIBT,1,90429,404,349,0,den520d-random-11.scen
420,den520d.map,PIBTOLD,1,90429,404,294,0,den520d-random-11.scen
420,den520d.map,PIBT,1,89674,405,345,1,den520d-random-11.scen
420,den520d.map,PIBTOLD,1,90429,404,295,1,den520d-random-11.scen
420,den520d.map,PIBT,1,89632,405,393,10,den520d-random-11.scen
420,den520d.map,PIBTOLD,1,90429,404,284,10,den520d-random-11.scen
420,den520d.map,PIBT,1,89107,405,919,100,den520d-random-11.scen
420,den520d.map,PIBTOLD,1,90429,404,288,100,den520d-random-11.scen
420,den520d.map,PIBT,1,89482,404,1279,1000,den520d-random-11.scen
420,den520d.map,PIBTOLD,1,90429,404,279,1000,den520d-random-11.scen
460,den520d.map,PIBT,1,99417,404,389,0,den520d-random-11.scen
460,den520d.map,PIBTOLD,1,99417,404,312,0,den520d-random-11.scen
460,den520d.map,PIBT,1,98389,406,406,1,den520d-random-11.scen
460,den520d.map,PIBTOLD,1,99417,404,309,1,den520d-random-11.scen
460,den520d.map,PIBT,1,98405,414,531,10,den520d-random-11.scen
460,den520d.map,PIBTOLD,1,99417,404,317,10,den520d-random-11.scen
460,den520d.map,PIBT,1,98205,410,1222,100,den520d-random-11.scen
460,den520d.map,PIBTOLD,1,99417,404,318,100,den520d-random-11.scen
460,den520d.map,PIBT,1,98340,408,964,1000,den520d-random-11.scen
460,den520d.map,PIBTOLD,1,99417,404,316,1000,den520d-random-11.scen
500,den520d.map,PIBT,1,108455,404,414,0,den520d-random-11.scen
500,den520d.map,PIBTOLD,1,108455,404,309,0,den520d-random-11.scen
500,den520d.map,PIBT,1,107577,408,472,1,den520d-random-11.scen
500,den520d.map,PIBTOLD,1,108455,404,333,1,den520d-random-11.scen
500,den520d.map,PIBT,1,107532,405,586,10,den520d-random-11.scen
500,den520d.map,PIBTOLD,1,108455,404,340,10,den520d-random-11.scen
500,den520d.map,PIBT,1,107163,404,1857,100,den520d-random-11.scen
500,den520d.map,PIBTOLD,1,108455,404,313,100,den520d-random-11.scen
500,den520d.map,PIBT,1,107807,406,8609,1000,den520d-random-11.scen
500,den520d.map,PIBTOLD,1,108455,404,349,1000,den520d-random-11.scen
540,den520d.map,PIBT,1,116568,406,485,0,den520d-random-11.scen
540,den520d.map,PIBTOLD,1,116568,406,380,0,den520d-random-11.scen
540,den520d.map,PIBT,1,116513,405,602,1,den520d-random-11.scen
540,den520d.map,PIBTOLD,1,116568,406,380,1,den520d-random-11.scen
540,den520d.map,PIBT,1,116852,407,797,10,den520d-random-11.scen
540,den520d.map,PIBTOLD,1,116568,406,361,10,den520d-random-11.scen
540,den520d.map,PIBT,1,115939,408,2009,100,den520d-random-11.scen
540,den520d.map,PIBTOLD,1,116568,406,391,100,den520d-random-11.scen
540,den520d.map,PIBT,1,116317,405,11823,1000,den520d-random-11.scen
540,den520d.map,PIBTOLD,1,116568,406,356,1000,den520d-random-11.scen
580,den520d.map,PIBT,1,126425,405,538,0,den520d-random-11.scen
580,den520d.map,PIBTOLD,1,126425,405,407,0,den520d-random-11.scen
580,den520d.map,PIBT,1,124355,414,564,1,den520d-random-11.scen
580,den520d.map,PIBTOLD,1,126425,405,411,1,den520d-random-11.scen
580,den520d.map,PIBT,1,124381,411,784,10,den520d-random-11.scen
580,den520d.map,PIBTOLD,1,126425,405,372,10,den520d-random-11.scen
580,den520d.map,PIBT,1,124770,411,2454,100,den520d-random-11.scen
580,den520d.map,PIBTOLD,1,126425,405,397,100,den520d-random-11.scen
580,den520d.map,PIBT,1,124220,411,11926,1000,den520d-random-11.scen
580,den520d.map,PIBTOLD,1,126425,405,402,1000,den520d-random-11.scen
620,den520d.map,PIBT,1,134965,405,563,0,den520d-random-11.scen
620,den520d.map,PIBTOLD,1,134965,405,415,0,den520d-random-11.scen
620,den520d.map,PIBT,1,133557,410,631,1,den520d-random-11.scen
620,den520d.map,PIBTOLD,1,134965,405,450,1,den520d-random-11.scen
620,den520d.map,PIBT,1,133652,405,955,10,den520d-random-11.scen
620,den520d.map,PIBTOLD,1,134965,405,402,10,den520d-random-11.scen
620,den520d.map,PIBT,1,133641,405,3668,100,den520d-random-11.scen
620,den520d.map,PIBTOLD,1,134965,405,390,100,den520d-random-11.scen
620,den520d.map,PIBT,1,133531,406,15840,1000,den520d-random-11.scen
620,den520d.map,PIBTOLD,1,134965,405,436,1000,den520d-random-11.scen
660,den520d.map,PIBT,1,144580,407,619,0,den520d-random-11.scen
660,den520d.map,PIBTOLD,1,144580,407,455,0,den520d-random-11.scen
660,den520d.map,PIBT,1,142259,406,646,1,den520d-random-11.scen
660,den520d.map,PIBTOLD,1,144580,407,455,1,den520d-random-11.scen
660,den520d.map,PIBT,1,142692,407,1048,10,den520d-random-11.scen
660,den520d.map,PIBTOLD,1,144580,407,462,10,den520d-random-11.scen
660,den520d.map,PIBT,1,142565,408,2921,100,den520d-random-11.scen
660,den520d.map,PIBTOLD,1,144580,407,473,100,den520d-random-11.scen
660,den520d.map,PIBT,1,142820,412,25017,1000,den520d-random-11.scen
660,den520d.map,PIBTOLD,1,144580,407,468,1000,den520d-random-11.scen
700,den520d.map,PIBT,1,151850,405,650,0,den520d-random-11.scen
700,den520d.map,PIBTOLD,1,151850,405,491,0,den520d-random-11.scen
700,den520d.map,PIBT,1,150452,405,749,1,den520d-random-11.scen
700,den520d.map,PIBTOLD,1,151850,405,480,1,den520d-random-11.scen
700,den520d.map,PIBT,1,151631,407,1132,10,den520d-random-11.scen
700,den520d.map,PIBTOLD,1,151850,405,496,10,den520d-random-11.scen
700,den520d.map,PIBT,1,150297,405,4122,100,den520d-random-11.scen
700,den520d.map,PIBTOLD,1,151850,405,481,100,den520d-random-11.scen
700,den520d.map,PIBT,1,150966,405,21362,1000,den520d-random-11.scen
700,den520d.map,PIBTOLD,1,151850,405,503,1000,den520d-random-11.scen
740,den520d.map,PIBT,1,161627,405,711,0,den520d-random-11.scen
740,den520d.map,PIBTOLD,1,161627,405,505,0,den520d-random-11.scen
740,den520d.map,PIBT,1,161142,412,786,1,den520d-random-11.scen
740,den520d.map,PIBTOLD,1,161627,405,518,1,den520d-random-11.scen
740,den520d.map,PIBT,1,161276,408,1318,10,den520d-random-11.scen
740,den520d.map,PIBTOLD,1,161627,405,525,10,den520d-random-11.scen
740,den520d.map,PIBT,1,160626,409,6227,100,den520d-random-11.scen
740,den520d.map,PIBTOLD,1,161627,405,538,100,den520d-random-11.scen
740,den520d.map,PIBT,1,161030,405,49888,1000,den520d-random-11.scen
740,den520d.map,PIBTOLD,1,161627,405,531,1000,den520d-random-11.scen
780,den520d.map,PIBT,1,172588,405,798,0,den520d-random-11.scen
780,den520d.map,PIBTOLD,1,172588,405,582,0,den520d-random-11.scen
780,den520d.map,PIBT,1,170927,408,860,1,den520d-random-11.scen
780,den520d.map,PIBTOLD,1,172588,405,560,1,den520d-random-11.scen
780,den520d.map,PIBT,1,170699,408,1444,10,den520d-random-11.scen
780,den520d.map,PIBTOLD,1,172588,405,568,10,den520d-random-11.scen
780,den520d.map,PIBT,1,170685,416,6869,100,den520d-random-11.scen
780,den520d.map,PIBTOLD,1,172588,405,546,100,den520d-random-11.scen
780,den520d.map,PIBT,1,172250,415,56088,1000,den520d-random-11.scen
780,den520d.map,PIBTOLD,1,172588,405,531,1000,den520d-random-11.scen
20,den520d.map,PIBT,1,4336,374,16,0,den520d-random-19.scen
20,den520d.map,PIBTOLD,1,4336,374,15,0,den520d-random-19.scen
20,den520d.map,PIBT,1,4529,374,15,1,den520d-random-19.scen
20,den520d.map,PIBTOLD,1,4336,374,15,1,den520d-random-19.scen
20,den520d.map,PIBT,1,4529,374,16,10,den520d-random-19.scen
20,den520d.map,PIBTOLD,1,4336,374,14,10,den520d-random-19.scen
20,den520d.map,PIBT,1,4529,374,14,100,den520d-random-19.scen
20,den520d.map,PIBTOLD,1,4336,374,16,100,den520d-random-19.scen
20,den520d.map,PIBT,1,4529,374,13,1000,den520d-random-19.scen
20,den520d.map,PIBTOLD,1,4336,374,15,1000,den520d-random-19.scen
60,den520d.map,PIBT,1,11347,374,45,0,den520d-random-19.scen
60,den520d.map,PIBTOLD,1,11347,374,43,0,den520d-random-19.scen
60,den520d.map,PIBT,1,11591,374,42,1,den520d-random-19.scen
60,den520d.map,PIBTOLD,1,11347,374,41,1,den520d-random-19.scen
60,den520d.map,PIBT,1,11591,374,43,10,den520d-random-19.scen
60,den520d.map,PIBTOLD,1,11347,374,43,10,den520d-random-19.scen
60,den520d.map,PIBT,1,11591,374,44,100,den520d-random-19.scen
60,den520d.map,PIBTOLD,1,11347,374,38,100,den520d-random-19.scen
60,den520d.map,PIBT,1,11591,374,38,1000,den520d-random-19.scen
60,den520d.map,PIBTOLD,1,11347,374,38,1000,den520d-random-19.scen
100,den520d.map,PIBT,1,18713,375,69,0,den520d-random-19.scen
100,den520d.map,PIBTOLD,1,18713,375,65,0,den520d-random-19.scen
100,den520d.map,PIBT,1,18911,375,70,1,den520d-random-19.scen
100,den520d.map,PIBTOLD,1,18713,375,68,1,den520d-random-19.scen
100,den520d.map,PIBT,1,18911,375,73,10,den520d-random-19.scen
100,den520d.map,PIBTOLD,1,18713,375,67,10,den520d-random-19.scen
100,den520d.map,PIBT,1,18911,375,72,100,den520d-random-19.scen
100,den520d.map,PIBTOLD,1,18713,375,67,100,den520d-random-19.scen
100,den520d.map,PIBT,1,18911,375,70,1000,den520d-random-19.scen
100,den520d.map,PIBTOLD,1,18713,375,69,1000,den520d-random-19.scen
140,den520d.map,PIBT,1,26667,394,97,0,den520d-random-19.scen
140,den520d.map,PIBTOLD,1,26667,394,100,0,den520d-random-19.scen
140,den520d.map,PIBT,1,26900,394,110,1,den520d-random-19.scen
140,den520d.map,PIBTOLD,1,26667,394,89,1,den520d-random-19.scen
140,den520d.map,PIBT,1,26900,394,107,10,den520d-random-19.scen
140,den520d.map,PIBTOLD,1,26667,394,94,10,den520d-random-19.scen
140,den520d.map,PIBT,1,26900,394,102,100,den520d-random-19.scen
140,den520d.map,PIBTOLD,1,26667,394,99,100,den520d-random-19.scen
140,den520d.map,PIBT,1,26900,394,108,1000,den520d-random-19.scen
140,den520d.map,PIBTOLD,1,26667,394,94,1000,den520d-random-19.scen
180,den520d.map,PIBT,1,35887,404,134,0,den520d-random-19.scen
180,den520d.map,PIBTOLD,1,35887,404,127,0,den520d-random-19.scen
180,den520d.map,PIBT,1,35960,404,133,1,den520d-random-19.scen
180,den520d.map,PIBTOLD,1,35887,404,123,1,den520d-random-19.scen
180,den520d.map,PIBT,1,35960,404,137,10,den520d-random-19.scen
180,den520d.map,PIBTOLD,1,35887,404,140,10,den520d-random-19.scen
180,den520d.map,PIBT,1,35960,404,141,100,den520d-random-19.scen
180,den520d.map,PIBTOLD,1,35887,404,119,100,den520d-random-19.scen
180,den520d.map,PIBT,1,35960,404,135,1000,den520d-random-19.scen
180,den520d.map,PIBTOLD,1,35887,404,124,1000,den520d-random-19.scen
220,den520d.map,PIBT,1,44984,404,161,0,den520d-random-19.scen
220,den520d.map,PIBTOLD,1,44984,404,151,0,den520d-random-19.scen
220,den520d.map,PIBT,1,44378,404,175,1,den520d-random-19.scen
220,den520d.map,PIBTOLD,1,44984,404,140,1,den520d-random-19.scen
220,den520d.map,PIBT,1,44378,404,177,10,den520d-random-19.scen
220,den520d.map,PIBTOLD,1,44984,404,150,10,den520d-random-19.scen
220,den520d.map,PIBT,1,44378,404,164,100,den520d-random-19.scen
220,den520d.map,PIBTOLD,1,44984,404,153,100,den520d-random-19.scen
220,den520d.map,PIBT,1,44378,404,158,1000,den520d-random-19.scen
220,den520d.map,PIBTOLD,1,44984,404,154,1000,den520d-random-19.scen
260,den520d.map,PIBT,1,53957,404,196,0,den520d-random-19.scen
260,den520d.map,PIBTOLD,1,53957,404,166,0,den520d-random-19.scen
260,den520d.map,PIBT,1,53369,404,188,1,den520d-random-19.scen
260,den520d.map,PIBTOLD,1,53957,404,184,1,den520d-random-19.scen
260,den520d.map,PIBT,1,53369,404,203,10,den520d-random-19.scen
260,den520d.map,PIBTOLD,1,53957,404,177,10,den520d-random-19.scen
260,den520d.map,PIBT,1,53369,404,204,100,den520d-random-19.scen
260,den520d.map,PIBTOLD,1,53957,404,170,100,den520d-random-19.scen
260,den520d.map,PIBT,1,53369,404,209,1000,den520d-random-19.scen
260,den520d.map,PIBTOLD,1,53957,404,178,1000,den520d-random-19.scen
300,den520d.map,PIBT,1,62232,404,232,0,den520d-random-19.scen
300,den520d.map,PIBTOLD,1,62232,404,195,0,den520d-random-19.scen
300,den520d.map,PIBT,1,62022,404,235,1,den520d-random-19.scen
300,den520d.map,PIBTOLD,1,62232,404,204,1,den520d-random-19.scen
300,den520d.map,PIBT,1,62153,404,252,10,den520d-random-19.scen
300,den520d.map,PIBTOLD,1,62232,404,216,10,den520d-random-19.scen
300,den520d.map,PIBT,1,62153,404,246,100,den520d-random-19.scen
300,den520d.map,PIBTOLD,1,62232,404,204,100,den520d-random-19.scen
300,den520d.map,PIBT,1,62153,404,245,1000,den520d-random-19.scen
300,den520d.map,PIBTOLD,1,62232,404,201,1000,den520d-random-19.scen
340,den520d.map,PIBT,1,71562,404,265,0,den520d-random-19.scen
340,den520d.map,PIBTOLD,1,71562,404,237,0,den520d-random-19.scen
340,den520d.map,PIBT,1,71037,406,294,1,den520d-random-19.scen
340,den520d.map,PIBTOLD,1,71562,404,232,1,den520d-random-19.scen
340,den520d.map,PIBT,1,70601,408,280,10,den520d-random-19.scen
340,den520d.map,PIBTOLD,1,71562,404,226,10,den520d-random-19.scen
340,den520d.map,PIBT,1,70601,408,265,100,den520d-random-19.scen
340,den520d.map,PIBTOLD,1,71562,404,241,100,den520d-random-19.scen
340,den520d.map,PIBT,1,70601,408,275,1000,den520d-random-19.scen
340,den520d.map,PIBTOLD,1,71562,404,239,1000,den520d-random-19.scen
380,den520d.map,PIBT,1,80144,404,281,0,den520d-random-19.scen
380,den520d.map,PIBTOLD,1,80144,404,243,0,den520d-random-19.scen
380,den520d.map,PIBT,1,78892,404,318,1,den520d-random-19.scen
380,den520d.map,PIBTOLD,1,80144,404,252,1,den520d-random-19.scen
380,den520d.map,PIBT,1,78812,404,319,10,den520d-random-19.scen
380,den520d.map,PIBTOLD,1,80144,404,249,10,den520d-random-19.scen
380,den520d.map,PIBT,1,78848,404,345,100,den520d-random-19.scen
380,den520d.map,PIBTOLD,1,80144,404,292,100,den520d-random-19.scen
380,den520d.map,PIBT,1,78848,404,340,1000,den520d-random-19.scen
380,den520d.map,PIBTOLD,1,80144,404,246,1000,den520d-random-19.scen
420,den520d.map,PIBT,1,90429,404,338,0,den520d-random-19.scen
420,den520d.map,PIBTOLD,1,90429,404,289,0,den520d-random-19.scen
420,den520d.map,PIBT,1,89497,404,363,1,den520d-random-19.scen
420,den520d.map,PIBTOLD,1,90429,404,270,1,den520d-random-19.scen
420,den520d.map,PIBT,1,89526,404,415,10,den520d-random-19.scen
420,den520d.map,PIBTOLD,1,90429,404,283,10,den520d-random-19.scen
420,den520d.map,PIBT,1,89724,404,899,100,den520d-random-19.scen
420,den520d.map,PIBTOLD,1,90429,404,289,100,den520d-random-19.scen
420,den520d.map,PIBT,1,89482,404,1342,1000,den520d-random-19.scen
420,den520d.map,PIBTOLD,1,90429,404,275,1000,den520d-random-19.scen
460,den520d.map,PIBT,1,99417,404,373,0,den520d-random-19.scen
460,den520d.map,PIBTOLD,1,99417,404,307,0,den520d-random-19.scen
460,den520d.map,PIBT,1,98035,404,406,1,den520d-random-19.scen
460,den520d.map,PIBTOLD,1,99417,404,313,1,den520d-random-19.scen
460,den520d.map,PIBT,1,98127,406,505,10,den520d-random-19.scen
460,den520d.map,PIBTOLD,1,99417,404,322,10,den520d-random-19.scen
460,den520d.map,PIBT,1,98926,405,704,100,den520d-random-19.scen
460,den520d.map,PIBTOLD,1,99417,404,312,100,den520d-random-19.scen
460,den520d.map,PIBT,1,98340,408,960,1000,den520d-random-19.scen
460,den520d.map,PIBTOLD,1,99417,404,315,1000,den520d-random-19.scen
500,den520d.map,PIBT,1,108455,404,433,0,den520d-random-19.scen
500,den520d.map,PIBTOLD,1,108455,404,333,0,den520d-random-19.scen
500,den520d.map,PIBT,1,107269,406,470,1,den520d-random-19.scen
500,den520d.map,PIBTOLD,1,108455,404,366,1,den520d-random-19.scen
500,den520d.map,PIBT,1,107653,404,676,10,den520d-random-19.scen
500,den520d.map,PIBTOLD,1,108455,404,351,10,den520d-random-19.scen
500,den520d.map,PIBT,1,107653,404,2076,100,den520d-random-19.scen
500,den520d.map,PIBTOLD,1,108455,404,329,100,den520d-random-19.scen
500,den520d.map,PIBT,1,107347,406,3698,1000,den520d-random-19.scen
500,den520d.map,PIBTOLD,1,108455,404,354,1000,den520d-random-19.scen
540,den520d.map,PIBT,1,116568,406,484,0,den520d-random-19.scen
540,den520d.map,PIBTOLD,1,116568,406,387,0,den520d-random-19.scen
540,den520d.map,PIBT,1,117024,408,534,1,den520d-random-19.scen
540,den520d.map,PIBTOLD,1,116568,406,385,1,den520d-random-19.scen
540,den520d.map,PIBT,1,116321,418,749,10,den520d-random-19.scen
540,den520d.map,PIBTOLD,1,116568,406,387,10,den520d-random-19.scen
540,den520d.map,PIBT,1,116159,406,2217,100,den520d-random-19.scen
540,den520d.map,PIBTOLD,1,116568,406,373,100,den520d-random-19.scen
540,den520d.map,PIBT,1,116283,405,6784,1000,den520d-random-19.scen
540,den520d.map,PIBTOLD,1,116568,406,382,1000,den520d-random-19.scen
580,den520d.map,PIBT,1,126425,405,491,0,den520d-random-19.scen
580,den520d.map,PIBTOLD,1,126425,405,406,0,den520d-random-19.scen
580,den520d.map,PIBT,1,124711,406,576,1,den520d-random-19.scen
580,den520d.map,PIBTOLD,1,126425,405,409,1,den520d-random-19.scen
580,den520d.map,PIBT,1,123987,411,769,10,den520d-random-19.scen
580,den520d.map,PIBTOLD,1,126425,405,413,10,den520d-random-19.scen
580,den520d.map,PIBT,1,124752,411,2468,100,den520d-random-19.scen
580,den520d.map,PIBTOLD,1,126425,405,378,100,den520d-random-19.scen
580,den520d.map,PIBT,1,124451,411,15468,1000,den520d-random-19.scen
580,den520d.map,PIBTOLD,1,126425,405,381,1000,den520d-random-19.scen
620,den520d.map,PIBT,1,134965,405,556,0,den520d-random-19.scen
620,den520d.map,PIBTOLD,1,134965,405,428,0,den520d-random-19.scen
620,den520d.map,PIBT,1,133323,408,622,1,den520d-random-19.scen
620,den520d.map,PIBTOLD,1,134965,405,440,1,den520d-random-19.scen
620,den520d.map,PIBT,1,134472,405,950,10,den520d-random-19.scen
620,den520d.map,PIBTOLD,1,134965,405,428,10,den520d-random-19.scen
620,den520d.map,PIBT,1,133985,407,3524,100,den520d-random-19.scen
620,den520d.map,PIBTOLD,1,134965,405,460,100,den520d-random-19.scen
620,den520d.map,PIBT,1,134314,405,28732,1000,den520d-random-19.scen
620,den520d.map,PIBTOLD,1,134965,405,439,1000,den520d-random-19.scen
660,den520d.map,PIBT,1,144580,407,578,0,den520d-random-19.scen
660,den520d.map,PIBTOLD,1,144580,407,487,0,den520d-random-19.scen
660,den520d.map,PIBT,1,142783,408,701,1,den520d-random-19.scen
660,den520d.map,PIBTOLD,1,144580,407,450,1,den520d-random-19.scen
660,den520d.map,PIBT,1,142663,407,1068,10,den520d-random-19.scen
660,den520d.map,PIBTOLD,1,144580,407,431,10,den520d-random-19.scen
660,den520d.map,PIBT,1,142318,406,3617,100,den520d-random-19.scen
660,den520d.map,PIBTOLD,1,144580,407,486,100,den520d-random-19.scen
660,den520d.map,PIBT,1,142419,406,17124,1000,den520d-random-19.scen
660,den520d.map,PIBTOLD,1,144580,407,469,1000,den520d-random-19.scen
700,den520d.map,PIBT,1,151850,405,651,0,den520d-random-19.scen
700,den520d.map,PIBTOLD,1,151850,405,479,0,den520d-random-19.scen
700,den520d.map,PIBT,1,150637,406,718,1,den520d-random-19.scen
700,den520d.map,PIBTOLD,1,151850,405,480,1,den520d-random-19.scen
700,den520d.map,PIBT,1,151040,405,1103,10,den520d-random-19.scen
700,den520d.map,PIBTOLD,1,151850,405,500,10,den520d-random-19.scen
700,den520d.map,PIBT,1,150754,405,3000,100,den520d-random-19.scen
700,den520d.map,PIBTOLD,1,151850,405,480,100,den520d-random-19.scen
700,den520d.map,PIBT,1,149950,405,40864,1000,den520d-random-19.scen
700,den520d.map,PIBTOLD,1,151850,405,470,1000,den520d-random-19.scen
740,den520d.map,PIBT,1,161627,405,717,0,den520d-random-19.scen
740,den520d.map,PIBTOLD,1,161627,405,495,0,den520d-random-19.scen
740,den520d.map,PIBT,1,160191,409,794,1,den520d-random-19.scen
740,den520d.map,PIBTOLD,1,161627,405,509,1,den520d-random-19.scen
740,den520d.map,PIBT,1,160150,410,1255,10,den520d-random-19.scen
740,den520d.map,PIBTOLD,1,161627,405,528,10,den520d-random-19.scen
740,den520d.map,PIBT,1,162120,407,6913,100,den520d-random-19.scen
740,den520d.map,PIBTOLD,1,161627,405,521,100,den520d-random-19.scen
740,den520d.map,PIBT,1,161146,417,55291,1000,den520d-random-19.scen
740,den520d.map,PIBTOLD,1,161627,405,510,1000,den520d-random-19.scen
780,den520d.map,PIBT,1,172588,405,751,0,den520d-random-19.scen
780,den520d.map,PIBTOLD,1,172588,405,527,0,den520d-random-19.scen
780,den520d.map,PIBT,1,171318,406,859,1,den520d-random-19.scen
780,den520d.map,PIBTOLD,1,172588,405,516,1,den520d-random-19.scen
780,den520d.map,PIBT,1,171003,460,1490,10,den520d-random-19.scen
780,den520d.map,PIBTOLD,1,172588,405,577,10,den520d-random-19.scen
780,den520d.map,PIBT,1,171625,405,7136,100,den520d-random-19.scen
780,den520d.map,PIBTOLD,1,172588,405,542,100,den520d-random-19.scen
780,den520d.map,PIBT,1,171011,412,53355,1000,den520d-random-19.scen
780,den520d.map,PIBTOLD,1,172588,405,540,1000,den520d-random-19.scen
20,den520d.map,PIBT,1,4336,374,13,0,den520d-random-1.scen
20,den520d.map,PIBTOLD,1,4336,374,13,0,den520d-random-1.scen
20,den520d.map,PIBT,1,4529,374,15,1,den520d-random-1.scen
20,den520d.map,PIBTOLD,1,4336,374,14,1,den520d-random-1.scen
20,den520d.map,PIBT,1,4529,374,15,10,den520d-random-1.scen
20,den520d.map,PIBTOLD,1,4336,374,13,10,den520d-random-1.scen
20,den520d.map,PIBT,1,4529,374,17,100,den520d-random-1.scen
20,den520d.map,PIBTOLD,1,4336,374,16,100,den520d-random-1.scen
20,den520d.map,PIBT,1,4529,374,13,1000,den520d-random-1.scen
20,den520d.map,PIBTOLD,1,4336,374,13,1000,den520d-random-1.scen
60,den520d.map,PIBT,1,11347,374,41,0,den520d-random-1.scen
60,den520d.map,PIBTOLD,1,11347,374,42,0,den520d-random-1.scen
60,den520d.map,PIBT,1,11591,374,39,1,den520d-random-1.scen
60,den520d.map,PIBTOLD,1,11347,374,41,1,den520d-random-1.scen
60,den520d.map,PIBT,1,11591,374,46,10,den520d-random-1.scen
60,den520d.map,PIBTOLD,1,11347,374,42,10,den520d-random-1.scen
60,den520d.map,PIBT,1,11591,374,46,100,den520d-random-1.scen
60,den520d.map,PIBTOLD,1,11347,374,42,100,den520d-random-1.scen
60,den520d.map,PIBT,1,11591,374,46,1000,den520d-random-1.scen
60,den520d.map,PIBTOLD,1,11347,374,43,1000,den520d-random-1.scen
100,den520d.map,PIBT,1,18713,375,71,0,den520d-random-1.scen
100,den520d.map,PIBTOLD,1,18713,375,64,0,den520d-random-1.scen
100,den520d.map,PIBT,1,18911,375,74,1,den520d-random-1.scen
100,den520d.map,PIBTOLD,1,18713,375,71,1,den520d-random-1.scen
100,den520d.map,PIBT,1,18911,375,72,10,den520d-random-1.scen
100,den520d.map,PIBTOLD,1,18713,375,71,10,den520d-random-1.scen
100,den520d.map,PIBT,1,18911,375,68,100,den520d-random-1.scen
100,den520d.map,PIBTOLD,1,18713,375,67,100,den520d-random-1.scen
100,den520d.map,PIBT,1,18911,375,69,1000,den520d-random-1.scen
100,den520d.map,PIBTOLD,1,18713,375,69,1000,den520d-random-1.scen
140,den520d.map,PIBT,1,26667,394,101,0,den520d-random-1.scen
140,den520d.map,PIBTOLD,1,26667,394,99,0,den520d-random-1.scen
140,den520d.map,PIBT,1,26900,394,106,1,den520d-random-1.scen
140,den520d.map,PIBTOLD,1,26667,394,89,1,den520d-random-1.scen
140,den520d.map,PIBT,1,26900,394,100,10,den520d-random-1.scen
140,den520d.map,PIBTOLD,1,26667,394,87,10,den520d-random-1.scen
140,den520d.map,PIBT,1,26900,394,103,100,den520d-random-1.scen
140,den520d.map,PIBTOLD,1,26667,394,97,100,den520d-random-1.scen
140,den520d.map,PIBT,1,26900,394,105,1000,den520d-random-1.scen
140,den520d.map,PIBTOLD,1,26667,394,94,1000,den520d-random-1.scen
180,den520d.map,PIBT,1,35887,404,139,0,den520d-random-1.scen
180,den520d.map,PIBTOLD,1,35887,404,126,0,den520d-random-1.scen
180,den520d.map,PIBT,1,35960,404,132,1,den520d-random-1.scen
180,den520d.map,PIBTOLD,1,35887,404,117,1,den520d-random-1.scen
180,den520d.map,PIBT,1,35960,404,138,10,den520d-random-1.scen
180,den520d.map,PIBTOLD,1,35887,404,130,10,den520d-random-1.scen
180,den520d.map,PIBT,1,35960,404,136,100,den520d-random-1.scen
180,den520d.map,PIBTOLD,1,35887,404,122,100,den520d-random-1.scen
180,den520d.map,PIBT,1,35960,404,131,1000,den520d-random-1.scen
180,den520d.map,PIBTOLD,1,35887,404,118,1000,den520d-random-1.scen
220,den520d.map,PIBT,1,44984,404,168,0,den520d-random-1.scen
220,den520d.map,PIBTOLD,1,44984,404,148,0,den520d-random-1.scen
220,den520d.map,PIBT,1,44378,404,159,1,den520d-random-1.scen
220,den520d.map,PIBTOLD,1,44984,404,151,1,den520d-random-1.scen
220,den520d.map,PIBT,1,44378,404,160,10,den520d-random-1.scen
220,den520d.map,PIBTOLD,1,44984,404,146,10,den520d-random-1.scen
220,den520d.map,PIBT,1,44378,404,170,100,den520d-random-1.scen
220,den520d.map,PIBTOLD,1,44984,404,150,100,den520d-random-1.scen
220,den520d.map,PIBT,1,44378,404,165,1000,den520d-random-1.scen
220,den520d.map,PIBTOLD,1,44984,404,151,1000,den520d-random-1.scen
260,den520d.map,PIBT,1,53957,404,199,0,den520d-random-1.scen
260,den520d.map,PIBTOLD,1,53957,404,164,0,den520d-random-1.scen
260,den520d.map,PIBT,1,53369,404,206,1,den520d-random-1.scen
260,den520d.map,PIBTOLD,1,53957,404,180,1,den520d-random-1.scen
260,den520d.map,PIBT,1,53369,404,190,10,den520d-random-1.scen
260,den520d.map,PIBTOLD,1,53957,404,180,10,den520d-random-1.scen
260,den520d.map,PIBT,1,53369,404,210,100,den520d-random-1.scen
260,den520d.map,PIBTOLD,1,53957,404,183,100,den520d-random-1.scen
260,den520d.map,PIBT,1,53369,404,204,1000,den520d-random-1.scen
260,den520d.map,PIBTOLD,1,53957,404,183,1000,den520d-random-1.scen
300,den520d.map,PIBT,1,62232,404,261,0,den520d-random-1.scen
300,den520d.map,PIBTOLD,1,62232,404,213,0,den520d-random-1.scen
300,den520d.map,PIBT,1,61875,404,231,1,den520d-random-1.scen
300,den520d.map,PIBTOLD,1,62232,404,211,1,den520d-random-1.scen
300,den520d.map,PIBT,1,62153,404,245,10,den520d-random-1.scen
300,den520d.map,PIBTOLD,1,62232,404,212,10,den520d-random-1.scen
300,den520d.map,PIBT,1,62153,404,236,100,den520d-random-1.scen
300,den520d.map,PIBTOLD,1,62232,404,203,100,den520d-random-1.scen
300,den520d.map,PIBT,1,62153,404,234,1000,den520d-random-1.scen
300,den520d.map,PIBTOLD,1,62232,404,207,1000,den520d-random-1.scen
340,den520d.map,PIBT,1,71562,404,269,0,den520d-random-1.scen
340,den520d.map,PIBTOLD,1,71562,404,228,0,den520d-random-1.scen
340,den520d.map,PIBT,1,70683,404,286,1,den520d-random-1.scen
340,den520d.map,PIBTOLD,1,71562,404,218,1,den520d-random-1.scen
340,den520d.map,PIBT,1,70601,408,282,10,den520d-random-1.scen
340,den520d.map,PIBTOLD,1,71562,404,234,10,den520d-random-1.scen
340,den520d.map,PIBT,1,70601,408,267,100,den520d-random-1.scen
340,den520d.map,PIBTOLD,1,71562,404,219,100,den520d-random-1.scen
340,den520d.map,PIBT,1,70601,408,271,1000,den520d-random-1.scen
340,den520d.map,PIBTOLD,1,71562,404,241,1000,den520d-random-1.scen
380,den520d.map,PIBT,1,80144,404,306,0,den520d-random-1.scen
380,den520d.map,PIBTOLD,1,80144,404,265,0,den520d-random-1.scen
380,den520d.map,PIBT,1,79005,404,316,1,den520d-random-1.scen
380,den520d.map,PIBTOLD,1,80144,404,264,1,den520d-random-1.scen
380,den520d.map,PIBT,1,78934,404,338,10,den520d-random-1.scen
380,den520d.map,PIBTOLD,1,80144,404,258,10,den520d-random-1.scen
380,den520d.map,PIBT,1,78848,404,334,100,den520d-random-1.scen
380,den520d.map,PIBTOLD,1,80144,404,268,100,den520d-random-1.scen
380,den520d.map,PIBT,1,78848,404,335,1000,den520d-random-1.scen
380,den520d.map,PIBTOLD,1,80144,404,268,1000,den520d-random-1.scen
420,den520d.map,PIBT,1,90429,404,338,0,den520d-random-1.scen
420,den520d.map,PIBTOLD,1,90429,404,332,0,den520d-random-1.scen
420,den520d.map,PIBT,1,89496,404,366,1,den520d-random-1.scen
420,den520d.map,PIBTOLD,1,90429,404,290,1,den520d-random-1.scen
420,den520d.map,PIBT,1,89818,404,429,10,den520d-random-1.scen
420,den520d.map,PIBTOLD,1,90429,404,282,10,den520d-random-1.scen
420,den520d.map,PIBT,1,89334,404,1010,100,den520d-random-1.scen
420,den520d.map,PIBTOLD,1,90429,404,286,100,den520d-random-1.scen
420,den520d.map,PIBT,1,89482,404,1283,1000,den520d-random-1.scen
420,den520d.map,PIBTOLD,1,90429,404,285,1000,den520d-random-1.scen
460,den520d.map,PIBT,1,99417,404,382,0,den520d-random-1.scen
460,den520d.map,PIBTOLD,1,99417,404,316,0,den520d-random-1.scen
460,den520d.map,PIBT,1,98121,411,424,1,den520d-random-1.scen
460,den520d.map,PIBTOLD,1,99417,404,323,1,den520d-random-1.scen
460,den520d.map,PIBT,1,99209,421,541,10,den520d-random-1.scen
460,den520d.map,PIBTOLD,1,99417,404,310,10,den520d-random-1.scen
460,den520d.map,PIBT,1,98127,404,698,100,den520d-random-1.scen
460,den520d.map,PIBTOLD,1,99417,404,334,100,den520d-random-1.scen
460,den520d.map,PIBT,1,98340,408,974,1000,den520d-random-1.scen
460,den520d.map,PIBTOLD,1,99417,404,314,1000,den520d-random-1.scen
500,den520d.map,PIBT,1,108455,404,429,0,den520d-random-1.scen
500,den520d.map,PIBTOLD,1,108455,404,361,0,den520d-random-1.scen
500,den520d.map,PIBT,1,107404,406,481,1,den520d-random-1.scen
500,den520d.map,PIBTOLD,1,108455,404,353,1,den520d-random-1.scen
500,den520d.map,PIBT,1,107594,406,648,10,den520d-random-1.scen
500,den520d.map,PIBTOLD,1,108455,404,326,10,den520d-random-1.scen
500,den520d.map,PIBT,1,107329,407,1929,100,den520d-random-1.scen
500,den520d.map,PIBTOLD,1,108455,404,354,100,den520d-random-1.scen
500,den520d.map,PIBT,1,107530,404,4911,1000,den520d-random-1.scen
500,den520d.map,PIBTOLD,1,108455,404,334,1000,den520d-random-1.scen
540,den520d.map,PIBT,1,116568,406,495,0,den520d-random-1.scen
540,den520d.map,PIBTOLD,1,116568,406,369,0,den520d-random-1.scen
540,den520d.map,PIBT,1,115779,408,532,1,den520d-random-1.scen
540,den520d.map,PIBTOLD,1,116568,406,365,1,den520d-random-1.scen
540,den520d.map,PIBT,1,116851,428,914,10,den520d-random-1.scen
540,den520d.map,PIBTOLD,1,116568,406,383,10,den520d-random-1.scen
540,den520d.map,PIBT,1,115676,405,2620,100,den520d-random-1.scen
540,den520d.map,PIBTOLD,1,116568,406,362,100,den520d-random-1.scen
540,den520d.map,PIBT,1,116292,409,5676,1000,den520d-random-1.scen
540,den520d.map,PIBTOLD,1,116568,406,361,1000,den520d-random-1.scen
580,den520d.map,PIBT,1,126425,405,524,0,den520d-random-1.scen
580,den520d.map,PIBTOLD,1,126425,405,389,0,den520d-random-1.scen
580,den520d.map,PIBT,1,125172,412,585,1,den520d-random-1.scen
580,den520d.map,PIBTOLD,1,126425,405,418,1,den520d-random-1.scen
580,den520d.map,PIBT,1,124028,411,818,10,den520d-random-1.scen
580,den520d.map,PIBTOLD,1,126425,405,412,10,den520d-random-1.scen
580,den520d.map,PIBT,1,124066,411,2734,100,den520d-random-1.scen
580,den520d.map,PIBTOLD,1,126425,405,405,100,den520d-random-1.scen
580,den520d.map,PIBT,1,124919,411,14209,1000,den520d-random-1.scen
580,den520d.map,PIBTOLD,1,126425,405,402,1000,den520d-random-1.scen
620,den520d.map,PIBT,1,134965,405,566,0,den520d-random-1.scen
620,den520d.map,PIBTOLD,1,134965,405,408,0,den520d-random-1.scen
620,den520d.map,PIBT,1,134118,406,585,1,den520d-random-1.scen
620,den520d.map,PIBTOLD,1,134965,405,421,1,den520d-random-1.scen
620,den520d.map,PIBT,1,133600,405,904,10,den520d-random-1.scen
620,den520d.map,PIBTOLD,1,134965,405,452,10,den520d-random-1.scen
620,den520d.map,PIBT,1,134457,408,4762,100,den520d-random-1.scen
620,den520d.map,PIBTOLD,1,134965,405,444,100,den520d-random-1.scen
620,den520d.map,PIBT,1,133898,408,16115,1000,den520d-random-1.scen
620,den520d.map,PIBTOLD,1,134965,405,421,1000,den520d-random-1.scen
660,den520d.map,PIBT,1,144580,407,623,0,den520d-random-1.scen
660,den520d.map,PIBTOLD,1,144580,407,416,0,den520d-random-1.scen
660,den520d.map,PIBT,1,143676,405,702,1,den520d-random-1.scen
660,den520d.map,PIBTOLD,1,144580,407,478,1,den520d-random-1.scen
660,den520d.map,PIBT,1,143872,420,1170,10,den520d-random-1.scen
660,den520d.map,PIBTOLD,1,144580,407,461,10,den520d-random-1.scen
660,den520d.map,PIBT,1,143005,406,4601,100,den520d-random-1.scen
660,den520d.map,PIBTOLD,1,144580,407,453,100,den520d-random-1.scen
660,den520d.map,PIBT,1,142677,406,21944,1000,den520d-random-1.scen
660,den520d.map,PIBTOLD,1,144580,407,485,1000,den520d-random-1.scen
700,den520d.map,PIBT,1,151850,405,649,0,den520d-random-1.scen
700,den520d.map,PIBTOLD,1,151850,405,479,0,den520d-random-1.scen
700,den520d.map,PIBT,1,151102,405,755,1,den520d-random-1.scen
700,den520d.map,PIBTOLD,1,151850,405,481,1,den520d-random-1.scen
700,den520d.map,PIBT,1,150088,406,1122,10,den520d-random-1.scen
700,den520d.map,PIBTOLD,1,151850,405,504,10,den520d-random-1.scen
700,den520d.map,PIBT,1,150422,410,4595,100,den520d-random-1.scen
700,den520d.map,PIBTOLD,1,151850,405,488,100,den520d-random-1.scen
700,den520d.map,PIBT,1,150923,405,33524,1000,den520d-random-1.scen
700,den520d.map,PIBTOLD,1,151850,405,489,1000,den520d-random-1.scen
740,den520d.map,PIBT,1,161627,405,692,0,den520d-random-1.scen
740,den520d.map,PIBTOLD,1,161627,405,526,0,den520d-random-1.scen
740,den520d.map,PIBT,1,160959,405,806,1,den520d-random-1.scen
740,den520d.map,PIBTOLD,1,161627,405,524,1,den520d-random-1.scen
740,den520d.map,PIBT,1,161936,408,1338,10,den520d-random-1.scen
740,den520d.map,PIBTOLD,1,161627,405,524,10,den520d-random-1.scen
740,den520d.map,PIBT,1,160710,410,6593,100,den520d-random-1.scen
740,den520d.map,PIBTOLD,1,161627,405,522,100,den520d-random-1.scen
740,den520d.map,PIBT,1,160163,408,39738,1000,den520d-random-1.scen
740,den520d.map,PIBTOLD,1,161627,405,522,1000,den520d-random-1.scen
780,den520d.map,PIBT,1,172588,405,756,0,den520d-random-1.scen
780,den520d.map,PIBTOLD,1,172588,405,505,0,den520d-random-1.scen
780,den520d.map,PIBT,1,171556,410,846,1,den520d-random-1.scen
780,den520d.map,PIBTOLD,1,172588,405,549,1,den520d-random-1.scen
780,den520d.map,PIBT,1,171585,408,1385,10,den520d-random-1.scen
780,den520d.map,PIBTOLD,1,172588,405,550,10,den520d-random-1.scen
780,den520d.map,PIBT,1,171008,412,7496,100,den520d-random-1.scen
780,den520d.map,PIBTOLD,1,172588,405,470,100,den520d-random-1.scen
780,den520d.map,PIBT,1,170670,413,54881,1000,den520d-random-1.scen
780,den520d.map,PIBTOLD,1,172588,405,555,1000,den520d-random-1.scen
20,den520d.map,PIBT,1,4336,374,13,0,den520d-random-3.scen
20,den520d.map,PIBTOLD,1,4336,374,15,0,den520d-random-3.scen
20,den520d.map,PIBT,1,4529,374,18,1,den520d-random-3.scen
20,den520d.map,PIBTOLD,1,4336,374,15,1,den520d-random-3.scen
20,den520d.map,PIBT,1,4529,374,14,10,den520d-random-3.scen
20,den520d.map,PIBTOLD,1,4336,374,15,10,den520d-random-3.scen
20,den520d.map,PIBT,1,4529,374,14,100,den520d-random-3.scen
20,den520d.map,PIBTOLD,1,4336,374,15,100,den520d-random-3.scen
20,den520d.map,PIBT,1,4529,374,15,1000,den520d-random-3.scen
20,den520d.map,PIBTOLD,1,4336,374,14,1000,den520d-random-3.scen
60,den520d.map,PIBT,1,11347,374,37,0,den520d-random-3.scen
60,den520d.map,PIBTOLD,1,11347,374,40,0,den520d-random-3.scen
60,den520d.map,PIBT,1,11591,374,42,1,den520d-random-3.scen
60,den520d.map,PIBTOLD,1,11347,374,41,1,den520d-random-3.scen
60,den520d.map,PIBT,1,11591,374,38,10,den520d-random-3.scen
60,den520d.map,PIBTOLD,1,11347,374,38,10,den520d-random-3.scen
60,den520d.map,PIBT,1,11591,374,42,100,den520d-random-3.scen
60,den520d.map,PIBTOLD,1,11347,374,42,100,den520d-random-3.scen
60,den520d.map,PIBT,1,11591,374,43,1000,den520d-random-3.scen
60,den520d.map,PIBTOLD,1,11347,374,40,1000,den520d-random-3.scen
100,den520d.map,PIBT,1,18713,375,69,0,den520d-random-3.scen
100,den520d.map,PIBTOLD,1,18713,375,66,0,den520d-random-3.scen
100,den520d.map,PIBT,1,18911,375,70,1,den520d-random-3.scen
100,den520d.map,PIBTOLD,1,18713,375,72,1,den520d-random-3.scen
100,den520d.map,PIBT,1,18911,375,67,10,den520d-random-3.scen
100,den520d.map,PIBTOLD,1,18713,375,60,10,den520d-random-3.scen
100,den520d.map,PIBT,1,18911,375,70,100,den520d-random-3.scen
100,den520d.map,PIBTOLD,1,18713,375,60,100,den520d-random-3.scen
100,den520d.map,PIBT,1,18911,375,62,1000,den520d-random-3.scen
100,den520d.map,PIBTOLD,1,18713,375,66,1000,den520d-random-3.scen
140,den520d.map,PIBT,1,26667,394,103,0,den520d-random-3.scen
140,den520d.map,PIBTOLD,1,26667,394,85,0,den520d-random-3.scen
140,den520d.map,PIBT,1,26900,394,101,1,den520d-random-3.scen
140,den520d.map,PIBTOLD,1,26667,394,98,1,den520d-random-3.scen
140,den520d.map,PIBT,1,26900,394,102,10,den520d-random-3.scen
140,den520d.map,PIBTOLD,1,26667,394,98,10,den520d-random-3.scen
140,den520d.map,PIBT,1,26900,394,104,100,den520d-random-3.scen
140,den520d.map,PIBTOLD,1,26667,394,101,100,den520d-random-3.scen
140,den520d.map,PIBT,1,26900,394,103,1000,den520d-random-3.scen
140,den520d.map,PIBTOLD,1,26667,394,89,1000,den520d-random-3.scen
180,den520d.map,PIBT,1,35887,404,138,0,den520d-random-3.scen
180,den520d.map,PIBTOLD,1,35887,404,124,0,den520d-random-3.scen
180,den520d.map,PIBT,1,35960,404,131,1,den520d-random-3.scen
180,den520d.map,PIBTOLD,1,35887,404,123,1,den520d-random-3.scen
180,den520d.map,PIBT,1,35960,404,143,10,den520d-random-3.scen
180,den520d.map,PIBTOLD,1,35887,404,114,10,den520d-random-3.scen
180,den520d.map,PIBT,1,35960,404,135,100,den520d-random-3.scen
180,den520d.map,PIBTOLD,1,35887,404,188,100,den520d-random-3.scen
180,den520d.map,PIBT,1,35960,404,126,1000,den520d-random-3.scen
180,den520d.map,PIBTOLD,1,35887,404,122,1000,den520d-random-3.scen
220,den520d.map,PIBT,1,44984,404,159,0,den520d-random-3.scen
220,den520d.map,PIBTOLD,1,44984,404,158,0,den520d-random-3.scen
220,den520d.map,PIBT,1,44378,404,169,1,den520d-random-3.scen
220,den520d.map,PIBTOLD,1,44984,404,152,1,den520d-random-3.scen
220,den520d.map,PIBT,1,44378,404,170,10,den520d-random-3.scen
220,den520d.map,PIBTOLD,1,44984,404,149,10,den520d-random-3.scen
220,den520d.map,PIBT,1,44378,404,165,100,den520d-random-3.scen
220,den520d.map,PIBTOLD,1,44984,404,147,100,den520d-random-3.scen
220,den520d.map,PIBT,1,44378,404,168,1000,den520d-random-3.scen
220,den520d.map,PIBTOLD,1,44984,404,161,1000,den520d-random-3.scen
260,den520d.map,PIBT,1,53957,404,204,0,den520d-random-3.scen
260,den520d.map,PIBTOLD,1,53957,404,177,0,den520d-random-3.scen
260,den520d.map,PIBT,1,53369,404,202,1,den520d-random-3.scen
260,den520d.map,PIBTOLD,1,53957,404,174,1,den520d-random-3.scen
260,den520d.map,PIBT,1,53369,404,206,10,den520d-random-3.scen
260,den520d.map,PIBTOLD,1,53957,404,178,10,den520d-random-3.scen
260,den520d.map,PIBT,1,53369,404,196,100,den520d-random-3.scen
260,den520d.map,PIBTOLD,1,53957,404,161,100,den520d-random-3.scen
260,den520d.map,PIBT,1,53369,404,199,1000,den520d-random-3.scen
260,den520d.map,PIBTOLD,1,53957,404,178,1000,den520d-random-3.scen
300,den520d.map,PIBT,1,62232,404,227,0,den520d-random-3.scen
300,den520d.map,PIBTOLD,1,62232,404,199,0,den520d-random-3.scen
300,den520d.map,PIBT,1,62202,404,236,1,den520d-random-3.scen
300,den520d.map,PIBTOLD,1,62232,404,194,1,den520d-random-3.scen
300,den520d.map,PIBT,1,62153,404,247,10,den520d-random-3.scen
300,den520d.map,PIBTOLD,1,62232,404,212,10,den520d-random-3.scen
300,den520d.map,PIBT,1,62153,404,232,100,den520d-random-3.scen
300,den520d.map,PIBTOLD,1,62232,404,207,100,den520d-random-3.scen
300,den520d.map,PIBT,1,62153,404,236,1000,den520d-random-3.scen
300,den520d.map,PIBTOLD,1,62232,404,208,1000,den520d-random-3.scen
340,den520d.map,PIBT,1,71562,404,274,0,den520d-random-3.scen
340,den520d.map,PIBTOLD,1,71562,404,230,0,den520d-random-3.scen
340,den520d.map,PIBT,1,70709,404,292,1,den520d-random-3.scen
340,den520d.map,PIBTOLD,1,71562,404,236,1,den520d-random-3.scen
340,den520d.map,PIBT,1,70601,408,268,10,den520d-random-3.scen
340,den520d.map,PIBTOLD,1,71562,404,224,10,den520d-random-3.scen
340,den520d.map,PIBT,1,70601,408,265,100,den520d-random-3.scen
340,den520d.map,PIBTOLD,1,71562,404,240,100,den520d-random-3.scen
340,den520d.map,PIBT,1,70601,408,264,1000,den520d-random-3.scen
340,den520d.map,PIBTOLD,1,71562,404,220,1000,den520d-random-3.scen
380,den520d.map,PIBT,1,80144,404,319,0,den520d-random-3.scen
380,den520d.map,PIBTOLD,1,80144,404,229,0,den520d-random-3.scen
380,den520d.map,PIBT,1,79223,404,318,1,den520d-random-3.scen
380,den520d.map,PIBTOLD,1,80144,404,268,1,den520d-random-3.scen
380,den520d.map,PIBT,1,79112,404,342,10,den520d-random-3.scen
380,den520d.map,PIBTOLD,1,80144,404,249,10,den520d-random-3.scen
380,den520d.map,PIBT,1,78848,404,353,100,den520d-random-3.scen
380,den520d.map,PIBTOLD,1,80144,404,248,100,den520d-random-3.scen
380,den520d.map,PIBT,1,78848,404,355,1000,den520d-random-3.scen
380,den520d.map,PIBTOLD,1,80144,404,276,1000,den520d-random-3.scen
420,den520d.map,PIBT,1,90429,404,335,0,den520d-random-3.scen
420,den520d.map,PIBTOLD,1,90429,404,275,0,den520d-random-3.scen
420,den520d.map,PIBT,1,89247,404,369,1,den520d-random-3.scen
420,den520d.map,PIBTOLD,1,90429,404,282,1,den520d-random-3.scen
420,den520d.map,PIBT,1,89610,404,400,10,den520d-random-3.scen
420,den520d.map,PIBTOLD,1,90429,404,268,10,den520d-random-3.scen
420,den520d.map,PIBT,1,89760,409,839,100,den520d-random-3.scen
420,den520d.map,PIBTOLD,1,90429,404,271,100,den520d-random-3.scen
420,den520d.map,PIBT,1,89482,404,1334,1000,den520d-random-3.scen
420,den520d.map,PIBTOLD,1,90429,404,291,1000,den520d-random-3.scen
460,den520d.map,PIBT,1,99417,404,386,0,den520d-random-3.scen
460,den520d.map,PIBTOLD,1,99417,404,328,0,den520d-random-3.scen
460,den520d.map,PIBT,1,98615,409,421,1,den520d-random-3.scen
460,den520d.map,PIBTOLD,1,99417,404,317,1,den520d-random-3.scen
460,den520d.map,PIBT,1,98179,417,519,10,den520d-random-3.scen
460,den520d.map,PIBTOLD,1,99417,404,321,10,den520d-random-3.scen
460,den520d.map,PIBT,1,97894,404,724,100,den520d-random-3.scen
460,den520d.map,PIBTOLD,1,99417,404,323,100,den520d-random-3.scen
460,den520d.map,PIBT,1,98340,408,965,1000,den520d-random-3.scen
460,den520d.map,PIBTOLD,1,99417,404,320,1000,den520d-random-3.scen
500,den520d.map,PIBT,1,108455,404,435,0,den520d-random-3.scen
500,den520d.map,PIBTOLD,1,108455,404,359,0,den520d-random-3.scen
500,den520d.map,PIBT,1,107914,404,458,1,den520d-random-3.scen
500,den520d.map,PIBTOLD,1,108455,404,358,1,den520d-random-3.scen
500,den520d.map,PIBT,1,107345,404,704,10,den520d-random-3.scen
500,den520d.map,PIBTOLD,1,108455,404,360,10,den520d-random-3.scen
500,den520d.map,PIBT,1,106929,406,2569,100,den520d-random-3.scen
500,den520d.map,PIBTOLD,1,108455,404,362,100,den520d-random-3.scen
500,den520d.map,PIBT,1,107491,404,2941,1000,den520d-random-3.scen
500,den520d.map,PIBTOLD,1,108455,404,352,1000,den520d-random-3.scen
540,den520d.map,PIBT,1,116568,406,467,0,den520d-random-3.scen
540,den520d.map,PIBTOLD,1,116568,406,363,0,den520d-random-3.scen
540,den520d.map,PIBT,1,115228,406,516,1,den520d-random-3.scen
540,den520d.map,PIBTOLD,1,116568,406,349,1,den520d-random-3.scen
540,den520d.map,PIBT,1,115924,405,726,10,den520d-random-3.scen
540,den520d.map,PIBTOLD,1,116568,406,381,10,den520d-random-3.scen
540,den520d.map,PIBT,1,115992,405,1775,100,den520d-random-3.scen
540,den520d.map,PIBTOLD,1,116568,406,376,100,den520d-random-3.scen
540,den520d.map,PIBT,1,115972,405,12180,1000,den520d-random-3.scen
540,den520d.map,PIBTOLD,1,116568,406,392,1000,den520d-random-3.scen
580,den520d.map,PIBT,1,126425,405,513,0,den520d-random-3.scen
580,den520d.map,PIBTOLD,1,126425,405,424,0,den520d-random-3.scen
580,den520d.map,PIBT,1,124320,406,577,1,den520d-random-3.scen
580,den520d.map,PIBTOLD,1,126425,405,400,1,den520d-random-3.scen
580,den520d.map,PIBT,1,125032,417,882,10,den520d-random-3.scen
580,den520d.map,PIBTOLD,1,126425,405,392,10,den520d-random-3.scen
580,den520d.map,PIBT,1,124792,411,2151,100,den520d-random-3.scen
580,den520d.map,PIBTOLD,1,126425,405,388,100,den520d-random-3.scen
580,den520d.map,PIBT,1,124813,411,13920,1000,den520d-random-3.scen
580,den520d.map,PIBTOLD,1,126425,405,403,1000,den520d-random-3.scen
620,den520d.map,PIBT,1,134965,405,540,0,den520d-random-3.scen
620,den520d.map,PIBTOLD,1,134965,405,442,0,den520d-random-3.scen
620,den520d.map,PIBT,1,132686,408,614,1,den520d-random-3.scen
620,den520d.map,PIBTOLD,1,134965,405,441,1,den520d-random-3.scen
620,den520d.map,PIBT,1,133439,406,879,10,den520d-random-3.scen
620,den520d.map,PIBTOLD,1,134965,405,436,10,den520d-random-3.scen
620,den520d.map,PIBT,1,133820,408,3393,100,den520d-random-3.scen
620,den520d.map,PIBTOLD,1,134965,405,419,100,den520d-random-3.scen
620,den520d.map,PIBT,1,133731,405,21988,1000,den520d-random-3.scen
620,den520d.map,PIBTOLD,1,134965,405,424,1000,den520d-random-3.scen
660,den520d.map,PIBT,1,144580,407,612,0,den520d-random-3.scen
660,den520d.map,PIBTOLD,1,144580,407,437,0,den520d-random-3.scen
660,den520d.map,PIBT,1,142878,406,681,1,den520d-random-3.scen
660,den520d.map,PIBTOLD,1,144580,407,462,1,den520d-random-3.scen
660,den520d.map,PIBT,1,142472,412,1001,10,den520d-random-3.scen
660,den520d.map,PIBTOLD,1,144580,407,459,10,den520d-random-3.scen
660,den520d.map,PIBT,1,143408,416,5752,100,den520d-random-3.scen
660,den520d.map,PIBTOLD,1,144580,407,466,100,den520d-random-3.scen
660,den520d.map,PIBT,1,142695,406,10026,1000,den520d-random-3.scen
660,den520d.map,PIBTOLD,1,144580,407,462,1000,den520d-random-3.scen
700,den520d.map,PIBT,1,151850,405,677,0,den520d-random-3.scen
700,den520d.map,PIBTOLD,1,151850,405,480,0,den520d-random-3.scen
700,den520d.map,PIBT,1,151130,415,756,1,den520d-random-3.scen
700,den520d.map,PIBTOLD,1,151850,405,429,1,den520d-random-3.scen
700,den520d.map,PIBT,1,150331,407,1022,10,den520d-random-3.scen
700,den520d.map,PIBTOLD,1,151850,405,497,10,den520d-random-3.scen
700,den520d.map,PIBT,1,150595,405,3541,100,den520d-random-3.scen
700,den520d.map,PIBTOLD,1,151850,405,483,100,den520d-random-3.scen
700,den520d.map,PIBT,1,150435,405,34584,1000,den520d-random-3.scen
700,den520d.map,PIBTOLD,1,151850,405,492,1000,den520d-random-3.scen
740,den520d.map,PIBT,1,161627,405,731,0,den520d-random-3.scen
740,den520d.map,PIBTOLD,1,161627,405,532,0,den520d-random-3.scen
740,den520d.map,PIBT,1,160687,408,751,1,den520d-random-3.scen
740,den520d.map,PIBTOLD,1,161627,405,514,1,den520d-random-3.scen
740,den520d.map,PIBT,1,160730,407,1316,10,den520d-random-3.scen
740,den520d.map,PIBTOLD,1,161627,405,512,10,den520d-random-3.scen
740,den520d.map,PIBT,1,161413,408,5918,100,den520d-random-3.scen
740,den520d.map,PIBTOLD,1,161627,405,532,100,den520d-random-3.scen
740,den520d.map,PIBT,1,160104,408,39004,1000,den520d-random-3.scen
740,den520d.map,PIBTOLD,1,161627,405,501,1000,den520d-random-3.scen
780,den520d.map,PIBT,1,172588,405,761,0,den520d-random-3.scen
780,den520d.map,PIBTOLD,1,172588,405,545,0,den520d-random-3.scen
780,den520d.map,PIBT,1,170967,408,855,1,den520d-random-3.scen
780,den520d.map,PIBTOLD,1,172588,405,556,1,den520d-random-3.scen
780,den520d.map,PIBT,1,171981,483,1569,10,den520d-random-3.scen
780,den520d.map,PIBTOLD,1,172588,405,522,10,den520d-random-3.scen
780,den520d.map,PIBT,1,170980,410,6674,100,den520d-random-3.scen
780,den520d.map,PIBTOLD,1,172588,405,491,100,den520d-random-3.scen
780,den520d.map,PIBT,1,171552,413,51761,1000,den520d-random-3.scen
780,den520d.map,PIBTOLD,1,172588,405,550,1000,den520d-random-3.scen
20,den520d.map,PIBT,1,4336,374,16,0,den520d-random-15.scen
20,den520d.map,PIBTOLD,1,4336,374,12,0,den520d-random-15.scen
20,den520d.map,PIBT,1,4529,374,15,1,den520d-random-15.scen
20,den520d.map,PIBTOLD,1,4336,374,13,1,den520d-random-15.scen
20,den520d.map,PIBT,1,4529,374,13,10,den520d-random-15.scen
20,den520d.map,PIBTOLD,1,4336,374,13,10,den520d-random-15.scen
20,den520d.map,PIBT,1,4529,374,15,100,den520d-random-15.scen
20,den520d.map,PIBTOLD,1,4336,374,14,100,den520d-random-15.scen
20,den520d.map,PIBT,1,4529,374,14,1000,den520d-random-15.scen
20,den520d.map,PIBTOLD,1,4336,374,14,1000,den520d-random-15.scen
60,den520d.map,PIBT,1,11347,374,43,0,den520d-random-15.scen
60,den520d.map,PIBTOLD,1,11347,374,42,0,den520d-random-15.scen
60,den520d.map,PIBT,1,11591,374,41,1,den520d-random-15.scen
60,den520d.map,PIBTOLD,1,11347,374,35,1,den520d-random-15.scen
60,den520d.map,PIBT,1,11591,374,43,10,den520d-random-15.scen
60,den520d.map,PIBTOLD,1,11347,374,43,10,den520d-random-15.scen
60,den520d.map,PIBT,1,11591,374,42,100,den520d-random-15.scen
60,den520d.map,PIBTOLD,1,11347,374,43,100,den520d-random-15.scen
60,den520d.map,PIBT,1,11591,374,51,1000,den520d-random-15.scen
60,den520d.map,PIBTOLD,1,11347,374,41,1000,den520d-random-15.scen
100,den520d.map,PIBT,1,18713,375,72,0,den520d-random-15.scen
100,den520d.map,PIBTOLD,1,18713,375,59,0,den520d-random-15.scen
100,den520d.map,PIBT,1,18911,375,76,1,den520d-random-15.scen
100,den520d.map,PIBTOLD,1,18713,375,69,1,den520d-random-15.scen
100,den520d.map,PIBT,1,18911,375,70,10,den520d-random-15.scen
100,den520d.map,PIBTOLD,1,18713,375,70,10,den520d-random-15.scen
100,den520d.map,PIBT,1,18911,375,74,100,den520d-random-15.scen
100,den520d.map,PIBTOLD,1,18713,375,67,100,den520d-random-15.scen
100,den520d.map,PIBT,1,18911,375,73,1000,den520d-random-15.scen
100,den520d.map,PIBTOLD,1,18713,375,66,1000,den520d-random-15.scen
140,den520d.map,PIBT,1,26667,394,109,0,den520d-random-15.scen
140,den520d.map,PIBTOLD,1,26667,394,94,0,den520d-random-15.scen
140,den520d.map,PIBT,1,26900,394,107,1,den520d-random-15.scen
140,den520d.map,PIBTOLD,1,26667,394,91,1,den520d-random-15.scen
140,den520d.map,PIBT,1,26900,394,104,10,den520d-random-15.scen
140,den520d.map,PIBTOLD,1,26667,394,97,10,den520d-random-15.scen
140,den520d.map,PIBT,1,26900,394,96,100,den520d-random-15.scen
140,den520d.map,PIBTOLD,1,26667,394,92,100,den520d-random-15.scen
140,den520d.map,PIBT,1,26900,394,90,1000,den520d-random-15.scen
140,den520d.map,PIBTOLD,1,26667,394,99,1000,den520d-random-15.scen
180,den520d.map,PIBT,1,35887,404,135,0,den520d-random-15.scen
180,den520d.map,PIBTOLD,1,35887,404,118,0,den520d-random-15.scen
180,den520d.map,PIBT,1,35960,404,144,1,den520d-random-15.scen
180,den520d.map,PIBTOLD,1,35887,404,121,1,den520d-random-15.scen
180,den520d.map,PIBT,1,35960,404,136,10,den520d-random-15.scen
180,den520d.map,PIBTOLD,1,35887,404,128,10,den520d-random-15.scen
180,den520d.map,PIBT,1,35960,404,134,100,den520d-random-15.scen
180,den520d.map,PIBTOLD,1,35887,404,123,100,den520d-random-15.scen
180,den520d.map,PIBT,1,35960,404,135,1000,den520d-random-15.scen
180,den520d.map,PIBTOLD,1,35887,404,118,1000,den520d-random-15.scen
220,den520d.map,PIBT,1,44984,404,167,0,den520d-random-15.scen
220,den520d.map,PIBTOLD,1,44984,404,145,0,den520d-random-15.scen
220,den520d.map,PIBT,1,44378,404,163,1,den520d-random-15.scen
220,den520d.map,PIBTOLD,1,44984,404,143,1,den520d-random-15.scen
220,den520d.map,PIBT,1,44378,404,165,10,den520d-random-15.scen
220,den520d.map,PIBTOLD,1,44984,404,147,10,den520d-random-15.scen
220,den520d.map,PIBT,1,44378,404,152,100,den520d-random-15.scen
220,den520d.map,PIBTOLD,1,44984,404,154,100,den520d-random-15.scen
220,den520d.map,PIBT,1,44378,404,167,1000,den520d-random-15.scen
220,den520d.map,PIBTOLD,1,44984,404,155,1000,den520d-random-15.scen
260,den520d.map,PIBT,1,53957,404,190,0,den520d-random-15.scen
260,den520d.map,PIBTOLD,1,53957,404,182,0,den520d-random-15.scen
260,den520d.map,PIBT,1,53369,404,194,1,den520d-random-15.scen
260,den520d.map,PIBTOLD,1,53957,404,179,1,den520d-random-15.scen
260,den520d.map,PIBT,1,53369,404,200,10,den520d-random-15.scen
260,den520d.map,PIBTOLD,1,53957,404,170,10,den520d-random-15.scen
260,den520d.map,PIBT,1,53369,404,238,100,den520d-random-15.scen
260,den520d.map,PIBTOLD,1,53957,404,168,100,den520d-random-15.scen
260,den520d.map,PIBT,1,53369,404,208,1000,den520d-random-15.scen
260,den520d.map,PIBTOLD,1,53957,404,182,1000,den520d-random-15.scen
300,den520d.map,PIBT,1,62232,404,225,0,den520d-random-15.scen
300,den520d.map,PIBTOLD,1,62232,404,197,0,den520d-random-15.scen
300,den520d.map,PIBT,1,61753,404,240,1,den520d-random-15.scen
300,den520d.map,PIBTOLD,1,62232,404,211,1,den520d-random-15.scen
300,den520d.map,PIBT,1,62153,404,244,10,den520d-random-15.scen
300,den520d.map,PIBTOLD,1,62232,404,201,10,den520d-random-15.scen
300,den520d.map,PIBT,1,62153,404,243,100,den520d-random-15.scen
300,den520d.map,PIBTOLD,1,62232,404,203,100,den520d-random-15.scen
300,den520d.map,PIBT,1,62153,404,236,1000,den520d-random-15.scen
300,den520d.map,PIBTOLD,1,62232,404,207,1000,den520d-random-15.scen
340,den520d.map,PIBT,1,71562,404,258,0,den520d-random-15.scen
340,den520d.map,PIBTOLD,1,71562,404,235,0,den520d-random-15.scen
340,den520d.map,PIBT,1,70275,404,271,1,den520d-random-15.scen
340,den520d.map,PIBTOLD,1,71562,404,222,1,den520d-random-15.scen
340,den520d.map,PIBT,1,70601,408,262,10,den520d-random-15.scen
340,den520d.map,PIBTOLD,1,71562,404,232,10,den520d-random-15.scen
340,den520d.map,PIBT,1,70601,408,281,100,den520d-random-15.scen
340,den520d.map,PIBTOLD,1,71562,404,239,100,den520d-random-15.scen
340,den520d.map,PIBT,1,70601,408,285,1000,den520d-random-15.scen
340,den520d.map,PIBTOLD,1,71562,404,225,1000,den520d-random-15.scen
380,den520d.map,PIBT,1,80144,404,299,0,den520d-random-15.scen
380,den520d.map,PIBTOLD,1,80144,404,265,0,den520d-random-15.scen
380,den520d.map,PIBT,1,78846,404,311,1,den520d-random-15.scen
380,den520d.map,PIBTOLD,1,80144,404,225,1,den520d-random-15.scen
380,den520d.map,PIBT,1,78996,404,354,10,den520d-random-15.scen
380,den520d.map,PIBTOLD,1,80144,404,255,10,den520d-random-15.scen
380,den520d.map,PIBT,1,78848,404,331,100,den520d-random-15.scen
380,den520d.map,PIBTOLD,1,80144,404,266,100,den520d-random-15.scen
380,den520d.map,PIBT,1,78848,404,348,1000,den520d-random-15.scen
380,den520d.map,PIBTOLD,1,80144,404,266,1000,den520d-random-15.scen
420,den520d.map,PIBT,1,90429,404,342,0,den520d-random-15.scen
420,den520d.map,PIBTOLD,1,90429,404,272,0,den520d-random-15.scen
420,den520d.map,PIBT,1,89589,404,373,1,den520d-random-15.scen
420,den520d.map,PIBTOLD,1,90429,404,298,1,den520d-random-15.scen
420,den520d.map,PIBT,1,89631,405,423,10,den520d-random-15.scen
420,den520d.map,PIBTOLD,1,90429,404,287,10,den520d-random-15.scen
420,den520d.map,PIBT,1,89401,404,996,100,den520d-random-15.scen
420,den520d.map,PIBTOLD,1,90429,404,273,100,den520d-random-15.scen
420,den520d.map,PIBT,1,89482,404,1281,1000,den520d-random-15.scen
420,den520d.map,PIBTOLD,1,90429,404,290,1000,den520d-random-15.scen
460,den520d.map,PIBT,1,99417,404,379,0,den520d-random-15.scen
460,den520d.map,PIBTOLD,1,99417,404,334,0,den520d-random-15.scen
460,den520d.map,PIBT,1,97983,404,388,1,den520d-random-15.scen
460,den520d.map,PIBTOLD,1,99417,404,330,1,den520d-random-15.scen
460,den520d.map,PIBT,1,98266,410,449,10,den520d-random-15.scen
460,den520d.map,PIBTOLD,1,99417,404,325,10,den520d-random-15.scen
460,den520d.map,PIBT,1,98144,404,1002,100,den520d-random-15.scen
460,den520d.map,PIBTOLD,1,99417,404,315,100,den520d-random-15.scen
460,den520d.map,PIBT,1,98340,408,967,1000,den520d-random-15.scen
460,den520d.map,PIBTOLD,1,99417,404,318,1000,den520d-random-15.scen
500,den520d.map,PIBT,1,108455,404,384,0,den520d-random-15.scen
500,den520d.map,PIBTOLD,1,108455,404,331,0,den520d-random-15.scen
500,den520d.map,PIBT,1,107139,406,467,1,den520d-random-15.scen
500,den520d.map,PIBTOLD,1,108455,404,352,1,den520d-random-15.scen
500,den520d.map,PIBT,1,106588,408,615,10,den520d-random-15.scen
500,den520d.map,PIBTOLD,1,108455,404,355,10,den520d-random-15.scen
500,den520d.map,PIBT,1,106812,411,1572,100,den520d-random-15.scen
500,den520d.map,PIBTOLD,1,108455,404,347,100,den520d-random-15.scen
500,den520d.map,PIBT,1,106877,406,5371,1000,den520d-random-15.scen
500,den520d.map,PIBTOLD,1,108455,404,356,1000,den520d-random-15.scen
540,den520d.map,PIBT,1,116568,406,461,0,den520d-random-15.scen
540,den520d.map,PIBTOLD,1,116568,406,380,0,den520d-random-15.scen
540,den520d.map,PIBT,1,116007,408,533,1,den520d-random-15.scen
540,den520d.map,PIBTOLD,1,116568,406,372,1,den520d-random-15.scen
540,den520d.map,PIBT,1,116246,407,728,10,den520d-random-15.scen
540,den520d.map,PIBTOLD,1,116568,406,382,10,den520d-random-15.scen
540,den520d.map,PIBT,1,116933,405,4004,100,den520d-random-15.scen
540,den520d.map,PIBTOLD,1,116568,406,379,100,den520d-random-15.scen
540,den520d.map,PIBT,1,116319,405,8355,1000,den520d-random-15.scen
540,den520d.map,PIBTOLD,1,116568,406,380,1000,den520d-random-15.scen
580,den520d.map,PIBT,1,126425,405,511,0,den520d-random-15.scen
580,den520d.map,PIBTOLD,1,126425,405,394,0,den520d-random-15.scen
580,den520d.map,PIBT,1,124528,405,570,1,den520d-random-15.scen
580,den520d.map,PIBTOLD,1,126425,405,418,1,den520d-random-15.scen
580,den520d.map,PIBT,1,124630,411,824,10,den520d-random-15.scen
580,den520d.map,PIBTOLD,1,126425,405,403,10,den520d-random-15.scen
580,den520d.map,PIBT,1,124504,411,2619,100,den520d-random-15.scen
580,den520d.map,PIBTOLD,1,126425,405,406,100,den520d-random-15.scen
580,den520d.map,PIBT,1,124768,411,14865,1000,den520d-random-15.scen
580,den520d.map,PIBTOLD,1,126425,405,413,1000,den520d-random-15.scen
620,den520d.map,PIBT,1,134965,405,560,0,den520d-random-15.scen
620,den520d.map,PIBTOLD,1,134965,405,424,0,den520d-random-15.scen
620,den520d.map,PIBT,1,133517,408,652,1,den520d-random-15.scen
620,den520d.map,PIBTOLD,1,134965,405,441,1,den520d-random-15.scen
620,den520d.map,PIBT,1,133230,411,881,10,den520d-random-15.scen
620,den520d.map,PIBTOLD,1,134965,405,423,10,den520d-random-15.scen
620,den520d.map,PIBT,1,133342,410,2908,100,den520d-random-15.scen
620,den520d.map,PIBTOLD,1,134965,405,443,100,den520d-random-15.scen
620,den520d.map,PIBT,1,133903,405,31165,1000,den520d-random-15.scen
620,den520d.map,PIBTOLD,1,134965,405,435,1000,den520d-random-15.scen
660,den520d.map,PIBT,1,144580,407,599,0,den520d-random-15.scen
660,den520d.map,PIBTOLD,1,144580,407,459,0,den520d-random-15.scen
660,den520d.map,PIBT,1,143537,413,681,1,den520d-random-15.scen
660,den520d.map,PIBTOLD,1,144580,407,476,1,den520d-random-15.scen
660,den520d.map,PIBT,1,143251,410,984,10,den520d-random-15.scen
660,den520d.map,PIBTOLD,1,144580,407,462,10,den520d-random-15.scen
660,den520d.map,PIBT,1,142971,406,4696,100,den520d-random-15.scen
660,den520d.map,PIBTOLD,1,144580,407,440,100,den520d-random-15.scen
660,den520d.map,PIBT,1,142251,408,28291,1000,den520d-random-15.scen
660,den520d.map,PIBTOLD,1,144580,407,453,1000,den520d-random-15.scen
700,den520d.map,PIBT,1,151850,405,806,0,den520d-random-15.scen
700,den520d.map,PIBTOLD,1,151850,405,483,0,den520d-random-15.scen
700,den520d.map,PIBT,1,151071,406,737,1,den520d-random-15.scen
700,den520d.map,PIBTOLD,1,151850,405,475,1,den520d-random-15.scen
700,den520d.map,PIBT,1,149869,406,1244,10,den520d-random-15.scen
700,den520d.map,PIBTOLD,1,151850,405,482,10,den520d-random-15.scen
700,den520d.map,PIBT,1,150012,405,4920,100,den520d-random-15.scen
700,den520d.map,PIBTOLD,1,151850,405,491,100,den520d-random-15.scen
700,den520d.map,PIBT,1,150934,405,25598,1000,den520d-random-15.scen
700,den520d.map,PIBTOLD,1,151850,405,481,1000,den520d-random-15.scen
740,den520d.map,PIBT,1,161627,405,715,0,den520d-random-15.scen
740,den520d.map,PIBTOLD,1,161627,405,540,0,den520d-random-15.scen
740,den520d.map,PIBT,1,161328,408,783,1,den520d-random-15.scen
740,den520d.map,PIBTOLD,1,161627,405,489,1,den520d-random-15.scen
740,den520d.map,PIBT,1,160471,409,1291,10,den520d-random-15.scen
740,den520d.map,PIBTOLD,1,161627,405,471,10,den520d-random-15.scen
740,den520d.map,PIBT,1,160481,416,5603,100,den520d-random-15.scen
740,den520d.map,PIBTOLD,1,161627,405,534,100,den520d-random-15.scen
740,den520d.map,PIBT,1,160683,407,39675,1000,den520d-random-15.scen
740,den520d.map,PIBTOLD,1,161627,405,503,1000,den520d-random-15.scen
780,den520d.map,PIBT,1,172588,405,755,0,den520d-random-15.scen
780,den520d.map,PIBTOLD,1,172588,405,565,0,den520d-random-15.scen
780,den520d.map,PIBT,1,170416,408,869,1,den520d-random-15.scen
780,den520d.map,PIBTOLD,1,172588,405,523,1,den520d-random-15.scen
780,den520d.map,PIBT,1,171759,406,1460,10,den520d-random-15.scen
780,den520d.map,PIBTOLD,1,172588,405,558,10,den520d-random-15.scen
780,den520d.map,PIBT,1,171296,411,5690,100,den520d-random-15.scen
780,den520d.map,PIBTOLD,1,172588,405,556,100,den520d-random-15.scen
20,den520d.map,PIBT,1,4336,374,31,0,den520d-random-22.scen
20,den520d.map,PIBTOLD,1,4336,374,25,0,den520d-random-22.scen
20,den520d.map,PIBT,1,4529,374,16,1,den520d-random-22.scen
20,den520d.map,PIBTOLD,1,4336,374,14,1,den520d-random-22.scen
20,den520d.map,PIBT,1,4529,374,16,10,den520d-random-22.scen
20,den520d.map,PIBTOLD,1,4336,374,14,10,den520d-random-22.scen
20,den520d.map,PIBT,1,4529,374,15,100,den520d-random-22.scen
20,den520d.map,PIBTOLD,1,4336,374,13,100,den520d-random-22.scen
20,den520d.map,PIBT,1,4529,374,14,1000,den520d-random-22.scen
20,den520d.map,PIBTOLD,1,4336,374,15,1000,den520d-random-22.scen
60,den520d.map,PIBT,1,11347,374,40,0,den520d-random-22.scen
60,den520d.map,PIBTOLD,1,11347,374,39,0,den520d-random-22.scen
60,den520d.map,PIBT,1,11591,374,45,1,den520d-random-22.scen
60,den520d.map,PIBTOLD,1,11347,374,43,1,den520d-random-22.scen
60,den520d.map,PIBT,1,11591,374,43,10,den520d-random-22.scen
60,den520d.map,PIBTOLD,1,11347,374,42,10,den520d-random-22.scen
60,den520d.map,PIBT,1,11591,374,42,100,den520d-random-22.scen
60,den520d.map,PIBTOLD,1,11347,374,41,100,den520d-random-22.scen
60,den520d.map,PIBT,1,11591,374,39,1000,den520d-random-22.scen
60,den520d.map,PIBTOLD,1,11347,374,45,1000,den520d-random-22.scen
100,den520d.map,PIBT,1,18713,375,68,0,den520d-random-22.scen
100,den520d.map,PIBTOLD,1,18713,375,65,0,den520d-random-22.scen
100,den520d.map,PIBT,1,18911,375,72,1,den520d-random-22.scen
100,den520d.map,PIBTOLD,1,18713,375,65,1,den520d-random-22.scen
100,den520d.map,PIBT,1,18911,375,71,10,den520d-random-22.scen
100,den520d.map,PIBTOLD,1,18713,375,66,10,den520d-random-22.scen
100,den520d.map,PIBT,1,18911,375,80,100,den520d-random-22.scen
100,den520d.map,PIBTOLD,1,18713,375,73,100,den520d-random-22.scen
100,den520d.map,PIBT,1,18911,375,73,1000,den520d-random-22.scen
100,den520d.map,PIBTOLD,1,18713,375,65,1000,den520d-random-22.scen
140,den520d.map,PIBT,1,26667,394,89,0,den520d-random-22.scen
140,den520d.map,PIBTOLD,1,26667,394,96,0,den520d-random-22.scen
140,den520d.map,PIBT,1,26900,394,92,1,den520d-random-22.scen
140,den520d.map,PIBTOLD,1,26667,394,100,1,den520d-random-22.scen
140,den520d.map,PIBT,1,26900,394,97,10,den520d-random-22.scen
140,den520d.map,PIBTOLD,1,26667,394,92,10,den520d-random-22.scen
140,den520d.map,PIBT,1,26900,394,102,100,den520d-random-22.scen
140,den520d.map,PIBTOLD,1,26667,394,97,100,den520d-random-22.scen
140,den520d.map,PIBT,1,26900,394,99,1000,den520d-random-22.scen
140,den520d.map,PIBTOLD,1,26667,394,94,1000,den520d-random-22.scen
180,den520d.map,PIBT,1,35887,404,140,0,den520d-random-22.scen
180,den520d.map,PIBTOLD,1,35887,404,123,0,den520d-random-22.scen
180,den520d.map,PIBT,1,35960,404,135,1,den520d-random-22.scen
180,den520d.map,PIBTOLD,1,35887,404,121,1,den520d-random-22.scen
180,den520d.map,PIBT,1,35960,404,139,10,den520d-random-22.scen
180,den520d.map,PIBTOLD,1,35887,404,125,10,den520d-random-22.scen
180,den520d.map,PIBT,1,35960,404,138,100,den520d-random-22.scen
180,den520d.map,PIBTOLD,1,35887,404,124,100,den520d-random-22.scen
180,den520d.map,PIBT,1,35960,404,135,1000,den520d-random-22.scen
180,den520d.map,PIBTOLD,1,35887,404,124,1000,den520d-random-22.scen
220,den520d.map,PIBT,1,44984,404,167,0,den520d-random-22.scen
220,den520d.map,PIBTOLD,1,44984,404,148,0,den520d-random-22.scen
220,den520d.map,PIBT,1,44378,404,151,1,den520d-random-22.scen
220,den520d.map,PIBTOLD,1,44984,404,158,1,den520d-random-22.scen
220,den520d.map,PIBT,1,44378,404,169,10,den520d-random-22.scen
220,den520d.map,PIBTOLD,1,44984,404,139,10,den520d-random-22.scen
220,den520d.map,PIBT,1,44378,404,172,100,den520d-random-22.scen
220,den520d.map,PIBTOLD,1,44984,404,150,100,den520d-random-22.scen
220,den520d.map,PIBT,1,44378,404,167,1000,den520d-random-22.scen
220,den520d.map,PIBTOLD,1,44984,404,149,1000,den520d-random-22.scen
260,den520d.map,PIBT,1,53957,404,201,0,den520d-random-22.scen
260,den520d.map,PIBTOLD,1,53957,404,181,0,den520d-random-22.scen
260,den520d.map,PIBT,1,53369,404,200,1,den520d-random-22.scen
260,den520d.map,PIBTOLD,1,53957,404,181,1,den520d-random-22.scen
260,den520d.map,PIBT,1,53369,404,209,10,den520d-random-22.scen
260,den520d.map,PIBTOLD,1,53957,404,188,10,den520d-random-22.scen
260,den520d.map,PIBT,1,53369,404,206,100,den520d-random-22.scen
260,den520d.map,PIBTOLD,1,53957,404,179,100,den520d-random-22.scen
260,den520d.map,PIBT,1,53369,404,195,1000,den520d-random-22.scen
260,den520d.map,PIBTOLD,1,53957,404,161,1000,den520d-random-22.scen
300,den520d.map,PIBT,1,62232,404,242,0,den520d-random-22.scen
300,den520d.map,PIBTOLD,1,62232,404,202,0,den520d-random-22.scen
300,den520d.map,PIBT,1,61745,404,237,1,den520d-random-22.scen
300,den520d.map,PIBTOLD,1,62232,404,203,1,den520d-random-22.scen
300,den520d.map,PIBT,1,62153,404,244,10,den520d-random-22.scen
300,den520d.map,PIBTOLD,1,62232,404,202,10,den520d-random-22.scen
300,den520d.map,PIBT,1,62153,404,230,100,den520d-random-22.scen
300,den520d.map,PIBTOLD,1,62232,404,204,100,den520d-random-22.scen
300,den520d.map,PIBT,1,62153,404,242,1000,den520d-random-22.scen
300,den520d.map,PIBTOLD,1,62232,404,208,1000,den520d-random-22.scen
340,den520d.map,PIBT,1,71562,404,285,0,den520d-random-22.scen
340,den520d.map,PIBTOLD,1,71562,404,236,0,den520d-random-22.scen
340,den520d.map,PIBT,1,70425,404,271,1,den520d-random-22.scen
340,den520d.map,PIBTOLD,1,71562,404,236,1,den520d-random-22.scen
340,den520d.map,PIBT,1,70601,408,268,10,den520d-random-22.scen
340,den520d.map,PIBTOLD,1,71562,404,234,10,den520d-random-22.scen
340,den520d.map,PIBT,1,70601,408,273,100,den520d-random-22.scen
340,den520d.map,PIBTOLD,1,71562,404,219,100,den520d-random-22.scen
340,den520d.map,PIBT,1,70601,408,281,1000,den520d-random-22.scen
340,den520d.map,PIBTOLD,1,71562,404,241,1000,den520d-random-22.scen
380,den520d.map,PIBT,1,80144,404,375,0,den520d-random-22.scen
380,den520d.map,PIBTOLD,1,80144,404,269,0,den520d-random-22.scen
380,den520d.map,PIBT,1,79010,404,316,1,den520d-random-22.scen
380,den520d.map,PIBTOLD,1,80144,404,260,1,den520d-random-22.scen
380,den520d.map,PIBT,1,78930,404,327,10,den520d-random-22.scen
380,den520d.map,PIBTOLD,1,80144,404,259,10,den520d-random-22.scen
380,den520d.map,PIBT,1,78848,404,343,100,den520d-random-22.scen
380,den520d.map,PIBTOLD,1,80144,404,260,100,den520d-random-22.scen
380,den520d.map,PIBT,1,78848,404,356,1000,den520d-random-22.scen
380,den520d.map,PIBTOLD,1,80144,404,259,1000,den520d-random-22.scen
420,den520d.map,PIBT,1,90429,404,342,0,den520d-random-22.scen
420,den520d.map,PIBTOLD,1,90429,404,296,0,den520d-random-22.scen
420,den520d.map,PIBT,1,89687,404,351,1,den520d-random-22.scen
420,den520d.map,PIBTOLD,1,90429,404,299,1,den520d-random-22.scen
420,den520d.map,PIBT,1,89731,404,428,10,den520d-random-22.scen
420,den520d.map,PIBTOLD,1,90429,404,281,10,den520d-random-22.scen
420,den520d.map,PIBT,1,89632,404,998,100,den520d-random-22.scen
420,den520d.map,PIBTOLD,1,90429,404,260,100,den520d-random-22.scen
420,den520d.map,PIBT,1,89482,404,1290,1000,den520d-random-22.scen
420,den520d.map,PIBTOLD,1,90429,404,290,1000,den520d-random-22.scen
460,den520d.map,PIBT,1,99417,404,392,0,den520d-random-22.scen
460,den520d.map,PIBTOLD,1,99417,404,327,0,den520d-random-22.scen
460,den520d.map,PIBT,1,98432,404,435,1,den520d-random-22.scen
460,den520d.map,PIBTOLD,1,99417,404,329,1,den520d-random-22.scen
460,den520d.map,PIBT,1,98458,412,486,10,den520d-random-22.scen
460,den520d.map,PIBTOLD,1,99417,404,312,10,den520d-random-22.scen
460,den520d.map,PIBT,1,98397,404,1369,100,den520d-random-22.scen
460,den520d.map,PIBTOLD,1,99417,404,327,100,den520d-random-22.scen
460,den520d.map,PIBT,1,98340,408,1100,1000,den520d-random-22.scen
460,den520d.map,PIBTOLD,1,99417,404,288,1000,den520d-random-22.scen
500,den520d.map,PIBT,1,108455,404,435,0,den520d-random-22.scen
500,den520d.map,PIBTOLD,1,108455,404,361,0,den520d-random-22.scen
500,den520d.map,PIBT,1,107418,404,461,1,den520d-random-22.scen
500,den520d.map,PIBTOLD,1,108455,404,351,1,den520d-random-22.scen
500,den520d.map,PIBT,1,107205,408,735,10,den520d-random-22.scen
500,den520d.map,PIBTOLD,1,108455,404,350,10,den520d-random-22.scen
500,den520d.map,PIBT,1,107306,404,1723,100,den520d-random-22.scen
500,den520d.map,PIBTOLD,1,108455,404,362,100,den520d-random-22.scen
500,den520d.map,PIBT,1,106993,404,5961,1000,den520d-random-22.scen
500,den520d.map,PIBTOLD,1,108455,404,357,1000,den520d-random-22.scen
540,den520d.map,PIBT,1,116568,406,492,0,den520d-random-22.scen
540,den520d.map,PIBTOLD,1,116568,406,362,0,den520d-random-22.scen
540,den520d.map,PIBT,1,116212,418,522,1,den520d-random-22.scen
540,den520d.map,PIBTOLD,1,116568,406,398,1,den520d-random-22.scen
540,den520d.map,PIBT,1,116135,422,844,10,den520d-random-22.scen
540,den520d.map,PIBTOLD,1,116568,406,360,10,den520d-random-22.scen
540,den520d.map,PIBT,1,116327,405,1660,100,den520d-random-22.scen
540,den520d.map,PIBTOLD,1,116568,406,387,100,den520d-random-22.scen
540,den520d.map,PIBT,1,115961,405,7221,1000,den520d-random-22.scen
540,den520d.map,PIBTOLD,1,116568,406,380,1000,den520d-random-22.scen
580,den520d.map,PIBT,1,126425,405,529,0,den520d-random-22.scen
580,den520d.map,PIBTOLD,1,126425,405,404,0,den520d-random-22.scen
580,den520d.map,PIBT,1,124678,405,568,1,den520d-random-22.scen
580,den520d.map,PIBTOLD,1,126425,405,399,1,den520d-random-22.scen
580,den520d.map,PIBT,1,124263,411,885,10,den520d-random-22.scen
580,den520d.map,PIBTOLD,1,126425,405,409,10,den520d-random-22.scen
580,den520d.map,PIBT,1,125177,411,2613,100,den520d-random-22.scen
580,den520d.map,PIBTOLD,1,126425,405,377,100,den520d-random-22.scen
580,den520d.map,PIBT,1,124452,413,15818,1000,den520d-random-22.scen
580,den520d.map,PIBTOLD,1,126425,405,408,1000,den520d-random-22.scen
620,den520d.map,PIBT,1,134965,405,563,0,den520d-random-22.scen
620,den520d.map,PIBTOLD,1,134965,405,439,0,den520d-random-22.scen
620,den520d.map,PIBT,1,134175,406,603,1,den520d-random-22.scen
620,den520d.map,PIBTOLD,1,134965,405,435,1,den520d-random-22.scen
620,den520d.map,PIBT,1,134101,405,942,10,den520d-random-22.scen
620,den520d.map,PIBTOLD,1,134965,405,429,10,den520d-random-22.scen
620,den520d.map,PIBT,1,133217,408,3147,100,den520d-random-22.scen
620,den520d.map,PIBTOLD,1,134965,405,424,100,den520d-random-22.scen
620,den520d.map,PIBT,1,133768,405,16388,1000,den520d-random-22.scen
620,den520d.map,PIBTOLD,1,134965,405,429,1000,den520d-random-22.scen
660,den520d.map,PIBT,1,144580,407,632,0,den520d-random-22.scen
660,den520d.map,PIBTOLD,1,144580,407,481,0,den520d-random-22.scen
660,den520d.map,PIBT,1,142334,406,680,1,den520d-random-22.scen
660,den520d.map,PIBTOLD,1,144580,407,462,1,den520d-random-22.scen
660,den520d.map,PIBT,1,142837,410,1041,10,den520d-random-22.scen
660,den520d.map,PIBTOLD,1,144580,407,412,10,den520d-random-22.scen
660,den520d.map,PIBT,1,142234,406,4528,100,den520d-random-22.scen
660,den520d.map,PIBTOLD,1,144580,407,436,100,den520d-random-22.scen
660,den520d.map,PIBT,1,142281,406,19578,1000,den520d-random-22.scen
660,den520d.map,PIBTOLD,1,144580,407,439,1000,den520d-random-22.scen
700,den520d.map,PIBT,1,151850,405,649,0,den520d-random-22.scen
700,den520d.map,PIBTOLD,1,151850,405,500,0,den520d-random-22.scen
700,den520d.map,PIBT,1,151310,407,748,1,den520d-random-22.scen
700,den520d.map,PIBTOLD,1,151850,405,510,1,den520d-random-22.scen
700,den520d.map,PIBT,1,151196,406,1210,10,den520d-random-22.scen
700,den520d.map,PIBTOLD,1,151850,405,496,10,den520d-random-22.scen
700,den520d.map,PIBT,1,150818,408,5491,100,den520d-random-22.scen
700,den520d.map,PIBTOLD,1,151850,405,457,100,den520d-random-22.scen
700,den520d.map,PIBT,1,150242,405,29233,1000,den520d-random-22.scen
700,den520d.map,PIBTOLD,1,151850,405,513,1000,den520d-random-22.scen
740,den520d.map,PIBT,1,161627,405,701,0,den520d-random-22.scen
740,den520d.map,PIBTOLD,1,161627,405,507,0,den520d-random-22.scen
740,den520d.map,PIBT,1,160008,406,797,1,den520d-random-22.scen
740,den520d.map,PIBTOLD,1,161627,405,511,1,den520d-random-22.scen
740,den520d.map,PIBT,1,161001,405,1300,10,den520d-random-22.scen
740,den520d.map,PIBTOLD,1,161627,405,518,10,den520d-random-22.scen
740,den520d.map,PIBT,1,161055,406,6534,100,den520d-random-22.scen
740,den520d.map,PIBTOLD,1,161627,405,495,100,den520d-random-22.scen
740,den520d.map,PIBT,1,160837,408,50575,1000,den520d-random-22.scen
740,den520d.map,PIBTOLD,1,161627,405,496,1000,den520d-random-22.scen
780,den520d.map,PIBT,1,172588,405,712,0,den520d-random-22.scen
780,den520d.map,PIBTOLD,1,172588,405,557,0,den520d-random-22.scen
780,den520d.map,PIBT,1,170857,412,857,1,den520d-random-22.scen
780,den520d.map,PIBTOLD,1,172588,405,500,1,den520d-random-22.scen
780,den520d.map,PIBT,1,170232,408,1465,10,den520d-random-22.scen
780,den520d.map,PIBTOLD,1,172588,405,548,10,den520d-random-22.scen
780,den520d.map,PIBT,1,171223,410,6674,100,den520d-random-22.scen
780,den520d.map,PIBTOLD,1,172588,405,513,100,den520d-random-22.scen
780,den520d.map,PIBT,1,170526,415,51577,1000,den520d-random-22.scen
780,den520d.map,PIBTOLD,1,172588,405,549,1000,den520d-random-22.scen
20,den520d.map,PIBT,1,4336,374,15,0,den520d-random-24.scen
20,den520d.map,PIBTOLD,1,4336,374,14,0,den520d-random-24.scen
20,den520d.map,PIBT,1,4529,374,15,1,den520d-random-24.scen
20,den520d.map,PIBTOLD,1,4336,374,13,1,den520d-random-24.scen
20,den520d.map,PIBT,1,4529,374,13,10,den520d-random-24.scen
20,den520d.map,PIBTOLD,1,4336,374,12,10,den520d-random-24.scen
20,den520d.map,PIBT,1,4529,374,15,100,den520d-random-24.scen
20,den520d.map,PIBTOLD,1,4336,374,15,100,den520d-random-24.scen
20,den520d.map,PIBT,1,4529,374,13,1000,den520d-random-24.scen
20,den520d.map,PIBTOLD,1,4336,374,14,1000,den520d-random-24.scen
60,den520d.map,PIBT,1,11347,374,43,0,den520d-random-24.scen
60,den520d.map,PIBTOLD,1,11347,374,42,0,den520d-random-24.scen
60,den520d.map,PIBT,1,11591,374,44,1,den520d-random-24.scen
60,den520d.map,PIBTOLD,1,11347,374,40,1,den520d-random-24.scen
60,den520d.map,PIBT,1,11591,374,41,10,den520d-random-24.scen
60,den520d.map,PIBTOLD,1,11347,374,43,10,den520d-random-24.scen
60,den520d.map,PIBT,1,11591,374,43,100,den520d-random-24.scen
60,den520d.map,PIBTOLD,1,11347,374,38,100,den520d-random-24.scen
60,den520d.map,PIBT,1,11591,374,38,1000,den520d-random-24.scen
60,den520d.map,PIBTOLD,1,11347,374,37,1000,den520d-random-24.scen
100,den520d.map,PIBT,1,18713,375,70,0,den520d-random-24.scen
100,den520d.map,PIBTOLD,1,18713,375,68,0,den520d-random-24.scen
100,den520d.map,PIBT,1,18911,375,74,1,den520d-random-24.scen
100,den520d.map,PIBTOLD,1,18713,375,70,1,den520d-random-24.scen
100,den520d.map,PIBT,1,18911,375,69,10,den520d-random-24.scen
100,den520d.map,PIBTOLD,1,18713,375,70,10,den520d-random-24.scen
100,den520d.map,PIBT,1,18911,375,74,100,den520d-random-24.scen
100,den520d.map,PIBTOLD,1,18713,375,66,100,den520d-random-24.scen
100,den520d.map,PIBT,1,18911,375,73,1000,den520d-random-24.scen
100,den520d.map,PIBTOLD,1,18713,375,67,1000,den520d-random-24.scen
140,den520d.map,PIBT,1,26667,394,109,0,den520d-random-24.scen
140,den520d.map,PIBTOLD,1,26667,394,97,0,den520d-random-24.scen
140,den520d.map,PIBT,1,26900,394,97,1,den520d-random-24.scen
140,den520d.map,PIBTOLD,1,26667,394,94,1,den520d-random-24.scen
140,den520d.map,PIBT,1,26900,394,110,10,den520d-random-24.scen
140,den520d.map,PIBTOLD,1,26667,394,92,10,den520d-random-24.scen
140,den520d.map,PIBT,1,26900,394,104,100,den520d-random-24.scen
140,den520d.map,PIBTOLD,1,26667,394,100,100,den520d-random-24.scen
140,den520d.map,PIBT,1,26900,394,107,1000,den520d-random-24.scen
140,den520d.map,PIBTOLD,1,26667,394,87,1000,den520d-random-24.scen
180,den520d.map,PIBT,1,35887,404,136,0,den520d-random-24.scen
180,den520d.map,PIBTOLD,1,35887,404,130,0,den520d-random-24.scen
180,den520d.map,PIBT,1,35960,404,136,1,den520d-random-24.scen
180,den520d.map,PIBTOLD,1,35887,404,119,1,den520d-random-24.scen
180,den520d.map,PIBT,1,35960,404,127,10,den520d-random-24.scen
180,den520d.map,PIBTOLD,1,35887,404,132,10,den520d-random-24.scen
180,den520d.map,PIBT,1,35960,404,137,100,den520d-random-24.scen
180,den520d.map,PIBTOLD,1,35887,404,124,100,den520d-random-24.scen
180,den520d.map,PIBT,1,35960,404,137,1000,den520d-random-24.scen
180,den520d.map,PIBTOLD,1,35887,404,123,1000,den520d-random-24.scen
220,den520d.map,PIBT,1,44984,404,168,0,den520d-random-24.scen
220,den520d.map,PIBTOLD,1,44984,404,144,0,den520d-random-24.scen
220,den520d.map,PIBT,1,44378,404,169,1,den520d-random-24.scen
220,den520d.map,PIBTOLD,1,44984,404,149,1,den520d-random-24.scen
220,den520d.map,PIBT,1,44378,404,171,10,den520d-random-24.scen
220,den520d.map,PIBTOLD,1,44984,404,148,10,den520d-random-24.scen
220,den520d.map,PIBT,1,44378,404,167,100,den520d-random-24.scen
220,den520d.map,PIBTOLD,1,44984,404,134,100,den520d-random-24.scen
220,den520d.map,PIBT,1,44378,404,162,1000,den520d-random-24.scen
220,den520d.map,PIBTOLD,1,44984,404,136,1000,den520d-random-24.scen
260,den520d.map,PIBT,1,53957,404,207,0,den520d-random-24.scen
260,den520d.map,PIBTOLD,1,53957,404,182,0,den520d-random-24.scen
260,den520d.map,PIBT,1,53369,404,199,1,den520d-random-24.scen
260,den520d.map,PIBTOLD,1,53957,404,185,1,den520d-random-24.scen
260,den520d.map,PIBT,1,53369,404,207,10,den520d-random-24.scen
260,den520d.map,PIBTOLD,1,53957,404,172,10,den520d-random-24.scen
260,den520d.map,PIBT,1,53369,404,195,100,den520d-random-24.scen
260,den520d.map,PIBTOLD,1,53957,404,174,100,den520d-random-24.scen
260,den520d.map,PIBT,1,53369,404,200,1000,den520d-random-24.scen
260,den520d.map,PIBTOLD,1,53957,404,182,1000,den520d-random-24.scen
300,den520d.map,PIBT,1,62232,404,241,0,den520d-random-24.scen
300,den520d.map,PIBTOLD,1,62232,404,217,0,den520d-random-24.scen
300,den520d.map,PIBT,1,61882,404,245,1,den520d-random-24.scen
300,den520d.map,PIBTOLD,1,62232,404,205,1,den520d-random-24.scen
300,den520d.map,PIBT,1,62153,404,237,10,den520d-random-24.scen
300,den520d.map,PIBTOLD,1,62232,404,205,10,den520d-random-24.scen
300,den520d.map,PIBT,1,62153,404,243,100,den520d-random-24.scen
300,den520d.map,PIBTOLD,1,62232,404,212,100,den520d-random-24.scen
300,den520d.map,PIBT,1,62153,404,239,1000,den520d-random-24.scen
300,den520d.map,PIBTOLD,1,62232,404,208,1000,den520d-random-24.scen
340,den520d.map,PIBT,1,71562,404,246,0,den520d-random-24.scen
340,den520d.map,PIBTOLD,1,71562,404,230,0,den520d-random-24.scen
340,den520d.map,PIBT,1,70271,404,287,1,den520d-random-24.scen
340,den520d.map,PIBTOLD,1,71562,404,242,1,den520d-random-24.scen
340,den520d.map,PIBT,1,70601,408,276,10,den520d-random-24.scen
340,den520d.map,PIBTOLD,1,71562,404,238,10,den520d-random-24.scen
340,den520d.map,PIBT,1,70601,408,276,100,den520d-random-24.scen
340,den520d.map,PIBTOLD,1,71562,404,241,100,den520d-random-24.scen
340,den520d.map,PIBT,1,70601,408,271,1000,den520d-random-24.scen
340,den520d.map,PIBTOLD,1,71562,404,245,1000,den520d-random-24.scen
380,den520d.map,PIBT,1,80144,404,306,0,den520d-random-24.scen
380,den520d.map,PIBTOLD,1,80144,404,271,0,den520d-random-24.scen
380,den520d.map,PIBT,1,78933,404,326,1,den520d-random-24.scen
380,den520d.map,PIBTOLD,1,80144,404,262,1,den520d-random-24.scen
380,den520d.map,PIBT,1,78940,404,327,10,den520d-random-24.scen
380,den520d.map,PIBTOLD,1,80144,404,255,10,den520d-random-24.scen
380,den520d.map,PIBT,1,78848,404,344,100,den520d-random-24.scen
380,den520d.map,PIBTOLD,1,80144,404,261,100,den520d-random-24.scen
380,den520d.map,PIBT,1,78848,404,349,1000,den520d-random-24.scen
380,den520d.map,PIBTOLD,1,80144,404,252,1000,den520d-random-24.scen
420,den520d.map,PIBT,1,90429,404,345,0,den520d-random-24.scen
420,den520d.map,PIBTOLD,1,90429,404,292,0,den520d-random-24.scen
420,den520d.map,PIBT,1,89643,404,368,1,den520d-random-24.scen
420,den520d.map,PIBTOLD,1,90429,404,299,1,den520d-random-24.scen
420,den520d.map,PIBT,1,89850,404,405,10,den520d-random-24.scen
420,den520d.map,PIBTOLD,1,90429,404,287,10,den520d-random-24.scen
420,den520d.map,PIBT,1,89814,405,1121,100,den520d-random-24.scen
420,den520d.map,PIBTOLD,1,90429,404,292,100,den520d-random-24.scen
420,den520d.map,PIBT,1,89482,404,1267,1000,den520d-random-24.scen
420,den520d.map,PIBTOLD,1,90429,404,307,1000,den520d-random-24.scen
460,den520d.map,PIBT,1,99417,404,367,0,den520d-random-24.scen
460,den520d.map,PIBTOLD,1,99417,404,328,0,den520d-random-24.scen
460,den520d.map,PIBT,1,98638,406,436,1,den520d-random-24.scen
460,den520d.map,PIBTOLD,1,99417,404,317,1,den520d-random-24.scen
460,den520d.map,PIBT,1,98632,404,552,10,den520d-random-24.scen
460,den520d.map,PIBTOLD,1,99417,404,328,10,den520d-random-24.scen
460,den520d.map,PIBT,1,98060,410,841,100,den520d-random-24.scen
460,den520d.map,PIBTOLD,1,99417,404,330,100,den520d-random-24.scen
460,den520d.map,PIBT,1,98340,408,971,1000,den520d-random-24.scen
460,den520d.map,PIBTOLD,1,99417,404,322,1000,den520d-random-24.scen
500,den520d.map,PIBT,1,108455,404,448,0,den520d-random-24.scen
500,den520d.map,PIBTOLD,1,108455,404,352,0,den520d-random-24.scen
500,den520d.map,PIBT,1,107492,406,480,1,den520d-random-24.scen
500,den520d.map,PIBTOLD,1,108455,404,345,1,den520d-random-24.scen
500,den520d.map,PIBT,1,107272,406,617,10,den520d-random-24.scen
500,den520d.map,PIBTOLD,1,108455,404,333,10,den520d-random-24.scen
500,den520d.map,PIBT,1,107005,409,1149,100,den520d-random-24.scen
500,den520d.map,PIBTOLD,1,108455,404,357,100,den520d-random-24.scen
500,den520d.map,PIBT,1,107000,413,6838,1000,den520d-random-24.scen
500,den520d.map,PIBTOLD,1,108455,404,350,1000,den520d-random-24.scen
540,den520d.map,PIBT,1,116568,406,485,0,den520d-random-24.scen
540,den520d.map,PIBTOLD,1,116568,406,353,0,den520d-random-24.scen
540,den520d.map,PIBT,1,116328,408,532,1,den520d-random-24.scen
540,den520d.map,PIBTOLD,1,116568,406,384,1,den520d-random-24.scen
540,den520d.map,PIBT,1,114911,405,731,10,den520d-random-24.scen
540,den520d.map,PIBTOLD,1,116568,406,387,10,den520d-random-24.scen
540,den520d.map,PIBT,1,116250,405,2336,100,den520d-random-24.scen
540,den520d.map,PIBTOLD,1,116568,406,367,100,den520d-random-24.scen
540,den520d.map,PIBT,1,116099,405,7702,1000,den520d-random-24.scen
540,den520d.map,PIBTOLD,1,116568,406,344,1000,den520d-random-24.scen
580,den520d.map,PIBT,1,126425,405,516,0,den520d-random-24.scen
580,den520d.map,PIBTOLD,1,126425,405,406,0,den520d-random-24.scen
580,den520d.map,PIBT,1,124350,406,539,1,den520d-random-24.scen
580,den520d.map,PIBTOLD,1,126425,405,402,1,den520d-random-24.scen
580,den520d.map,PIBT,1,124793,411,716,10,den520d-random-24.scen
580,den520d.map,PIBTOLD,1,126425,405,397,10,den520d-random-24.scen
580,den520d.map,PIBT,1,124324,411,2723,100,den520d-random-24.scen
580,den520d.map,PIBTOLD,1,126425,405,411,100,den520d-random-24.scen
580,den520d.map,PIBT,1,125007,411,12145,1000,den520d-random-24.scen
580,den520d.map,PIBTOLD,1,126425,405,394,1000,den520d-random-24.scen
620,den520d.map,PIBT,1,134965,405,565,0,den520d-random-24.scen
620,den520d.map,PIBTOLD,1,134965,405,420,0,den520d-random-24.scen
620,den520d.map,PIBT,1,133231,409,612,1,den520d-random-24.scen
620,den520d.map,PIBTOLD,1,134965,405,424,1,den520d-random-24.scen
620,den520d.map,PIBT,1,133739,407,923,10,den520d-random-24.scen
620,den520d.map,PIBTOLD,1,134965,405,388,10,den520d-random-24.scen
620,den520d.map,PIBT,1,134763,405,3350,100,den520d-random-24.scen
620,den520d.map,PIBTOLD,1,134965,405,441,100,den520d-random-24.scen
620,den520d.map,PIBT,1,133459,407,11149,1000,den520d-random-24.scen
620,den520d.map,PIBTOLD,1,134965,405,442,1000,den520d-random-24.scen
660,den520d.map,PIBT,1,144580,407,626,0,den520d-random-24.scen
660,den520d.map,PIBTOLD,1,144580,407,486,0,den520d-random-24.scen
660,den520d.map,PIBT,1,143039,408,648,1,den520d-random-24.scen
660,den520d.map,PIBTOLD,1,144580,407,455,1,den520d-random-24.scen
660,den520d.map,PIBT,1,143199,408,1059,10,den520d-random-24.scen
660,den520d.map,PIBTOLD,1,144580,407,492,10,den520d-random-24.scen
660,den520d.map,PIBT,1,142493,406,4315,100,den520d-random-24.scen
660,den520d.map,PIBTOLD,1,144580,407,450,100,den520d-random-24.scen
660,den520d.map,PIBT,1,142946,410,32962,1000,den520d-random-24.scen
660,den520d.map,PIBTOLD,1,144580,407,476,1000,den520d-random-24.scen
700,den520d.map,PIBT,1,151850,405,673,0,den520d-random-24.scen
700,den520d.map,PIBTOLD,1,151850,405,480,0,den520d-random-24.scen
700,den520d.map,PIBT,1,151931,416,766,1,den520d-random-24.scen
700,den520d.map,PIBTOLD,1,151850,405,489,1,den520d-random-24.scen
700,den520d.map,PIBT,1,151501,406,1180,10,den520d-random-24.scen
700,den520d.map,PIBTOLD,1,151850,405,509,10,den520d-random-24.scen
700,den520d.map,PIBT,1,150766,405,3501,100,den520d-random-24.scen
700,den520d.map,PIBTOLD,1,151850,405,507,100,den520d-random-24.scen
700,den520d.map,PIBT,1,150108,406,29499,1000,den520d-random-24.scen
700,den520d.map,PIBTOLD,1,151850,405,488,1000,den520d-random-24.scen
740,den520d.map,PIBT,1,161627,405,719,0,den520d-random-24.scen
740,den520d.map,PIBTOLD,1,161627,405,538,0,den520d-random-24.scen
740,den520d.map,PIBT,1,161438,406,803,1,den520d-random-24.scen
740,den520d.map,PIBTOLD,1,161627,405,533,1,den520d-random-24.scen
740,den520d.map,PIBT,1,161005,406,1400,10,den520d-random-24.scen
740,den520d.map,PIBTOLD,1,161627,405,518,10,den520d-random-24.scen
740,den520d.map,PIBT,1,161397,406,5432,100,den520d-random-24.scen
740,den520d.map,PIBTOLD,1,161627,405,495,100,den520d-random-24.scen
740,den520d.map,PIBT,1,160728,406,47936,1000,den520d-random-24.scen
740,den520d.map,PIBTOLD,1,161627,405,498,1000,den520d-random-24.scen
780,den520d.map,PIBT,1,172588,405,772,0,den520d-random-24.scen
780,den520d.map,PIBTOLD,1,172588,405,554,0,den520d-random-24.scen
780,den520d.map,PIBT,1,170655,408,867,1,den520d-random-24.scen
780,den520d.map,PIBTOLD,1,172588,405,554,1,den520d-random-24.scen
780,den520d.map,PIBT,1,170345,412,1409,10,den520d-random-24.scen
780,den520d.map,PIBTOLD,1,172588,405,555,10,den520d-random-24.scen
780,den520d.map,PIBT,1,170910,410,6812,100,den520d-random-24.scen
780,den520d.map,PIBTOLD,1,172588,405,553,100,den520d-random-24.scen
780,den520d.map,PIBT,1,170815,412,58575,1000,den520d-random-24.scen
780,den520d.map,PIBTOLD,1,172588,405,542,1000,den520d-random-24.scen
